{
"type": "FeatureCollection",
"name": "try_0.005",
"crs": { "type": "name", "properties": { "name": "urn:ogc:def:crs:OGC:1.3:CRS84" } },
"features": [
{ "type": "Feature", "properties": { "shapeName": "Baden-Württemberg", "shapeISO": "DE-BW", "shapeType": "ADM1" }, "geometry": { "type": "MultiPolygon", "coordinates": [ [ [ [ 9.125932381000041, 47.668641198000046 ], [ 9.123335110000028, 47.673944622000079 ], [ 9.120986455000036, 47.675753575000044 ], [ 9.120676413000069, 47.672312943000065 ], [ 9.125932381000041, 47.668641198000046 ] ] ], [ [ [ 9.198598810000021, 47.702431510000054 ], [ 9.195342786000026, 47.708279578000031 ], [ 9.187810585000022, 47.70558262600008 ], [ 9.198598810000021, 47.702431510000054 ] ] ], [ [ [ 8.701282288000073, 47.715224234000061 ], [ 8.686361775000023, 47.708582988000046 ], [ 8.664634630000023, 47.713427746000036 ], [ 8.676489971000024, 47.697942984000065 ], [ 8.658526450000068, 47.690652573000079 ], [ 8.669053435000023, 47.684897070000034 ], [ 8.690226399000039, 47.695382860000052 ], [ 8.717719626000076, 47.69074226500004 ], [ 8.701282288000073, 47.715224234000061 ] ] ], [ [ [ 8.680067486000041, 49.618665103000069 ], [ 8.684052727000051, 49.620222967000075 ], [ 8.680116544000043, 49.62028571500008 ], [ 8.680067486000041, 49.618665103000069 ] ] ], [ [ [ 9.550341433000028, 47.587675368000077 ], [ 9.614055646000054, 47.581150338000043 ], [ 9.633101282000041, 47.594064230000072 ], [ 9.643284836000021, 47.589759738000055 ], [ 9.635966981000024, 47.602455486000053 ], [ 9.657709588000046, 47.611725250000063 ], [ 9.683887789000039, 47.604557833000058 ], [ 9.692151557000045, 47.610423472000036 ], [ 9.706293734000042, 47.601812211000038 ], [ 9.745651920000057, 47.617296986000042 ], [ 9.740357990000064, 47.604535739000028 ], [ 9.74771849900003, 47.603688311000042 ], [ 9.77782157200005, 47.630536404000054 ], [ 9.795256066000036, 47.635719012000038 ], [ 9.795646056000066, 47.647601463000058 ], [ 9.82855328200003, 47.657901207000066 ], [ 9.830606296000042, 47.671375579000028 ], [ 9.837816239000063, 47.669469605000074 ], [ 9.842190840000058, 47.677691836000065 ], [ 9.959522463000042, 47.652304099000048 ], [ 9.970746357000053, 47.653626326000051 ], [ 9.976022662000048, 47.665325038000049 ], [ 10.001902410000071, 47.681999436000069 ], [ 10.028645217000076, 47.686983018000035 ], [ 10.030491263000044, 47.674452097000028 ], [ 10.059312463000026, 47.680628778000028 ], [ 10.075161682000044, 47.658334511000078 ], [ 10.072017981000045, 47.643441148000079 ], [ 10.077292399000044, 47.639274263000061 ], [ 10.081362313000056, 47.654889875000038 ], [ 10.093423672000029, 47.663220870000032 ], [ 10.089245367000046, 47.673045137000031 ], [ 10.111120453000069, 47.665990388000068 ], [ 10.129336189000071, 47.676136523000025 ], [ 10.128322275000073, 47.69071791500005 ], [ 10.139437678000036, 47.703273409000076 ], [ 10.116428889000076, 47.719316727000034 ], [ 10.11904949500007, 47.759586711000054 ], [ 10.082513094000035, 47.771180988000026 ], [ 10.079614724000066, 47.781262351000066 ], [ 10.064681025000027, 47.785887719000073 ], [ 10.090134546000058, 47.803905188000044 ], [ 10.116879806000043, 47.800623143000053 ], [ 10.108782376000022, 47.805771081000046 ], [ 10.115746516000058, 47.810873644000026 ], [ 10.138022984000031, 47.809637645000066 ], [ 10.10277097200003, 47.842374326000026 ], [ 10.10715465800007, 47.852895459000081 ], [ 10.091604866000068, 47.845621382000047 ], [ 10.104617333000022, 47.86462420600003 ], [ 10.082961688000069, 47.855717781000067 ], [ 10.076755534000029, 47.867809351000062 ], [ 10.09159875000006, 47.867398471000058 ], [ 10.105704629000059, 47.879026536000026 ], [ 10.095332148000068, 47.885158811000053 ], [ 10.110414155000058, 47.910657227000058 ], [ 10.105012802000033, 47.923838096000054 ], [ 10.111010296000075, 47.934879085000034 ], [ 10.089487633000033, 47.947977258000037 ], [ 10.084893700000066, 47.961307655000041 ], [ 10.09320708100006, 47.972331731000054 ], [ 10.114954569000076, 47.976257437000072 ], [ 10.119550393000054, 48.003499933000057 ], [ 10.134326495000039, 48.017599615000051 ], [ 10.127111484000068, 48.032712484000058 ], [ 10.143901697000047, 48.059007068000028 ], [ 10.143736707000073, 48.07441384100008 ], [ 10.134081880000053, 48.079478924000057 ], [ 10.140392398000074, 48.098916559000031 ], [ 10.136247105000052, 48.111443050000048 ], [ 10.107074311000076, 48.132144185000072 ], [ 10.085717415000033, 48.182192422000071 ], [ 10.083710628000063, 48.209640229000058 ], [ 10.060721236000063, 48.240090455000029 ], [ 10.069026271000041, 48.253761583000028 ], [ 10.061960035000027, 48.258129987000075 ], [ 10.065816520000055, 48.281817123000053 ], [ 10.04254942700004, 48.294229710000081 ], [ 10.010403135000047, 48.342389241000035 ], [ 9.998131809000029, 48.347512879000078 ], [ 9.999597425000047, 48.363229313000033 ], [ 9.987733752000054, 48.370626034000054 ], [ 9.977741454000068, 48.362658597000063 ], [ 9.967275615000062, 48.37440435700006 ], [ 10.042414153000038, 48.429732038000054 ], [ 10.028050577000045, 48.43691872800008 ], [ 10.038226774000066, 48.44445300700005 ], [ 10.03402668800004, 48.457780548000073 ], [ 10.064009813000041, 48.456389202000025 ], [ 10.105026946000066, 48.477504356000054 ], [ 10.11736673200005, 48.475387569000077 ], [ 10.133895409000047, 48.454871417000049 ], [ 10.171846421000055, 48.457786948000034 ], [ 10.17546022700003, 48.469391261000055 ], [ 10.18460095000006, 48.467211219000035 ], [ 10.18452449800003, 48.472914660000072 ], [ 10.176413082000067, 48.471368644000052 ], [ 10.180098201000021, 48.475524478000068 ], [ 10.24140630100004, 48.491959653000038 ], [ 10.240825951000033, 48.506158062000054 ], [ 10.228049715000054, 48.504974581000056 ], [ 10.237966397000037, 48.507821915000079 ], [ 10.230779588000075, 48.510511183000062 ], [ 10.31202316200006, 48.522943783000073 ], [ 10.300846790000037, 48.54507121100005 ], [ 10.314183926000055, 48.556289377000041 ], [ 10.31300460600005, 48.567122771000072 ], [ 10.304752751000024, 48.584265451000078 ], [ 10.293114313000046, 48.589765521000061 ], [ 10.297108769000033, 48.603809743000056 ], [ 10.323094952000076, 48.609132705000036 ], [ 10.297810682000033, 48.624187578000033 ], [ 10.280522997000048, 48.646770650000065 ], [ 10.259529865000047, 48.654892338000082 ], [ 10.266623163000077, 48.658837218000031 ], [ 10.254600218000064, 48.666203179000036 ], [ 10.264848610000058, 48.672142493000081 ], [ 10.255371664000052, 48.677490616000057 ], [ 10.273039775000029, 48.685891312000081 ], [ 10.268706813000051, 48.703547119000064 ], [ 10.317503170000066, 48.68293376500003 ], [ 10.31740006800004, 48.688697895000075 ], [ 10.337429497000073, 48.689021808000064 ], [ 10.347422983000058, 48.67910738300003 ], [ 10.351017332000026, 48.654676861000041 ], [ 10.361128680000036, 48.652826843000071 ], [ 10.368441434000033, 48.663878558000079 ], [ 10.389421374000051, 48.667201704000036 ], [ 10.392032311000037, 48.687160856000048 ], [ 10.408871360000035, 48.698792504000039 ], [ 10.431747642000062, 48.699492362000058 ], [ 10.437393747000044, 48.693101881000075 ], [ 10.429635277000045, 48.686025378000068 ], [ 10.422781643000064, 48.690754588000061 ], [ 10.418720957000062, 48.682271623000076 ], [ 10.426109293000025, 48.672951458000057 ], [ 10.408698476000041, 48.667839719000028 ], [ 10.410638818000052, 48.661033948000068 ], [ 10.449172635000025, 48.665158874000042 ], [ 10.495748779000053, 48.688434267000048 ], [ 10.471509766000054, 48.702810004000071 ], [ 10.483382300000073, 48.708064174000071 ], [ 10.455739515000062, 48.729045810000059 ], [ 10.464281234000055, 48.735137085000076 ], [ 10.450064919000056, 48.734987695000029 ], [ 10.447883535000074, 48.728044197000031 ], [ 10.416176716000052, 48.748105969000051 ], [ 10.428186612000047, 48.755884305000052 ], [ 10.413101313000027, 48.772087984000052 ], [ 10.420114960000035, 48.77623905400003 ], [ 10.428519823000045, 48.769769755000027 ], [ 10.43426596300003, 48.776230329000043 ], [ 10.426773954000055, 48.781747417000076 ], [ 10.434329472000059, 48.789648109000041 ], [ 10.421083753000062, 48.799411569000029 ], [ 10.448624089000077, 48.811967781000078 ], [ 10.449102463000031, 48.830323025000041 ], [ 10.426268382000046, 48.836920691000046 ], [ 10.427415498000073, 48.842988999000056 ], [ 10.45279514200007, 48.851859524000076 ], [ 10.454106806000027, 48.86030058700004 ], [ 10.444774583000026, 48.880271 ], [ 10.452992995000045, 48.884438802000034 ], [ 10.450215787000047, 48.893089461000045 ], [ 10.421320368000067, 48.905762890000062 ], [ 10.457000572000027, 48.917141426000057 ], [ 10.437809328000071, 48.933151041000031 ], [ 10.451372669000023, 48.93866072700007 ], [ 10.430902321000076, 48.946302827000068 ], [ 10.418751747000044, 48.968579206000072 ], [ 10.403681380000023, 48.966790257000071 ], [ 10.401479997000024, 48.974523171000044 ], [ 10.411773416000074, 48.978956833000041 ], [ 10.401254133000066, 48.986201723000079 ], [ 10.380483235000042, 48.989211712000042 ], [ 10.381896484000038, 48.999048990000063 ], [ 10.372808986000052, 49.003239276000045 ], [ 10.352157951000038, 49.006002052000042 ], [ 10.356091845000037, 49.013509725000063 ], [ 10.345197407000057, 49.019384972000069 ], [ 10.350256584000022, 49.028422072000069 ], [ 10.332901138000068, 49.031923235000079 ], [ 10.320476556000074, 49.025715926000032 ], [ 10.294007324000063, 49.042777439000076 ], [ 10.284838754000077, 49.036575331000051 ], [ 10.264990096000076, 49.045202673000063 ], [ 10.251863839000066, 49.039161196000066 ], [ 10.25605594600006, 49.061364447000074 ], [ 10.264630448000048, 49.06136454500006 ], [ 10.258153512000035, 49.070173772000032 ], [ 10.234169895000036, 49.07636232200008 ], [ 10.247145405000026, 49.07972034900007 ], [ 10.250596710000025, 49.092815125000072 ], [ 10.229070019000062, 49.089760923000028 ], [ 10.222778543000061, 49.097858620000068 ], [ 10.204997649000063, 49.098119003000079 ], [ 10.21524985700006, 49.113283485000068 ], [ 10.229330692000076, 49.113225552000074 ], [ 10.224954281000066, 49.119502527000066 ], [ 10.256947320000052, 49.129050428000028 ], [ 10.248022910000032, 49.149281109000071 ], [ 10.218379110000058, 49.163489850000076 ], [ 10.196814396000036, 49.155762237000033 ], [ 10.195244024000033, 49.169888892000074 ], [ 10.177317879000043, 49.173508659000049 ], [ 10.181182663000072, 49.18240669100004 ], [ 10.16646783300007, 49.179215673000044 ], [ 10.153573665000067, 49.188411660000043 ], [ 10.156808452000064, 49.192714955000042 ], [ 10.12489927300004, 49.199736861000076 ], [ 10.130455046000066, 49.203767083000059 ], [ 10.125622454000052, 49.210893142000032 ], [ 10.140135950000058, 49.208889743000043 ], [ 10.119829082000024, 49.247357976000046 ], [ 10.133209341000054, 49.253105435000066 ], [ 10.109875037000052, 49.258298032000027 ], [ 10.118701572000077, 49.257869579000044 ], [ 10.113974180000071, 49.266407935000075 ], [ 10.123625095000023, 49.27499520300006 ], [ 10.131392017000053, 49.275083914000049 ], [ 10.123560393000048, 49.270965091000051 ], [ 10.134156874000041, 49.262229699000045 ], [ 10.156620294000049, 49.280758910000031 ], [ 10.132298988000059, 49.300318839000056 ], [ 10.145247060000031, 49.316498210000077 ], [ 10.14010171700005, 49.325576273000081 ], [ 10.110499427000036, 49.328871792000029 ], [ 10.113086502000044, 49.335777463000056 ], [ 10.104846911000038, 49.338411507000046 ], [ 10.10761552300005, 49.351698646000045 ], [ 10.124555669000074, 49.356137563000061 ], [ 10.113373868000053, 49.359940548000054 ], [ 10.117413523000039, 49.369023147000064 ], [ 10.107318285000076, 49.378784909000046 ], [ 10.121685574000026, 49.387860024000076 ], [ 10.144924269000057, 49.384413647000031 ], [ 10.161698240000021, 49.395493982000062 ], [ 10.138638067000045, 49.403095723000035 ], [ 10.152217243000052, 49.401015465000057 ], [ 10.151680498000076, 49.41229446400007 ], [ 10.133705133000035, 49.437146860000041 ], [ 10.094741444000022, 49.447898570000064 ], [ 10.105487698000047, 49.46323873700004 ], [ 10.122251832000075, 49.463907841000037 ], [ 10.099991355000043, 49.491727680000054 ], [ 10.121323095000037, 49.51104620600006 ], [ 10.084146565000026, 49.511758866000037 ], [ 10.07688575800006, 49.519882876000054 ], [ 10.089598029000058, 49.530521246000035 ], [ 10.085519872000077, 49.542214004000073 ], [ 10.06142750600003, 49.545138456000075 ], [ 10.061367727000061, 49.537468253000043 ], [ 10.040019271000062, 49.529010435000032 ], [ 10.056145911000044, 49.514945308000051 ], [ 10.028177638000045, 49.503989683000043 ], [ 10.018914617000064, 49.485905640000055 ], [ 9.926561180000022, 49.484835462000035 ], [ 9.913740586000074, 49.493252991000077 ], [ 9.92512928900004, 49.508650094000075 ], [ 9.916959263000024, 49.517802306000078 ], [ 9.927050474000055, 49.536077301000034 ], [ 9.920181961000026, 49.545125418000055 ], [ 9.926961113000061, 49.549520532000031 ], [ 9.92073339500007, 49.553402196000036 ], [ 9.924984524000024, 49.560064061000048 ], [ 9.898204856000064, 49.562379839000073 ], [ 9.912438200000054, 49.585908403000076 ], [ 9.898791276000054, 49.588346697000077 ], [ 9.875725006000039, 49.578631472000041 ], [ 9.864550356000052, 49.567881417000081 ], [ 9.85930991400005, 49.546044486000028 ], [ 9.810230151000042, 49.557316023000055 ], [ 9.847867757000074, 49.577052799000057 ], [ 9.84104674200006, 49.595141271000045 ], [ 9.872808264000071, 49.610076172000049 ], [ 9.855481315000077, 49.641514666000035 ], [ 9.830060281000044, 49.651742770000055 ], [ 9.823416618000067, 49.673173375000033 ], [ 9.841172423000046, 49.683417383000062 ], [ 9.830027878000067, 49.687708826000062 ], [ 9.836147408000045, 49.691740752000044 ], [ 9.831804629000032, 49.703803319000031 ], [ 9.796514481000031, 49.720710946000054 ], [ 9.799993758000028, 49.730943240000045 ], [ 9.752953959000024, 49.710121842000035 ], [ 9.739419988000066, 49.688190703000032 ], [ 9.727550419000067, 49.688727784000037 ], [ 9.709719303000043, 49.727058058000068 ], [ 9.70038158400007, 49.716960897000035 ], [ 9.677193873000022, 49.71620121400008 ], [ 9.676147908000075, 49.693347266000046 ], [ 9.653496459000053, 49.687137203000077 ], [ 9.632460374000061, 49.693186101000038 ], [ 9.625449125000046, 49.703736740000068 ], [ 9.641101794000065, 49.723176276000061 ], [ 9.627715246000037, 49.731963309000037 ], [ 9.646936205000031, 49.739145265000047 ], [ 9.638998493000031, 49.740506856000081 ], [ 9.645552784000074, 49.746910390000039 ], [ 9.637951869000062, 49.753850752000062 ], [ 9.651865837000059, 49.766371741000057 ], [ 9.644322199000044, 49.778609654000036 ], [ 9.651418613000033, 49.780557046000069 ], [ 9.648736203000055, 49.791477651000037 ], [ 9.561809836000066, 49.780616783000028 ], [ 9.55839297700004, 49.765095016000032 ], [ 9.56892769600006, 49.750588251000067 ], [ 9.563380497000026, 49.744568386000026 ], [ 9.546462237000071, 49.766426003000049 ], [ 9.514512299000046, 49.763786795000044 ], [ 9.512861169000075, 49.781794341000079 ], [ 9.501460487000031, 49.788774661000048 ], [ 9.479097062000051, 49.786894312000072 ], [ 9.458256575000064, 49.769519715000058 ], [ 9.425106761000052, 49.78955372300004 ], [ 9.391546883000046, 49.770120607000081 ], [ 9.372610337000026, 49.778976813000043 ], [ 9.351035814000056, 49.769006990000037 ], [ 9.316021889000069, 49.768239950000066 ], [ 9.323124376000067, 49.743797271000062 ], [ 9.296297096000046, 49.738917960000038 ], [ 9.374211198000069, 49.728002031000074 ], [ 9.344030942000074, 49.718613970000035 ], [ 9.357409236000024, 49.704288294000037 ], [ 9.382528566000076, 49.707462880000037 ], [ 9.385645192000027, 49.730914546000065 ], [ 9.399960653000051, 49.728840514000069 ], [ 9.401067576000059, 49.720564516000081 ], [ 9.41868082700006, 49.711898302000066 ], [ 9.420088259000067, 49.69019189200003 ], [ 9.406391045000021, 49.679581513000073 ], [ 9.41247209200003, 49.67546929100007 ], [ 9.397891490000063, 49.67066072800003 ], [ 9.419495463000032, 49.658853554000075 ], [ 9.416439952000076, 49.653882341000042 ], [ 9.383570291000069, 49.642826510000077 ], [ 9.366743562000067, 49.658356823000076 ], [ 9.343880585000022, 49.644299653000076 ], [ 9.30408305800006, 49.654944254000043 ], [ 9.285500565000063, 49.63576970400004 ], [ 9.270722601000045, 49.634018567000055 ], [ 9.285023051000053, 49.614801330000034 ], [ 9.264577622000047, 49.606819727000072 ], [ 9.260211921000064, 49.594386797000027 ], [ 9.249458459000039, 49.593800544000032 ], [ 9.24894015600006, 49.584518406000029 ], [ 9.238701537000054, 49.581291540000052 ], [ 9.180803940000033, 49.573747729000047 ], [ 9.108265919000075, 49.579302437000081 ], [ 9.098930719000066, 49.560553907000042 ], [ 9.082631683000045, 49.561789205000082 ], [ 9.073074327000029, 49.57494100200006 ], [ 9.072205636000035, 49.565249230000063 ], [ 9.088063104000071, 49.550241092000078 ], [ 9.084390615000075, 49.543023954000034 ], [ 9.113767890000076, 49.53463350800007 ], [ 9.126413832000026, 49.516945797000062 ], [ 9.106127381000022, 49.509796066000035 ], [ 9.09955422400003, 49.526189353000063 ], [ 9.064950779000071, 49.529606011000055 ], [ 9.049950722000062, 49.519368094000072 ], [ 9.040756948000023, 49.499069415000065 ], [ 9.014235957000039, 49.498058428000036 ], [ 8.98583381900005, 49.510330328000066 ], [ 8.968002908000074, 49.501599825000028 ], [ 8.951832484000022, 49.505626235000079 ], [ 8.954639722000024, 49.482009230000074 ], [ 8.942795189000037, 49.485688495000034 ], [ 8.931879784000046, 49.470636809000041 ], [ 8.950348720000022, 49.454992884000035 ], [ 8.912567030000048, 49.437614405000033 ], [ 8.900948949000053, 49.443368672000076 ], [ 8.892389344000037, 49.420907380000074 ], [ 8.851763879000032, 49.395537578000074 ], [ 8.831880383000055, 49.408186625000042 ], [ 8.822420887000021, 49.395551893000061 ], [ 8.803540603000044, 49.40357037800004 ], [ 8.806587634000039, 49.419200826000065 ], [ 8.836452906000034, 49.430218303000061 ], [ 8.825400546000026, 49.467009854000025 ], [ 8.851932272000056, 49.483588215000054 ], [ 8.866340213000058, 49.474592686000051 ], [ 8.862923785000021, 49.46667885200003 ], [ 8.876495013000067, 49.466686034000077 ], [ 8.899354818000063, 49.484549801000071 ], [ 8.899572708000051, 49.503655732000027 ], [ 8.848501613000053, 49.502173277000054 ], [ 8.83385525500006, 49.49068327100008 ], [ 8.81696286500005, 49.505793062000066 ], [ 8.821874005000041, 49.524636471000065 ], [ 8.809206135000068, 49.525680105000049 ], [ 8.79859060800004, 49.511688752000055 ], [ 8.74870874800007, 49.522427549000042 ], [ 8.727711250000027, 49.518338550000067 ], [ 8.724894760000041, 49.522637104000069 ], [ 8.735949885000025, 49.524845990000074 ], [ 8.702650222000045, 49.535327900000027 ], [ 8.705794411000056, 49.547965530000056 ], [ 8.690770782000072, 49.555643195000073 ], [ 8.680989341000043, 49.575547929000038 ], [ 8.683476958000028, 49.589752093000072 ], [ 8.69633437300007, 49.59209975300007 ], [ 8.69799751100004, 49.599757335000049 ], [ 8.672139781000055, 49.611194105000038 ], [ 8.686368561000052, 49.608480435000047 ], [ 8.678879168000037, 49.613867507000066 ], [ 8.688392836000048, 49.614623173000041 ], [ 8.692313575000071, 49.623738859000071 ], [ 8.677933668000037, 49.62594697600008 ], [ 8.593888979000042, 49.610946648000038 ], [ 8.590976799000032, 49.595942932000071 ], [ 8.603231735000065, 49.593294238000055 ], [ 8.621299696000051, 49.545009891000063 ], [ 8.608047673000044, 49.52830397200006 ], [ 8.597912602000065, 49.531461955000054 ], [ 8.581374874000062, 49.519780418000039 ], [ 8.552579373000071, 49.520520350000027 ], [ 8.495032435000041, 49.572996672000045 ], [ 8.479900128000054, 49.574464167000031 ], [ 8.46428465300005, 49.58952836800006 ], [ 8.422439263000058, 49.583385415000066 ], [ 8.41472533700005, 49.553896792000046 ], [ 8.442963907000035, 49.492695592000075 ], [ 8.463795388000051, 49.470402660000047 ], [ 8.444322354000064, 49.459187260000078 ], [ 8.442690860000027, 49.450239191000037 ], [ 8.498879478000049, 49.442654486000038 ], [ 8.508242487000075, 49.43449342100007 ], [ 8.496188845000063, 49.402136360000043 ], [ 8.463528358000076, 49.384428917000037 ], [ 8.473231192000071, 49.37336427300005 ], [ 8.500397519000046, 49.389013649000049 ], [ 8.496811192000052, 49.364180497000063 ], [ 8.450484521000021, 49.32314148200004 ], [ 8.455803728000035, 49.31420976000004 ], [ 8.483849839000072, 49.304948117000038 ], [ 8.489068840000073, 49.293124372000079 ], [ 8.389294303000042, 49.233980583000061 ], [ 8.384803778000048, 49.21962764400007 ], [ 8.398535109000022, 49.22575275500003 ], [ 8.405251528000065, 49.220560782000064 ], [ 8.368431128000054, 49.168052405000026 ], [ 8.372708393000039, 49.151981292000073 ], [ 8.358091294000076, 49.097784195000031 ], [ 8.311686690000045, 49.05430717400003 ], [ 8.285814950000031, 48.996563729000059 ], [ 8.239231978000021, 48.969264873000043 ], [ 8.196392617000072, 48.95650110400004 ], [ 8.135195, 48.887545253000042 ], [ 8.094314760000032, 48.808345757000041 ], [ 8.068372918000023, 48.790754855000046 ], [ 8.030278977000023, 48.787372959000038 ], [ 8.014333371000021, 48.761019618000034 ], [ 7.972005719000038, 48.758122435000075 ], [ 7.963298357000042, 48.721526317000041 ], [ 7.889976099000023, 48.662598306000064 ], [ 7.841996108000046, 48.643732491000037 ], [ 7.802141386000073, 48.58884316700005 ], [ 7.806109474000039, 48.516382724000039 ], [ 7.795090489000074, 48.501829838000049 ], [ 7.768200958000023, 48.489662532000068 ], [ 7.76503754600003, 48.456610461000025 ], [ 7.731640322000032, 48.391704134000065 ], [ 7.744638259000055, 48.327810935000059 ], [ 7.693568868000057, 48.301723063000054 ], [ 7.665698789000032, 48.22047802700007 ], [ 7.644118373000026, 48.207270336000079 ], [ 7.601754397000036, 48.159177302000046 ], [ 7.598775830000022, 48.135576853000032 ], [ 7.576981640000042, 48.119056389000036 ], [ 7.568529047000027, 48.035184229000038 ], [ 7.610186775000045, 47.99868628400003 ], [ 7.621952270000065, 47.972806428000069 ], [ 7.58246979300003, 47.92986340300007 ], [ 7.579778034000071, 47.894892159000051 ], [ 7.556309759000044, 47.877526903000046 ], [ 7.562921404000065, 47.842692371000055 ], [ 7.529846167000073, 47.781258247000039 ], [ 7.548529403000032, 47.735078989000044 ], [ 7.541155854000067, 47.719575623000026 ], [ 7.512309793000043, 47.69984280500006 ], [ 7.521079276000023, 47.663847891000046 ], [ 7.567361073000029, 47.631740895000064 ], [ 7.574298270000043, 47.615830517000063 ], [ 7.591445950000036, 47.604168585000082 ], [ 7.589193490000071, 47.58972908700008 ], [ 7.604925079000054, 47.584825933000047 ], [ 7.604484107000076, 47.577791105000074 ], [ 7.619266007000022, 47.576878390000047 ], [ 7.645777276000047, 47.596949573000074 ], [ 7.675024597000061, 47.592040566000037 ], [ 7.682944029000055, 47.598565984000061 ], [ 7.693596586000069, 47.60053085800007 ], [ 7.671741323000049, 47.587359459000027 ], [ 7.689521708000029, 47.571484805000068 ], [ 7.685943343000076, 47.565634965000072 ], [ 7.683414608000021, 47.571257206000041 ], [ 7.676258376000021, 47.563553324000054 ], [ 7.634097006000047, 47.561113722000073 ], [ 7.680172017000075, 47.532665423000026 ], [ 7.788856366000061, 47.554847197000072 ], [ 7.810575573000051, 47.568861779000031 ], [ 7.823085303000028, 47.588012328000048 ], [ 7.841669815000046, 47.582159650000051 ], [ 7.891352032000043, 47.587638148000053 ], [ 7.910857698000029, 47.570961238000052 ], [ 7.911458508000067, 47.551300363000053 ], [ 7.943210745000044, 47.543818823000038 ], [ 7.959083402000033, 47.558264265000048 ], [ 8.021771233000038, 47.550514510000028 ], [ 8.068331636000039, 47.564576104000025 ], [ 8.089661994000039, 47.557758953000075 ], [ 8.109483932000046, 47.582259429000032 ], [ 8.164908045000061, 47.594140095000057 ], [ 8.206076292000034, 47.620991446000062 ], [ 8.219267526000067, 47.617815204000067 ], [ 8.22664728500007, 47.605068234000044 ], [ 8.256241293000073, 47.615159424000069 ], [ 8.288963828000021, 47.61023554500008 ], [ 8.297481039000047, 47.605670433000057 ], [ 8.297921047000045, 47.589067884000031 ], [ 8.32840206700007, 47.571215150000057 ], [ 8.382969504000073, 47.565812341000026 ], [ 8.398661292000043, 47.577249132000077 ], [ 8.436079691000032, 47.56692154600006 ], [ 8.494547109000052, 47.581201136000061 ], [ 8.488717275000056, 47.587802145000069 ], [ 8.466937684000072, 47.584202646000051 ], [ 8.456599807000032, 47.602346285000067 ], [ 8.479112077000025, 47.615154109000059 ], [ 8.508251649000044, 47.617507376000049 ], [ 8.516732884000021, 47.634141080000063 ], [ 8.55800398100007, 47.624314161000029 ], [ 8.574447501000066, 47.611881205000032 ], [ 8.562786833000075, 47.599606550000033 ], [ 8.582542233000026, 47.596104113000081 ], [ 8.604797156000075, 47.613260844000081 ], [ 8.595741548000035, 47.643132865000041 ], [ 8.607704901000034, 47.652446085000065 ], [ 8.61388719200005, 47.644060181000043 ], [ 8.602981636000038, 47.639246795000076 ], [ 8.615594003000069, 47.637704058000054 ], [ 8.628605993000065, 47.649254813000027 ], [ 8.606623298000045, 47.672120111000027 ], [ 8.577761542000076, 47.661565997000025 ], [ 8.560456515000055, 47.670378534000065 ], [ 8.539952147000065, 47.66508942300004 ], [ 8.541358285000058, 47.657111385000064 ], [ 8.527009314000054, 47.66039521600004 ], [ 8.531526839000037, 47.645788641000081 ], [ 8.492376272000058, 47.642086114000051 ], [ 8.473737108000023, 47.649824505000026 ], [ 8.473494938000044, 47.638306486000033 ], [ 8.466137393000054, 47.642760860000067 ], [ 8.465430086000026, 47.657130518000031 ], [ 8.445064030000026, 47.653781417000062 ], [ 8.406018208000035, 47.673263791000068 ], [ 8.420641547000059, 47.683855453000035 ], [ 8.404425785000058, 47.698063259000037 ], [ 8.416828300000077, 47.710006226000075 ], [ 8.454988426000057, 47.722258710000062 ], [ 8.44982623900006, 47.738632031000066 ], [ 8.472986168000034, 47.763914965000026 ], [ 8.489027460000045, 47.773268666000035 ], [ 8.520132131000025, 47.770493486000078 ], [ 8.552648794000049, 47.784627110000031 ], [ 8.562531233000072, 47.777853753000045 ], [ 8.577304001000073, 47.781706261000068 ], [ 8.574998878000031, 47.78962458500007 ], [ 8.561915749000036, 47.792746828000077 ], [ 8.567852077000055, 47.808481249000067 ], [ 8.575192668000057, 47.79971714900006 ], [ 8.618583503000025, 47.798334358000034 ], [ 8.614908187000026, 47.783770046000029 ], [ 8.627679192000073, 47.759259025000063 ], [ 8.652971559000036, 47.773433797000052 ], [ 8.645520056000066, 47.79019216100005 ], [ 8.656975077000027, 47.800347105000071 ], [ 8.657496098000024, 47.791791304000071 ], [ 8.680894192000039, 47.786670452000067 ], [ 8.689439157000038, 47.757862967000051 ], [ 8.727146060000052, 47.762277472000051 ], [ 8.741420436000055, 47.74820233500003 ], [ 8.723407380000026, 47.745531797000069 ], [ 8.711256621000075, 47.730071472000077 ], [ 8.73629401200003, 47.716150939000045 ], [ 8.727981485000043, 47.692680574000065 ], [ 8.795947417000036, 47.675302071000033 ], [ 8.798032256000056, 47.689726156000063 ], [ 8.810078414000031, 47.693320497000059 ], [ 8.792066035000062, 47.704909447000034 ], [ 8.769350111000051, 47.706875956000033 ], [ 8.769832949000033, 47.718090590000031 ], [ 8.799121573000036, 47.727133208000055 ], [ 8.796557226000061, 47.734573050000051 ], [ 8.806440663000046, 47.738262251000037 ], [ 8.811948569000037, 47.730353166000043 ], [ 8.804851516000042, 47.72449931400007 ], [ 8.826169827000058, 47.717910540000048 ], [ 8.818828358000076, 47.71286262600006 ], [ 8.872719752000023, 47.704164695000031 ], [ 8.874419801000045, 47.69436971500005 ], [ 8.851541738000037, 47.697521785000049 ], [ 8.857580074000055, 47.692297679000035 ], [ 8.850583167000025, 47.681163027000025 ], [ 8.873471649000066, 47.670221317000028 ], [ 8.875350702000048, 47.656205913000065 ], [ 8.893659068000034, 47.652178722000031 ], [ 8.937897102000022, 47.659096498000054 ], [ 8.998628892000056, 47.687256997000077 ], [ 9.006162674000052, 47.696115086000077 ], [ 8.999153637000063, 47.70336209900006 ], [ 8.939828360000035, 47.728064757000027 ], [ 8.96068828500006, 47.737170246000062 ], [ 9.014928057000077, 47.719972966000057 ], [ 8.983467101000031, 47.739556968000045 ], [ 8.989864116000035, 47.743465936000064 ], [ 9.09312575000007, 47.706441060000031 ], [ 9.107887617000074, 47.690973692000057 ], [ 9.087173274000065, 47.688208247000034 ], [ 9.04072443900003, 47.708340210000074 ], [ 9.042609313000071, 47.694038352000064 ], [ 9.053825721000067, 47.689684881000062 ], [ 9.113125776000061, 47.685018660000026 ], [ 9.125641405000067, 47.674293163000073 ], [ 9.127830524000046, 47.666598650000026 ], [ 9.157709389000047, 47.666011260000062 ], [ 9.175793332000069, 47.653937864000056 ], [ 9.181678163000072, 47.65573491300006 ], [ 9.17842558600006, 47.666992771000025 ], [ 9.217727909000075, 47.666122019000056 ], [ 9.207599305000031, 47.687097792000031 ], [ 9.179606443000068, 47.705150930000059 ], [ 9.17332499500003, 47.734411359000035 ], [ 9.069701538000061, 47.777638556000056 ], [ 9.030987173000028, 47.80470176700004 ], [ 9.039536531000067, 47.817481975000078 ], [ 9.062144579000062, 47.814725878000047 ], [ 9.139307216000077, 47.769019313000058 ], [ 9.223718851000058, 47.740918283000042 ], [ 9.226307793000046, 47.723125451000044 ], [ 9.238599686000043, 47.710649552000064 ], [ 9.288606892000075, 47.68322986000004 ], [ 9.349721644000056, 47.660840380000081 ], [ 9.406281832000047, 47.668253675000074 ], [ 9.462988214000063, 47.648417331000076 ], [ 9.495284089000052, 47.650131272000067 ], [ 9.515219135000052, 47.634757493000052 ], [ 9.529564547000064, 47.603460550000079 ], [ 9.550341433000028, 47.587675368000077 ] ], [ [ 8.675960362000069, 49.615953255000079 ], [ 8.675112579000029, 49.621105028000045 ], [ 8.685867891000044, 49.62166492700004 ], [ 8.685979754000073, 49.618355087000054 ], [ 8.675960362000069, 49.615953255000079 ] ] ] ] } },
{ "type": "Feature", "properties": { "shapeName": "Bayern", "shapeISO": "DE-BY", "shapeType": "ADM1" }, "geometry": { "type": "Polygon", "coordinates": [ [ [ 9.602077153000039, 47.584337997000034 ], [ 9.609486635000053, 47.571524865000072 ], [ 9.628007474000071, 47.570911281000065 ], [ 9.651554765000071, 47.557376244000068 ], [ 9.679507134000062, 47.556800238000051 ], [ 9.680775633000053, 47.542264916000079 ], [ 9.71221741100004, 47.55077934500008 ], [ 9.729843804000041, 47.533726204000061 ], [ 9.747037145000036, 47.555663586000037 ], [ 9.748035109000057, 47.570506030000047 ], [ 9.777769965000061, 47.595340390000047 ], [ 9.823746519000053, 47.587183898000035 ], [ 9.825894217000041, 47.559802195000032 ], [ 9.815676109000037, 47.547609151000074 ], [ 9.873978009000041, 47.52871985400003 ], [ 9.880978140000025, 47.548057566000068 ], [ 9.90667324900005, 47.542171217000032 ], [ 9.921551236000028, 47.529671822000068 ], [ 9.941094523000061, 47.538225750000038 ], [ 9.963684783000076, 47.534717555000043 ], [ 9.958897661000037, 47.542986681000059 ], [ 9.970898558000044, 47.545680438000034 ], [ 9.965203633000044, 47.521162068000081 ], [ 9.995696954000039, 47.502930054000046 ], [ 9.987653590000036, 47.498561597000048 ], [ 9.995348118000038, 47.486315248000039 ], [ 10.044684744000051, 47.487611740000034 ], [ 10.053568642000073, 47.466579386000035 ], [ 10.070354467000072, 47.456000415000062 ], [ 10.091470374000039, 47.459076160000052 ], [ 10.093891791000033, 47.440344103000029 ], [ 10.105422741000041, 47.428740148000031 ], [ 10.095700685000054, 47.417815346000054 ], [ 10.069157668000059, 47.409849737000059 ], [ 10.086257428000067, 47.399309885000037 ], [ 10.099780481000039, 47.354736004000074 ], [ 10.119265687000052, 47.375702617000059 ], [ 10.141673252000032, 47.367159284000081 ], [ 10.165863958000045, 47.36879474400007 ], [ 10.16919321000006, 47.385793916000068 ], [ 10.181712556000036, 47.392282841000053 ], [ 10.212637083000061, 47.380411293000066 ], [ 10.226981860000024, 47.388847888000043 ], [ 10.236196380000024, 47.38186077000006 ], [ 10.237011102000054, 47.373456406000059 ], [ 10.199483049000037, 47.326599005000048 ], [ 10.215876173000026, 47.310958404000075 ], [ 10.199089891000028, 47.297527983000066 ], [ 10.17872638800003, 47.29572663700003 ], [ 10.173979531000043, 47.270265007000035 ], [ 10.201252905000047, 47.276871725000035 ], [ 10.232299538000063, 47.270477596000035 ], [ 10.265972739000063, 47.28790183600006 ], [ 10.281478671000059, 47.287548117000028 ], [ 10.295805281000071, 47.29992788900006 ], [ 10.330030629000021, 47.304712266000081 ], [ 10.348779406000062, 47.317401048000079 ], [ 10.356833691000077, 47.336975810000069 ], [ 10.38629269200004, 47.356224947000044 ], [ 10.394861834000039, 47.375728681000055 ], [ 10.419604563000064, 47.384627864000038 ], [ 10.436472140000035, 47.380647805000081 ], [ 10.429103380000072, 47.391010590000064 ], [ 10.436173530000076, 47.41098241800006 ], [ 10.475930146000053, 47.432149510000045 ], [ 10.465719267000054, 47.453531101000067 ], [ 10.468022327000028, 47.476918471000033 ], [ 10.442767954000033, 47.484616900000049 ], [ 10.431323512000063, 47.50367761800004 ], [ 10.454459536000059, 47.555738344000076 ], [ 10.488858469000036, 47.540354284000045 ], [ 10.569414659000074, 47.533577308000076 ], [ 10.580289444000073, 47.555555105000053 ], [ 10.597954197000035, 47.56971524000005 ], [ 10.635409164000066, 47.558988036000073 ], [ 10.691187265000053, 47.55844114100006 ], [ 10.694834381000021, 47.544638132000046 ], [ 10.757582351000053, 47.534725798000068 ], [ 10.763801096000066, 47.519738530000041 ], [ 10.777572470000052, 47.513938539000037 ], [ 10.812463250000064, 47.519871225000031 ], [ 10.813118553000038, 47.52641880200008 ], [ 10.890209020000043, 47.537202201000071 ], [ 10.900917870000058, 47.520996660000037 ], [ 10.91791481100006, 47.513629915000081 ], [ 10.870477884000024, 47.499369191000028 ], [ 10.870048944000075, 47.483220134000078 ], [ 10.937054525000065, 47.481466458000057 ], [ 10.928072665000059, 47.47192523700005 ], [ 10.983600034000062, 47.43001455700005 ], [ 10.984836160000043, 47.420970756000031 ], [ 10.968640360000052, 47.411860088000026 ], [ 10.970328786000039, 47.40002058400006 ], [ 11.115455044000043, 47.395593075000079 ], [ 11.129196926000077, 47.412798396000028 ], [ 11.206910414000049, 47.43380120900008 ], [ 11.253410755000061, 47.428243805000079 ], [ 11.225001752000026, 47.395272783000053 ], [ 11.272891854000022, 47.397852572000033 ], [ 11.290032492000023, 47.407378231000052 ], [ 11.291059795000024, 47.427172878000079 ], [ 11.317453476000026, 47.43235896200008 ], [ 11.338124368000024, 47.44971730900005 ], [ 11.421453927000073, 47.444714270000077 ], [ 11.409372653000048, 47.466738932000055 ], [ 11.383809621000069, 47.47220770000007 ], [ 11.437108055000067, 47.51585355800006 ], [ 11.449547640000048, 47.507135360000063 ], [ 11.505598889000055, 47.50473145400008 ], [ 11.572452231000057, 47.514509771000064 ], [ 11.587980725000023, 47.525398138000071 ], [ 11.58715741900005, 47.55517294100008 ], [ 11.605554468000037, 47.580808684000033 ], [ 11.633911714000021, 47.580831717000081 ], [ 11.63713910000007, 47.594259039000065 ], [ 11.660253357000045, 47.583784557000058 ], [ 11.781035494000037, 47.591185332000066 ], [ 11.843867748000036, 47.581214838000051 ], [ 11.854913363000037, 47.602337564000038 ], [ 11.913665544000025, 47.613795680000067 ], [ 11.976197767000031, 47.612960714000053 ], [ 12.008548722000057, 47.625149022000073 ], [ 12.022278158000063, 47.611135801000046 ], [ 12.064237610000077, 47.618737004000081 ], [ 12.082350946000076, 47.609734396000079 ], [ 12.129001161000076, 47.605633078000039 ], [ 12.179044991000069, 47.614368632000037 ], [ 12.178144002000067, 47.600866654000072 ], [ 12.20388194700007, 47.606809736000059 ], [ 12.208133503000056, 47.613877328000058 ], [ 12.198793380000041, 47.641441348000058 ], [ 12.168826780000074, 47.680039150000027 ], [ 12.162598451000065, 47.701129778000052 ], [ 12.203651084000057, 47.707403270000043 ], [ 12.25697228100006, 47.743007171000045 ], [ 12.264886376000049, 47.732483063000075 ], [ 12.241167476000044, 47.694104125000081 ], [ 12.25518949700006, 47.679294993000042 ], [ 12.338045374000046, 47.697087347000036 ], [ 12.338549191000027, 47.690546392000044 ], [ 12.363702107000051, 47.683799570000076 ], [ 12.440126465000048, 47.695172548000073 ], [ 12.440728358000058, 47.673857130000044 ], [ 12.499216430000047, 47.625017005000075 ], [ 12.536344090000057, 47.636475215000075 ], [ 12.575034111000036, 47.632319559000052 ], [ 12.607415246000073, 47.673713325000051 ], [ 12.648616195000045, 47.670327281000027 ], [ 12.666105064000021, 47.680779376000032 ], [ 12.69590828500003, 47.682205009000029 ], [ 12.732918020000056, 47.679463460000079 ], [ 12.757193878000066, 47.663011704000041 ], [ 12.781115045000035, 47.674141359000032 ], [ 12.778405650000025, 47.660833166000032 ], [ 12.759012632000065, 47.650903889000062 ], [ 12.82461371100004, 47.612104083000077 ], [ 12.793545864000066, 47.600988806000032 ], [ 12.795318872000053, 47.593254287000036 ], [ 12.779230115000075, 47.579331870000033 ], [ 12.79447934500007, 47.55662972600004 ], [ 12.817694742000072, 47.544907064000029 ], [ 12.847566239000059, 47.54603476300008 ], [ 12.851984968000068, 47.530560716000025 ], [ 12.880401723000034, 47.52192234100005 ], [ 12.908724054000061, 47.496989223000071 ], [ 12.969434352000064, 47.474183384000071 ], [ 12.977907428000037, 47.484625977000064 ], [ 13.00624606100007, 47.463989250000054 ], [ 13.026176948000057, 47.48620866400006 ], [ 13.04750486100005, 47.492083027000035 ], [ 13.047331500000041, 47.521377293000057 ], [ 13.031031507000023, 47.533086561000061 ], [ 13.057295140000065, 47.562109387000078 ], [ 13.042720142000064, 47.573756499000069 ], [ 13.043574404000026, 47.583446559000038 ], [ 13.071881532000077, 47.588372462000052 ], [ 13.062955511000041, 47.602132855000036 ], [ 13.098660589000076, 47.635407065000038 ], [ 13.077159065000046, 47.669430178000027 ], [ 13.080793954000058, 47.687024144000077 ], [ 13.04389356400003, 47.713826521000044 ], [ 13.017504912000049, 47.722888083000043 ], [ 12.973525842000072, 47.707065842000077 ], [ 12.925392717000022, 47.710321539000063 ], [ 12.905046866000077, 47.723643419000041 ], [ 12.917437278000023, 47.741893308000044 ], [ 12.935195282000052, 47.747318368000037 ], [ 12.935572752000041, 47.758501112000033 ], [ 12.944764888000066, 47.76460280100008 ], [ 12.942384192000077, 47.77095944000007 ], [ 12.92822325700007, 47.771256404000042 ], [ 12.964635073000068, 47.800510183000029 ], [ 13.00329458300007, 47.850311692000048 ], [ 12.946417191000023, 47.921815904000027 ], [ 12.937822201000074, 47.943663030000039 ], [ 12.922835989000077, 47.939121744000033 ], [ 12.917866941000057, 47.954627760000051 ], [ 12.873303026000031, 47.964164677000042 ], [ 12.851375614000062, 48.014833893000059 ], [ 12.759719210000071, 48.075050393000026 ], [ 12.749133365000034, 48.108309589000044 ], [ 12.758258591000072, 48.126325188000067 ], [ 12.786893602000077, 48.123609958000031 ], [ 12.798789150000061, 48.146164158000033 ], [ 12.827297246000057, 48.15280972100004 ], [ 12.84774604200004, 48.167453409000075 ], [ 12.868643757000029, 48.200846339000066 ], [ 12.957144345000074, 48.20963503400003 ], [ 13.022392356000069, 48.25797400700003 ], [ 13.081157708000035, 48.277256305000037 ], [ 13.129069901000037, 48.278636220000067 ], [ 13.179159297000069, 48.294738326000072 ], [ 13.255192760000057, 48.293389980000029 ], [ 13.331088640000075, 48.324355116000049 ], [ 13.412274722000063, 48.375590073000069 ], [ 13.439130730000045, 48.430441606000045 ], [ 13.427270171000032, 48.457537941000055 ], [ 13.45803967300003, 48.511944324000069 ], [ 13.446304476000023, 48.523740229000055 ], [ 13.450163884000062, 48.537612920000072 ], [ 13.438054967000028, 48.557742072000053 ], [ 13.450104069000076, 48.563973081000029 ], [ 13.463660419000064, 48.553980971000044 ], [ 13.475392160000069, 48.556094958000074 ], [ 13.474590020000051, 48.56235048800005 ], [ 13.503966050000031, 48.572481943000071 ], [ 13.508992163000073, 48.590601552000066 ], [ 13.569516852000049, 48.561280626000041 ], [ 13.599471892000054, 48.569364974000052 ], [ 13.625784805000023, 48.553994670000066 ], [ 13.653285424000046, 48.54890653800004 ], [ 13.664587449000066, 48.534038920000057 ], [ 13.72735945200003, 48.513008208000031 ], [ 13.73358948300006, 48.525431769000079 ], [ 13.747541593000051, 48.529878475000032 ], [ 13.74372724400007, 48.54407449100006 ], [ 13.754783, 48.551203808000025 ], [ 13.746652749000077, 48.552466616000061 ], [ 13.754124827000055, 48.563779753000063 ], [ 13.770427372000029, 48.553643586000078 ], [ 13.801086760000032, 48.573802757000067 ], [ 13.807207604000041, 48.584213433000059 ], [ 13.801471109000033, 48.597595130000059 ], [ 13.82561849700005, 48.618313674000035 ], [ 13.826048988000025, 48.635809005000056 ], [ 13.814177187000041, 48.649787425000056 ], [ 13.819659356000045, 48.671254419000036 ], [ 13.813676370000053, 48.691916072000026 ], [ 13.83357409000007, 48.691963292000025 ], [ 13.83757629400003, 48.700667409000062 ], [ 13.814210135000053, 48.701004354000077 ], [ 13.794917175000023, 48.714928274000044 ], [ 13.818805073000021, 48.731519132000074 ], [ 13.821245673000021, 48.754476243000056 ], [ 13.839506769000025, 48.771604903000082 ], [ 13.803902389000029, 48.781126421000067 ], [ 13.815318339000044, 48.796900727000036 ], [ 13.787993135000022, 48.825179086000048 ], [ 13.793092275000049, 48.830221351000034 ], [ 13.764746363000029, 48.83424610600008 ], [ 13.737929348000023, 48.885847817000069 ], [ 13.716819558000054, 48.878157737000038 ], [ 13.676238050000052, 48.878716677000057 ], [ 13.669582412000068, 48.890266702000076 ], [ 13.655197417000068, 48.893465515000059 ], [ 13.622335608000071, 48.938995252000041 ], [ 13.628668331000029, 48.949206192000076 ], [ 13.608540677000065, 48.940487197000039 ], [ 13.590728726000066, 48.952773542000045 ], [ 13.585477690000062, 48.968511646000081 ], [ 13.548029512000028, 48.966889814000069 ], [ 13.529236960000048, 48.974102863000041 ], [ 13.507073735000063, 48.969086252000068 ], [ 13.50825801700006, 48.942165884000076 ], [ 13.495621999000036, 48.941344728000047 ], [ 13.402895553000064, 48.987342735000027 ], [ 13.409274363000065, 49.003066827000055 ], [ 13.40029289000006, 49.016240956000047 ], [ 13.40585526600006, 49.023652130000073 ], [ 13.391992197000036, 49.041731474000073 ], [ 13.397147201000053, 49.051009997000051 ], [ 13.375877726000056, 49.058398331000035 ], [ 13.344669001000057, 49.088466306000043 ], [ 13.289188609000064, 49.118634690000079 ], [ 13.236364794000053, 49.113595062000059 ], [ 13.182791683000062, 49.134478413000068 ], [ 13.170321564000062, 49.14404040200003 ], [ 13.176875560000042, 49.164226699000039 ], [ 13.170908085000065, 49.173579734000043 ], [ 13.109970283000052, 49.203178911000066 ], [ 13.114122113000064, 49.218428325000048 ], [ 13.086049923000076, 49.229411502000062 ], [ 13.080762122000067, 49.247417420000033 ], [ 13.060085970000046, 49.250597107000033 ], [ 13.055185792000032, 49.264007678000041 ], [ 13.033896390000052, 49.263902735000045 ], [ 13.025663129000066, 49.278920995000078 ], [ 13.029109282000036, 49.30434804600003 ], [ 13.00757266200003, 49.305997521000052 ], [ 12.97259529300004, 49.333887832000073 ], [ 12.942958576000024, 49.344199443000036 ], [ 12.880237338000029, 49.35052349700004 ], [ 12.886922448000064, 49.332300544000077 ], [ 12.843334189000075, 49.345222971000055 ], [ 12.786286615000051, 49.345397921000028 ], [ 12.778810245000045, 49.348078539000028 ], [ 12.781380403000071, 49.36032083200007 ], [ 12.75808904400003, 49.375188449000063 ], [ 12.757631008000033, 49.394756848000043 ], [ 12.714710448000062, 49.41400294500005 ], [ 12.708718925000028, 49.424677258000031 ], [ 12.655893346000028, 49.434546835000049 ], [ 12.657977985000059, 49.450508279000076 ], [ 12.649327983000035, 49.46693586400005 ], [ 12.633763692000059, 49.476195018000055 ], [ 12.644093585000064, 49.484905344000026 ], [ 12.644250380000074, 49.52304246500006 ], [ 12.635890167000071, 49.532011361000059 ], [ 12.620703466000066, 49.52655887800006 ], [ 12.588501691000033, 49.538536165000039 ], [ 12.59500878700004, 49.541547558000048 ], [ 12.574164352000025, 49.559443737000038 ], [ 12.577077738000071, 49.58630177200007 ], [ 12.564190846000031, 49.596238923000044 ], [ 12.560669829000062, 49.619634295000026 ], [ 12.528168524000023, 49.61818385600003 ], [ 12.534401555000045, 49.626306692000071 ], [ 12.523665073000075, 49.62795944700008 ], [ 12.528859533000059, 49.639231662000043 ], [ 12.517534732000058, 49.644504058000052 ], [ 12.529845754000064, 49.66624986000005 ], [ 12.521638214000063, 49.686761828000044 ], [ 12.491779712000039, 49.686013280000054 ], [ 12.442886119000036, 49.703699875000041 ], [ 12.400717371000042, 49.75384886900008 ], [ 12.404741039000044, 49.76279869800004 ], [ 12.472723170000052, 49.785937782000076 ], [ 12.464217560000066, 49.810222998000029 ], [ 12.474943568000072, 49.819298299000081 ], [ 12.472946945000047, 49.833588685000052 ], [ 12.482636330000048, 49.841718115000049 ], [ 12.498008183000024, 49.837579614000049 ], [ 12.497845379000069, 49.856905036000057 ], [ 12.512106090000032, 49.859425695000027 ], [ 12.521871473000033, 49.881726041000036 ], [ 12.549673107000046, 49.901092382000058 ], [ 12.547730388000048, 49.920343240000079 ], [ 12.475514391000047, 49.937918528000068 ], [ 12.470481629000062, 49.949030974000038 ], [ 12.499541530000045, 49.972016254000039 ], [ 12.489889638000022, 49.981760807000057 ], [ 12.476532531000032, 49.980769128000077 ], [ 12.467431282000064, 49.992851936000079 ], [ 12.43151961600006, 49.984381864000056 ], [ 12.425579170000049, 49.99119931000007 ], [ 12.435233452000034, 49.993780926000056 ], [ 12.431223629000044, 50.002615085000059 ], [ 12.401899306000075, 50.005253809000067 ], [ 12.400648870000055, 50.015004281000074 ], [ 12.367533093000077, 50.017443795000077 ], [ 12.338880725000024, 50.039610002000074 ], [ 12.325409712000067, 50.033018858000048 ], [ 12.31733312700004, 50.053378688000066 ], [ 12.26091210800007, 50.058430355000041 ], [ 12.275353647000031, 50.076470933000053 ], [ 12.246949451000035, 50.097443299000076 ], [ 12.231797172000029, 50.094162254000025 ], [ 12.228771745000074, 50.102310048000049 ], [ 12.210479145000022, 50.101680418000058 ], [ 12.199606920000065, 50.111192782000046 ], [ 12.195202154000071, 50.143043840000075 ], [ 12.215995454000051, 50.16817982200007 ], [ 12.207301862000065, 50.169509950000077 ], [ 12.201260710000042, 50.188789521000047 ], [ 12.188941216000046, 50.195505694000076 ], [ 12.197454144000062, 50.198838680000051 ], [ 12.182819850000044, 50.199364192000075 ], [ 12.175722719000021, 50.212859776000073 ], [ 12.159498486000075, 50.211180735000028 ], [ 12.162127956000063, 50.22354497300006 ], [ 12.145543610000061, 50.230387250000035 ], [ 12.151332131000061, 50.23572460500003 ], [ 12.126988390000065, 50.232490895000069 ], [ 12.090759844000047, 50.252384394000046 ], [ 12.102511401000072, 50.255784581000057 ], [ 12.097471287000076, 50.262388576000035 ], [ 12.139920828000072, 50.277574853000033 ], [ 12.122347705000038, 50.291645772000038 ], [ 12.125560837000023, 50.307617145000052 ], [ 12.090346650000072, 50.324251385000082 ], [ 12.091343377000044, 50.332609688000048 ], [ 12.079892806000032, 50.32683473700007 ], [ 12.046435516000031, 50.331150905000072 ], [ 12.04685190500004, 50.324998657000037 ], [ 12.01477557100003, 50.347560123000051 ], [ 11.977170940000065, 50.351483113000029 ], [ 11.982554633000063, 50.356666573000041 ], [ 11.976512284000023, 50.361944634000054 ], [ 11.984773226000073, 50.364695505000043 ], [ 11.978960913000037, 50.369494737000082 ], [ 11.983943197000031, 50.388707135000061 ], [ 11.964572062000059, 50.399934636000069 ], [ 11.949376885000049, 50.394808536000028 ], [ 11.954374087000076, 50.407074482000041 ], [ 11.934729681000022, 50.423663796000028 ], [ 11.885421622000024, 50.415853755000057 ], [ 11.866580677000059, 50.400969592000081 ], [ 11.824265370000035, 50.389756845000079 ], [ 11.818403991000025, 50.393567763000078 ], [ 11.825495292000028, 50.404420031000029 ], [ 11.817376096000032, 50.400589742000079 ], [ 11.797352621000073, 50.417321371000071 ], [ 11.78025113700005, 50.41875476000007 ], [ 11.772604693000062, 50.411532480000062 ], [ 11.750840582000023, 50.414452803000074 ], [ 11.761564496000062, 50.405255873000044 ], [ 11.744046462000028, 50.410503985000048 ], [ 11.714721166000061, 50.396635286000048 ], [ 11.708264195000027, 50.403938289000052 ], [ 11.683895018000044, 50.392889297000067 ], [ 11.624601485000028, 50.386870402000056 ], [ 11.594313324000041, 50.402604078000081 ], [ 11.573151888000041, 50.400121883000054 ], [ 11.560064187000023, 50.384126992000063 ], [ 11.519853242000067, 50.374268483000037 ], [ 11.518909861000054, 50.39566601100006 ], [ 11.478737316000036, 50.401215894000075 ], [ 11.488121921000072, 50.415835138000034 ], [ 11.48156795400007, 50.431621692000078 ], [ 11.463153413000043, 50.432175646000076 ], [ 11.443441968000059, 50.420821081000042 ], [ 11.451254293000034, 50.43103282800007 ], [ 11.420630678000066, 50.44336648500007 ], [ 11.423595024000065, 50.46225710300007 ], [ 11.415499786000055, 50.467846661000067 ], [ 11.418090895000034, 50.481860319000077 ], [ 11.426473637000072, 50.484540724000055 ], [ 11.418814569000062, 50.493461446000026 ], [ 11.436031953000054, 50.492180123000026 ], [ 11.440946481000026, 50.499959448000027 ], [ 11.429278748000058, 50.51223288400007 ], [ 11.346569075000048, 50.521535026000038 ], [ 11.346991154000023, 50.511610271000052 ], [ 11.321355016000041, 50.508567417000052 ], [ 11.323142336000046, 50.491164913000034 ], [ 11.300936067000066, 50.488405979000049 ], [ 11.290982390000067, 50.475256528000045 ], [ 11.28911478200007, 50.485565977000078 ], [ 11.247115540000038, 50.477303830000039 ], [ 11.25489290400003, 50.45642279100008 ], [ 11.247092021000071, 50.448924316000046 ], [ 11.263200078000068, 50.442888977000052 ], [ 11.268013488000065, 50.432212287000027 ], [ 11.258055654000032, 50.400038394000035 ], [ 11.270869179000044, 50.394203504000075 ], [ 11.264334054000074, 50.387039710000067 ], [ 11.276083218000053, 50.380923349000057 ], [ 11.284252880000054, 50.360307434000049 ], [ 11.262435241000048, 50.352401033000035 ], [ 11.277099067000051, 50.335962447000043 ], [ 11.261328835000029, 50.337912627000037 ], [ 11.256465785000046, 50.322273221000046 ], [ 11.270336658000076, 50.306746593000071 ], [ 11.25199460500005, 50.299264946000051 ], [ 11.260240655000075, 50.287090412000055 ], [ 11.252298162000045, 50.269020961000081 ], [ 11.19784829300005, 50.291856371000051 ], [ 11.187139425000055, 50.269555726000078 ], [ 11.173970555000039, 50.271279909000043 ], [ 11.183710073000043, 50.280895482000062 ], [ 11.158479682000063, 50.289203611000062 ], [ 11.145922827000049, 50.284956470000054 ], [ 11.131754613000055, 50.30808767700006 ], [ 11.159197358000029, 50.330391993000035 ], [ 11.139107812000077, 50.35350569700006 ], [ 11.116797804000043, 50.349333932000036 ], [ 11.115304910000077, 50.36700690300006 ], [ 11.089737220000075, 50.365886735000061 ], [ 11.085753909000061, 50.35203374300005 ], [ 11.04298839300003, 50.344721651000043 ], [ 11.032407061000072, 50.351501472000052 ], [ 11.043496972000071, 50.352232362000052 ], [ 11.031702753000047, 50.355130820000056 ], [ 11.033417377000035, 50.361358236000058 ], [ 10.993487278000032, 50.365468677000081 ], [ 10.99951930800006, 50.351973049000037 ], [ 10.98578072600003, 50.347320526000033 ], [ 10.956661342000075, 50.368482134000033 ], [ 10.961786984000071, 50.377585318000058 ], [ 10.937634647000039, 50.391905114000053 ], [ 10.89311800400003, 50.380323947000079 ], [ 10.876235601000076, 50.396531191000065 ], [ 10.861837963000028, 50.387669722000055 ], [ 10.830443013000036, 50.39261550100008 ], [ 10.804250650000029, 50.379108815000052 ], [ 10.785881505000077, 50.385384234000071 ], [ 10.754509496000026, 50.358171911000056 ], [ 10.715266573000065, 50.363591109000026 ], [ 10.714303880000045, 50.346345596000049 ], [ 10.728872533000072, 50.347941607000052 ], [ 10.714389547000053, 50.325479200000075 ], [ 10.741845438000041, 50.315914286000066 ], [ 10.770728870000028, 50.292672203000052 ], [ 10.80255027000004, 50.291980901000045 ], [ 10.803919859000075, 50.279753188000029 ], [ 10.846358138000028, 50.275094637000052 ], [ 10.851953018000074, 50.251603057000068 ], [ 10.824047415000052, 50.237533002000077 ], [ 10.807268589000046, 50.240196712000056 ], [ 10.800564107000071, 50.251443344000052 ], [ 10.781843580000043, 50.251283940000064 ], [ 10.769631615000037, 50.24084024800004 ], [ 10.732167774000061, 50.25183794600008 ], [ 10.726238673000069, 50.240889098000082 ], [ 10.731220988000075, 50.21265420800006 ], [ 10.716645150000033, 50.204818959000079 ], [ 10.695752780000021, 50.211799435000046 ], [ 10.68671445800004, 50.225907585000073 ], [ 10.663670269000022, 50.221543075000056 ], [ 10.658961146000024, 50.230709067000078 ], [ 10.612047270000062, 50.224138442000026 ], [ 10.597108477000063, 50.24617272200004 ], [ 10.611314700000037, 50.249074975000042 ], [ 10.597829215000047, 50.262620980000065 ], [ 10.607295940000029, 50.271257477000063 ], [ 10.591040414000076, 50.271784382000078 ], [ 10.605324195000037, 50.293536998000036 ], [ 10.592359352000074, 50.308081363000042 ], [ 10.600550296000051, 50.333688029000029 ], [ 10.561785334000035, 50.337098475000062 ], [ 10.544408273000045, 50.364505579000081 ], [ 10.531010504000051, 50.365109885000038 ], [ 10.514624396000045, 50.349896674000036 ], [ 10.512475550000033, 50.359806100000071 ], [ 10.492405731000076, 50.355055845000038 ], [ 10.485990411000046, 50.363054024000064 ], [ 10.494443233000027, 50.369442975000027 ], [ 10.463657887000068, 50.376014549000047 ], [ 10.44950284600003, 50.403046771000049 ], [ 10.423743404000049, 50.392532458000062 ], [ 10.39449369700003, 50.39365203400007 ], [ 10.383918035000022, 50.408621476000064 ], [ 10.403834693000022, 50.424775130000057 ], [ 10.370714811000028, 50.431758072000036 ], [ 10.381332035000071, 50.438851905000035 ], [ 10.367271857000048, 50.438773572000059 ], [ 10.356725792000077, 50.455190499000025 ], [ 10.336154205000071, 50.465897188000042 ], [ 10.34141087200004, 50.482999962000065 ], [ 10.330582236000055, 50.49427653500004 ], [ 10.30657006000007, 50.492079316000058 ], [ 10.256221693000043, 50.512813333000054 ], [ 10.230827931000022, 50.51180310400008 ], [ 10.225792339000066, 50.518719424000039 ], [ 10.231973530000062, 50.531087719000027 ], [ 10.208325658000035, 50.54063085100006 ], [ 10.203873884000075, 50.554700851000064 ], [ 10.177893248000032, 50.551680031000046 ], [ 10.175441103000026, 50.542917540000076 ], [ 10.150267822000046, 50.551887549000071 ], [ 10.140366563000043, 50.54285042600003 ], [ 10.120712415000071, 50.555857216000049 ], [ 10.126217971000074, 50.561350667000056 ], [ 10.107094136000057, 50.56373360300006 ], [ 10.070046384000022, 50.535420634000047 ], [ 10.071825447000037, 50.527671201000032 ], [ 10.039741212000024, 50.515618083000049 ], [ 10.041188107000039, 50.495188485000028 ], [ 10.033485228000075, 50.481121072000064 ], [ 10.018307426000035, 50.466455263000057 ], [ 9.997459910000032, 50.460985537000056 ], [ 9.957836757000052, 50.423204056000031 ], [ 9.883100782000042, 50.398893443000077 ], [ 9.869996703000027, 50.40926894200004 ], [ 9.860046301000068, 50.397473956000056 ], [ 9.807988411000053, 50.412430897000036 ], [ 9.810901701000034, 50.418881905000035 ], [ 9.802589728000044, 50.42399692500004 ], [ 9.78018127100006, 50.418430921000038 ], [ 9.762063990000058, 50.425867482000058 ], [ 9.751062366000042, 50.413559128000031 ], [ 9.759292728000048, 50.402418900000043 ], [ 9.746203926000021, 50.366179941000041 ], [ 9.732914417000075, 50.356149617000028 ], [ 9.747435795000058, 50.341200299000036 ], [ 9.745881111000074, 50.310407956000063 ], [ 9.703422445000058, 50.28075231300005 ], [ 9.652396015000022, 50.269670070000075 ], [ 9.636823638000067, 50.25144989000006 ], [ 9.668175939000037, 50.239435345000061 ], [ 9.663619150000045, 50.233733463000078 ], [ 9.635815886000046, 50.235227854000073 ], [ 9.621591902000034, 50.223116364000077 ], [ 9.582898993000072, 50.221528426000077 ], [ 9.57631873400004, 50.232388944000036 ], [ 9.542029989000071, 50.224341536000054 ], [ 9.533490750000055, 50.234491760000026 ], [ 9.514378236000027, 50.23407706900008 ], [ 9.501174644000059, 50.243473910000034 ], [ 9.494769673000064, 50.226672209000071 ], [ 9.51620547300007, 50.199611723000032 ], [ 9.501479086000074, 50.19304827600007 ], [ 9.498105015000021, 50.175543937000043 ], [ 9.528152385000055, 50.16813927700008 ], [ 9.531201793000037, 50.160849670000061 ], [ 9.507571330000076, 50.145557352000026 ], [ 9.519259435000038, 50.114038898000047 ], [ 9.512464155000032, 50.094355657000051 ], [ 9.413110845000062, 50.084059882000076 ], [ 9.39446345600004, 50.097486325000034 ], [ 9.373620660000029, 50.130963500000064 ], [ 9.341584334000061, 50.13128240900005 ], [ 9.327428418000068, 50.14105954200005 ], [ 9.307611936000058, 50.133407870000042 ], [ 9.285896752000042, 50.141665034000027 ], [ 9.252559877000067, 50.139479673000039 ], [ 9.221866091000038, 50.149417315000051 ], [ 9.183268722000037, 50.137902205000046 ], [ 9.191593718000036, 50.127487242000029 ], [ 9.174558728000022, 50.119480189000058 ], [ 9.162545660000035, 50.098186482000074 ], [ 9.149210890000063, 50.090639494000072 ], [ 9.143366555000057, 50.096983034000061 ], [ 9.154371117000039, 50.107393036000076 ], [ 9.153609321000033, 50.117930615000034 ], [ 9.144957730000044, 50.114111917000059 ], [ 9.120204398000055, 50.126495244000068 ], [ 9.098229912000022, 50.126416985000048 ], [ 9.089306136000062, 50.116804396000077 ], [ 9.018261040000027, 50.111604209000063 ], [ 8.997391285000049, 50.09157988000004 ], [ 8.999282564000055, 50.06936687700005 ], [ 8.976001487000076, 50.050322479000044 ], [ 8.985374830000069, 50.041727111000057 ], [ 9.012308439000037, 50.045950851000043 ], [ 9.031343853000067, 50.039574084000037 ], [ 9.031024825000031, 50.020132296000043 ], [ 9.039817471000049, 50.010373377000064 ], [ 9.035538162000023, 50.00183680300006 ], [ 9.048476005000055, 49.993935003000047 ], [ 9.036552347000054, 49.989800282000033 ], [ 9.022987074000071, 49.997053982000068 ], [ 9.015714271000036, 49.989022860000034 ], [ 9.02637207600003, 49.955091467000045 ], [ 9.019035579000047, 49.94705039300004 ], [ 9.032264261000023, 49.924688672000059 ], [ 9.023359881000033, 49.910136793000049 ], [ 9.031878342000027, 49.909361263000051 ], [ 9.038428785000065, 49.876217674000031 ], [ 9.050452507000045, 49.867571764000047 ], [ 9.033336125000062, 49.866466653000032 ], [ 9.043704577000028, 49.855543060000059 ], [ 9.037651962000041, 49.842564295000045 ], [ 9.059515726000029, 49.84702774200008 ], [ 9.052839148000032, 49.840003076000073 ], [ 9.063956866000069, 49.831759477000048 ], [ 9.084730871000033, 49.847506384000042 ], [ 9.090087581000034, 49.840968075000035 ], [ 9.077532511000072, 49.834611728000027 ], [ 9.086665309000068, 49.826438101000065 ], [ 9.076992818000065, 49.81822328100003 ], [ 9.090879621000056, 49.790655011000069 ], [ 9.108140122000066, 49.797980436000046 ], [ 9.131665505000058, 49.794927936000079 ], [ 9.134484322000048, 49.782247146000032 ], [ 9.113364625000031, 49.773731016000056 ], [ 9.106913989000077, 49.758660975000055 ], [ 9.150809170000059, 49.742850743000076 ], [ 9.13452823800003, 49.716679810000073 ], [ 9.122543394000047, 49.714841870000043 ], [ 9.126109156000041, 49.699979584000062 ], [ 9.089638351000076, 49.69334572300005 ], [ 9.088859949000039, 49.669023224000057 ], [ 9.103418917000056, 49.66043060100003 ], [ 9.102012048000063, 49.64221034500008 ], [ 9.065859960000068, 49.619659062000039 ], [ 9.06638137300007, 49.602365129000077 ], [ 9.082989878000035, 49.601987012000052 ], [ 9.103006167000046, 49.577456014000063 ], [ 9.117713691000063, 49.573677777000057 ], [ 9.158889937000026, 49.579590304000078 ], [ 9.194410460000029, 49.574040640000078 ], [ 9.24894015600006, 49.584518406000029 ], [ 9.246443172000056, 49.590024206000066 ], [ 9.259036536000053, 49.59327621500006 ], [ 9.264577622000047, 49.606819727000072 ], [ 9.285023051000053, 49.614801330000034 ], [ 9.270722601000045, 49.634018567000055 ], [ 9.285500565000063, 49.63576970400004 ], [ 9.30408305800006, 49.654944254000043 ], [ 9.343880585000022, 49.644299653000076 ], [ 9.366743562000067, 49.658356823000076 ], [ 9.38223795600004, 49.643180187000041 ], [ 9.406000422000034, 49.64531278700008 ], [ 9.419495463000032, 49.658853554000075 ], [ 9.398080490000041, 49.671481330000063 ], [ 9.41247209200003, 49.67546929100007 ], [ 9.406391045000021, 49.679581513000073 ], [ 9.422312961000046, 49.696079385000075 ], [ 9.41868082700006, 49.711898302000066 ], [ 9.401067576000059, 49.720564516000081 ], [ 9.399960653000051, 49.728840514000069 ], [ 9.380160749000026, 49.726118348000057 ], [ 9.382528566000076, 49.707462880000037 ], [ 9.357409236000024, 49.704288294000037 ], [ 9.344030942000074, 49.718613970000035 ], [ 9.374211198000069, 49.728002031000074 ], [ 9.295673221000072, 49.740530937000074 ], [ 9.323124376000067, 49.743797271000062 ], [ 9.316021889000069, 49.768239950000066 ], [ 9.351035814000056, 49.769006990000037 ], [ 9.372610337000026, 49.778976813000043 ], [ 9.391546883000046, 49.770120607000081 ], [ 9.422815875000026, 49.789319649000049 ], [ 9.457007338000039, 49.76947225400005 ], [ 9.479097062000051, 49.786894312000072 ], [ 9.503232404000073, 49.788395363000063 ], [ 9.512861169000075, 49.781794341000079 ], [ 9.514512299000046, 49.763786795000044 ], [ 9.546462237000071, 49.766426003000049 ], [ 9.562256396000066, 49.744541106000042 ], [ 9.568946332000053, 49.749634689000061 ], [ 9.55839297700004, 49.765095016000032 ], [ 9.561809836000066, 49.780616783000028 ], [ 9.648736203000055, 49.791477651000037 ], [ 9.651418613000033, 49.780557046000069 ], [ 9.644322199000044, 49.778609654000036 ], [ 9.651865837000059, 49.766371741000057 ], [ 9.637951869000062, 49.753850752000062 ], [ 9.645552784000074, 49.746910390000039 ], [ 9.638998493000031, 49.740506856000081 ], [ 9.646936205000031, 49.739145265000047 ], [ 9.627715246000037, 49.731963309000037 ], [ 9.640874054000051, 49.720337200000074 ], [ 9.625449125000046, 49.703736740000068 ], [ 9.632460374000061, 49.693186101000038 ], [ 9.653496459000053, 49.687137203000077 ], [ 9.676147908000075, 49.693347266000046 ], [ 9.677193873000022, 49.71620121400008 ], [ 9.70038158400007, 49.716960897000035 ], [ 9.709719303000043, 49.727058058000068 ], [ 9.727550419000067, 49.688727784000037 ], [ 9.739419988000066, 49.688190703000032 ], [ 9.752953959000024, 49.710121842000035 ], [ 9.799993758000028, 49.730943240000045 ], [ 9.796514481000031, 49.720710946000054 ], [ 9.831804629000032, 49.703803319000031 ], [ 9.836147408000045, 49.691740752000044 ], [ 9.830027878000067, 49.687708826000062 ], [ 9.841172423000046, 49.683417383000062 ], [ 9.823416618000067, 49.673173375000033 ], [ 9.830060281000044, 49.651742770000055 ], [ 9.855481315000077, 49.641514666000035 ], [ 9.872808264000071, 49.610076172000049 ], [ 9.84104674200006, 49.595141271000045 ], [ 9.848495177000075, 49.577713161000077 ], [ 9.811544998000045, 49.555682632000071 ], [ 9.85930991400005, 49.546044486000028 ], [ 9.864550356000052, 49.567881417000081 ], [ 9.875725006000039, 49.578631472000041 ], [ 9.898791276000054, 49.588346697000077 ], [ 9.912438200000054, 49.585908403000076 ], [ 9.897989949000021, 49.564070020000031 ], [ 9.924984524000024, 49.560064061000048 ], [ 9.92073339500007, 49.553402196000036 ], [ 9.926961113000061, 49.549520532000031 ], [ 9.920181961000026, 49.545125418000055 ], [ 9.927050474000055, 49.536077301000034 ], [ 9.916959263000024, 49.517802306000078 ], [ 9.92512928900004, 49.508650094000075 ], [ 9.913740586000074, 49.493252991000077 ], [ 9.951881740000033, 49.48036425500004 ], [ 10.020260417000031, 49.486649047000071 ], [ 10.028177638000045, 49.503989683000043 ], [ 10.056145911000044, 49.514945308000051 ], [ 10.040019271000062, 49.529010435000032 ], [ 10.061367727000061, 49.537468253000043 ], [ 10.06142750600003, 49.545138456000075 ], [ 10.085519872000077, 49.542214004000073 ], [ 10.089598029000058, 49.530521246000035 ], [ 10.07688575800006, 49.519882876000054 ], [ 10.084146565000026, 49.511758866000037 ], [ 10.121323095000037, 49.51104620600006 ], [ 10.099991355000043, 49.491727680000054 ], [ 10.122251832000075, 49.463907841000037 ], [ 10.105487698000047, 49.46323873700004 ], [ 10.094741444000022, 49.447898570000064 ], [ 10.133705133000035, 49.437146860000041 ], [ 10.151680498000076, 49.41229446400007 ], [ 10.152217243000052, 49.401015465000057 ], [ 10.142063923000023, 49.403970249000054 ], [ 10.138638067000045, 49.403095723000035 ], [ 10.161698240000021, 49.395493982000062 ], [ 10.144924269000057, 49.384413647000031 ], [ 10.121685574000026, 49.387860024000076 ], [ 10.107318285000076, 49.378784909000046 ], [ 10.117413523000039, 49.369023147000064 ], [ 10.113373868000053, 49.359940548000054 ], [ 10.124555669000074, 49.356137563000061 ], [ 10.10761552300005, 49.351698646000045 ], [ 10.104846911000038, 49.338411507000046 ], [ 10.113086502000044, 49.335777463000056 ], [ 10.110499427000036, 49.328871792000029 ], [ 10.14010171700005, 49.325576273000081 ], [ 10.145247060000031, 49.316498210000077 ], [ 10.132298988000059, 49.300318839000056 ], [ 10.156620294000049, 49.280758910000031 ], [ 10.134156874000041, 49.262229699000045 ], [ 10.123560393000048, 49.270965091000051 ], [ 10.131392017000053, 49.275083914000049 ], [ 10.123625095000023, 49.27499520300006 ], [ 10.113974180000071, 49.266407935000075 ], [ 10.118701572000077, 49.257869579000044 ], [ 10.109875037000052, 49.258298032000027 ], [ 10.133209341000054, 49.253105435000066 ], [ 10.119829082000024, 49.247357976000046 ], [ 10.140135950000058, 49.208889743000043 ], [ 10.125622454000052, 49.210893142000032 ], [ 10.130455046000066, 49.203767083000059 ], [ 10.12489927300004, 49.199736861000076 ], [ 10.156808452000064, 49.192714955000042 ], [ 10.153573665000067, 49.188411660000043 ], [ 10.16646783300007, 49.179215673000044 ], [ 10.181182663000072, 49.18240669100004 ], [ 10.177317879000043, 49.173508659000049 ], [ 10.195244024000033, 49.169888892000074 ], [ 10.196814396000036, 49.155762237000033 ], [ 10.218379110000058, 49.163489850000076 ], [ 10.248022910000032, 49.149281109000071 ], [ 10.256947320000052, 49.129050428000028 ], [ 10.224954281000066, 49.119502527000066 ], [ 10.229330692000076, 49.113225552000074 ], [ 10.21524985700006, 49.113283485000068 ], [ 10.204997649000063, 49.098119003000079 ], [ 10.222778543000061, 49.097858620000068 ], [ 10.229070019000062, 49.089760923000028 ], [ 10.250596710000025, 49.092815125000072 ], [ 10.247145405000026, 49.07972034900007 ], [ 10.234169895000036, 49.07636232200008 ], [ 10.258153512000035, 49.070173772000032 ], [ 10.264630448000048, 49.06136454500006 ], [ 10.25605594600006, 49.061364447000074 ], [ 10.251863839000066, 49.039161196000066 ], [ 10.264990096000076, 49.045202673000063 ], [ 10.284838754000077, 49.036575331000051 ], [ 10.294007324000063, 49.042777439000076 ], [ 10.320476556000074, 49.025715926000032 ], [ 10.332901138000068, 49.031923235000079 ], [ 10.350256584000022, 49.028422072000069 ], [ 10.345197407000057, 49.019384972000069 ], [ 10.356091845000037, 49.013509725000063 ], [ 10.352157951000038, 49.006002052000042 ], [ 10.372808986000052, 49.003239276000045 ], [ 10.381896484000038, 48.999048990000063 ], [ 10.380483235000042, 48.989211712000042 ], [ 10.394683058000055, 48.990157614000054 ], [ 10.411773416000074, 48.978956833000041 ], [ 10.401479997000024, 48.974523171000044 ], [ 10.403681380000023, 48.966790257000071 ], [ 10.418751747000044, 48.968579206000072 ], [ 10.430902321000076, 48.946302827000068 ], [ 10.451372669000023, 48.93866072700007 ], [ 10.437809328000071, 48.933151041000031 ], [ 10.457107388000054, 48.920548179000036 ], [ 10.443770228000062, 48.90845213700004 ], [ 10.421320368000067, 48.905762890000062 ], [ 10.450215787000047, 48.893089461000045 ], [ 10.452992995000045, 48.884438802000034 ], [ 10.444774583000026, 48.880271 ], [ 10.454106806000027, 48.86030058700004 ], [ 10.45279514200007, 48.851859524000076 ], [ 10.427415498000073, 48.842988999000056 ], [ 10.426268382000046, 48.836920691000046 ], [ 10.449102463000031, 48.830323025000041 ], [ 10.448624089000077, 48.811967781000078 ], [ 10.421083753000062, 48.799411569000029 ], [ 10.434329472000059, 48.789648109000041 ], [ 10.426773954000055, 48.781747417000076 ], [ 10.43426596300003, 48.776230329000043 ], [ 10.428519823000045, 48.769769755000027 ], [ 10.420114960000035, 48.77623905400003 ], [ 10.413101313000027, 48.772087984000052 ], [ 10.428186612000047, 48.755884305000052 ], [ 10.416176716000052, 48.748105969000051 ], [ 10.447883535000074, 48.728044197000031 ], [ 10.450064919000056, 48.734987695000029 ], [ 10.464281234000055, 48.735137085000076 ], [ 10.455739515000062, 48.729045810000059 ], [ 10.483382300000073, 48.708064174000071 ], [ 10.471509766000054, 48.702810004000071 ], [ 10.495083373000057, 48.687247210000066 ], [ 10.481746283000064, 48.686499429000037 ], [ 10.449172635000025, 48.665158874000042 ], [ 10.410638818000052, 48.661033948000068 ], [ 10.408698476000041, 48.667839719000028 ], [ 10.426109293000025, 48.672951458000057 ], [ 10.418720957000062, 48.682271623000076 ], [ 10.422781643000064, 48.690754588000061 ], [ 10.429635277000045, 48.686025378000068 ], [ 10.437393747000044, 48.693101881000075 ], [ 10.431747642000062, 48.699492362000058 ], [ 10.408871360000035, 48.698792504000039 ], [ 10.392032311000037, 48.687160856000048 ], [ 10.389421374000051, 48.667201704000036 ], [ 10.368441434000033, 48.663878558000079 ], [ 10.361128680000036, 48.652826843000071 ], [ 10.351017332000026, 48.654676861000041 ], [ 10.347422983000058, 48.67910738300003 ], [ 10.337429497000073, 48.689021808000064 ], [ 10.31740006800004, 48.688697895000075 ], [ 10.317503170000066, 48.68293376500003 ], [ 10.268706813000051, 48.703547119000064 ], [ 10.273039775000029, 48.685891312000081 ], [ 10.255371664000052, 48.677490616000057 ], [ 10.264848610000058, 48.672142493000081 ], [ 10.254600218000064, 48.666203179000036 ], [ 10.266623163000077, 48.658837218000031 ], [ 10.259529865000047, 48.654892338000082 ], [ 10.280522997000048, 48.646770650000065 ], [ 10.297810682000033, 48.624187578000033 ], [ 10.323094952000076, 48.609132705000036 ], [ 10.297108769000033, 48.603809743000056 ], [ 10.293114313000046, 48.589765521000061 ], [ 10.304752751000024, 48.584265451000078 ], [ 10.31300460600005, 48.567122771000072 ], [ 10.314183926000055, 48.556289377000041 ], [ 10.300846790000037, 48.54507121100005 ], [ 10.31202316200006, 48.522943783000073 ], [ 10.230779588000075, 48.510511183000062 ], [ 10.237966397000037, 48.507821915000079 ], [ 10.228049715000054, 48.504974581000056 ], [ 10.240825951000033, 48.506158062000054 ], [ 10.24140630100004, 48.491959653000038 ], [ 10.180098201000021, 48.475524478000068 ], [ 10.176413082000067, 48.471368644000052 ], [ 10.18452449800003, 48.472914660000072 ], [ 10.18460095000006, 48.467211219000035 ], [ 10.17546022700003, 48.469391261000055 ], [ 10.171846421000055, 48.457786948000034 ], [ 10.133895409000047, 48.454871417000049 ], [ 10.11736673200005, 48.475387569000077 ], [ 10.105026946000066, 48.477504356000054 ], [ 10.064009813000041, 48.456389202000025 ], [ 10.03402668800004, 48.457780548000073 ], [ 10.038226774000066, 48.44445300700005 ], [ 10.028050577000045, 48.43691872800008 ], [ 10.042414153000038, 48.429732038000054 ], [ 9.967275615000062, 48.37440435700006 ], [ 9.977741454000068, 48.362658597000063 ], [ 9.987733752000054, 48.370626034000054 ], [ 9.999597425000047, 48.363229313000033 ], [ 9.998131809000029, 48.347512879000078 ], [ 10.010403135000047, 48.342389241000035 ], [ 10.04254942700004, 48.294229710000081 ], [ 10.065816520000055, 48.281817123000053 ], [ 10.061960035000027, 48.258129987000075 ], [ 10.069026271000041, 48.253761583000028 ], [ 10.060721236000063, 48.240090455000029 ], [ 10.083710628000063, 48.209640229000058 ], [ 10.085717415000033, 48.182192422000071 ], [ 10.107074311000076, 48.132144185000072 ], [ 10.136247105000052, 48.111443050000048 ], [ 10.140392398000074, 48.098916559000031 ], [ 10.134081880000053, 48.079478924000057 ], [ 10.143736707000073, 48.07441384100008 ], [ 10.143901697000047, 48.059007068000028 ], [ 10.127111484000068, 48.032712484000058 ], [ 10.134326495000039, 48.017599615000051 ], [ 10.119550393000054, 48.003499933000057 ], [ 10.114954569000076, 47.976257437000072 ], [ 10.09320708100006, 47.972331731000054 ], [ 10.084893700000066, 47.961307655000041 ], [ 10.089487633000033, 47.947977258000037 ], [ 10.111010296000075, 47.934879085000034 ], [ 10.105012802000033, 47.923838096000054 ], [ 10.110414155000058, 47.910657227000058 ], [ 10.095332148000068, 47.885158811000053 ], [ 10.105704629000059, 47.879026536000026 ], [ 10.09159875000006, 47.867398471000058 ], [ 10.076755534000029, 47.867809351000062 ], [ 10.082961688000069, 47.855717781000067 ], [ 10.104617333000022, 47.86462420600003 ], [ 10.091604866000068, 47.845621382000047 ], [ 10.10715465800007, 47.852895459000081 ], [ 10.10277097200003, 47.842374326000026 ], [ 10.138022984000031, 47.809637645000066 ], [ 10.115746516000058, 47.810873644000026 ], [ 10.108782376000022, 47.805771081000046 ], [ 10.116879806000043, 47.800623143000053 ], [ 10.090134546000058, 47.803905188000044 ], [ 10.064681025000027, 47.785887719000073 ], [ 10.079614724000066, 47.781262351000066 ], [ 10.082513094000035, 47.771180988000026 ], [ 10.11904949500007, 47.759586711000054 ], [ 10.116428889000076, 47.719316727000034 ], [ 10.139437678000036, 47.703273409000076 ], [ 10.128322275000073, 47.69071791500005 ], [ 10.129336189000071, 47.676136523000025 ], [ 10.111120453000069, 47.665990388000068 ], [ 10.089245367000046, 47.673045137000031 ], [ 10.093423672000029, 47.663220870000032 ], [ 10.081362313000056, 47.654889875000038 ], [ 10.077292399000044, 47.639274263000061 ], [ 10.075161682000044, 47.658334511000078 ], [ 10.059312463000026, 47.680628778000028 ], [ 10.030491263000044, 47.674452097000028 ], [ 10.028645217000076, 47.686983018000035 ], [ 10.001902410000071, 47.681999436000069 ], [ 9.976022662000048, 47.665325038000049 ], [ 9.970746357000053, 47.653626326000051 ], [ 9.959522463000042, 47.652304099000048 ], [ 9.842190840000058, 47.677691836000065 ], [ 9.837816239000063, 47.669469605000074 ], [ 9.830606296000042, 47.671375579000028 ], [ 9.82855328200003, 47.657901207000066 ], [ 9.795646056000066, 47.647601463000058 ], [ 9.795256066000036, 47.635719012000038 ], [ 9.77782157200005, 47.630536404000054 ], [ 9.74771849900003, 47.603688311000042 ], [ 9.740357990000064, 47.604535739000028 ], [ 9.745651920000057, 47.617296986000042 ], [ 9.706293734000042, 47.601812211000038 ], [ 9.692151557000045, 47.610423472000036 ], [ 9.683887789000039, 47.604557833000058 ], [ 9.657709588000046, 47.611725250000063 ], [ 9.635966981000024, 47.602455486000053 ], [ 9.643284836000021, 47.589759738000055 ], [ 9.633101282000041, 47.594064230000072 ], [ 9.614055646000054, 47.581150338000043 ], [ 9.602077153000039, 47.584337997000034 ] ], [ [ 10.454459536000059, 47.555738344000076 ], [ 10.435383698000066, 47.567685690000076 ], [ 10.432936910000024, 47.581477412000027 ], [ 10.481778586000075, 47.58452644700003 ], [ 10.454459536000059, 47.555738344000076 ] ] ] } },
{ "type": "Feature", "properties": { "shapeName": "Berlin", "shapeISO": "DE-BE", "shapeType": "ADM1" }, "geometry": { "type": "Polygon", "coordinates": [ [ [ 13.480055494000055, 52.674646382000049 ], [ 13.45084091700005, 52.662722174000066 ], [ 13.473894061000067, 52.656613614000037 ], [ 13.469996225000045, 52.652074839000079 ], [ 13.440932073000056, 52.649123020000047 ], [ 13.424365185000056, 52.635630461000062 ], [ 13.396712093000076, 52.648301397000068 ], [ 13.357296057000042, 52.62317467400004 ], [ 13.302422603000025, 52.627560602000074 ], [ 13.309257421000041, 52.643140391000031 ], [ 13.300377555000068, 52.65346984200005 ], [ 13.310033892000035, 52.657376009000075 ], [ 13.282884652000064, 52.660784668000076 ], [ 13.28244070900007, 52.641295358000036 ], [ 13.262156275000052, 52.640752989000077 ], [ 13.264274727000043, 52.626927970000054 ], [ 13.220683272000031, 52.62817872100004 ], [ 13.201606489000028, 52.606381329000044 ], [ 13.217336442000033, 52.587455593000072 ], [ 13.16426315700005, 52.598900331000038 ], [ 13.128987291000044, 52.587442104000047 ], [ 13.132092465000028, 52.579699043000062 ], [ 13.149603266000042, 52.583310956000048 ], [ 13.152953085000036, 52.572781427000052 ], [ 13.145664779000072, 52.552911359000063 ], [ 13.130617438000058, 52.556353970000032 ], [ 13.117392920000043, 52.516995327000075 ], [ 13.143010193000066, 52.519675526000071 ], [ 13.166457606000051, 52.510124290000078 ], [ 13.117798300000061, 52.47896793700005 ], [ 13.109223276000023, 52.450619509000035 ], [ 13.123176543000056, 52.439364547000082 ], [ 13.088333218000059, 52.419611436000082 ], [ 13.09034340900007, 52.412099153000042 ], [ 13.11157057500003, 52.413136620000046 ], [ 13.111635766000063, 52.404223280000053 ], [ 13.136390486000039, 52.398181286000067 ], [ 13.127464902000042, 52.391594554000051 ], [ 13.133589439000048, 52.38691590500008 ], [ 13.142612288000066, 52.396544789000075 ], [ 13.171521556000073, 52.395833463000031 ], [ 13.157827476000023, 52.396362158000045 ], [ 13.159345751000046, 52.402879949000067 ], [ 13.222287982000068, 52.420356682000033 ], [ 13.245797292000077, 52.420801147000077 ], [ 13.249844004000067, 52.404964790000065 ], [ 13.274457570000038, 52.405136991000063 ], [ 13.29613013200003, 52.41645128600004 ], [ 13.311926097000025, 52.399185473000045 ], [ 13.343248653000046, 52.411619939000047 ], [ 13.372135216000061, 52.393823825000027 ], [ 13.370454231000053, 52.388463900000033 ], [ 13.387216841000054, 52.388584164000065 ], [ 13.388520782000057, 52.377968467000073 ], [ 13.420984876000034, 52.376247142000068 ], [ 13.427585365000027, 52.386823993000064 ], [ 13.418772686000068, 52.40991740700008 ], [ 13.462321603000078, 52.420624437000072 ], [ 13.479884998000045, 52.395996634000028 ], [ 13.538379367000061, 52.400679065000077 ], [ 13.535663613000054, 52.389010455000061 ], [ 13.592762117000063, 52.394169688000034 ], [ 13.604438755000047, 52.374206202000039 ], [ 13.627949924000063, 52.381790670000044 ], [ 13.643364633000033, 52.377390926000032 ], [ 13.647105428000032, 52.366875468000046 ], [ 13.636291071000073, 52.347037925000052 ], [ 13.65172295800005, 52.339457616000061 ], [ 13.671080361000065, 52.366355657000042 ], [ 13.699997283000073, 52.375121341000067 ], [ 13.686711976000026, 52.385818350000079 ], [ 13.734537746000058, 52.401976069000057 ], [ 13.738749108000036, 52.40732177700005 ], [ 13.72951353600007, 52.417393467000068 ], [ 13.741384526000047, 52.426915964000045 ], [ 13.737958595000066, 52.434137759000066 ], [ 13.75053611800007, 52.441458956000076 ], [ 13.759587219000025, 52.436271883000074 ], [ 13.759028644000068, 52.442579365000029 ], [ 13.701324133000071, 52.468145482000068 ], [ 13.705365294000046, 52.455766428000061 ], [ 13.698432701000058, 52.455080219000081 ], [ 13.696824930000048, 52.464160446000051 ], [ 13.648215010000058, 52.478781960000049 ], [ 13.625508627000045, 52.468356508000056 ], [ 13.611517293000077, 52.470627334000028 ], [ 13.630800435000026, 52.494120051000039 ], [ 13.624670748000028, 52.495184263000056 ], [ 13.633318830000064, 52.511826188000043 ], [ 13.656895568000039, 52.529869512000062 ], [ 13.625906814000075, 52.530146375000072 ], [ 13.635358749000034, 52.541628793000029 ], [ 13.585387118000028, 52.548471643000028 ], [ 13.581539702000043, 52.570881943000074 ], [ 13.547112100000049, 52.587884766000059 ], [ 13.508153615000026, 52.592183257000045 ], [ 13.496752285000071, 52.605093539000052 ], [ 13.523100123000063, 52.645430195000074 ], [ 13.490831410000055, 52.654728734000059 ], [ 13.488219322000077, 52.670551166000052 ], [ 13.475647695000077, 52.666280657000073 ], [ 13.480055494000055, 52.674646382000049 ] ] ] } },
{ "type": "Feature", "properties": { "shapeName": "Brandenburg", "shapeISO": "DE-BB", "shapeType": "ADM1" }, "geometry": { "type": "MultiPolygon", "coordinates": [ [ [ [ 13.051025247000041, 51.647677155000054 ], [ 13.08630409500006, 51.608135139000069 ], [ 13.121025347000057, 51.618887549000078 ], [ 13.14377685900007, 51.597873112000059 ], [ 13.154954859000043, 51.600196785000037 ], [ 13.16177226800005, 51.592148296000062 ], [ 13.143169245000024, 51.567461129000037 ], [ 13.185571760000073, 51.558075237000025 ], [ 13.190055471000051, 51.539590304000058 ], [ 13.207957037000028, 51.524352847000046 ], [ 13.207041558000071, 51.504937257000051 ], [ 13.196534058000054, 51.494470566000075 ], [ 13.201294464000057, 51.491717480000034 ], [ 13.182296591000068, 51.491959294000026 ], [ 13.182922444000042, 51.471341281000036 ], [ 13.203080426000042, 51.458731937000039 ], [ 13.203121686000031, 51.451013383000031 ], [ 13.174310971000068, 51.428253919000042 ], [ 13.184649358000058, 51.423787028000049 ], [ 13.189423718000057, 51.434256105000031 ], [ 13.19975045700005, 51.433225950000065 ], [ 13.217308924000065, 51.395055649000028 ], [ 13.250654593000036, 51.394108586000073 ], [ 13.26854325000005, 51.384793245000026 ], [ 13.259983530000056, 51.400399041000071 ], [ 13.286354589000041, 51.399288186000035 ], [ 13.286672470000042, 51.411383232000048 ], [ 13.328343606000033, 51.426642050000055 ], [ 13.320322813000075, 51.437500476000082 ], [ 13.333353584000065, 51.437441184000079 ], [ 13.337948451000045, 51.429164667000066 ], [ 13.358349601000043, 51.43397124300003 ], [ 13.376647809000076, 51.42461142500008 ], [ 13.383076043000074, 51.42805680500004 ], [ 13.372938772000055, 51.437795651000044 ], [ 13.382146484000032, 51.436046388000079 ], [ 13.401050430000055, 51.454171725000037 ], [ 13.428149657000063, 51.431245011000044 ], [ 13.421424948000038, 51.421505006000075 ], [ 13.44605750900007, 51.425956521000046 ], [ 13.443493748000037, 51.428765145000057 ], [ 13.445913131000054, 51.431449713000063 ], [ 13.450052450000044, 51.423008259000028 ], [ 13.463307821000058, 51.426261876000069 ], [ 13.473786066000059, 51.417881159000046 ], [ 13.465533281000035, 51.421774635000077 ], [ 13.463281914000049, 51.411753590000046 ], [ 13.521217776000071, 51.402057390000039 ], [ 13.523118418000024, 51.38102642900003 ], [ 13.537766398000031, 51.381046458000071 ], [ 13.542628170000057, 51.369315506000078 ], [ 13.56996177700006, 51.385666025000035 ], [ 13.589854833000061, 51.38423485800007 ], [ 13.594063134000066, 51.369356210000035 ], [ 13.661451524000029, 51.368974629000036 ], [ 13.668403738000052, 51.376126428000077 ], [ 13.682764784000028, 51.367615274000059 ], [ 13.691250600000046, 51.374012806000053 ], [ 13.739111251000054, 51.361202020000064 ], [ 13.766615259000048, 51.370724309000082 ], [ 13.763252568000041, 51.359020351000026 ], [ 13.787940660000061, 51.370907272000068 ], [ 13.818971917000056, 51.369498913000029 ], [ 13.835313221000035, 51.37679 ], [ 13.833190694000052, 51.383838980000064 ], [ 13.883068070000036, 51.375117439000064 ], [ 13.956223629000021, 51.397071713000059 ], [ 13.972343684000066, 51.393822377000049 ], [ 13.970209088000047, 51.37584092600008 ], [ 14.000697255000034, 51.372595974000035 ], [ 13.996318439000049, 51.382607596000071 ], [ 14.008315099000072, 51.391981212000076 ], [ 14.003563735000057, 51.395611923000047 ], [ 14.028091220000022, 51.395935805000079 ], [ 14.015903684000023, 51.405137896000042 ], [ 14.044589875000042, 51.418753734000063 ], [ 14.038245091000022, 51.428443885000036 ], [ 14.046241449000036, 51.429134776000069 ], [ 14.038161638000076, 51.435578381000028 ], [ 14.06283710200006, 51.445505756000045 ], [ 14.052588241000024, 51.452508073000047 ], [ 14.055291852000039, 51.460948208000048 ], [ 14.033005724000077, 51.47510218900004 ], [ 14.087258361000067, 51.477396683000052 ], [ 14.073821672000065, 51.492667490000031 ], [ 14.095669631000021, 51.498716950000073 ], [ 14.107796743000051, 51.521760568000047 ], [ 14.142359250000027, 51.522804452000059 ], [ 14.129730077000033, 51.533861060000049 ], [ 14.136708929000065, 51.543308938000052 ], [ 14.213017887000035, 51.539811847000067 ], [ 14.247044376000076, 51.527842390000046 ], [ 14.274005492000072, 51.532130364000068 ], [ 14.322918395000045, 51.519426042000077 ], [ 14.332350139000027, 51.505018263000068 ], [ 14.342118094000057, 51.510843823000073 ], [ 14.339930674000072, 51.520762156000046 ], [ 14.386688683000045, 51.534020598000041 ], [ 14.38715846100007, 51.541770884000073 ], [ 14.447770787000024, 51.542068884000059 ], [ 14.446735377000039, 51.552727607000065 ], [ 14.454070342000023, 51.556371979000062 ], [ 14.515453721000029, 51.554234835000045 ], [ 14.545185107000066, 51.561777422000034 ], [ 14.544438335000052, 51.573615162000067 ], [ 14.569635102000063, 51.581190478000053 ], [ 14.599026234000064, 51.571749858000032 ], [ 14.609886946000074, 51.550149781000073 ], [ 14.674012757000071, 51.550645354000039 ], [ 14.691142422000041, 51.562786103000064 ], [ 14.692759232000071, 51.576335222000068 ], [ 14.706451662000063, 51.576460163000036 ], [ 14.696647725000048, 51.596660826000061 ], [ 14.711163819000035, 51.595764905000067 ], [ 14.729865561000054, 51.581776998000066 ], [ 14.762009182000043, 51.603409244000034 ], [ 14.765635282000062, 51.611721867000028 ], [ 14.75353145400004, 51.627397033000079 ], [ 14.750978830000065, 51.652260899000055 ], [ 14.757751513000073, 51.661046129000056 ], [ 14.747614869000074, 51.675288290000026 ], [ 14.737768040000049, 51.678507436000075 ], [ 14.736843624000073, 51.688227428000062 ], [ 14.668123664000063, 51.725830018000067 ], [ 14.656214616000057, 51.741305317000069 ], [ 14.664137546000063, 51.756704661000072 ], [ 14.650456645000077, 51.762077738000073 ], [ 14.653823464000027, 51.783566001000054 ], [ 14.645118010000033, 51.795818347000079 ], [ 14.606713643000035, 51.804039387000046 ], [ 14.590144373000044, 51.82100999000005 ], [ 14.590157566000073, 51.838145678000046 ], [ 14.605199230000039, 51.840414629000065 ], [ 14.604140344000029, 51.847888405000049 ], [ 14.611884911000061, 51.845052402000078 ], [ 14.611001836000071, 51.857011742000054 ], [ 14.643357384000069, 51.866868930000066 ], [ 14.663117458000045, 51.890512895000029 ], [ 14.694259159000069, 51.901984623000033 ], [ 14.70336833500005, 51.930846989000031 ], [ 14.721230977000062, 51.951162091000072 ], [ 14.704708298000071, 51.976618833000032 ], [ 14.721392882000032, 51.993818447000081 ], [ 14.714049733000024, 52.003692208000075 ], [ 14.748263133000023, 52.03183024100008 ], [ 14.745243138000035, 52.053849897000077 ], [ 14.759042583000053, 52.064762028000075 ], [ 14.741284123000071, 52.085227588000066 ], [ 14.700347376000025, 52.09811867500008 ], [ 14.681595448000053, 52.116651776000026 ], [ 14.679584852000062, 52.144929514000069 ], [ 14.705415466000034, 52.169626294000068 ], [ 14.685177147000047, 52.19408442200006 ], [ 14.708388065000065, 52.211746710000057 ], [ 14.715746889000059, 52.235883551000029 ], [ 14.692153980000057, 52.255946031000065 ], [ 14.596478449000074, 52.272932670000046 ], [ 14.576039610000066, 52.288366711000037 ], [ 14.584921860000065, 52.306457759000068 ], [ 14.576201404000074, 52.321482003000028 ], [ 14.561027668000065, 52.328608418000044 ], [ 14.552123283000071, 52.374053674000038 ], [ 14.53435722200004, 52.395007777000046 ], [ 14.54952744600007, 52.433622906000039 ], [ 14.57923730300007, 52.441751168000053 ], [ 14.634541164000041, 52.49233735100006 ], [ 14.631680963000065, 52.501811874000055 ], [ 14.612734651000039, 52.51038674800003 ], [ 14.603921495000066, 52.531339831000082 ], [ 14.615711198000042, 52.554210729000033 ], [ 14.639110578000043, 52.572998863000066 ], [ 14.613708745000054, 52.586612399000046 ], [ 14.596155324000051, 52.610662066000032 ], [ 14.465104603000043, 52.661325561000069 ], [ 14.457750157000078, 52.673930443000074 ], [ 14.433023179000031, 52.681473203000053 ], [ 14.423988266000038, 52.696174150000047 ], [ 14.351042391000021, 52.751507204000063 ], [ 14.278810273000033, 52.774454456000058 ], [ 14.217490124000051, 52.81687246100006 ], [ 14.143261916000029, 52.823851298000079 ], [ 14.122926948000043, 52.837657107000041 ], [ 14.129849055000022, 52.852717235000057 ], [ 14.157714474000045, 52.874754307000046 ], [ 14.161595565000027, 52.888094959000057 ], [ 14.142646023000054, 52.933248912000067 ], [ 14.143657775000065, 52.96136543700004 ], [ 14.291619106000041, 53.020010342000035 ], [ 14.345426, 53.051711913000076 ], [ 14.366157186000066, 53.079367048000051 ], [ 14.387737259000062, 53.143025686000044 ], [ 14.366254964000063, 53.171988640000052 ], [ 14.37727299200003, 53.201748297000051 ], [ 14.405216792000033, 53.210229672000082 ], [ 14.408495733000052, 53.223203523000052 ], [ 14.450268471000072, 53.26055847400005 ], [ 14.445297666000045, 53.274445074000027 ], [ 14.42121658700006, 53.276136731000065 ], [ 14.406774512000027, 53.308711014000039 ], [ 14.412381009000057, 53.329593362000082 ], [ 14.348660478000056, 53.309969731000081 ], [ 14.316569422000043, 53.312335547000032 ], [ 14.301854254000034, 53.286223609000047 ], [ 14.262188670000057, 53.276602361000073 ], [ 14.266048356000056, 53.259594852000077 ], [ 14.211057786000026, 53.254813733000049 ], [ 14.160239071000035, 53.267810714000063 ], [ 14.098817346000033, 53.261671915000079 ], [ 14.109653481000066, 53.282638290000079 ], [ 14.223406622000027, 53.358563229000026 ], [ 14.243144164000057, 53.392320730000051 ], [ 14.237712313000031, 53.427341978000072 ], [ 14.224661388000072, 53.43424798500007 ], [ 14.20591111400006, 53.423026910000033 ], [ 14.176961664000032, 53.422867289000067 ], [ 14.121843780000063, 53.441707622000081 ], [ 14.105426101000035, 53.422426139000038 ], [ 14.082223943000031, 53.410911703000068 ], [ 14.050577998000051, 53.41398786600007 ], [ 14.045604131000061, 53.42942541900004 ], [ 14.001216932000034, 53.43499156300004 ], [ 13.916373270000065, 53.422266271000069 ], [ 13.902893509000023, 53.432025015000079 ], [ 13.918213428000058, 53.455998470000054 ], [ 13.875591803000077, 53.47346619700005 ], [ 13.884590220000064, 53.485336695000058 ], [ 13.873924621000072, 53.490594920000035 ], [ 13.879268139000033, 53.504139956000074 ], [ 13.821728497000038, 53.518110339000032 ], [ 13.798463285000025, 53.545689605000064 ], [ 13.800570522000044, 53.558254619000081 ], [ 13.791347175000055, 53.558577928000034 ], [ 13.776376074000041, 53.53129006000006 ], [ 13.777657389000069, 53.513705338000079 ], [ 13.792463027000053, 53.510941961000071 ], [ 13.801459747000024, 53.497956311000053 ], [ 13.827102382000021, 53.498713707000036 ], [ 13.812079406000066, 53.483943984000064 ], [ 13.778939257000047, 53.474215231000073 ], [ 13.741372836000039, 53.485806999000033 ], [ 13.715399781000031, 53.482260877000044 ], [ 13.662562318000028, 53.457739651000054 ], [ 13.651289689000066, 53.443690903000061 ], [ 13.640500227000075, 53.447238752000032 ], [ 13.637299504000055, 53.43258406700005 ], [ 13.628841215000023, 53.431999783000037 ], [ 13.636017347000063, 53.42351863500005 ], [ 13.625216954000052, 53.409302567000054 ], [ 13.610508935000041, 53.41375914300005 ], [ 13.550112204000072, 53.399081272000046 ], [ 13.54620652400007, 53.394195018000062 ], [ 13.556587112000045, 53.391562745000044 ], [ 13.550206570000057, 53.380936427000051 ], [ 13.556369896000035, 53.376092380000046 ], [ 13.54342450200005, 53.364032244000043 ], [ 13.525997361000066, 53.366346957000076 ], [ 13.516854329000068, 53.352092515000038 ], [ 13.525261424000064, 53.351020417000029 ], [ 13.523531386000059, 53.320084584000028 ], [ 13.510114440000052, 53.317449416000045 ], [ 13.502842524000073, 53.327333245000034 ], [ 13.507267352000042, 53.316232912000032 ], [ 13.483063872000059, 53.291203396000071 ], [ 13.461282870000048, 53.288693039000066 ], [ 13.456185332000075, 53.297954994000065 ], [ 13.438208121000059, 53.29973323400003 ], [ 13.434135608000076, 53.289939189000052 ], [ 13.442401330000052, 53.286484964000067 ], [ 13.40768375600004, 53.262630860000058 ], [ 13.405174674000023, 53.246418235000078 ], [ 13.386533825000072, 53.244054609000045 ], [ 13.360450599000046, 53.277998933000049 ], [ 13.337075713000047, 53.273427816000037 ], [ 13.297801779000054, 53.280892502000029 ], [ 13.275313892000042, 53.265060794000078 ], [ 13.252714248000075, 53.26230544200007 ], [ 13.243751248000024, 53.248691116000032 ], [ 13.251243006000038, 53.24738983900005 ], [ 13.229391856000063, 53.216586896000081 ], [ 13.202681010000049, 53.222120722000057 ], [ 13.181914294000023, 53.250734072000057 ], [ 13.152550302000066, 53.246038177000059 ], [ 13.152220904000046, 53.251113979000081 ], [ 13.132976754000026, 53.237317542000028 ], [ 13.109925574000044, 53.240228276000039 ], [ 13.103262174000065, 53.235540356000058 ], [ 13.106564033000041, 53.21515262500003 ], [ 13.087270012000033, 53.21540015800008 ], [ 13.079532891000042, 53.200183755000069 ], [ 13.042414509000025, 53.196499403000075 ], [ 13.018727499000022, 53.185245967000071 ], [ 13.02003720700003, 53.175709970000071 ], [ 13.006203606000042, 53.167284675000076 ], [ 12.980466333000038, 53.162526568000033 ], [ 12.961513638000042, 53.177737671000045 ], [ 12.941998415000057, 53.174315470000067 ], [ 12.97943353200003, 53.190551571000071 ], [ 12.975854671000036, 53.197898244000044 ], [ 12.947981202000051, 53.199029962000054 ], [ 12.937114713000028, 53.19431551200006 ], [ 12.941163284000027, 53.18574497000003 ], [ 12.919965668000032, 53.186376848000066 ], [ 12.930380471000035, 53.192767651000054 ], [ 12.925315806000071, 53.195979836000049 ], [ 12.905077906000031, 53.193950985000072 ], [ 12.880109598000047, 53.179690118000053 ], [ 12.845979184000043, 53.20140215400005 ], [ 12.764381357000048, 53.188930547000041 ], [ 12.739492982000058, 53.199601592000079 ], [ 12.757410986000025, 53.224352804000034 ], [ 12.671179075000055, 53.229504646000066 ], [ 12.663967039000056, 53.234950598000069 ], [ 12.675657612000066, 53.247719162000067 ], [ 12.66569127300005, 53.253291189000038 ], [ 12.62841923600007, 53.254555215000039 ], [ 12.606046712000023, 53.244395457000053 ], [ 12.529768323000042, 53.264788321000026 ], [ 12.445312164000029, 53.249928264000062 ], [ 12.428008562000059, 53.274987563000082 ], [ 12.391832331000046, 53.285056864000069 ], [ 12.394247808000046, 53.301805355000056 ], [ 12.310765272000026, 53.327241709000077 ], [ 12.260207483000045, 53.323912184000051 ], [ 12.236430164000069, 53.341979015000049 ], [ 12.229435329000069, 53.358160532000056 ], [ 12.191119707000041, 53.353951090000066 ], [ 12.186848423000072, 53.34333491600006 ], [ 12.16856047400006, 53.339116980000028 ], [ 12.151951147000034, 53.361505236000028 ], [ 12.139441255000065, 53.361416722000058 ], [ 12.134450322000077, 53.348430378000046 ], [ 12.092089179000027, 53.344856410000034 ], [ 12.082077564000031, 53.346298663000027 ], [ 12.077546787000074, 53.369386814000052 ], [ 12.06162346900004, 53.371419407000076 ], [ 12.045284959000071, 53.370987645000071 ], [ 12.057339345000059, 53.349342099000069 ], [ 12.014610854000068, 53.334423600000036 ], [ 12.022075129000029, 53.321288749000075 ], [ 12.018530148000025, 53.299594722000052 ], [ 11.997066745000041, 53.29390563700008 ], [ 11.973857892000069, 53.299159489000033 ], [ 11.948063009000066, 53.271769649000078 ], [ 11.892603005000069, 53.278981130000034 ], [ 11.889861167000049, 53.269051128000058 ], [ 11.861746842000059, 53.248216920000061 ], [ 11.796067194000045, 53.253348196000047 ], [ 11.829610195000043, 53.236508083000047 ], [ 11.828893642000025, 53.228655026000069 ], [ 11.769071032000056, 53.227491113000042 ], [ 11.729329797000048, 53.217151775000048 ], [ 11.727526668000053, 53.231664583000054 ], [ 11.714625445000024, 53.230507654000064 ], [ 11.700017775000049, 53.243977965000056 ], [ 11.629237266000075, 53.242224537000027 ], [ 11.588957117000064, 53.215841092000062 ], [ 11.551586451000048, 53.208407285000078 ], [ 11.560579867000058, 53.202673186000027 ], [ 11.557823814000074, 53.184858570000074 ], [ 11.567079706000072, 53.182494883000061 ], [ 11.562553250000065, 53.175827026000036 ], [ 11.569364935000067, 53.166094858000065 ], [ 11.550083332000042, 53.151074331000075 ], [ 11.555961848000038, 53.138778937000041 ], [ 11.534572129000026, 53.125318348000064 ], [ 11.502223232000063, 53.121386090000044 ], [ 11.473430083000039, 53.127251493000074 ], [ 11.473707470000022, 53.134609443000045 ], [ 11.460835198000041, 53.140231224000047 ], [ 11.42176424400003, 53.14094835700007 ], [ 11.39562750500005, 53.140000240000063 ], [ 11.39180096900003, 53.129654226000071 ], [ 11.400568233000058, 53.115818429000058 ], [ 11.393767787000058, 53.11030257200008 ], [ 11.265731921000054, 53.121977896000033 ], [ 11.273159371000077, 53.097218737000048 ], [ 11.340203559000031, 53.054757115000029 ], [ 11.448379406000072, 53.078381582000077 ], [ 11.511167757000067, 53.04793090000004 ], [ 11.548103728000058, 53.052393362000032 ], [ 11.584661655000048, 53.035306725000055 ], [ 11.63758075800007, 53.039499616000057 ], [ 11.641496738000058, 53.032854884000074 ], [ 11.626327036000077, 53.012647370000082 ], [ 11.645753077000052, 53.005384039000035 ], [ 11.67716506000005, 53.008137230000045 ], [ 11.690240925000069, 52.979126392000069 ], [ 11.743789794000065, 52.988544675000071 ], [ 11.764192987000058, 52.981411405000074 ], [ 11.786303885000052, 52.960958275000053 ], [ 11.846029990000034, 52.951599761000068 ], [ 11.847927457000026, 52.941031506000058 ], [ 11.82309213700006, 52.923257637000063 ], [ 11.833997503000035, 52.910361117000036 ], [ 11.87150837300004, 52.908873825000057 ], [ 11.897335380000072, 52.893362444000047 ], [ 11.932252961000074, 52.891578950000053 ], [ 11.981550252000034, 52.876028785000074 ], [ 12.022614193000038, 52.890370257000029 ], [ 12.112623069000051, 52.875729091000039 ], [ 12.124601270000028, 52.89358591000007 ], [ 12.120213079000052, 52.875513915000056 ], [ 12.133116363000056, 52.865776106000055 ], [ 12.123714704000065, 52.853795835000028 ], [ 12.196936529000027, 52.877977990000034 ], [ 12.209955490000027, 52.862416945000064 ], [ 12.217391247000023, 52.865984482000044 ], [ 12.234056796000061, 52.859377653000081 ], [ 12.243669638000028, 52.820685415000071 ], [ 12.257536445000028, 52.804908485000055 ], [ 12.244659900000045, 52.787223980000078 ], [ 12.22017640200005, 52.790127959000074 ], [ 12.223507288000064, 52.77569648900004 ], [ 12.213132486000063, 52.773607420000076 ], [ 12.214868624000076, 52.763995561000058 ], [ 12.205958399000053, 52.760910546000048 ], [ 12.223168686000065, 52.73974733600005 ], [ 12.201294289000032, 52.729003807000026 ], [ 12.20595688800006, 52.726513956000076 ], [ 12.197548537000046, 52.718375034000076 ], [ 12.209843553000042, 52.717622188000064 ], [ 12.203919018000022, 52.713352618000044 ], [ 12.224185488000046, 52.702785391000077 ], [ 12.217541893000032, 52.699821855000039 ], [ 12.220878966000043, 52.690439187000038 ], [ 12.232876671000042, 52.689044037000031 ], [ 12.226812306000056, 52.683797163000065 ], [ 12.239352076000046, 52.671736011000064 ], [ 12.23252380200006, 52.653611394000052 ], [ 12.237890105000076, 52.645556264000049 ], [ 12.231001580000054, 52.639889646000029 ], [ 12.236872557000027, 52.628877019000072 ], [ 12.203537040000072, 52.618746126000076 ], [ 12.171970158000022, 52.625946604000035 ], [ 12.173384733000034, 52.582254895000062 ], [ 12.181078091000074, 52.575177085000064 ], [ 12.159309610000037, 52.560990255000036 ], [ 12.141811423000036, 52.528394239000079 ], [ 12.173888412000053, 52.53869239900007 ], [ 12.188689499000077, 52.532422780000047 ], [ 12.167294831000049, 52.51498540800003 ], [ 12.184704165000028, 52.49577607100008 ], [ 12.221679470000026, 52.50066541800004 ], [ 12.23611741600007, 52.523719825000057 ], [ 12.258216198000071, 52.517885401000058 ], [ 12.259921744000053, 52.504232644000069 ], [ 12.270083396000075, 52.50099836000004 ], [ 12.262451997000028, 52.495470162000061 ], [ 12.271445311000036, 52.487480838000067 ], [ 12.329889288000061, 52.496860371000082 ], [ 12.308295310000062, 52.480289800000037 ], [ 12.330781529000035, 52.478555665000044 ], [ 12.325116194000032, 52.464230588000078 ], [ 12.315081152000062, 52.460460212000044 ], [ 12.316683686000033, 52.452384848000065 ], [ 12.304342700000063, 52.450501519000056 ], [ 12.302675223000051, 52.43449313900004 ], [ 12.289252414000032, 52.430694932000051 ], [ 12.296989636000035, 52.423778080000034 ], [ 12.274469664000037, 52.416061892000073 ], [ 12.302325984000049, 52.405012812000052 ], [ 12.29180744100006, 52.386143610000033 ], [ 12.305989508000039, 52.377433243000041 ], [ 12.283811381000021, 52.364254546000041 ], [ 12.308127562000038, 52.344696532000057 ], [ 12.262765171000069, 52.295071632000031 ], [ 12.24464806900005, 52.248438174000057 ], [ 12.275314132000062, 52.237202635000074 ], [ 12.261745499000028, 52.236098526000035 ], [ 12.264532505000034, 52.233547429000055 ], [ 12.297276877000058, 52.227545380000038 ], [ 12.248921059000054, 52.211737240000048 ], [ 12.245249263000062, 52.20738894200008 ], [ 12.25367519200006, 52.205646345000048 ], [ 12.241800133000027, 52.194277007000039 ], [ 12.248291792000032, 52.184222874000056 ], [ 12.228585191000036, 52.185984782000048 ], [ 12.21678313700005, 52.170068601000082 ], [ 12.23400384200005, 52.162793559000079 ], [ 12.231304279000028, 52.154951436000033 ], [ 12.245320008000022, 52.13873301600006 ], [ 12.265110134000054, 52.130659824000077 ], [ 12.276724288000025, 52.104017980000037 ], [ 12.315823508000051, 52.092371916000047 ], [ 12.329030218000071, 52.069631591000075 ], [ 12.359777396000027, 52.046500086000037 ], [ 12.389599427000064, 52.043565769000054 ], [ 12.430227854000066, 52.018306138000071 ], [ 12.450002444000063, 52.016212864000067 ], [ 12.460757553000064, 52.034720500000049 ], [ 12.48061535100004, 52.033335116000046 ], [ 12.484955700000057, 52.017149830000051 ], [ 12.498826522000059, 52.008922889000075 ], [ 12.536306598000067, 52.002880024000035 ], [ 12.539394591000075, 51.984888944000033 ], [ 12.603019491000055, 51.981086685000037 ], [ 12.615160260000039, 51.982281257000068 ], [ 12.61439705600003, 51.991723295000043 ], [ 12.644748195000034, 51.99437984900004 ], [ 12.648597032000055, 52.008311053000057 ], [ 12.669186684000067, 52.012880744000029 ], [ 12.774325113000032, 51.978359951000073 ], [ 12.777612700000077, 51.96459096500007 ], [ 12.844153643000027, 51.967733969000051 ], [ 12.852730179000048, 51.935005290000049 ], [ 12.888171517000046, 51.934769180000046 ], [ 12.890424131000032, 51.928380250000032 ], [ 12.917461899000045, 51.932691387000034 ], [ 12.918371523000076, 51.939359531000036 ], [ 12.960567963000074, 51.934910543000058 ], [ 12.955974305000041, 51.922657122000032 ], [ 12.976535928000033, 51.919863436000071 ], [ 12.972664852000037, 51.90088114100007 ], [ 13.045407862000047, 51.900515107000047 ], [ 13.048537912000029, 51.891860431000055 ], [ 13.029163736000044, 51.881042414000035 ], [ 13.039239290000069, 51.87091214700007 ], [ 13.080548074000035, 51.867478067000036 ], [ 13.08500523400005, 51.874016415000028 ], [ 13.118993452000041, 51.876540835000071 ], [ 13.119075142000042, 51.882829041000036 ], [ 13.138950996000062, 51.879512090000048 ], [ 13.149604230000023, 51.87233145700003 ], [ 13.150913369000023, 51.859610359000044 ], [ 13.123535766000032, 51.854592541000045 ], [ 13.142089515000066, 51.820654624000042 ], [ 13.163011284000049, 51.802017994000039 ], [ 13.157994611000049, 51.788448153000047 ], [ 13.170103761000064, 51.787023737000027 ], [ 13.147481829000071, 51.766638533000048 ], [ 13.163294686000029, 51.754936029000078 ], [ 13.154010380000045, 51.744247947000076 ], [ 13.179535239000074, 51.731170697000039 ], [ 13.187071619000051, 51.715624514000069 ], [ 13.16547919900006, 51.717555859000072 ], [ 13.170109944000046, 51.708086820000062 ], [ 13.154430885000068, 51.710064585000055 ], [ 13.161745034000035, 51.690602227000056 ], [ 13.051025247000041, 51.647677155000054 ] ], [ [ 13.480055494000055, 52.674646382000049 ], [ 13.475647695000077, 52.666280657000073 ], [ 13.488219322000077, 52.670551166000052 ], [ 13.490831410000055, 52.654728734000059 ], [ 13.523100123000063, 52.645430195000074 ], [ 13.496752285000071, 52.605093539000052 ], [ 13.508153615000026, 52.592183257000045 ], [ 13.547112100000049, 52.587884766000059 ], [ 13.581539702000043, 52.570881943000074 ], [ 13.585387118000028, 52.548471643000028 ], [ 13.635358749000034, 52.541628793000029 ], [ 13.625906814000075, 52.530146375000072 ], [ 13.656895568000039, 52.529869512000062 ], [ 13.633318830000064, 52.511826188000043 ], [ 13.624670748000028, 52.495184263000056 ], [ 13.630800435000026, 52.494120051000039 ], [ 13.611517293000077, 52.470627334000028 ], [ 13.625508627000045, 52.468356508000056 ], [ 13.648215010000058, 52.478781960000049 ], [ 13.696824930000048, 52.464160446000051 ], [ 13.698432701000058, 52.455080219000081 ], [ 13.705365294000046, 52.455766428000061 ], [ 13.701324133000071, 52.468145482000068 ], [ 13.759028644000068, 52.442579365000029 ], [ 13.759587219000025, 52.436271883000074 ], [ 13.75053611800007, 52.441458956000076 ], [ 13.737958595000066, 52.434137759000066 ], [ 13.741384526000047, 52.426915964000045 ], [ 13.72951353600007, 52.417393467000068 ], [ 13.738749108000036, 52.40732177700005 ], [ 13.734537746000058, 52.401976069000057 ], [ 13.686711976000026, 52.385818350000079 ], [ 13.699997283000073, 52.375121341000067 ], [ 13.671080361000065, 52.366355657000042 ], [ 13.65172295800005, 52.339457616000061 ], [ 13.636291071000073, 52.347037925000052 ], [ 13.647105428000032, 52.366875468000046 ], [ 13.643364633000033, 52.377390926000032 ], [ 13.627949924000063, 52.381790670000044 ], [ 13.604438755000047, 52.374206202000039 ], [ 13.592762117000063, 52.394169688000034 ], [ 13.535663613000054, 52.389010455000061 ], [ 13.538379367000061, 52.400679065000077 ], [ 13.479884998000045, 52.395996634000028 ], [ 13.462321603000078, 52.420624437000072 ], [ 13.418772686000068, 52.40991740700008 ], [ 13.427585365000027, 52.386823993000064 ], [ 13.420984876000034, 52.376247142000068 ], [ 13.388520782000057, 52.377968467000073 ], [ 13.387216841000054, 52.388584164000065 ], [ 13.370454231000053, 52.388463900000033 ], [ 13.372135216000061, 52.393823825000027 ], [ 13.343248653000046, 52.411619939000047 ], [ 13.311926097000025, 52.399185473000045 ], [ 13.29613013200003, 52.41645128600004 ], [ 13.274457570000038, 52.405136991000063 ], [ 13.249844004000067, 52.404964790000065 ], [ 13.245797292000077, 52.420801147000077 ], [ 13.222287982000068, 52.420356682000033 ], [ 13.159345751000046, 52.402879949000067 ], [ 13.157827476000023, 52.396362158000045 ], [ 13.171521556000073, 52.395833463000031 ], [ 13.142612288000066, 52.396544789000075 ], [ 13.133589439000048, 52.38691590500008 ], [ 13.127464902000042, 52.391594554000051 ], [ 13.136390486000039, 52.398181286000067 ], [ 13.111635766000063, 52.404223280000053 ], [ 13.11157057500003, 52.413136620000046 ], [ 13.09034340900007, 52.412099153000042 ], [ 13.088333218000059, 52.419611436000082 ], [ 13.123176543000056, 52.439364547000082 ], [ 13.109223276000023, 52.450619509000035 ], [ 13.117798300000061, 52.47896793700005 ], [ 13.166457606000051, 52.510124290000078 ], [ 13.143010193000066, 52.519675526000071 ], [ 13.117392920000043, 52.516995327000075 ], [ 13.130617438000058, 52.556353970000032 ], [ 13.145664779000072, 52.552911359000063 ], [ 13.152953085000036, 52.572781427000052 ], [ 13.149603266000042, 52.583310956000048 ], [ 13.132092465000028, 52.579699043000062 ], [ 13.128987291000044, 52.587442104000047 ], [ 13.16426315700005, 52.598900331000038 ], [ 13.217336442000033, 52.587455593000072 ], [ 13.201606489000028, 52.606381329000044 ], [ 13.220683272000031, 52.62817872100004 ], [ 13.264274727000043, 52.626927970000054 ], [ 13.262156275000052, 52.640752989000077 ], [ 13.28244070900007, 52.641295358000036 ], [ 13.282884652000064, 52.660784668000076 ], [ 13.310033892000035, 52.657376009000075 ], [ 13.300377555000068, 52.65346984200005 ], [ 13.309257421000041, 52.643140391000031 ], [ 13.302422603000025, 52.627560602000074 ], [ 13.357296057000042, 52.62317467400004 ], [ 13.396712093000076, 52.648301397000068 ], [ 13.424365185000056, 52.635630461000062 ], [ 13.440932073000056, 52.649123020000047 ], [ 13.469996225000045, 52.652074839000079 ], [ 13.473894061000067, 52.656613614000037 ], [ 13.45084091700005, 52.662722174000066 ], [ 13.480055494000055, 52.674646382000049 ] ] ], [ [ [ 12.270473520000053, 52.231102602000078 ], [ 12.264446159000045, 52.23171338700007 ], [ 12.275204045000066, 52.231050549000031 ], [ 12.270473520000053, 52.231102602000078 ] ] ], [ [ [ 12.285081124000044, 52.227017110000077 ], [ 12.279125023000063, 52.229417926000053 ], [ 12.276546163000035, 52.228295648000028 ], [ 12.285081124000044, 52.227017110000077 ] ] ], [ [ [ 12.217115001000025, 52.861992539000028 ], [ 12.222307577000038, 52.862548547000074 ], [ 12.221316314000035, 52.863812649000067 ], [ 12.217115001000025, 52.861992539000028 ] ] ] ] } },
{ "type": "Feature", "properties": { "shapeName": "Bremen", "shapeISO": "DE-HB", "shapeType": "ADM1" }, "geometry": { "type": "MultiPolygon", "coordinates": [ [ [ [ 8.615217568000048, 53.195910920000074 ], [ 8.613037882000071, 53.19856578200006 ], [ 8.611903031000054, 53.197442337000041 ], [ 8.615217568000048, 53.195910920000074 ] ] ], [ [ [ 8.504608167000072, 53.228919298000051 ], [ 8.481735119000064, 53.226449544000047 ], [ 8.504711920000034, 53.200786054000048 ], [ 8.619465302000037, 53.167520760000059 ], [ 8.631066568000051, 53.138175617000059 ], [ 8.651966922000042, 53.116445420000048 ], [ 8.657680503000051, 53.118491929000072 ], [ 8.654898619000051, 53.108864587000028 ], [ 8.669831092000038, 53.102974704000076 ], [ 8.666494272000023, 53.091558801000076 ], [ 8.70915481000003, 53.075908336000055 ], [ 8.709801138000046, 53.046018221000054 ], [ 8.731491654000024, 53.034932534000063 ], [ 8.756270723000057, 53.038780544000076 ], [ 8.770704766000051, 53.053406973000051 ], [ 8.778297674000044, 53.039666686000032 ], [ 8.822005429000058, 53.021266773000036 ], [ 8.849840640000025, 53.023371208000071 ], [ 8.850792364000029, 53.016607763000081 ], [ 8.866756114000054, 53.022117237000032 ], [ 8.861867115000052, 53.03617788400004 ], [ 8.867006165000021, 53.040832616000046 ], [ 8.867234972000062, 53.03300381400004 ], [ 8.891157226000075, 53.015389876000029 ], [ 8.91582704800004, 53.011021380000045 ], [ 8.935915522000073, 53.01366704000003 ], [ 8.938130437000041, 53.024985643000036 ], [ 8.98026713400003, 53.046747058000051 ], [ 8.963728920000051, 53.057426218000046 ], [ 8.961377207000055, 53.085218114000043 ], [ 8.990913202000058, 53.096672763000072 ], [ 8.962989042000061, 53.100298638000027 ], [ 8.947017837000033, 53.116100810000034 ], [ 8.984185253000021, 53.126070931000072 ], [ 8.945082912000032, 53.152012992000039 ], [ 8.920907502000034, 53.144654358000082 ], [ 8.91214330400004, 53.132618801000035 ], [ 8.903929660000074, 53.138176187000056 ], [ 8.864023195000073, 53.131723516000079 ], [ 8.829227339000056, 53.164376278000077 ], [ 8.77539574900004, 53.158684024000081 ], [ 8.741246364000062, 53.164635521000037 ], [ 8.743081930000073, 53.172277492000035 ], [ 8.728652284000077, 53.180224491000047 ], [ 8.714396467000029, 53.183002400000078 ], [ 8.706292568000038, 53.175421120000067 ], [ 8.699357718000044, 53.185479432000079 ], [ 8.663828357000057, 53.176243845000045 ], [ 8.627994030000025, 53.198372353000082 ], [ 8.59325143600006, 53.183633719000056 ], [ 8.580352119000054, 53.190027685000075 ], [ 8.581097702000022, 53.198707248000062 ], [ 8.599039076000054, 53.212546231000033 ], [ 8.578477888000066, 53.217269524000073 ], [ 8.553698911000026, 53.207805802000053 ], [ 8.504608167000072, 53.228919298000051 ] ] ], [ [ [ 8.556376714000066, 53.534922111000071 ], [ 8.548105225000029, 53.519941067000047 ], [ 8.552684234000026, 53.516175646000079 ], [ 8.50348776800007, 53.492967098000065 ], [ 8.492651892000026, 53.472419761000026 ], [ 8.573760278000066, 53.488643074000038 ], [ 8.605904617000022, 53.48423378800004 ], [ 8.650555157000042, 53.510781666000071 ], [ 8.63865579000003, 53.534953558000041 ], [ 8.646354349000035, 53.55554567300004 ], [ 8.630860355000038, 53.555689590000043 ], [ 8.616802851000045, 53.57437003800004 ], [ 8.65063238700003, 53.602565221000077 ], [ 8.623296266000068, 53.605333336000058 ], [ 8.592283300000076, 53.592932613000073 ], [ 8.53365106800004, 53.607617679000043 ], [ 8.483202469000048, 53.600498987000037 ], [ 8.503567175000057, 53.572379609000052 ], [ 8.556376714000066, 53.534922111000071 ] ] ], [ [ [ 8.653535034000072, 53.610050819000037 ], [ 8.643769177000024, 53.605473388000064 ], [ 8.660884274000068, 53.607086437000078 ], [ 8.653535034000072, 53.610050819000037 ] ] ] ] } },
{ "type": "Feature", "properties": { "shapeName": "Hamburg", "shapeISO": "DE-HH", "shapeType": "ADM1" }, "geometry": { "type": "MultiPolygon", "coordinates": [ [ [ [ 10.260041406000028, 53.418524423000065 ], [ 10.318190261000041, 53.435330512000064 ], [ 10.315487985000061, 53.441087486000072 ], [ 10.325959158000046, 53.449639540000078 ], [ 10.31164618300005, 53.452323455000055 ], [ 10.301645689000054, 53.443195302000049 ], [ 10.269290109000053, 53.464108863000035 ], [ 10.264325919000044, 53.475139691000038 ], [ 10.238366621000068, 53.48326411100004 ], [ 10.236678548000043, 53.496354455000073 ], [ 10.218607039000062, 53.499055356000042 ], [ 10.223945169000046, 53.505771156000037 ], [ 10.210601309000026, 53.520046539000077 ], [ 10.18970898200007, 53.512631008000028 ], [ 10.164643036000029, 53.519939165000039 ], [ 10.166903383000033, 53.537318521000032 ], [ 10.152582687000063, 53.539792801000033 ], [ 10.16053874000005, 53.557682959000033 ], [ 10.148368142000038, 53.563974876000032 ], [ 10.152557987000023, 53.577900736000061 ], [ 10.161722831000077, 53.58569873700003 ], [ 10.201449729000046, 53.584075872000028 ], [ 10.188952193000034, 53.613014217000057 ], [ 10.221761274000073, 53.633722535000061 ], [ 10.189664917000073, 53.63838061000007 ], [ 10.198619191000034, 53.646436184000038 ], [ 10.19605638400003, 53.654703930000039 ], [ 10.141212387000053, 53.678152745000034 ], [ 10.15945487700003, 53.690818868000065 ], [ 10.157523259000072, 53.70502906300004 ], [ 10.181587984000032, 53.70919738300006 ], [ 10.19163750000007, 53.722897175000071 ], [ 10.193670979000046, 53.731015117000027 ], [ 10.168237438000062, 53.73823597300003 ], [ 10.121056101000022, 53.71339516900008 ], [ 10.08184213800007, 53.720419993000064 ], [ 10.069518985000059, 53.711167832000058 ], [ 10.077504785000031, 53.699748878000037 ], [ 10.060669695000058, 53.688397325000039 ], [ 10.069265382000026, 53.679450561000067 ], [ 9.998695506000047, 53.681467461000068 ], [ 9.985599002000072, 53.647234576000074 ], [ 9.905366421000053, 53.652194336000036 ], [ 9.889685197000063, 53.62232685500004 ], [ 9.828781928000069, 53.585290569000051 ], [ 9.797515592000025, 53.596100905000071 ], [ 9.789554408000072, 53.603972470000031 ], [ 9.798122740000053, 53.607516309000061 ], [ 9.770633504000045, 53.616229942000075 ], [ 9.770293990000027, 53.627462416000071 ], [ 9.763672583000073, 53.627495061000047 ], [ 9.753535448000036, 53.612994316000027 ], [ 9.759101186000066, 53.610925128000076 ], [ 9.755617617000041, 53.602529450000077 ], [ 9.743435992000059, 53.597576176000075 ], [ 9.747260483000048, 53.591774588000078 ], [ 9.736263387000065, 53.581851577000066 ], [ 9.742487476000065, 53.578205623000031 ], [ 9.730104055000027, 53.557580913000038 ], [ 9.774388785000042, 53.554323060000058 ], [ 9.765441705000057, 53.541114563000065 ], [ 9.77832012600004, 53.519461449000062 ], [ 9.771585438000045, 53.522755850000067 ], [ 9.763793944000042, 53.508106505000057 ], [ 9.784524771000065, 53.500011703000041 ], [ 9.782231771000056, 53.491464110000038 ], [ 9.802426170000047, 53.493251540000074 ], [ 9.799804376000054, 53.469637469000077 ], [ 9.862387477000027, 53.429876593000074 ], [ 9.86042145600004, 53.43806205900006 ], [ 9.869120381000073, 53.444584096000028 ], [ 9.904411288000063, 53.456794224000078 ], [ 9.921486178000066, 53.436550151000063 ], [ 9.906566145000056, 53.415790911000045 ], [ 9.942015790000028, 53.42105242000008 ], [ 9.949211967000053, 53.430949975000033 ], [ 9.98443287200007, 53.415413779000062 ], [ 10.029273488000058, 53.435164331000067 ], [ 10.014613475000033, 53.442200799000034 ], [ 10.020944605000068, 53.446862792000047 ], [ 10.045738931000074, 53.44674105200005 ], [ 10.042038461000061, 53.456807600000047 ], [ 10.051810704000047, 53.463918940000042 ], [ 10.08460225400006, 53.450401062000026 ], [ 10.108735530000047, 53.426674028000036 ], [ 10.136395544000038, 53.422232335000047 ], [ 10.175688643000058, 53.396582500000079 ], [ 10.236567868000066, 53.395753691000039 ], [ 10.260041406000028, 53.418524423000065 ] ] ], [ [ [ 8.517093527000043, 53.92057012600003 ], [ 8.491131031000066, 53.928670856000053 ], [ 8.486976415000072, 53.913911547000055 ], [ 8.517093527000043, 53.92057012600003 ] ] ], [ [ [ 8.458234723000032, 53.957073444000059 ], [ 8.437991083000043, 53.96395928700008 ], [ 8.437832983000021, 53.95357180700006 ], [ 8.419950864000043, 53.947801057000049 ], [ 8.43129185500004, 53.944528167000044 ], [ 8.458234723000032, 53.957073444000059 ] ] ] ] } },
{ "type": "Feature", "properties": { "shapeName": "Hessen", "shapeISO": "DE-HE", "shapeType": "ADM1" }, "geometry": { "type": "MultiPolygon", "coordinates": [ [ [ [ 9.103006167000046, 49.577456014000063 ], [ 9.082989878000035, 49.601987012000052 ], [ 9.06638137300007, 49.602365129000077 ], [ 9.06513848000003, 49.617319156000065 ], [ 9.102012048000063, 49.64221034500008 ], [ 9.103418917000056, 49.66043060100003 ], [ 9.088859949000039, 49.669023224000057 ], [ 9.089638351000076, 49.69334572300005 ], [ 9.126109156000041, 49.699979584000062 ], [ 9.122543394000047, 49.714841870000043 ], [ 9.13452823800003, 49.716679810000073 ], [ 9.150809170000059, 49.742850743000076 ], [ 9.106913989000077, 49.758660975000055 ], [ 9.113364625000031, 49.773731016000056 ], [ 9.134484322000048, 49.782247146000032 ], [ 9.131665505000058, 49.794927936000079 ], [ 9.108140122000066, 49.797980436000046 ], [ 9.090879621000056, 49.790655011000069 ], [ 9.076992818000065, 49.81822328100003 ], [ 9.086665309000068, 49.826438101000065 ], [ 9.077532511000072, 49.834611728000027 ], [ 9.090087581000034, 49.840968075000035 ], [ 9.084730871000033, 49.847506384000042 ], [ 9.063956866000069, 49.831759477000048 ], [ 9.052839148000032, 49.840003076000073 ], [ 9.059515726000029, 49.84702774200008 ], [ 9.037651962000041, 49.842564295000045 ], [ 9.043704577000028, 49.855543060000059 ], [ 9.033336125000062, 49.866466653000032 ], [ 9.050452507000045, 49.867571764000047 ], [ 9.038428785000065, 49.876217674000031 ], [ 9.031878342000027, 49.909361263000051 ], [ 9.023359881000033, 49.910136793000049 ], [ 9.032264261000023, 49.924688672000059 ], [ 9.019035579000047, 49.94705039300004 ], [ 9.02637207600003, 49.955091467000045 ], [ 9.015714271000036, 49.989022860000034 ], [ 9.022987074000071, 49.997053982000068 ], [ 9.030190178000055, 49.99060417000004 ], [ 9.04882026000007, 49.992265603000078 ], [ 9.035538162000023, 50.00183680300006 ], [ 9.039817471000049, 50.010373377000064 ], [ 9.031024825000031, 50.020132296000043 ], [ 9.031343853000067, 50.039574084000037 ], [ 8.976480289000051, 50.047170187000063 ], [ 8.999282564000055, 50.06936687700005 ], [ 8.997391285000049, 50.09157988000004 ], [ 9.018261040000027, 50.111604209000063 ], [ 9.089306136000062, 50.116804396000077 ], [ 9.098229912000022, 50.126416985000048 ], [ 9.117457036000076, 50.126624043000049 ], [ 9.144957730000044, 50.114111917000059 ], [ 9.153609321000033, 50.117930615000034 ], [ 9.154371117000039, 50.107393036000076 ], [ 9.143366555000057, 50.096983034000061 ], [ 9.149210890000063, 50.090639494000072 ], [ 9.162545660000035, 50.098186482000074 ], [ 9.174558728000022, 50.119480189000058 ], [ 9.191593718000036, 50.127487242000029 ], [ 9.183268722000037, 50.137902205000046 ], [ 9.221866091000038, 50.149417315000051 ], [ 9.252559877000067, 50.139479673000039 ], [ 9.285896752000042, 50.141665034000027 ], [ 9.307611936000058, 50.133407870000042 ], [ 9.327428418000068, 50.14105954200005 ], [ 9.341584334000061, 50.13128240900005 ], [ 9.373620660000029, 50.130963500000064 ], [ 9.39446345600004, 50.097486325000034 ], [ 9.413110845000062, 50.084059882000076 ], [ 9.512464155000032, 50.094355657000051 ], [ 9.519259435000038, 50.114038898000047 ], [ 9.507571330000076, 50.145557352000026 ], [ 9.531201793000037, 50.160849670000061 ], [ 9.528152385000055, 50.16813927700008 ], [ 9.498105015000021, 50.175543937000043 ], [ 9.501479086000074, 50.19304827600007 ], [ 9.51620547300007, 50.199611723000032 ], [ 9.494769673000064, 50.226672209000071 ], [ 9.501174644000059, 50.243473910000034 ], [ 9.514378236000027, 50.23407706900008 ], [ 9.533490750000055, 50.234491760000026 ], [ 9.542029989000071, 50.224341536000054 ], [ 9.57631873400004, 50.232388944000036 ], [ 9.582898993000072, 50.221528426000077 ], [ 9.621591902000034, 50.223116364000077 ], [ 9.635815886000046, 50.235227854000073 ], [ 9.663619150000045, 50.233733463000078 ], [ 9.668175939000037, 50.239435345000061 ], [ 9.636823638000067, 50.25144989000006 ], [ 9.652396015000022, 50.269670070000075 ], [ 9.703422445000058, 50.28075231300005 ], [ 9.745881111000074, 50.310407956000063 ], [ 9.747435795000058, 50.341200299000036 ], [ 9.732914417000075, 50.356149617000028 ], [ 9.746203926000021, 50.366179941000041 ], [ 9.759292728000048, 50.402418900000043 ], [ 9.751062366000042, 50.413559128000031 ], [ 9.762063990000058, 50.425867482000058 ], [ 9.78018127100006, 50.418430921000038 ], [ 9.789424929000063, 50.425144850000038 ], [ 9.807467655000039, 50.422550447000049 ], [ 9.807988411000053, 50.412430897000036 ], [ 9.849782573000027, 50.398727935000068 ], [ 9.860046301000068, 50.397473956000056 ], [ 9.871571886000027, 50.409403526000062 ], [ 9.883100782000042, 50.398893443000077 ], [ 9.957836757000052, 50.423204056000031 ], [ 9.997459910000032, 50.460985537000056 ], [ 10.018307426000035, 50.466455263000057 ], [ 10.041188107000039, 50.495188485000028 ], [ 10.039692618000061, 50.532586196000068 ], [ 10.061828605000073, 50.556687384000043 ], [ 10.046359123000059, 50.571254945000078 ], [ 10.04879758900006, 50.598620736000044 ], [ 10.037191069000073, 50.61292626900007 ], [ 10.057503889000031, 50.62612006300003 ], [ 10.081049838000069, 50.620024824000041 ], [ 10.082964842000024, 50.633705347000046 ], [ 10.069985062000057, 50.65587779100008 ], [ 10.048934055000075, 50.673932545000071 ], [ 10.001994968000076, 50.676602568000078 ], [ 9.949107849000029, 50.664142545000061 ], [ 9.968901546000041, 50.641259443000081 ], [ 9.960722013000066, 50.629483654000069 ], [ 9.877320475000033, 50.638715176000062 ], [ 9.884220259000074, 50.650813411000058 ], [ 9.881273200000066, 50.673378626000044 ], [ 9.923955435000039, 50.695130521000067 ], [ 9.908890736000046, 50.704532451000034 ], [ 9.935162410000032, 50.724117998000054 ], [ 9.941371631000038, 50.741837856000075 ], [ 9.939614276000043, 50.755919978000065 ], [ 9.920126452000034, 50.759612034000043 ], [ 9.928430938000076, 50.776594213000067 ], [ 9.952133926000045, 50.77329162500007 ], [ 9.955134946000044, 50.785550297000043 ], [ 9.943569871000022, 50.797697908000032 ], [ 9.956677090000028, 50.809619123000061 ], [ 9.952252803000022, 50.821374509000066 ], [ 9.976816409000037, 50.833272953000062 ], [ 9.998018976000026, 50.826505141000041 ], [ 10.006836287000056, 50.837682129000029 ], [ 10.023054524000031, 50.831631426000058 ], [ 10.038620257000048, 50.85311491200008 ], [ 10.021928583000033, 50.847856634000038 ], [ 10.021893143000057, 50.864486299000077 ], [ 10.059803704000046, 50.885392564000028 ], [ 10.041952475000073, 50.893340416000058 ], [ 10.050909099000023, 50.900088881000045 ], [ 10.015635922000058, 50.920623951000039 ], [ 9.971463749000065, 50.907410938000055 ], [ 9.969632277000073, 50.913487541000052 ], [ 9.991996475000064, 50.934514511000032 ], [ 9.965560177000043, 50.933580615000039 ], [ 9.95714401500004, 50.922600192000061 ], [ 9.949685258000045, 50.926507506000064 ], [ 9.956555895000065, 50.933661592000078 ], [ 9.950086587000044, 50.942250256000079 ], [ 9.991005864000044, 50.943566071000077 ], [ 10.013556755000025, 50.93473513400005 ], [ 10.024900854000066, 50.943751363000047 ], [ 10.029439221000075, 50.938113046000069 ], [ 10.062345939000068, 50.943783547000066 ], [ 10.043049216000043, 50.94848191300008 ], [ 10.042036762000066, 50.957234269000026 ], [ 10.03216132700004, 50.959635372000037 ], [ 10.040949144000024, 50.967526405000058 ], [ 10.019470217000048, 50.980708079000067 ], [ 10.036400428000036, 51.012376196000048 ], [ 10.103483888000028, 51.003367185000059 ], [ 10.12084283400003, 51.011700741000027 ], [ 10.134854687000029, 50.995646214000033 ], [ 10.169081682000069, 51.001929680000046 ], [ 10.178159480000033, 50.996001543000034 ], [ 10.202904887000045, 51.008105880000073 ], [ 10.195368850000023, 51.020938959000034 ], [ 10.208555508000074, 51.01897107800005 ], [ 10.215185735000034, 51.026419351000072 ], [ 10.184671379000065, 51.049032362000048 ], [ 10.140590157000076, 51.058491389000039 ], [ 10.155188292000048, 51.070419266000044 ], [ 10.144694665000031, 51.084814049000045 ], [ 10.165679543000067, 51.09949991600007 ], [ 10.160415360000059, 51.108050225000056 ], [ 10.17548755200005, 51.106905422000068 ], [ 10.174630972000045, 51.116867460000037 ], [ 10.153791597000065, 51.11845872400005 ], [ 10.118321564000041, 51.139573007000081 ], [ 10.168738649000034, 51.153267721000077 ], [ 10.184904857000049, 51.141120068000077 ], [ 10.179214909000052, 51.127647259000071 ], [ 10.19995902200003, 51.112972077000052 ], [ 10.210717394000028, 51.122905272000025 ], [ 10.203787546000058, 51.135655099000076 ], [ 10.210689708000075, 51.142472225000063 ], [ 10.200378268000065, 51.149930662000031 ], [ 10.207323427000063, 51.164917048000063 ], [ 10.229845756000032, 51.174912320000033 ], [ 10.235776989000044, 51.186695162000035 ], [ 10.197013747000028, 51.192057358000056 ], [ 10.168444936000071, 51.212189913000032 ], [ 10.149790732000042, 51.206189327000061 ], [ 10.138401765000026, 51.220135273000039 ], [ 10.113171818000069, 51.215206067000054 ], [ 10.090282690000038, 51.226668988000029 ], [ 10.072381842000027, 51.224780499000076 ], [ 10.067634588000033, 51.230615408000062 ], [ 10.078995134000024, 51.242780928000059 ], [ 10.046969081000043, 51.253425737000043 ], [ 10.046554100000037, 51.264500971000075 ], [ 10.059916187000056, 51.275865489000068 ], [ 10.004331314000069, 51.286983013000054 ], [ 9.972977324000055, 51.28435115700006 ], [ 9.969853098000044, 51.300271138000028 ], [ 9.940202214000067, 51.306580721000046 ], [ 9.947566751000068, 51.326395112000057 ], [ 9.929936554000051, 51.339968508000027 ], [ 9.923293275000049, 51.368043123000064 ], [ 9.932581483000035, 51.379554628000051 ], [ 9.931109065000044, 51.392733229000044 ], [ 9.90704332100006, 51.407711343000074 ], [ 9.91339337900007, 51.410631246000037 ], [ 9.906021117000023, 51.421138749000079 ], [ 9.883151811000062, 51.414966006000043 ], [ 9.878315341000075, 51.404476944000066 ], [ 9.868535203000022, 51.413790777000031 ], [ 9.850743074000036, 51.41441364700006 ], [ 9.865275915000041, 51.371612732000074 ], [ 9.84010663600003, 51.383593241000028 ], [ 9.840636601000028, 51.402641573000039 ], [ 9.803510306000021, 51.410400545000073 ], [ 9.79258414800006, 51.402408804000061 ], [ 9.801450107000051, 51.386914688000047 ], [ 9.765861309000059, 51.385977962000027 ], [ 9.738458652000077, 51.369212553000068 ], [ 9.702143787000068, 51.364571795000074 ], [ 9.738247707000028, 51.319428769000069 ], [ 9.772456280000029, 51.336290967000082 ], [ 9.763510414000052, 51.325339376000045 ], [ 9.775201991000074, 51.325196232000053 ], [ 9.768200360000037, 51.30672614100007 ], [ 9.732304393000049, 51.295231901000079 ], [ 9.669385916000067, 51.317710858000055 ], [ 9.628524068000047, 51.311902587000077 ], [ 9.632933188000038, 51.324429242000065 ], [ 9.638543097000024, 51.322392126000068 ], [ 9.63336591500007, 51.325854050000032 ], [ 9.604434635000075, 51.325555852000036 ], [ 9.581656973000065, 51.342196336000029 ], [ 9.559788260000062, 51.34659401600004 ], [ 9.548441127000046, 51.358955301000037 ], [ 9.576746408000076, 51.369294486000058 ], [ 9.55933697200004, 51.379233624000051 ], [ 9.578518258000031, 51.401411497000026 ], [ 9.630582160000074, 51.406106002000058 ], [ 9.643581790000042, 51.418260728000064 ], [ 9.627620523000076, 51.444208675000027 ], [ 9.630148643000041, 51.458209173000057 ], [ 9.643813808000061, 51.469160043000045 ], [ 9.619586507000065, 51.48102866000005 ], [ 9.586259150000046, 51.51931892500005 ], [ 9.618832065000049, 51.530103069000063 ], [ 9.621950143000049, 51.541866895000055 ], [ 9.609310282000024, 51.556905368000059 ], [ 9.622443388000022, 51.548672539000052 ], [ 9.647755440000026, 51.552510968000036 ], [ 9.628368490000071, 51.567196382000077 ], [ 9.626830884000071, 51.58197606400006 ], [ 9.684003674000053, 51.566532659000075 ], [ 9.690947953000034, 51.576315141000066 ], [ 9.637835474000042, 51.608804812000074 ], [ 9.625999284000045, 51.63691397000008 ], [ 9.570707597000023, 51.624719777000053 ], [ 9.544765140000038, 51.639973919000056 ], [ 9.525136014000054, 51.626749983000082 ], [ 9.508870853000076, 51.626875552000058 ], [ 9.491929532000029, 51.634721582000054 ], [ 9.498644606000028, 51.65225986300004 ], [ 9.492137315000036, 51.657449797000027 ], [ 9.453276431000063, 51.645748799000046 ], [ 9.440456998000059, 51.650394024000036 ], [ 9.444924396000033, 51.644199007000054 ], [ 9.426669032000063, 51.630813810000063 ], [ 9.337098312000023, 51.614701570000079 ], [ 9.373522628000046, 51.591013734000057 ], [ 9.317030969000029, 51.552365550000047 ], [ 9.309968656000024, 51.53091061300006 ], [ 9.315850835000049, 51.523019268000041 ], [ 9.308324697000046, 51.512643275000073 ], [ 9.286880290000056, 51.515477202000056 ], [ 9.26433303400006, 51.497910645000047 ], [ 9.240232239000022, 51.497208178000051 ], [ 9.239803780000045, 51.490857376000065 ], [ 9.216640648000066, 51.481165235000049 ], [ 9.216465954000057, 51.459593999000049 ], [ 9.181368974000065, 51.46533802600004 ], [ 9.15840769600004, 51.443096084000047 ], [ 9.13574929300006, 51.450187059000029 ], [ 9.089445125000054, 51.446572654000079 ], [ 9.086937070000033, 51.461164815000075 ], [ 9.077185433000068, 51.464871613000071 ], [ 9.092328869000028, 51.494387953000057 ], [ 9.07652183700003, 51.503475147000074 ], [ 9.039285948000042, 51.501921524000068 ], [ 9.020976431000065, 51.518610671000033 ], [ 8.913334846000055, 51.491553982000028 ], [ 8.890938389000041, 51.477650297000082 ], [ 8.921783452000057, 51.446053821000078 ], [ 8.918786788000034, 51.430285429000037 ], [ 8.948108682000054, 51.42821888800006 ], [ 8.951529911000023, 51.413492784000027 ], [ 8.940763338000068, 51.410321944000032 ], [ 8.93950200300003, 51.389499023000042 ], [ 8.889580795000029, 51.392721987000073 ], [ 8.85401977500004, 51.377137850000054 ], [ 8.836583684000061, 51.38850109200007 ], [ 8.803993170000069, 51.390797943000052 ], [ 8.732850996000025, 51.372416703000056 ], [ 8.693811209000046, 51.376784753000038 ], [ 8.677446064000037, 51.371795034000058 ], [ 8.68347650000004, 51.362177906000056 ], [ 8.655559599000071, 51.349611149000054 ], [ 8.653654042000028, 51.339789501000041 ], [ 8.637787568000022, 51.343613498000082 ], [ 8.605048337000028, 51.323694871000043 ], [ 8.592638066000063, 51.303857961000062 ], [ 8.556347796000068, 51.277494752000052 ], [ 8.578218095000068, 51.26747828200007 ], [ 8.58935731400004, 51.25001128100007 ], [ 8.61153349600005, 51.247085888000072 ], [ 8.628340520000052, 51.260504603000072 ], [ 8.679952603000061, 51.268076540000038 ], [ 8.692552010000043, 51.276407306000067 ], [ 8.721997745000067, 51.273743806000027 ], [ 8.73658531500007, 51.262219703000028 ], [ 8.727597513000035, 51.25010270000007 ], [ 8.741697463000037, 51.218423262000044 ], [ 8.768194376000054, 51.208873684000082 ], [ 8.749501813000052, 51.197731700000077 ], [ 8.750004463000039, 51.18146388100007 ], [ 8.758214362000047, 51.17718172900004 ], [ 8.692161804000023, 51.132834142000036 ], [ 8.701741131000063, 51.116576651000059 ], [ 8.719655316000058, 51.110326155000052 ], [ 8.690534692000028, 51.109158587000081 ], [ 8.656632492000028, 51.094903200000033 ], [ 8.558367429000043, 51.10345368600008 ], [ 8.52812272400007, 51.096952485000031 ], [ 8.501733298000033, 51.07946559800007 ], [ 8.527552172000071, 51.063379816000065 ], [ 8.505143530000055, 51.04143322200008 ], [ 8.520681140000022, 51.04300309000007 ], [ 8.538782178000076, 51.019448431000058 ], [ 8.514075672000047, 51.009237341000073 ], [ 8.473368209000057, 50.975035368000079 ], [ 8.477891851000038, 50.969047458000034 ], [ 8.459665449000056, 50.966650249000054 ], [ 8.462277137000058, 50.94969330300006 ], [ 8.449323892000052, 50.941083227000036 ], [ 8.456441092000034, 50.916530523000063 ], [ 8.433426238000038, 50.918239039000071 ], [ 8.388029887000073, 50.891929186000027 ], [ 8.385575976000041, 50.875793256000065 ], [ 8.37191701200004, 50.874265692000051 ], [ 8.358600176000039, 50.860690034000072 ], [ 8.305473258000063, 50.861120590000041 ], [ 8.292017197000064, 50.882135793000032 ], [ 8.269666509000047, 50.881875648000062 ], [ 8.231313895000028, 50.850639837000074 ], [ 8.182840845000044, 50.824873120000063 ], [ 8.165806965000058, 50.803475892000051 ], [ 8.12551194100007, 50.788355908000028 ], [ 8.141662304000022, 50.771659903000057 ], [ 8.135641285000077, 50.767216182000027 ], [ 8.151833816000021, 50.759853885000041 ], [ 8.166828990000056, 50.735710679000078 ], [ 8.142606560000047, 50.695448461000069 ], [ 8.131278843000075, 50.696919645000037 ], [ 8.110229725000067, 50.670901177000076 ], [ 8.110092341000041, 50.657250781000073 ], [ 8.140884865000032, 50.630228268000053 ], [ 8.126018672000043, 50.610093138000082 ], [ 8.151592167000047, 50.599370803000056 ], [ 8.132188962000043, 50.557960321000053 ], [ 8.137912756000048, 50.550947866000058 ], [ 8.118991995000044, 50.548470389000045 ], [ 8.110809233000055, 50.541864538000027 ], [ 8.120880707000026, 50.539660095000045 ], [ 8.117738251000048, 50.534508928000037 ], [ 8.103427207000038, 50.532628007000028 ], [ 8.070521467000049, 50.53799815800005 ], [ 8.066421973000047, 50.548930813000027 ], [ 8.046103997000046, 50.557016870000041 ], [ 8.028374600000063, 50.550558728000055 ], [ 7.982937248000042, 50.511461092000047 ], [ 7.989966932000073, 50.498569294000049 ], [ 7.97890288900004, 50.495383829000048 ], [ 7.987667910000027, 50.472726098000066 ], [ 8.01047486300007, 50.460572514000035 ], [ 8.010766001000036, 50.452692427000045 ], [ 7.97518245200007, 50.437620977000051 ], [ 7.988095058000056, 50.435508790000029 ], [ 7.987782203000052, 50.427921601000037 ], [ 7.964191682000035, 50.412225232000026 ], [ 7.982418559000052, 50.408097201000032 ], [ 7.987153910000075, 50.398054613000056 ], [ 8.023757273000058, 50.40076622600003 ], [ 8.014559715000075, 50.384525049000047 ], [ 8.042555732000039, 50.386054186000081 ], [ 8.046051336000062, 50.374659629000064 ], [ 8.059756762000063, 50.375311532000069 ], [ 8.076769665000029, 50.348403221000069 ], [ 8.071944286000075, 50.331772923000074 ], [ 8.102677519000054, 50.327017285000068 ], [ 8.102414396000029, 50.309826477000058 ], [ 8.11860073400004, 50.299679998000045 ], [ 8.121913617000075, 50.277225032000047 ], [ 8.103120829000034, 50.259788843000081 ], [ 8.079031647000022, 50.26100217100003 ], [ 8.082993208000062, 50.265901973000041 ], [ 8.072088310000026, 50.273152542000048 ], [ 8.035891845000037, 50.271192233000079 ], [ 8.021650501000067, 50.258344814000054 ], [ 8.058909586000027, 50.234405644000049 ], [ 8.039718347000075, 50.228584760000047 ], [ 8.03544434500003, 50.215661975000046 ], [ 8.011772716000053, 50.218033485000035 ], [ 7.990203927000039, 50.238665128000036 ], [ 7.986556798000038, 50.228088101000026 ], [ 7.953052226000068, 50.220398060000036 ], [ 7.947395101000041, 50.210071970000058 ], [ 7.911141963000034, 50.203730427000039 ], [ 7.910215464000032, 50.193494523000027 ], [ 7.882830211000055, 50.181317488000047 ], [ 7.888663180000037, 50.17370812200005 ], [ 7.884014221000029, 50.169568592000076 ], [ 7.932942308000065, 50.143884316000026 ], [ 7.92248754700006, 50.134457305000069 ], [ 7.930097218000071, 50.103740112000025 ], [ 7.920363642000041, 50.103680037000061 ], [ 7.903223635000074, 50.121552457000064 ], [ 7.884716909000076, 50.114378351000028 ], [ 7.85401610200006, 50.128328788000033 ], [ 7.830071079000049, 50.098025582000048 ], [ 7.837194078000039, 50.084128924000026 ], [ 7.80346109900006, 50.084580001000063 ], [ 7.772651310000072, 50.061607878000075 ], [ 7.779659194000033, 50.051106614000048 ], [ 7.852863785000068, 50.012163090000058 ], [ 7.866057611000031, 49.980454138000027 ], [ 7.887255214000049, 49.971842873000071 ], [ 7.967401579000068, 49.977772909000066 ], [ 8.036356998000031, 50.002311660000032 ], [ 8.079569941000045, 50.00689871600008 ], [ 8.180949141000042, 50.035205982000036 ], [ 8.234706502000051, 50.030556717000081 ], [ 8.264554626000063, 50.015700870000046 ], [ 8.322339373000034, 49.973591705000047 ], [ 8.340963698000053, 49.951075738000043 ], [ 8.354723212000067, 49.913213173000031 ], [ 8.344010057000048, 49.880109320000031 ], [ 8.357524456000021, 49.864901497000062 ], [ 8.383583802000032, 49.85567786200005 ], [ 8.378448621000075, 49.824820085000056 ], [ 8.406076883000026, 49.796569030000057 ], [ 8.416297386000053, 49.773867687000063 ], [ 8.429195652000033, 49.766445445000045 ], [ 8.479186194000022, 49.764211917000068 ], [ 8.435958648000053, 49.720989392000035 ], [ 8.381522439000037, 49.70704300500006 ], [ 8.357879060000073, 49.693341220000036 ], [ 8.356488092000063, 49.67798747900008 ], [ 8.386010772000077, 49.622102866000034 ], [ 8.40904772600004, 49.605044138000039 ], [ 8.422439263000058, 49.583385415000066 ], [ 8.448628289000055, 49.590478379000047 ], [ 8.475795984000058, 49.58445226300006 ], [ 8.479900128000054, 49.574464167000031 ], [ 8.495032435000041, 49.572996672000045 ], [ 8.560001947000046, 49.51746243000008 ], [ 8.591295096000067, 49.521280395000076 ], [ 8.597912602000065, 49.531461955000054 ], [ 8.608047673000044, 49.52830397200006 ], [ 8.621299696000051, 49.545009891000063 ], [ 8.603231735000065, 49.593294238000055 ], [ 8.590976799000032, 49.595942932000071 ], [ 8.593888979000042, 49.610946648000038 ], [ 8.677933668000037, 49.62594697600008 ], [ 8.692313575000071, 49.623738859000071 ], [ 8.688392836000048, 49.614623173000041 ], [ 8.678879168000037, 49.613867507000066 ], [ 8.686368561000052, 49.608480435000047 ], [ 8.672139781000055, 49.611194105000038 ], [ 8.69799751100004, 49.599757335000049 ], [ 8.69633437300007, 49.59209975300007 ], [ 8.683476958000028, 49.589752093000072 ], [ 8.680989341000043, 49.575547929000038 ], [ 8.690770782000072, 49.555643195000073 ], [ 8.705794411000056, 49.547965530000056 ], [ 8.702650222000045, 49.535327900000027 ], [ 8.735949885000025, 49.524845990000074 ], [ 8.724894760000041, 49.522637104000069 ], [ 8.727711250000027, 49.518338550000067 ], [ 8.74870874800007, 49.522427549000042 ], [ 8.79859060800004, 49.511688752000055 ], [ 8.809206135000068, 49.525680105000049 ], [ 8.821874005000041, 49.524636471000065 ], [ 8.81696286500005, 49.505793062000066 ], [ 8.83385525500006, 49.49068327100008 ], [ 8.848501613000053, 49.502173277000054 ], [ 8.899572708000051, 49.503655732000027 ], [ 8.899354818000063, 49.484549801000071 ], [ 8.876495013000067, 49.466686034000077 ], [ 8.862923785000021, 49.46667885200003 ], [ 8.866340213000058, 49.474592686000051 ], [ 8.851932272000056, 49.483588215000054 ], [ 8.826602842000057, 49.469349222000062 ], [ 8.83715229400002, 49.433521898000038 ], [ 8.830501936000076, 49.423228835000032 ], [ 8.806587634000039, 49.419200826000065 ], [ 8.803540603000044, 49.40357037800004 ], [ 8.814612220000072, 49.396852373000058 ], [ 8.822420887000021, 49.395551893000061 ], [ 8.830413501000066, 49.408335858000044 ], [ 8.85313534900007, 49.39596235700003 ], [ 8.892389344000037, 49.420907380000074 ], [ 8.900948949000053, 49.443368672000076 ], [ 8.912567030000048, 49.437614405000033 ], [ 8.950348720000022, 49.454992884000035 ], [ 8.931879784000046, 49.470636809000041 ], [ 8.942795189000037, 49.485688495000034 ], [ 8.954639722000024, 49.482009230000074 ], [ 8.951832484000022, 49.505626235000079 ], [ 8.968002908000074, 49.501599825000028 ], [ 8.98583381900005, 49.510330328000066 ], [ 9.014235957000039, 49.498058428000036 ], [ 9.040756948000023, 49.499069415000065 ], [ 9.049950722000062, 49.519368094000072 ], [ 9.064950779000071, 49.529606011000055 ], [ 9.09955422400003, 49.526189353000063 ], [ 9.106127381000022, 49.509796066000035 ], [ 9.11953, 49.512210117000052 ], [ 9.126459732000058, 49.521607088000053 ], [ 9.113767890000076, 49.53463350800007 ], [ 9.084390615000075, 49.543023954000034 ], [ 9.087870907000024, 49.550661584000068 ], [ 9.072205636000035, 49.565249230000063 ], [ 9.078042595000056, 49.574803642000063 ], [ 9.082631683000045, 49.561789205000082 ], [ 9.098930719000066, 49.560553907000042 ], [ 9.103006167000046, 49.577456014000063 ] ] ], [ [ [ 8.675960362000069, 49.615953255000079 ], [ 8.685979754000073, 49.618355087000054 ], [ 8.685867891000044, 49.62166492700004 ], [ 8.675112579000029, 49.621105028000045 ], [ 8.675960362000069, 49.615953255000079 ] ], [ [ 8.684052727000051, 49.620222967000075 ], [ 8.680067486000041, 49.618665103000069 ], [ 8.680116544000043, 49.62028571500008 ], [ 8.684052727000051, 49.620222967000075 ] ] ] ] } },
{ "type": "Feature", "properties": { "shapeName": "Mecklenburg-Vorpommern", "shapeISO": "DE-MV", "shapeType": "ADM1" }, "geometry": { "type": "MultiPolygon", "coordinates": [ [ [ [ 11.42717000500005, 53.937964765000061 ], [ 11.428764627000021, 53.94329151900007 ], [ 11.423207731000048, 53.94219047200005 ], [ 11.42717000500005, 53.937964765000061 ] ] ], [ [ [ 11.477440572000035, 53.963691309000069 ], [ 11.474799957000073, 53.963899861000073 ], [ 11.477535150000051, 53.961667059000035 ], [ 11.477440572000035, 53.963691309000069 ] ] ], [ [ [ 11.467271768000046, 53.967561627000066 ], [ 11.470315220000032, 53.966663342000061 ], [ 11.47064583100007, 53.968467090000047 ], [ 11.467271768000046, 53.967561627000066 ] ] ], [ [ [ 13.95775393100007, 53.942699048000065 ], [ 13.96071014100005, 53.941741381000043 ], [ 13.959469942000055, 53.943584048000048 ], [ 13.95775393100007, 53.942699048000065 ] ] ], [ [ [ 11.473005883000042, 54.024447527000063 ], [ 11.381912729000021, 53.999300262000077 ], [ 11.374182131000055, 53.99234735400006 ], [ 11.377943646000062, 53.975428645000079 ], [ 11.384640300000058, 53.968517441000074 ], [ 11.391531402000055, 53.964893798000048 ], [ 11.411241399000062, 53.96680480100008 ], [ 11.386470798000062, 53.968143183000052 ], [ 11.393635023000058, 53.97465173300003 ], [ 11.402146923000032, 53.96831596700008 ], [ 11.409895988000073, 53.968872911000062 ], [ 11.420526161000055, 53.962135267000065 ], [ 11.425946064000073, 53.960764164000068 ], [ 11.431768432000069, 53.961633455000026 ], [ 11.427868480000029, 53.985809858000039 ], [ 11.446154083000067, 53.997327699000039 ], [ 11.441474096000036, 53.964621782000052 ], [ 11.455957342000033, 53.957533455000032 ], [ 11.480364739000038, 53.981833809000079 ], [ 11.478245159000039, 53.997973885000079 ], [ 11.483554183000024, 54.00865562000007 ], [ 11.488950446000047, 53.99901129400007 ], [ 11.495327760000066, 54.011110055000074 ], [ 11.494150748000038, 54.021709682000051 ], [ 11.473005883000042, 54.024447527000063 ] ] ], [ [ [ 14.031124322000039, 53.944831888000067 ], [ 14.033956308000029, 53.945165227000075 ], [ 14.03394567600003, 53.94634357700005 ], [ 14.031124322000039, 53.944831888000067 ] ] ], [ [ [ 14.024693870000021, 53.949640446000046 ], [ 14.027327940000077, 53.951079122000067 ], [ 14.024216636000062, 53.951509808000026 ], [ 14.024693870000021, 53.949640446000046 ] ] ], [ [ [ 11.496341339000026, 54.031312706000051 ], [ 11.488919495000061, 54.027340995000031 ], [ 11.486319895000065, 54.025213109000049 ], [ 11.494789052000044, 54.024195286000065 ], [ 11.496341339000026, 54.031312706000051 ] ] ], [ [ [ 11.515053795000028, 54.037995585000033 ], [ 11.515186500000027, 54.054501013000049 ], [ 11.52300169800003, 54.068487072000039 ], [ 11.511905170000034, 54.053974366000034 ], [ 11.515053795000028, 54.037995585000033 ] ] ], [ [ [ 13.931957917000034, 54.024693564000074 ], [ 13.929267367000023, 54.031003258000055 ], [ 13.916452900000024, 54.021864164000078 ], [ 13.925955810000062, 54.016039963000082 ], [ 13.924392433000037, 54.023247935000029 ], [ 13.931957917000034, 54.024693564000074 ] ] ], [ [ [ 13.780285007000032, 54.055786129000069 ], [ 13.78503571400006, 54.054709026000069 ], [ 13.781985470000052, 54.059268725000038 ], [ 13.780285007000032, 54.055786129000069 ] ] ], [ [ [ 13.806411326000045, 54.08420988000006 ], [ 13.801789037000049, 54.081598421000081 ], [ 13.803894009000032, 54.079071254000041 ], [ 13.806411326000045, 54.08420988000006 ] ] ], [ [ [ 13.333666465000022, 54.168810103000055 ], [ 13.334348289000047, 54.170334843000035 ], [ 13.332029807000026, 54.169588350000026 ], [ 13.333666465000022, 54.168810103000055 ] ] ], [ [ [ 13.348986276000062, 54.176432443000067 ], [ 13.35047462600005, 54.17742578800005 ], [ 13.348936306000041, 54.177332380000053 ], [ 13.348986276000062, 54.176432443000067 ] ] ], [ [ [ 13.354292551000071, 54.180224503000034 ], [ 13.355454076000058, 54.180461050000076 ], [ 13.355381813000065, 54.181125103000056 ], [ 13.354292551000071, 54.180224503000034 ] ] ], [ [ [ 13.808924109000031, 54.169506885000033 ], [ 13.758870417000026, 54.168401298000049 ], [ 13.749296749000052, 54.158474574000081 ], [ 13.751005129000077, 54.149825477000036 ], [ 13.757985743000063, 54.150542789000042 ], [ 13.751499108000075, 54.149075534000076 ], [ 13.755459066000071, 54.13767947000008 ], [ 13.772326111000041, 54.133843099000046 ], [ 13.774831550000044, 54.120106015000033 ], [ 13.813839361000078, 54.107823259000043 ], [ 13.808174727000051, 54.106484803000058 ], [ 13.812973711000041, 54.098773202000075 ], [ 13.807036258000039, 54.078383745000053 ], [ 13.788091635000058, 54.056012124000063 ], [ 13.790568133000022, 54.048677186000077 ], [ 13.764304803000073, 54.029980662000071 ], [ 13.769915621000052, 54.019184120000034 ], [ 13.801286645000062, 54.018740707000063 ], [ 13.820855403000053, 54.037519518000067 ], [ 13.858941103000063, 54.048110807000057 ], [ 13.879676464000056, 54.040259842000069 ], [ 13.853236518000074, 54.013677742000027 ], [ 13.861586553000052, 53.999751715000059 ], [ 13.866967428000066, 54.007466566000062 ], [ 13.89867517600004, 54.012072584000066 ], [ 13.924067821000051, 54.03580373300008 ], [ 13.915505705000044, 54.046793929000046 ], [ 13.907348925000065, 54.043114744000036 ], [ 13.91722420900004, 54.060518028000047 ], [ 13.911190422000061, 54.06399433100006 ], [ 13.951359788000048, 54.058979901000043 ], [ 13.973258916000077, 54.06399662900003 ], [ 13.96886500100004, 54.059436978000065 ], [ 13.997693497000057, 54.041504015000044 ], [ 14.004361176000032, 54.010655353000061 ], [ 14.017609415000038, 54.015021714000056 ], [ 14.014743963000058, 54.020327031000079 ], [ 14.016437449000023, 54.021478390000027 ], [ 14.032710450000025, 54.017107395000039 ], [ 14.043296761000022, 54.001829412000063 ], [ 14.037375385000075, 53.998580900000036 ], [ 14.047581112000046, 53.997442449000062 ], [ 14.048869338000031, 53.980646370000045 ], [ 14.035033492000025, 53.950004123000042 ], [ 14.043531510000037, 53.946193642000082 ], [ 14.040180529000054, 53.940721264000047 ], [ 14.011792624000066, 53.949319616000082 ], [ 14.023295886000028, 53.96221410000004 ], [ 13.98368182300004, 53.962100302000067 ], [ 13.963523535000036, 53.957037878000051 ], [ 13.971301697000058, 53.950797221000073 ], [ 13.959602033000067, 53.93399228800007 ], [ 13.95270911700004, 53.93492593600007 ], [ 13.958216450000066, 53.953016962000049 ], [ 13.949969504000023, 53.958870005000051 ], [ 13.972228479000023, 53.969614664000062 ], [ 13.96309143700006, 53.973437646000036 ], [ 13.965029899000058, 53.989799815000026 ], [ 13.905954691000034, 53.989543337000043 ], [ 13.895136173000026, 53.96648573300007 ], [ 13.922692556000072, 53.950629181000068 ], [ 13.937972831000025, 53.908952638000073 ], [ 13.921472669000025, 53.887965376000068 ], [ 13.893418387000054, 53.877170677000038 ], [ 13.834142531000055, 53.871008403000076 ], [ 13.829721512000049, 53.857640913000068 ], [ 13.821787, 53.857034765000037 ], [ 13.826150251000058, 53.84968518200003 ], [ 13.898238400000025, 53.839906143000064 ], [ 13.917839009000033, 53.845222153000066 ], [ 13.931506523000053, 53.870372011000029 ], [ 13.955056461000027, 53.860324055000035 ], [ 13.949911076000035, 53.849960752000072 ], [ 13.921582694000051, 53.848131763000026 ], [ 13.939010887000052, 53.843436696000026 ], [ 13.990989290000073, 53.848447054000076 ], [ 14.019709770000077, 53.869300939000027 ], [ 14.040923857000053, 53.874508388000038 ], [ 14.213077509000072, 53.86647963300004 ], [ 14.212300980000066, 53.900294719000044 ], [ 14.205867778000027, 53.910566527000071 ], [ 14.18531431100007, 53.914102424000077 ], [ 14.207646479000061, 53.915867452000043 ], [ 14.226321978000044, 53.92864344000003 ], [ 14.181793824000067, 53.948421516000053 ], [ 14.016216602000043, 54.05389185000007 ], [ 13.874714329000028, 54.100287576000028 ], [ 13.833253137000042, 54.131941045000076 ], [ 13.812452520000022, 54.169428212000071 ], [ 13.808924109000031, 54.169506885000033 ] ] ], [ [ [ 13.809294131000058, 54.169949841000061 ], [ 13.811923128000046, 54.173553319000064 ], [ 13.806242019000024, 54.173805647000052 ], [ 13.809294131000058, 54.169949841000061 ] ] ], [ [ [ 13.810580755000046, 54.174608866000028 ], [ 13.81234156000005, 54.17544769400007 ], [ 13.81048336200007, 54.175016382000081 ], [ 13.810580755000046, 54.174608866000028 ] ] ], [ [ [ 13.809679128000028, 54.175613415000043 ], [ 13.806090550000022, 54.178322330000071 ], [ 13.803244634000066, 54.177732925000043 ], [ 13.809679128000028, 54.175613415000043 ] ] ], [ [ [ 13.770727292000061, 54.200740340000038 ], [ 13.768876807000026, 54.208921114000077 ], [ 13.768949762000034, 54.200822047000031 ], [ 13.770727292000061, 54.200740340000038 ] ] ], [ [ [ 13.362348542000063, 54.251142228000049 ], [ 13.361283237000066, 54.252707203000057 ], [ 13.358607416000041, 54.252768177000064 ], [ 13.362348542000063, 54.251142228000049 ] ] ], [ [ [ 13.388745498000048, 54.26440367500004 ], [ 13.390841056000056, 54.265125781000052 ], [ 13.388592924000022, 54.265034872000058 ], [ 13.388745498000048, 54.26440367500004 ] ] ], [ [ [ 13.926929651000023, 54.248818191000055 ], [ 13.908618927000077, 54.24414007300004 ], [ 13.906682500000045, 54.240441702000055 ], [ 13.926929651000023, 54.248818191000055 ] ] ], [ [ [ 12.528019838000034, 54.346220562000042 ], [ 12.529585853000071, 54.350092674000052 ], [ 12.526920293000046, 54.352226895000058 ], [ 12.528019838000034, 54.346220562000042 ] ] ], [ [ [ 12.535520950000034, 54.356009183000026 ], [ 12.527863697000043, 54.35411283600007 ], [ 12.530961209000054, 54.349927898000033 ], [ 12.535520950000034, 54.356009183000026 ] ] ], [ [ [ 12.525126063000073, 54.359388532000082 ], [ 12.52832059800005, 54.361639579000041 ], [ 12.527901316000055, 54.36172238000006 ], [ 12.525126063000073, 54.359388532000082 ] ] ], [ [ [ 13.543897504000029, 54.323045514000057 ], [ 13.541505868000058, 54.332352360000073 ], [ 13.518692955000063, 54.312240664000058 ], [ 13.524755802000072, 54.309408155000028 ], [ 13.528117790000067, 54.318457350000074 ], [ 13.543897504000029, 54.323045514000057 ] ] ], [ [ [ 12.524947755000028, 54.365364200000045 ], [ 12.527431806000038, 54.365645363000056 ], [ 12.528654589000041, 54.366607812000041 ], [ 12.524947755000028, 54.365364200000045 ] ] ], [ [ [ 12.526974928000072, 54.36717360800003 ], [ 12.523705236000069, 54.368604511000058 ], [ 12.522948600000063, 54.368093868000074 ], [ 12.526974928000072, 54.36717360800003 ] ] ], [ [ [ 12.524449993000076, 54.370588693000059 ], [ 12.522531388000061, 54.373922679000032 ], [ 12.518584844000031, 54.372227503000033 ], [ 12.524449993000076, 54.370588693000059 ] ] ], [ [ [ 12.580441213000029, 54.377105588000063 ], [ 12.584070670000074, 54.378596380000033 ], [ 12.585476166000035, 54.380668859000082 ], [ 12.580441213000029, 54.377105588000063 ] ] ], [ [ [ 12.662395367000045, 54.404845285000079 ], [ 12.65865743300003, 54.40827435500006 ], [ 12.65632322600004, 54.406574801000033 ], [ 12.662395367000045, 54.404845285000079 ] ] ], [ [ [ 12.736578423000026, 54.412347279000073 ], [ 12.724436019000052, 54.412422096000057 ], [ 12.717947148000064, 54.405712006000044 ], [ 12.729774999000028, 54.404902856000035 ], [ 12.736578423000026, 54.412347279000073 ] ] ], [ [ [ 13.210149702000024, 54.401623415000074 ], [ 13.217181631000074, 54.397703943000067 ], [ 13.220196755000075, 54.401429700000051 ], [ 13.210149702000024, 54.401623415000074 ] ] ], [ [ [ 12.668610393000051, 54.418474070000059 ], [ 12.670426826000039, 54.418133877000059 ], [ 12.670447739000053, 54.420961398000031 ], [ 12.668610393000051, 54.418474070000059 ] ] ], [ [ [ 12.643748725000023, 54.419723888000078 ], [ 12.638030613000069, 54.423542346000033 ], [ 12.635056425000073, 54.42124969300005 ], [ 12.637304885000049, 54.416098177000038 ], [ 12.643748725000023, 54.419723888000078 ] ] ], [ [ [ 12.723097336000023, 54.427867669000079 ], [ 12.725423543000034, 54.429353508000077 ], [ 12.723178794000034, 54.429438019000031 ], [ 12.723097336000023, 54.427867669000079 ] ] ], [ [ [ 12.695731841000054, 54.431032721000065 ], [ 12.67485793700007, 54.418290499000079 ], [ 12.731084544000055, 54.416646998000033 ], [ 12.724080534000052, 54.425373421000074 ], [ 12.695731841000054, 54.431032721000065 ] ] ], [ [ [ 12.92739576200006, 54.430234360000043 ], [ 12.929686820000029, 54.430154297000058 ], [ 12.923019771000043, 54.432950375000075 ], [ 12.92739576200006, 54.430234360000043 ] ] ], [ [ [ 13.117881802000056, 54.426711223000041 ], [ 13.123002705000033, 54.428857998000069 ], [ 13.116401454000027, 54.430506833000038 ], [ 13.117881802000056, 54.426711223000041 ] ] ], [ [ [ 12.967789187000051, 54.438468494000062 ], [ 12.970412042000021, 54.436629676000052 ], [ 12.971534230000032, 54.440477780000037 ], [ 12.967789187000051, 54.438468494000062 ] ] ], [ [ [ 12.961898949000044, 54.43910560900008 ], [ 12.930027254000038, 54.443060532000061 ], [ 12.923932429000047, 54.434793279000075 ], [ 12.961898949000044, 54.43910560900008 ] ] ], [ [ [ 12.981968408000057, 54.437501449000081 ], [ 12.977724638000041, 54.442438933000062 ], [ 12.973533818000021, 54.441488088000028 ], [ 12.981968408000057, 54.437501449000081 ] ] ], [ [ [ 12.986984440000072, 54.444042696000054 ], [ 12.989950198000031, 54.444554566000079 ], [ 12.98977620900007, 54.444928755000035 ], [ 12.986984440000072, 54.444042696000054 ] ] ], [ [ [ 13.050677148000034, 54.460239891000072 ], [ 13.033663438000076, 54.446983334000038 ], [ 13.000293579000072, 54.447841036000057 ], [ 12.984826789000067, 54.435854465000034 ], [ 12.97261843800004, 54.435864883000079 ], [ 12.97590871500006, 54.432438556000079 ], [ 13.015637951000031, 54.443674016000045 ], [ 13.041558353000028, 54.442434548000051 ], [ 13.058989312000051, 54.451199642000063 ], [ 13.050677148000034, 54.460239891000072 ] ] ], [ [ [ 13.209728694000034, 54.463539297000068 ], [ 13.199219675000052, 54.461704177000058 ], [ 13.198665218000031, 54.457295962000046 ], [ 13.203125811000064, 54.461609032000069 ], [ 13.209728694000034, 54.463539297000068 ] ] ], [ [ [ 13.212493203000065, 54.464446784000074 ], [ 13.21057232000004, 54.465316831000052 ], [ 13.209070696000026, 54.464382192000073 ], [ 13.212493203000065, 54.464446784000074 ] ] ], [ [ [ 13.204268692000028, 54.465313971000057 ], [ 13.206325504000063, 54.466673341000046 ], [ 13.203811457000029, 54.465872704000049 ], [ 13.204268692000028, 54.465313971000057 ] ] ], [ [ [ 13.224781840000048, 54.469666258000075 ], [ 13.213227299000039, 54.467059035000034 ], [ 13.213472513000056, 54.464688942000066 ], [ 13.22282470600004, 54.46500956400007 ], [ 13.224781840000048, 54.469666258000075 ] ] ], [ [ [ 13.079930234000074, 54.475717066000072 ], [ 13.083154194000031, 54.475822746000063 ], [ 13.083162139000024, 54.476630642000032 ], [ 13.079930234000074, 54.475717066000072 ] ] ], [ [ [ 13.183614944000055, 54.493964262000077 ], [ 13.143480888000056, 54.477984007000032 ], [ 13.120563938000032, 54.443828610000082 ], [ 13.160675830000059, 54.448981539000044 ], [ 13.165752755000028, 54.45535588100006 ], [ 13.184048654000037, 54.457182501000034 ], [ 13.18675630000007, 54.465413366000064 ], [ 13.226827728000046, 54.473187428000074 ], [ 13.21854877100003, 54.483201944000029 ], [ 13.224841601000037, 54.486606937000033 ], [ 13.20066999200003, 54.485500678000051 ], [ 13.183614944000055, 54.493964262000077 ] ] ], [ [ [ 13.160097846000042, 54.512853823000057 ], [ 13.155170991000034, 54.50665559600003 ], [ 13.164879447000033, 54.502121072000079 ], [ 13.169002980000073, 54.506628326000055 ], [ 13.160097846000042, 54.512853823000057 ] ] ], [ [ [ 13.302844395000022, 54.537545049000073 ], [ 13.299905608000074, 54.54087604800003 ], [ 13.298631158000035, 54.539098649000039 ], [ 13.302844395000022, 54.537545049000073 ] ] ], [ [ [ 13.118569020000052, 54.538932935000048 ], [ 13.123321463000025, 54.549838731000079 ], [ 13.116957671000023, 54.54685862000008 ], [ 13.118569020000052, 54.538932935000048 ] ] ], [ [ [ 13.146787184000061, 54.603354280000076 ], [ 13.097973357000058, 54.590620824000041 ], [ 13.100441876000048, 54.565047960000072 ], [ 13.065551353000046, 54.492356104000066 ], [ 13.063859209000043, 54.45803989500007 ], [ 13.076699403000077, 54.478626316000032 ], [ 13.070682066000074, 54.491782296000054 ], [ 13.088608567000051, 54.515200733000029 ], [ 13.084632444000022, 54.51916063300007 ], [ 13.092906292000066, 54.517365552000058 ], [ 13.092499844000031, 54.52764045300006 ], [ 13.116746715000033, 54.537663904000055 ], [ 13.107648057000063, 54.56845738800007 ], [ 13.119119687000023, 54.574329814000066 ], [ 13.111421835000044, 54.584668504000035 ], [ 13.125240664000046, 54.583670488000053 ], [ 13.129488170000059, 54.591253223000081 ], [ 13.141350675000069, 54.598848208000049 ], [ 13.134423353000045, 54.588470048000033 ], [ 13.145497490000025, 54.573838004000038 ], [ 13.146595739000077, 54.595516309000061 ], [ 13.150799919000065, 54.575438044000066 ], [ 13.155360780000024, 54.580104765000044 ], [ 13.157957930000066, 54.573719410000081 ], [ 13.146787184000061, 54.603354280000076 ] ] ], [ [ [ 14.412381009000057, 53.329593362000082 ], [ 14.405479041000035, 53.347088027000041 ], [ 14.390322323000078, 53.353709433000063 ], [ 14.394794065000042, 53.375719356000047 ], [ 14.373283271000048, 53.408950731000061 ], [ 14.371281485000054, 53.456439549000038 ], [ 14.358030170000063, 53.457314575000055 ], [ 14.350647881000043, 53.496006267000041 ], [ 14.326882896000029, 53.503810490000035 ], [ 14.302557318000026, 53.553404662000048 ], [ 14.313961395000035, 53.565225791000046 ], [ 14.316948094000054, 53.618067046000078 ], [ 14.283849904000022, 53.634443071000078 ], [ 14.284644201000049, 53.658800376000045 ], [ 14.270896416000028, 53.665295233000052 ], [ 14.283681258000058, 53.682503980000035 ], [ 14.266808446000027, 53.698704654000039 ], [ 14.273533998000062, 53.744353463000039 ], [ 14.266948570000068, 53.753486752000072 ], [ 14.283595833000049, 53.772302947000071 ], [ 14.270424931000036, 53.789948758000037 ], [ 14.178515077000043, 53.806802765000043 ], [ 13.986859914000036, 53.812208200000043 ], [ 13.889602069000034, 53.827186034000079 ], [ 13.851336510000067, 53.845058750000078 ], [ 13.822463700000071, 53.847704555000064 ], [ 13.818628812000043, 53.859218320000082 ], [ 13.826648936000026, 53.865622275000078 ], [ 13.826153776000069, 53.877628141000059 ], [ 13.847222144000057, 53.877950465000026 ], [ 13.864752439000029, 53.900460660000078 ], [ 13.903287113000033, 53.910996142000045 ], [ 13.914106243000049, 53.92185745900008 ], [ 13.881314850000024, 53.949795091000055 ], [ 13.852625101000058, 53.952755423000042 ], [ 13.85384980300006, 53.96462893100005 ], [ 13.833821624000052, 53.984428629000035 ], [ 13.795544269000061, 53.99580861700008 ], [ 13.760405712000022, 54.015403229000071 ], [ 13.757873119000067, 54.027967069000056 ], [ 13.743604332000075, 54.028717429000039 ], [ 13.782645260000038, 54.04754293700006 ], [ 13.773806348000051, 54.059802088000026 ], [ 13.79016878300007, 54.064414932000034 ], [ 13.79336999700007, 54.085522088000062 ], [ 13.808750797000073, 54.100452506000067 ], [ 13.747314705000065, 54.134595809000075 ], [ 13.749066129000028, 54.139782874000048 ], [ 13.733973341000024, 54.135946681000064 ], [ 13.69738920900005, 54.148922907000042 ], [ 13.695619562000047, 54.157936118000066 ], [ 13.718302120000033, 54.163229569000066 ], [ 13.706258385000069, 54.171181932000081 ], [ 13.652950980000071, 54.153696509000042 ], [ 13.644008772000063, 54.156979198000045 ], [ 13.645725981000055, 54.15082476300006 ], [ 13.623476489000041, 54.139660512000034 ], [ 13.48598828300004, 54.122778052000058 ], [ 13.476949022000042, 54.115754191000065 ], [ 13.501854179000077, 54.087109295000062 ], [ 13.489404454000066, 54.083845784000061 ], [ 13.45884755000003, 54.090660950000029 ], [ 13.43016504700006, 54.135547785000028 ], [ 13.406736829000067, 54.147035613000071 ], [ 13.41928378800003, 54.172839729000032 ], [ 13.394404991000044, 54.18121048900008 ], [ 13.399804828000072, 54.169643412000028 ], [ 13.379002870000022, 54.177114091000078 ], [ 13.316391961000022, 54.16012549900006 ], [ 13.335253029000057, 54.173951314000078 ], [ 13.340661723000039, 54.173828781000054 ], [ 13.336657401000025, 54.177001111000038 ], [ 13.357489357000077, 54.183364999000048 ], [ 13.37128361300006, 54.181765641000027 ], [ 13.36533484000006, 54.185304436000081 ], [ 13.326608185000055, 54.18382359800006 ], [ 13.291229098000031, 54.234034598000051 ], [ 13.215672970000071, 54.241212211000061 ], [ 13.210501534000059, 54.244947238000066 ], [ 13.216215868000063, 54.249816290000069 ], [ 13.18533694100006, 54.266342547000079 ], [ 13.167175032000046, 54.266232794000075 ], [ 13.142765861000044, 54.253654703000052 ], [ 13.160438544000044, 54.267630934000067 ], [ 13.178427337000073, 54.269273980000037 ], [ 13.166598050000061, 54.278939856000079 ], [ 13.147670403000063, 54.267929343000048 ], [ 13.132873048000022, 54.279414934000044 ], [ 13.13893506200003, 54.319290756000044 ], [ 13.185501312000042, 54.300019044000067 ], [ 13.154112258000055, 54.304642629000057 ], [ 13.13970200600005, 54.296364445000052 ], [ 13.141667486000074, 54.280924346000063 ], [ 13.181069042000047, 54.287438868000038 ], [ 13.192975340000032, 54.297090233000063 ], [ 13.203024716000073, 54.290274002000046 ], [ 13.196188273000075, 54.28448360200008 ], [ 13.19954189200007, 54.269918246000032 ], [ 13.215349814000035, 54.271373130000029 ], [ 13.217800847000035, 54.279308028000059 ], [ 13.217110968000043, 54.273018209000043 ], [ 13.268173002000026, 54.253729726000074 ], [ 13.321518896000043, 54.258076761000041 ], [ 13.30968821600004, 54.265702882000028 ], [ 13.336708766000072, 54.278561507000063 ], [ 13.322781407000036, 54.266179500000078 ], [ 13.321679408000023, 54.245662353000057 ], [ 13.295037628000046, 54.255422103000058 ], [ 13.290848629000038, 54.25128307500006 ], [ 13.393587180000054, 54.220971309000049 ], [ 13.424720027000035, 54.238545526000053 ], [ 13.417371901000024, 54.25582429800005 ], [ 13.40155423300007, 54.265706048000027 ], [ 13.378793134000034, 54.253333927000028 ], [ 13.364478088000055, 54.264103792000071 ], [ 13.359018898000045, 54.257494954000038 ], [ 13.36937216900003, 54.254177346000063 ], [ 13.357959283000071, 54.246677263000038 ], [ 13.35082142300007, 54.26983544400008 ], [ 13.390755697000031, 54.279450286000042 ], [ 13.386721413000032, 54.266561535000051 ], [ 13.419602259000044, 54.302788983000028 ], [ 13.46190934200007, 54.316406663000066 ], [ 13.466943740000033, 54.326416271000028 ], [ 13.452525982000054, 54.326073676000078 ], [ 13.454625574000033, 54.336092719000078 ], [ 13.464384568000071, 54.329127115000063 ], [ 13.507070603000045, 54.344206732000032 ], [ 13.550763946000075, 54.339687293000054 ], [ 13.575317964000021, 54.352998350000064 ], [ 13.598319136000043, 54.347859893000077 ], [ 13.614171848000069, 54.330197488000067 ], [ 13.628859680000062, 54.331330814000069 ], [ 13.622931078000022, 54.334283913000036 ], [ 13.650380109000025, 54.349054490000071 ], [ 13.682148615000074, 54.349891967000076 ], [ 13.67404889200003, 54.337325502000056 ], [ 13.609803577000037, 54.316603844000042 ], [ 13.672228456000028, 54.330309410000041 ], [ 13.703623142000026, 54.32630329300008 ], [ 13.700308264000057, 54.316757388000042 ], [ 13.645403995000038, 54.297560690000068 ], [ 13.661703823000039, 54.287524770000061 ], [ 13.702217861000065, 54.295629685000051 ], [ 13.709469868000042, 54.279912294000042 ], [ 13.683837409000034, 54.283446855000079 ], [ 13.707661432000066, 54.268743857000061 ], [ 13.724230548000037, 54.273855466000043 ], [ 13.715406243000075, 54.294085358000075 ], [ 13.719296411000073, 54.311506372000053 ], [ 13.740058042000044, 54.335481123000079 ], [ 13.76690940800006, 54.341834489000064 ], [ 13.721177839000063, 54.359135646000027 ], [ 13.703277028000059, 54.385688794000032 ], [ 13.672937238000031, 54.401201085000082 ], [ 13.613370272000054, 54.403373481000074 ], [ 13.587437965000049, 54.426023502000078 ], [ 13.570090090000065, 54.459868535000055 ], [ 13.577997761000063, 54.479614627000046 ], [ 13.59758566000005, 54.476358592000054 ], [ 13.597163946000023, 54.48810214100007 ], [ 13.609409738000068, 54.498861025000053 ], [ 13.669397383000046, 54.521072682000067 ], [ 13.681642404000058, 54.542616449000036 ], [ 13.679808603000026, 54.562485521000042 ], [ 13.634857260000047, 54.585467578000078 ], [ 13.46038565200007, 54.570627732000048 ], [ 13.418736462000027, 54.580867245000036 ], [ 13.393314797000073, 54.598616747000051 ], [ 13.377238394000074, 54.635558808000042 ], [ 13.391083261000063, 54.651317237000058 ], [ 13.432154533000073, 54.663624053000035 ], [ 13.438944148000076, 54.677532945000053 ], [ 13.427721066000061, 54.685011011000029 ], [ 13.287621669000032, 54.673795351000081 ], [ 13.250612882000041, 54.66045915400008 ], [ 13.219878455000071, 54.640779087000055 ], [ 13.225740570000028, 54.612311244000068 ], [ 13.214809044000049, 54.59555191100003 ], [ 13.167249238000068, 54.573732070000062 ], [ 13.160936900000024, 54.559083361000035 ], [ 13.237939059000041, 54.594187411000064 ], [ 13.227096918000029, 54.625154946000066 ], [ 13.282402626000021, 54.645704519000049 ], [ 13.287504452000064, 54.625314439000078 ], [ 13.257083025000043, 54.590080253000053 ], [ 13.245451285000058, 54.557832649000034 ], [ 13.332396507000055, 54.581940745000054 ], [ 13.327577017000067, 54.593406349000077 ], [ 13.368071412000063, 54.614697461000048 ], [ 13.384104262000051, 54.596026234000078 ], [ 13.385335252000061, 54.580725642000061 ], [ 13.424791859000038, 54.568878192000057 ], [ 13.446130972000049, 54.551601259000051 ], [ 13.490403389000051, 54.550818511000045 ], [ 13.484938043000056, 54.558713021000074 ], [ 13.511133452000024, 54.566114027000026 ], [ 13.510272918000055, 54.557823619000033 ], [ 13.491254224000045, 54.558827018000045 ], [ 13.514186368000026, 54.526871271000061 ], [ 13.507952940000052, 54.525237877000052 ], [ 13.513606258000038, 54.525085021000052 ], [ 13.508037536000074, 54.52430031800003 ], [ 13.514126763000036, 54.51029 ], [ 13.500039326000035, 54.489283608000051 ], [ 13.506383520000043, 54.477066298000068 ], [ 13.548100649000048, 54.47490950100007 ], [ 13.546870261000038, 54.456782513000064 ], [ 13.523993895000046, 54.448035205000053 ], [ 13.552038250000066, 54.446733039000037 ], [ 13.557162123000069, 54.438539185000081 ], [ 13.520060964000038, 54.433913324000059 ], [ 13.542169135000051, 54.427676106000035 ], [ 13.537788966000051, 54.417654220000031 ], [ 13.476252417000069, 54.424579 ], [ 13.483467669000049, 54.442865189000031 ], [ 13.498524330000066, 54.44619491800006 ], [ 13.482732938000026, 54.435597636000068 ], [ 13.503909436000072, 54.434406284000033 ], [ 13.514034759000026, 54.443191610000042 ], [ 13.500081888000068, 54.444492104000062 ], [ 13.506171940000058, 54.451639631000035 ], [ 13.470800934000067, 54.454042764000064 ], [ 13.483822661000033, 54.473714869000048 ], [ 13.500801200000069, 54.482289795000042 ], [ 13.448382098000025, 54.474381551000079 ], [ 13.441668866000043, 54.487342279000075 ], [ 13.412582536000059, 54.493768655000054 ], [ 13.406096514000069, 54.50569402900004 ], [ 13.414581682000062, 54.519874954000045 ], [ 13.380393889000061, 54.546232607000036 ], [ 13.376818909000065, 54.559533618000046 ], [ 13.354363926000076, 54.547368493000079 ], [ 13.387964813000053, 54.539977602000079 ], [ 13.387669796000068, 54.531256601000052 ], [ 13.373989745000074, 54.520359260000077 ], [ 13.344493904000046, 54.521397602000036 ], [ 13.361436903000026, 54.543382392000069 ], [ 13.336091572000043, 54.548501657000031 ], [ 13.35397781100005, 54.551422848000072 ], [ 13.370667184000069, 54.577084475000049 ], [ 13.355024411000045, 54.581031981000081 ], [ 13.297227363000047, 54.552434454000036 ], [ 13.307486252000047, 54.539496450000058 ], [ 13.303087731000062, 54.527900534000082 ], [ 13.312115825000035, 54.524423824000053 ], [ 13.304904764000071, 54.514116895000029 ], [ 13.287938660000066, 54.522107516000062 ], [ 13.295274771000038, 54.536823804000051 ], [ 13.289417087000061, 54.541635325000072 ], [ 13.243706167000028, 54.555567905000032 ], [ 13.144180806000065, 54.546965666000062 ], [ 13.139203638000026, 54.540510497000071 ], [ 13.158279160000063, 54.537686701000041 ], [ 13.162137786000073, 54.514193195000075 ], [ 13.170685142000025, 54.507832828000062 ], [ 13.200486322000074, 54.503747664000059 ], [ 13.231376325000042, 54.51089802000007 ], [ 13.228588371000058, 54.48544219200005 ], [ 13.270112699000038, 54.479888656000071 ], [ 13.231045619000042, 54.467893582000045 ], [ 13.253255863000049, 54.46427342000004 ], [ 13.206040883000071, 54.460277571000063 ], [ 13.199987704000023, 54.448025576000077 ], [ 13.192684437000025, 54.45532060000005 ], [ 13.170586191000041, 54.453728463000061 ], [ 13.149423427000045, 54.428134340000042 ], [ 13.158302433000074, 54.420645649000051 ], [ 13.211861745000022, 54.429944076000027 ], [ 13.220522476000042, 54.413784319000058 ], [ 13.237525239000036, 54.409842668000067 ], [ 13.232403834000024, 54.403772003000029 ], [ 13.249340035000046, 54.407881860000032 ], [ 13.254837851000048, 54.405710725000063 ], [ 13.230236185000024, 54.397372501000063 ], [ 13.238086457000065, 54.386334170000055 ], [ 13.260337439000068, 54.380453844000044 ], [ 13.220442548000051, 54.367729154000074 ], [ 13.196950058000027, 54.375911052000049 ], [ 13.129931726000052, 54.372092738000049 ], [ 13.113686682000036, 54.33477905400008 ], [ 13.13500338700004, 54.324116880000076 ], [ 13.129103579000059, 54.321140766000042 ], [ 13.115015675000052, 54.322997841000074 ], [ 13.104709747000072, 54.347451001000081 ], [ 13.079840947000037, 54.352945269000031 ], [ 13.093836244000045, 54.365776143000062 ], [ 13.082578376000072, 54.379430385000035 ], [ 13.048460397000042, 54.380125561000057 ], [ 13.025666122000075, 54.396506895000073 ], [ 13.020222249000028, 54.41235907600003 ], [ 13.034273547000055, 54.43168896800006 ], [ 13.015778022000063, 54.43939322600005 ], [ 12.897716255000034, 54.40167037100008 ], [ 12.878088494000053, 54.36499794000008 ], [ 12.80966360900004, 54.343601092000029 ], [ 12.804007440000078, 54.370401207000043 ], [ 12.785001241000032, 54.379474515000027 ], [ 12.786491815000034, 54.396444710000083 ], [ 12.774797050000075, 54.388813824000067 ], [ 12.76890280300006, 54.371609155000044 ], [ 12.755854630000044, 54.370560272000034 ], [ 12.744056327000067, 54.38406085400004 ], [ 12.740981460000057, 54.372886479000044 ], [ 12.719540385000073, 54.373110473000054 ], [ 12.715109918000053, 54.398701294000034 ], [ 12.700087770000039, 54.398483295000062 ], [ 12.696490016000041, 54.385135632000072 ], [ 12.682587051000041, 54.374405068000044 ], [ 12.688406841000074, 54.368134660000067 ], [ 12.676334227000041, 54.370921806000069 ], [ 12.693484912000031, 54.386081201000081 ], [ 12.685111923000022, 54.396525155000063 ], [ 12.714321135000034, 54.405000207000057 ], [ 12.707489422000037, 54.411878669000032 ], [ 12.66852523700004, 54.408133447000068 ], [ 12.667457392000074, 54.404416108000078 ], [ 12.658221135000076, 54.403491010000039 ], [ 12.671370199000023, 54.390945657000032 ], [ 12.622210711000037, 54.372209739000027 ], [ 12.596852752000075, 54.37181180500005 ], [ 12.594571143000053, 54.358122385000058 ], [ 12.57480405900003, 54.358211431000029 ], [ 12.581704477000073, 54.373384050000027 ], [ 12.566506448000041, 54.371581192000065 ], [ 12.553757069000028, 54.379585539000061 ], [ 12.554682421000052, 54.372512579000045 ], [ 12.534333524000033, 54.365175597000075 ], [ 12.553294778000065, 54.356141508000064 ], [ 12.538895399000069, 54.352493702000061 ], [ 12.535702203000028, 54.338429265000059 ], [ 12.473091152000052, 54.329609793000031 ], [ 12.478728044000036, 54.303928738000081 ], [ 12.429371230000072, 54.293561209000075 ], [ 12.427035763000049, 54.374000627000044 ], [ 12.436138350000022, 54.379088806000027 ], [ 12.495643228000063, 54.38238971800007 ], [ 12.517720219000068, 54.372699815000033 ], [ 12.552502909000054, 54.390124526000079 ], [ 12.592285114000049, 54.383636902000035 ], [ 12.597820658000046, 54.391566567000041 ], [ 12.577481770000077, 54.396369296000046 ], [ 12.577211999000042, 54.403968046000045 ], [ 12.617513313000075, 54.40725290000006 ], [ 12.610652449000042, 54.410910182000066 ], [ 12.617191075000051, 54.41795374700007 ], [ 12.638081609000039, 54.425512406000053 ], [ 12.653147710000042, 54.410507362000033 ], [ 12.666362237000044, 54.408646870000041 ], [ 12.668039958000065, 54.41013797100004 ], [ 12.667525903000069, 54.418569484000045 ], [ 12.669319030000054, 54.42143967100003 ], [ 12.693160015000046, 54.432254059000059 ], [ 12.721032708000052, 54.432374597000035 ], [ 12.725814248000063, 54.430140832000063 ], [ 12.74047164600006, 54.41511153700003 ], [ 12.786029449000068, 54.417371083000035 ], [ 12.801847089000034, 54.408698835000052 ], [ 12.831864396000071, 54.42305751300006 ], [ 12.874948301000074, 54.413712245000056 ], [ 12.926951676000044, 54.427963974000079 ], [ 12.915394375000062, 54.438829188000057 ], [ 12.920989457000076, 54.445094653000069 ], [ 12.676584981000076, 54.442182467000066 ], [ 12.560918153000046, 54.454727259000038 ], [ 12.526070870000069, 54.47120165900003 ], [ 12.530118138000034, 54.482075396000027 ], [ 12.522122122000042, 54.486566151000034 ], [ 12.50084662200004, 54.474948854000047 ], [ 12.466408595000075, 54.419857235000052 ], [ 12.436295142000063, 54.39169985400008 ], [ 12.405930868000041, 54.376936027000056 ], [ 12.340871765000031, 54.300548073000073 ], [ 12.192888292000077, 54.240992055000049 ], [ 12.127472193000074, 54.186061050000035 ], [ 12.106867363000049, 54.178336969000043 ], [ 12.093694654000046, 54.185417192000045 ], [ 12.100993421000055, 54.169288208000069 ], [ 12.086852018000059, 54.185940292000055 ], [ 12.061463651000054, 54.178054813000074 ], [ 12.011360171000035, 54.178336334000051 ], [ 11.849773748000075, 54.145002071000079 ], [ 11.761385158000053, 54.154501921000076 ], [ 11.682936883000025, 54.153271182000026 ], [ 11.608383321000076, 54.107032245000028 ], [ 11.552519675000042, 54.092686503000039 ], [ 11.525096768000026, 54.07092635600003 ], [ 11.535276553000074, 54.072759692000034 ], [ 11.531759690000058, 54.049182663000067 ], [ 11.603985095000041, 54.102487862000032 ], [ 11.626485843000069, 54.089645671000028 ], [ 11.624469613000031, 54.076782381000044 ], [ 11.610925958000053, 54.06831440600007 ], [ 11.582608514000071, 54.063688634000073 ], [ 11.587090891000059, 54.046985269000061 ], [ 11.572863471000062, 54.033111775000066 ], [ 11.546190799000044, 54.024876555000048 ], [ 11.529102439000042, 54.033848713000054 ], [ 11.518527424000069, 54.030286018000027 ], [ 11.534008696000058, 54.019644394000068 ], [ 11.509775773000058, 54.011905844000069 ], [ 11.490512882000075, 53.993787290000057 ], [ 11.499817375000077, 53.985954643000071 ], [ 11.493927841000072, 53.970841958000051 ], [ 11.487918702000059, 53.968230293000033 ], [ 11.488146277000055, 53.975540584000044 ], [ 11.470157111000049, 53.96536211800003 ], [ 11.483296408000058, 53.967445804000079 ], [ 11.481650300000069, 53.927390630000048 ], [ 11.444659176000073, 53.914898495000045 ], [ 11.447296305000066, 53.904907090000052 ], [ 11.463495564000027, 53.902403656000047 ], [ 11.455625240000074, 53.902070525000056 ], [ 11.463784963000023, 53.899169065000081 ], [ 11.457068199000048, 53.899467 ], [ 11.460842730000024, 53.896779845000026 ], [ 11.460437385000034, 53.895492072000081 ], [ 11.436161322000032, 53.900085386000057 ], [ 11.436894070000051, 53.911064748000058 ], [ 11.403606831000047, 53.921493213000076 ], [ 11.406836555000041, 53.935202416000038 ], [ 11.365038223000056, 53.935138863000077 ], [ 11.334459459000072, 53.958974821000027 ], [ 11.288720974000057, 53.931571074000033 ], [ 11.253911321000032, 53.937149085000044 ], [ 11.241481071000067, 53.954145065000034 ], [ 11.245890158000066, 53.973157060000062 ], [ 11.254337967000026, 53.97263530400005 ], [ 11.259721807000062, 53.983537475000048 ], [ 11.207202652000035, 53.988375366000071 ], [ 11.179984661000049, 54.015166313000066 ], [ 11.04223928600004, 54.006639717000041 ], [ 10.903661739000029, 53.956821904000037 ], [ 10.90946271100006, 53.946269131000065 ], [ 10.896389017000047, 53.935969972000066 ], [ 10.895097608000071, 53.924548179000055 ], [ 10.939332292000074, 53.919333775000041 ], [ 10.963663229000076, 53.913496591000069 ], [ 10.967725809000058, 53.907858134000037 ], [ 10.911023571000044, 53.897952456000041 ], [ 10.902096619000076, 53.906290777000038 ], [ 10.911293636000039, 53.91522558500003 ], [ 10.882571899000027, 53.924497448000068 ], [ 10.848295373000042, 53.905114444000048 ], [ 10.847210813000061, 53.896943070000077 ], [ 10.818926895000061, 53.893533375000061 ], [ 10.802402824000069, 53.877081863000058 ], [ 10.771051213000021, 53.873185922000062 ], [ 10.747711196000068, 53.851510961000031 ], [ 10.75365010400003, 53.848574358000064 ], [ 10.747850837000044, 53.833364332000031 ], [ 10.761591085000077, 53.82260092000007 ], [ 10.77325182800007, 53.792387421000058 ], [ 10.765915440000072, 53.779901119000044 ], [ 10.770256497000048, 53.775480636000054 ], [ 10.757976798000072, 53.763593989000071 ], [ 10.758032962000073, 53.747517471000037 ], [ 10.805916825000054, 53.739209831000039 ], [ 10.81087590900006, 53.720072320000043 ], [ 10.852170852000029, 53.705844650000074 ], [ 10.85094371200006, 53.700124930000072 ], [ 10.905289034000077, 53.703294286000073 ], [ 10.922141998000029, 53.699468974000069 ], [ 10.926053755000055, 53.692045767000081 ], [ 10.918971741000064, 53.689158856000063 ], [ 10.941766725000036, 53.684542330000056 ], [ 10.938627285000052, 53.665821589000075 ], [ 10.954884038000046, 53.656705425000041 ], [ 10.929562994000037, 53.62870715300005 ], [ 10.91746530100005, 53.599315963000038 ], [ 10.923795348000056, 53.584186032000048 ], [ 10.909484477000035, 53.571450327000036 ], [ 10.863702017000037, 53.564632328000073 ], [ 10.823260709000067, 53.575180536000062 ], [ 10.83190563900007, 53.542582472000049 ], [ 10.814518483000029, 53.522024908000049 ], [ 10.824333999000032, 53.513741234000065 ], [ 10.786431193000055, 53.510456595000051 ], [ 10.777781471000026, 53.495181469000045 ], [ 10.756012052000074, 53.483393584000055 ], [ 10.701661228000034, 53.478255417000071 ], [ 10.692973050000035, 53.455138096000042 ], [ 10.65204256100003, 53.461477008000031 ], [ 10.632308138000042, 53.454802929000039 ], [ 10.618366003000062, 53.425371294000058 ], [ 10.616903899000022, 53.384569592000048 ], [ 10.593672881000032, 53.36785603800007 ], [ 10.703123242000061, 53.369419591000053 ], [ 10.728462067000066, 53.356673965000027 ], [ 10.738086469000052, 53.342343751000044 ], [ 10.763084739000021, 53.338850557000058 ], [ 10.759653773000025, 53.329987157000062 ], [ 10.835805651000044, 53.304969546000052 ], [ 10.870239973000025, 53.317716454000049 ], [ 10.866042710000045, 53.326912033000042 ], [ 10.888028505000023, 53.324381917000039 ], [ 10.880321176000052, 53.335527162000062 ], [ 10.899241034000056, 53.334196444000042 ], [ 10.919361341000069, 53.348419646000082 ], [ 10.955539249000026, 53.333461305000071 ], [ 10.959360782000033, 53.338525093000044 ], [ 10.988000625000041, 53.333426509000049 ], [ 10.982661493000023, 53.327536425000062 ], [ 10.999075976000029, 53.32102386400004 ], [ 11.00945596400004, 53.281479226000044 ], [ 11.028106328000035, 53.278479223000033 ], [ 11.080144558000029, 53.220520733000058 ], [ 11.13848682500003, 53.202504796000028 ], [ 11.144989789000022, 53.197778558000039 ], [ 11.136703673000056, 53.19184228000006 ], [ 11.194111225000029, 53.18118602900006 ], [ 11.189082437000025, 53.165619545000027 ], [ 11.171861639000042, 53.156644203000042 ], [ 11.184573730000068, 53.13642115600004 ], [ 11.223380281000061, 53.143774424000071 ], [ 11.290417442000034, 53.116903464000075 ], [ 11.393767787000058, 53.11030257200008 ], [ 11.400568233000058, 53.115818429000058 ], [ 11.39180096900003, 53.129654226000071 ], [ 11.39562750500005, 53.140000240000063 ], [ 11.460835198000041, 53.140231224000047 ], [ 11.473707470000022, 53.134609443000045 ], [ 11.473430083000039, 53.127251493000074 ], [ 11.502223232000063, 53.121386090000044 ], [ 11.548510908000026, 53.13082253400006 ], [ 11.555961848000038, 53.138778937000041 ], [ 11.550083332000042, 53.151074331000075 ], [ 11.569467071000076, 53.166606375000072 ], [ 11.562553250000065, 53.175827026000036 ], [ 11.567079706000072, 53.182494883000061 ], [ 11.557823814000074, 53.184858570000074 ], [ 11.560579867000058, 53.202673186000027 ], [ 11.551586451000048, 53.208407285000078 ], [ 11.588957117000064, 53.215841092000062 ], [ 11.625924785000052, 53.24137500300003 ], [ 11.700017775000049, 53.243977965000056 ], [ 11.714625445000024, 53.230507654000064 ], [ 11.727526668000053, 53.231664583000054 ], [ 11.729329797000048, 53.217151775000048 ], [ 11.740462777000062, 53.218222538000077 ], [ 11.769071032000056, 53.227491113000042 ], [ 11.828893642000025, 53.228655026000069 ], [ 11.829610195000043, 53.236508083000047 ], [ 11.796067194000045, 53.253348196000047 ], [ 11.861746842000059, 53.248216920000061 ], [ 11.889861167000049, 53.269051128000058 ], [ 11.892603005000069, 53.278981130000034 ], [ 11.95424878700004, 53.273809035000056 ], [ 11.973857892000069, 53.299159489000033 ], [ 11.997066745000041, 53.29390563700008 ], [ 12.023639492000029, 53.304143086000067 ], [ 12.014610854000068, 53.334423600000036 ], [ 12.057339345000059, 53.349342099000069 ], [ 12.045284959000071, 53.370987645000071 ], [ 12.077546787000074, 53.369386814000052 ], [ 12.082077564000031, 53.346298663000027 ], [ 12.092089179000027, 53.344856410000034 ], [ 12.134450322000077, 53.348430378000046 ], [ 12.139441255000065, 53.361416722000058 ], [ 12.151951147000034, 53.361505236000028 ], [ 12.16856047400006, 53.339116980000028 ], [ 12.186848423000072, 53.34333491600006 ], [ 12.191119707000041, 53.353951090000066 ], [ 12.229435329000069, 53.358160532000056 ], [ 12.236430164000069, 53.341979015000049 ], [ 12.260207483000045, 53.323912184000051 ], [ 12.310765272000026, 53.327241709000077 ], [ 12.394247808000046, 53.301805355000056 ], [ 12.391832331000046, 53.285056864000069 ], [ 12.428008562000059, 53.274987563000082 ], [ 12.445312164000029, 53.249928264000062 ], [ 12.529768323000042, 53.264788321000026 ], [ 12.606046712000023, 53.244395457000053 ], [ 12.62841923600007, 53.254555215000039 ], [ 12.654933209000035, 53.25525086600004 ], [ 12.675657612000066, 53.247719162000067 ], [ 12.663967039000056, 53.234950598000069 ], [ 12.671179075000055, 53.229504646000066 ], [ 12.757410986000025, 53.224352804000034 ], [ 12.739492982000058, 53.199601592000079 ], [ 12.764381357000048, 53.188930547000041 ], [ 12.845979184000043, 53.20140215400005 ], [ 12.880109598000047, 53.179690118000053 ], [ 12.912841904000061, 53.19517415200005 ], [ 12.929737504000059, 53.194417220000048 ], [ 12.919965668000032, 53.186376848000066 ], [ 12.942431011000053, 53.185926524000081 ], [ 12.937114713000028, 53.19431551200006 ], [ 12.964244872000052, 53.200391513000056 ], [ 12.97943353200003, 53.190551571000071 ], [ 12.941998415000057, 53.174315470000067 ], [ 12.961513638000042, 53.177737671000045 ], [ 12.980466333000038, 53.162526568000033 ], [ 13.004614653000033, 53.166917443000045 ], [ 13.02003720700003, 53.175709970000071 ], [ 13.018727499000022, 53.185245967000071 ], [ 13.042414509000025, 53.196499403000075 ], [ 13.079532891000042, 53.200183755000069 ], [ 13.087270012000033, 53.21540015800008 ], [ 13.106564033000041, 53.21515262500003 ], [ 13.103262174000065, 53.235540356000058 ], [ 13.109925574000044, 53.240228276000039 ], [ 13.132976754000026, 53.237317542000028 ], [ 13.152220904000046, 53.251113979000081 ], [ 13.152550302000066, 53.246038177000059 ], [ 13.181914294000023, 53.250734072000057 ], [ 13.202681010000049, 53.222120722000057 ], [ 13.229391856000063, 53.216586896000081 ], [ 13.251243006000038, 53.24738983900005 ], [ 13.243751248000024, 53.248691116000032 ], [ 13.252714248000075, 53.26230544200007 ], [ 13.275313892000042, 53.265060794000078 ], [ 13.297801779000054, 53.280892502000029 ], [ 13.337075713000047, 53.273427816000037 ], [ 13.360450599000046, 53.277998933000049 ], [ 13.386533825000072, 53.244054609000045 ], [ 13.405174674000023, 53.246418235000078 ], [ 13.40768375600004, 53.262630860000058 ], [ 13.442401330000052, 53.286484964000067 ], [ 13.434135608000076, 53.289939189000052 ], [ 13.438208121000059, 53.29973323400003 ], [ 13.456185332000075, 53.297954994000065 ], [ 13.461282870000048, 53.288693039000066 ], [ 13.483063872000059, 53.291203396000071 ], [ 13.507267352000042, 53.316232912000032 ], [ 13.502842524000073, 53.327333245000034 ], [ 13.510114440000052, 53.317449416000045 ], [ 13.523531386000059, 53.320084584000028 ], [ 13.525261424000064, 53.351020417000029 ], [ 13.516854329000068, 53.352092515000038 ], [ 13.525997361000066, 53.366346957000076 ], [ 13.54342450200005, 53.364032244000043 ], [ 13.556369896000035, 53.376092380000046 ], [ 13.550206570000057, 53.380936427000051 ], [ 13.556587112000045, 53.391562745000044 ], [ 13.54620652400007, 53.394195018000062 ], [ 13.550112204000072, 53.399081272000046 ], [ 13.610508935000041, 53.41375914300005 ], [ 13.625216954000052, 53.409302567000054 ], [ 13.636017347000063, 53.42351863500005 ], [ 13.628841215000023, 53.431999783000037 ], [ 13.637299504000055, 53.43258406700005 ], [ 13.640500227000075, 53.447238752000032 ], [ 13.651289689000066, 53.443690903000061 ], [ 13.662562318000028, 53.457739651000054 ], [ 13.715399781000031, 53.482260877000044 ], [ 13.741372836000039, 53.485806999000033 ], [ 13.778939257000047, 53.474215231000073 ], [ 13.812079406000066, 53.483943984000064 ], [ 13.827102382000021, 53.498713707000036 ], [ 13.801459747000024, 53.497956311000053 ], [ 13.792463027000053, 53.510941961000071 ], [ 13.777657389000069, 53.513705338000079 ], [ 13.776376074000041, 53.53129006000006 ], [ 13.791347175000055, 53.558577928000034 ], [ 13.800570522000044, 53.558254619000081 ], [ 13.798463285000025, 53.545689605000064 ], [ 13.821728497000038, 53.518110339000032 ], [ 13.879268139000033, 53.504139956000074 ], [ 13.873924621000072, 53.490594920000035 ], [ 13.884590220000064, 53.485336695000058 ], [ 13.875591803000077, 53.47346619700005 ], [ 13.918213428000058, 53.455998470000054 ], [ 13.902893509000023, 53.432025015000079 ], [ 13.916373270000065, 53.422266271000069 ], [ 14.001216932000034, 53.43499156300004 ], [ 14.045604131000061, 53.42942541900004 ], [ 14.050577998000051, 53.41398786600007 ], [ 14.082223943000031, 53.410911703000068 ], [ 14.105426101000035, 53.422426139000038 ], [ 14.121843780000063, 53.441707622000081 ], [ 14.176961664000032, 53.422867289000067 ], [ 14.20591111400006, 53.423026910000033 ], [ 14.224661388000072, 53.43424798500007 ], [ 14.237712313000031, 53.427341978000072 ], [ 14.243144164000057, 53.392320730000051 ], [ 14.223406622000027, 53.358563229000026 ], [ 14.109653481000066, 53.282638290000079 ], [ 14.098817346000033, 53.261671915000079 ], [ 14.160239071000035, 53.267810714000063 ], [ 14.211057786000026, 53.254813733000049 ], [ 14.266048356000056, 53.259594852000077 ], [ 14.262188670000057, 53.276602361000073 ], [ 14.301854254000034, 53.286223609000047 ], [ 14.316569422000043, 53.312335547000032 ], [ 14.348660478000056, 53.309969731000081 ], [ 14.412381009000057, 53.329593362000082 ] ] ] ] } },
{ "type": "Feature", "properties": { "shapeName": "Niedersachsen", "shapeISO": "DE-NI", "shapeType": "ADM1" }, "geometry": { "type": "MultiPolygon", "coordinates": [ [ [ [ 6.865541705000055, 53.590932929000076 ], [ 6.862380123000037, 53.589825837000035 ], [ 6.868922264000048, 53.59189273800007 ], [ 6.865541705000055, 53.590932929000076 ] ] ], [ [ [ 6.813623497000037, 53.603321341000026 ], [ 6.760059069000022, 53.617683720000059 ], [ 6.656498905000035, 53.60793327500005 ], [ 6.639255128000059, 53.593373431000032 ], [ 6.653968217000056, 53.598484322000047 ], [ 6.664620939000031, 53.577925009000069 ], [ 6.717830908000053, 53.557096568000077 ], [ 6.724827281000046, 53.556071251000049 ], [ 6.721122945000047, 53.56773392000008 ], [ 6.733127827000033, 53.569565870000076 ], [ 6.74738521300003, 53.557399192000048 ], [ 6.757661013000074, 53.567619527000033 ], [ 6.717594664000046, 53.583520823000072 ], [ 6.76092330900002, 53.597624339000049 ], [ 6.813623497000037, 53.603321341000026 ] ] ], [ [ [ 6.900066025000058, 53.647817841000062 ], [ 6.905670646000033, 53.652241293000031 ], [ 6.864974300000029, 53.641554803000076 ], [ 6.877562987000033, 53.628380956000058 ], [ 6.894435189000035, 53.62578004900007 ], [ 6.891464335000023, 53.631691422000074 ], [ 6.910214479000047, 53.643757246000064 ], [ 6.900066025000058, 53.647817841000062 ] ] ], [ [ [ 7.075789472000054, 53.687021657000059 ], [ 6.977640663000045, 53.681404374000067 ], [ 6.863330437000059, 53.668802094000057 ], [ 6.853592539000033, 53.663317175000032 ], [ 7.099752608000074, 53.680949809000026 ], [ 7.075789472000054, 53.687021657000059 ] ] ], [ [ [ 7.346950825000022, 53.724166488000037 ], [ 7.18714981100004, 53.722801943000036 ], [ 7.137296138000067, 53.706975538000052 ], [ 7.152755846000048, 53.696876664000058 ], [ 7.16460814800007, 53.697553195000069 ], [ 7.170355803000064, 53.707852808000041 ], [ 7.193784462000053, 53.699104494000039 ], [ 7.208766399000069, 53.706599398000037 ], [ 7.270238321000022, 53.703690351000034 ], [ 7.347221740000066, 53.716659785000047 ], [ 7.346950825000022, 53.724166488000037 ] ] ], [ [ [ 7.430013872000075, 53.724179524000078 ], [ 7.435036257000036, 53.730700866000063 ], [ 7.39386034100005, 53.736137341000074 ], [ 7.359472285000038, 53.726907397000048 ], [ 7.364279332000024, 53.720319583000048 ], [ 7.430013872000075, 53.724179524000078 ] ] ], [ [ [ 7.574251209000067, 53.759217695000075 ], [ 7.479802091000067, 53.754360319000057 ], [ 7.460545220000029, 53.724800648000041 ], [ 7.505413664000059, 53.723683272000073 ], [ 7.502005887000053, 53.734463177000066 ], [ 7.511634226000069, 53.74326024100003 ], [ 7.62554893600003, 53.747154311000031 ], [ 7.642707838000035, 53.753610886000047 ], [ 7.574251209000067, 53.759217695000075 ] ] ], [ [ [ 7.815402781000046, 53.77805064100005 ], [ 7.683397328000069, 53.776444458000071 ], [ 7.665430907000029, 53.760026141000026 ], [ 7.682719390000045, 53.750928712000075 ], [ 7.693718102000048, 53.76312142900008 ], [ 7.767400159000033, 53.763787504000049 ], [ 7.815402781000046, 53.77805064100005 ] ] ], [ [ [ 7.885377132000031, 53.794553156000063 ], [ 7.846274579000067, 53.786976234000065 ], [ 7.864772767000034, 53.773067320000052 ], [ 7.875557601000025, 53.788576491000072 ], [ 7.977987584000061, 53.777421104000041 ], [ 7.954792715000053, 53.786971256000072 ], [ 7.885377132000031, 53.794553156000063 ] ] ], [ [ [ 11.265731921000054, 53.121977896000033 ], [ 11.226407147000032, 53.143280048000065 ], [ 11.184573730000068, 53.13642115600004 ], [ 11.171861639000042, 53.156644203000042 ], [ 11.189082437000025, 53.165619545000027 ], [ 11.194111225000029, 53.18118602900006 ], [ 11.136703673000056, 53.19184228000006 ], [ 11.144989789000022, 53.197778558000039 ], [ 11.13848682500003, 53.202504796000028 ], [ 11.089323791000027, 53.214641432000064 ], [ 11.062258289000056, 53.235453175000032 ], [ 11.027571986000055, 53.278939917000059 ], [ 11.00945596400004, 53.281479226000044 ], [ 10.999075976000029, 53.32102386400004 ], [ 10.982661493000023, 53.327536425000062 ], [ 10.988000625000041, 53.333426509000049 ], [ 10.946762422000063, 53.335605638000061 ], [ 10.928245165000021, 53.34811826400005 ], [ 10.899241034000056, 53.334196444000042 ], [ 10.880321176000052, 53.335527162000062 ], [ 10.888028505000023, 53.324381917000039 ], [ 10.866042710000045, 53.326912033000042 ], [ 10.870239973000025, 53.317716454000049 ], [ 10.835805651000044, 53.304969546000052 ], [ 10.759653773000025, 53.329987157000062 ], [ 10.763084739000021, 53.338850557000058 ], [ 10.738086469000052, 53.342343751000044 ], [ 10.728462067000066, 53.356673965000027 ], [ 10.703123242000061, 53.369419591000053 ], [ 10.630703698000048, 53.370773429000053 ], [ 10.574325417000068, 53.360195919000034 ], [ 10.49891930800004, 53.374460075000059 ], [ 10.370533933000047, 53.425919094000051 ], [ 10.330768068000054, 53.424967300000048 ], [ 10.306326422000041, 53.433056749000059 ], [ 10.258646422000027, 53.417784770000026 ], [ 10.236567868000066, 53.395753691000039 ], [ 10.175688643000058, 53.396582500000079 ], [ 10.136395544000038, 53.422232335000047 ], [ 10.108735530000047, 53.426674028000036 ], [ 10.08460225400006, 53.450401062000026 ], [ 10.051810704000047, 53.463918940000042 ], [ 10.042038461000061, 53.456807600000047 ], [ 10.045738931000074, 53.44674105200005 ], [ 10.020944605000068, 53.446862792000047 ], [ 10.014613475000033, 53.442200799000034 ], [ 10.029273488000058, 53.435164331000067 ], [ 9.98443287200007, 53.415413779000062 ], [ 9.949211967000053, 53.430949975000033 ], [ 9.942015790000028, 53.42105242000008 ], [ 9.906566145000056, 53.415790911000045 ], [ 9.921486178000066, 53.436550151000063 ], [ 9.901583511000069, 53.457322652000073 ], [ 9.861543067000071, 53.439543183000069 ], [ 9.862387477000027, 53.429876593000074 ], [ 9.799804376000054, 53.469637469000077 ], [ 9.802426170000047, 53.493251540000074 ], [ 9.782231771000056, 53.491464110000038 ], [ 9.784524771000065, 53.500011703000041 ], [ 9.763793944000042, 53.508106505000057 ], [ 9.771585438000045, 53.522755850000067 ], [ 9.77832012600004, 53.519461449000062 ], [ 9.765441705000057, 53.541114563000065 ], [ 9.774388785000042, 53.554323060000058 ], [ 9.675759963000075, 53.564688695000029 ], [ 9.550629934000028, 53.616013574000078 ], [ 9.502180848000023, 53.696805113000039 ], [ 9.433311108000055, 53.731977953000069 ], [ 9.35871755200003, 53.817903093000041 ], [ 9.319524176000073, 53.850835527000072 ], [ 9.289727751000044, 53.863350743000069 ], [ 9.272732767000036, 53.86766263100003 ], [ 9.275123379000036, 53.857269303000066 ], [ 9.193717033000041, 53.865811453000049 ], [ 9.101771150000047, 53.863480637000066 ], [ 9.013168475000043, 53.84023938100006 ], [ 9.018512746000056, 53.834841226000037 ], [ 8.978509468000027, 53.839959703000034 ], [ 8.906159155000068, 53.828788154000051 ], [ 8.823256365000077, 53.831118764000053 ], [ 8.774857737000048, 53.837422439000079 ], [ 8.728850341000054, 53.856700442000033 ], [ 8.702246495000054, 53.878711193000072 ], [ 8.690274979000037, 53.878061392000063 ], [ 8.683227744000021, 53.885848108000062 ], [ 8.687172727000075, 53.891908024000031 ], [ 8.669284524000034, 53.89166608000005 ], [ 8.614913870000066, 53.882118224000067 ], [ 8.574624249000067, 53.843422829000076 ], [ 8.56606034400005, 53.845957613000053 ], [ 8.541967179000039, 53.807139945000074 ], [ 8.537742595000054, 53.792140802000063 ], [ 8.54471624200005, 53.788874354000029 ], [ 8.482790262000037, 53.688182915000027 ], [ 8.483953343000053, 53.655912767000075 ], [ 8.520410363000053, 53.606204880000064 ], [ 8.592283300000076, 53.592932613000073 ], [ 8.623296266000068, 53.605333336000058 ], [ 8.65063238700003, 53.602565221000077 ], [ 8.616802851000045, 53.57437003800004 ], [ 8.630860355000038, 53.555689590000043 ], [ 8.646354349000035, 53.55554567300004 ], [ 8.63865579000003, 53.534953558000041 ], [ 8.650555157000042, 53.510781666000071 ], [ 8.605904617000022, 53.48423378800004 ], [ 8.573760278000066, 53.488643074000038 ], [ 8.492651892000026, 53.472419761000026 ], [ 8.509038149000048, 53.497644241000046 ], [ 8.552684234000026, 53.516175646000079 ], [ 8.550710407000054, 53.537541802000078 ], [ 8.520774652000057, 53.547080016000052 ], [ 8.517614478000041, 53.558300707000058 ], [ 8.504077507000034, 53.550687893000031 ], [ 8.46446538400005, 53.55246967100004 ], [ 8.398861571000054, 53.569124867000028 ], [ 8.337981267000032, 53.611550234000049 ], [ 8.291095860000041, 53.612920718000055 ], [ 8.242972666000071, 53.582397924000077 ], [ 8.226915998000038, 53.520083713000076 ], [ 8.309414834000052, 53.522820447000072 ], [ 8.316886669000041, 53.514599417000056 ], [ 8.315574898000023, 53.460194134000062 ], [ 8.28046855100007, 53.413373549000028 ], [ 8.250797254000076, 53.398551257000065 ], [ 8.202859223000075, 53.403398523000078 ], [ 8.152210776000061, 53.447976613000037 ], [ 8.136145450000072, 53.452674415000047 ], [ 8.098998753000046, 53.445676843000058 ], [ 8.07131081600005, 53.46743230800007 ], [ 8.06225889600006, 53.48252644400003 ], [ 8.062340649000021, 53.505667589000041 ], [ 8.092631908000044, 53.501915376000056 ], [ 8.154330152000057, 53.513554721000048 ], [ 8.17097482500003, 53.540470176000042 ], [ 8.142359621000026, 53.579668380000044 ], [ 8.155599196000026, 53.585752799000034 ], [ 8.148863794000022, 53.601832307000052 ], [ 8.123346059000028, 53.598608918000082 ], [ 8.086670665000042, 53.643638129000067 ], [ 8.044694084000071, 53.641408461000026 ], [ 8.022061847000032, 53.682905505000065 ], [ 8.032130327000061, 53.705277527000078 ], [ 8.012121160000049, 53.711703607000061 ], [ 7.911923467000065, 53.717833420000034 ], [ 7.750000684000042, 53.700400616000081 ], [ 7.703838768000026, 53.703517955000052 ], [ 7.527114210000036, 53.671499796000035 ], [ 7.480575982000062, 53.683210723000059 ], [ 7.342866804000039, 53.685506289000045 ], [ 7.24306473200005, 53.668539162000059 ], [ 7.170177253000077, 53.628868431000058 ], [ 7.156217075000029, 53.630172304000041 ], [ 7.145168352000042, 53.610995230000071 ], [ 7.112405361000071, 53.594822313000066 ], [ 7.087064983000062, 53.571467200000029 ], [ 7.131755988000066, 53.53340759200006 ], [ 7.085946356000022, 53.521425835000059 ], [ 7.076756059000047, 53.532739717000027 ], [ 7.064619199000049, 53.527670706000038 ], [ 7.034145451000029, 53.545670231000031 ], [ 7.036769804000073, 53.536307732000068 ], [ 7.029007264000029, 53.531983486000058 ], [ 7.048688447000075, 53.508071892000032 ], [ 7.024107547000028, 53.482371451000063 ], [ 7.010322349000035, 53.424076332000027 ], [ 7.011055097000053, 53.385299347000057 ], [ 6.998089488000062, 53.365333802000066 ], [ 7.027580679000039, 53.336494120000054 ], [ 7.225654841000051, 53.333768057000043 ], [ 7.265760916000033, 53.327197149000028 ], [ 7.245060267000042, 53.318297605000055 ], [ 7.191115728000057, 53.317601567000054 ], [ 7.216926628000067, 53.214464603000067 ], [ 7.217364691000057, 53.197707664000063 ], [ 7.207959576000064, 53.18848438100008 ], [ 7.227095145000021, 53.180489245000047 ], [ 7.203742651000027, 53.176499637000063 ], [ 7.178938346000052, 53.138142584000036 ], [ 7.182865370000059, 53.121709034000048 ], [ 7.202794359000052, 53.113281651000079 ], [ 7.199254856000039, 53.081018501000074 ], [ 7.217281327000023, 53.006983835000028 ], [ 7.181569824000064, 52.941303851000043 ], [ 7.087323856000069, 52.849928588000068 ], [ 7.092691941000055, 52.83820107400004 ], [ 7.072044834000053, 52.810874389000048 ], [ 7.055577137000057, 52.643369891000077 ], [ 7.041866613000025, 52.632680503000074 ], [ 6.975803860000042, 52.646256589000075 ], [ 6.919652199000041, 52.63984135100003 ], [ 6.913953220000053, 52.646674971000039 ], [ 6.873112273000061, 52.653116658000044 ], [ 6.752644481000061, 52.648132560000079 ], [ 6.710086444000069, 52.627318698000067 ], [ 6.727139788000045, 52.615051115000028 ], [ 6.718713, 52.588684278000073 ], [ 6.766621548000046, 52.561512583000081 ], [ 6.726180961000068, 52.56321200900004 ], [ 6.716080523000073, 52.54857101500005 ], [ 6.680868310000051, 52.553336399000045 ], [ 6.705367224000042, 52.520264319000034 ], [ 6.697720003000029, 52.486345214000039 ], [ 6.753103465000038, 52.463796974000047 ], [ 6.854307604000041, 52.45959874600004 ], [ 6.852613058000031, 52.449942956000029 ], [ 6.941683815000033, 52.435489633000032 ], [ 6.962381471000072, 52.44404650000007 ], [ 6.977563104000069, 52.465476519000049 ], [ 6.99180270200003, 52.467452568000056 ], [ 7.010888673000068, 52.429073067000047 ], [ 7.035834897000029, 52.40252617200008 ], [ 7.058798136000064, 52.399331585000027 ], [ 7.072191568000051, 52.373412439000049 ], [ 7.072173799000041, 52.352266367000027 ], [ 7.026305100000059, 52.287444125000036 ], [ 7.042444894000027, 52.256103371000052 ], [ 7.065868436000073, 52.241258981000044 ], [ 7.101885061000075, 52.243486770000061 ], [ 7.12124800600003, 52.261078156000053 ], [ 7.153168307000044, 52.266512540000065 ], [ 7.297889793000024, 52.263975125000059 ], [ 7.317481059000045, 52.280272245000049 ], [ 7.361554536000028, 52.288312396000038 ], [ 7.386480326000026, 52.309304159000078 ], [ 7.427224313000067, 52.314012517000037 ], [ 7.43777648400004, 52.333356520000052 ], [ 7.504727356000046, 52.360843700000032 ], [ 7.582104209000022, 52.376403904000028 ], [ 7.571322355000063, 52.381235064000066 ], [ 7.602719468000032, 52.421030693000034 ], [ 7.564310993000049, 52.432312214000035 ], [ 7.604230451000035, 52.47509025800008 ], [ 7.688382443000023, 52.453672656000037 ], [ 7.713825102000044, 52.401002380000079 ], [ 7.807088759000067, 52.371427031000053 ], [ 7.843035816000054, 52.369027648000042 ], [ 7.891770368000039, 52.380512983000074 ], [ 7.936669994000056, 52.364977258000067 ], [ 7.942009972000051, 52.347568669000054 ], [ 7.95349705600006, 52.347220999000058 ], [ 7.948563556000067, 52.335127610000029 ], [ 7.99060804800007, 52.309539592000078 ], [ 7.987240444000065, 52.303583748000051 ], [ 7.931790149000051, 52.301846074000082 ], [ 7.930761565000068, 52.286422086000073 ], [ 7.956465027000036, 52.272490580000067 ], [ 7.925623714000039, 52.262814463000041 ], [ 7.928134621000027, 52.230101249000029 ], [ 7.899768738000034, 52.208069030000047 ], [ 7.902993338000044, 52.198869288000026 ], [ 7.91294864300005, 52.185135337000077 ], [ 7.933986825000034, 52.176921888000038 ], [ 7.974333253000054, 52.171130317000063 ], [ 8.007512014000042, 52.175957470000071 ], [ 8.025188639000021, 52.163509515000044 ], [ 7.997386120000044, 52.154479990000027 ], [ 8.007796129000042, 52.115333146000069 ], [ 7.971769166000058, 52.11598301600003 ], [ 7.958074550000049, 52.105239920000031 ], [ 7.885159166000051, 52.083302459000038 ], [ 7.920704918000069, 52.057997088000036 ], [ 7.916921271000035, 52.051637214000039 ], [ 7.981101713000044, 52.035510017000036 ], [ 7.993717081000057, 52.049636088000057 ], [ 8.032748467000033, 52.068440936000059 ], [ 8.087008322000031, 52.06453018600007 ], [ 8.096448168000052, 52.057145183000046 ], [ 8.151526689000036, 52.07636442200004 ], [ 8.192494537000073, 52.072619338000038 ], [ 8.208913879000022, 52.096774292000077 ], [ 8.245896154000036, 52.121397300000069 ], [ 8.262539078000032, 52.12037848600005 ], [ 8.266731884000023, 52.132281204000037 ], [ 8.28714952100006, 52.135171798000044 ], [ 8.285250062000046, 52.125487840000062 ], [ 8.311215341000036, 52.118329089000042 ], [ 8.323918346000028, 52.125922 ], [ 8.363705641000024, 52.118352859000026 ], [ 8.373228239000071, 52.109812470000065 ], [ 8.404937059000076, 52.111488889000043 ], [ 8.410627538000028, 52.115773417000071 ], [ 8.404652012000042, 52.129957149000063 ], [ 8.412881586000026, 52.137605645000065 ], [ 8.481537185000036, 52.15988518100005 ], [ 8.51743732400007, 52.184950451000077 ], [ 8.460188309000046, 52.195954638000046 ], [ 8.442391794000059, 52.213306817000046 ], [ 8.461091779000071, 52.229112615000076 ], [ 8.459847692000039, 52.24280137900007 ], [ 8.468063211000072, 52.247113668000054 ], [ 8.458796592000056, 52.258184877000076 ], [ 8.466186370000059, 52.267613833000041 ], [ 8.457971600000064, 52.301996692000046 ], [ 8.47214914400007, 52.315364096000053 ], [ 8.460648531000061, 52.318731976000038 ], [ 8.442614889000026, 52.359009891000028 ], [ 8.393053297000051, 52.384637860000055 ], [ 8.314038742000037, 52.405728245000034 ], [ 8.322902665000072, 52.410729610000033 ], [ 8.315882071000033, 52.412523445000033 ], [ 8.322037248000072, 52.426162 ], [ 8.311724041000048, 52.436357413000053 ], [ 8.303992534000031, 52.434309109000026 ], [ 8.308312698000066, 52.444725551000033 ], [ 8.297213681000073, 52.456497908000074 ], [ 8.345690703000059, 52.452823159000047 ], [ 8.359687311000073, 52.444031125000038 ], [ 8.400104049000049, 52.450926849000041 ], [ 8.418134680000037, 52.444421504000047 ], [ 8.454290060000062, 52.461007064000057 ], [ 8.458861053000021, 52.491672286000039 ], [ 8.508848531000069, 52.514693377000071 ], [ 8.556857517000026, 52.49909565400003 ], [ 8.652550124000072, 52.531443429000035 ], [ 8.671481468000025, 52.517394696000054 ], [ 8.69031362000004, 52.518774568000026 ], [ 8.684122137000031, 52.514394663000076 ], [ 8.702061806000074, 52.50347337900007 ], [ 8.698548986000048, 52.486698278000063 ], [ 8.70932302500006, 52.477035851000039 ], [ 8.710709153000039, 52.46369801700007 ], [ 8.703326107000066, 52.443194801000061 ], [ 8.718080685000075, 52.429362912000045 ], [ 8.704833674000042, 52.418694006000067 ], [ 8.707486373000052, 52.395351266000034 ], [ 8.71523630400003, 52.392568796000035 ], [ 8.72491388100002, 52.400929228000052 ], [ 8.746086795000053, 52.387872224000034 ], [ 8.786783987000035, 52.398706474000051 ], [ 8.855101141000034, 52.38923412500003 ], [ 8.889183038000056, 52.395981218000031 ], [ 8.892460430000028, 52.405709424000065 ], [ 8.937104972000043, 52.401906199000052 ], [ 8.946065121000061, 52.413526755000078 ], [ 8.941128430000049, 52.416323328000033 ], [ 8.957962301000066, 52.416161313000032 ], [ 8.962192505000075, 52.424996035000049 ], [ 8.987056167000048, 52.432516423000038 ], [ 8.979175718000022, 52.436260545000039 ], [ 8.986727120000069, 52.445514424000066 ], [ 8.978418282000064, 52.450721617000056 ], [ 9.017038180000043, 52.460170394000045 ], [ 9.022950189000028, 52.477262 ], [ 9.044076448000055, 52.482646249000027 ], [ 9.05229369500006, 52.500113805000069 ], [ 9.09942042800003, 52.497477902000071 ], [ 9.136708747000057, 52.475545630000056 ], [ 9.123288968000054, 52.47461041400004 ], [ 9.125618081000027, 52.468295911000041 ], [ 9.102923074000046, 52.456926357000043 ], [ 9.094530001000066, 52.442823937000071 ], [ 9.11052317900004, 52.435427186000027 ], [ 9.109809323000036, 52.421872863000033 ], [ 9.123766661000047, 52.421547689000079 ], [ 9.121595840000055, 52.401662319000081 ], [ 9.095461469000043, 52.386662045000037 ], [ 9.098799448000022, 52.372947658000044 ], [ 9.083660408000071, 52.354788874000064 ], [ 9.05917506000003, 52.346860596000056 ], [ 9.057924826000033, 52.339577403000078 ], [ 9.027357220000056, 52.345610948000058 ], [ 9.018907987000034, 52.33098843700003 ], [ 8.998320816000046, 52.326214854000057 ], [ 8.988077145000034, 52.287568989000079 ], [ 8.963536743000077, 52.279026976000068 ], [ 8.978577319000067, 52.274791776000029 ], [ 8.974870267000028, 52.262555320000047 ], [ 9.076615815000025, 52.233437169000069 ], [ 9.05174781900007, 52.220212637000031 ], [ 9.035759915000028, 52.224525073000052 ], [ 9.034064501000046, 52.217640462000077 ], [ 9.045855734000043, 52.210785487000066 ], [ 9.04534921000004, 52.183773448000068 ], [ 9.021111203000032, 52.183836050000082 ], [ 9.013589637000052, 52.195374736000076 ], [ 9.006990673000075, 52.189517083000055 ], [ 8.994035623000059, 52.196137753000073 ], [ 8.985833623000076, 52.194598595000059 ], [ 9.021603182000035, 52.171999041000049 ], [ 9.012669278000033, 52.162410500000078 ], [ 9.017538681000076, 52.147744184000032 ], [ 9.011015900000075, 52.13577000600003 ], [ 9.071614899000053, 52.148258805000069 ], [ 9.067803093000066, 52.140251606000049 ], [ 9.107039403000044, 52.132385083000031 ], [ 9.129796432000035, 52.139746116000026 ], [ 9.153344073000028, 52.129146680000076 ], [ 9.159335104000036, 52.119840228000044 ], [ 9.135863065000024, 52.10583739100008 ], [ 9.132977916000073, 52.096629454000038 ], [ 9.155604698000047, 52.097829872000034 ], [ 9.154688560000068, 52.091792140000052 ], [ 9.176086965000025, 52.08611699800008 ], [ 9.193280775000062, 52.070311341000036 ], [ 9.174432495000076, 52.060427496000045 ], [ 9.172169130000043, 52.047370553000064 ], [ 9.197352970000054, 52.011671400000068 ], [ 9.179261562000022, 52.002690331000053 ], [ 9.196793757000023, 51.996917102000054 ], [ 9.176231466000047, 51.980352694000032 ], [ 9.187813208000023, 51.97281586400004 ], [ 9.185820220000039, 51.966181413000072 ], [ 9.208896029000073, 51.959855293000032 ], [ 9.216921993000028, 51.973624217000065 ], [ 9.274375359000032, 51.973603598000068 ], [ 9.286323836000065, 51.957109744000036 ], [ 9.263912830000038, 51.948053550000054 ], [ 9.277070262000052, 51.943853232000038 ], [ 9.272069028000033, 51.932304209000051 ], [ 9.286738085000025, 51.921048408000047 ], [ 9.315183034000029, 51.922668221000038 ], [ 9.340841883000053, 51.908002325000041 ], [ 9.34432657800005, 51.880201095000075 ], [ 9.335757386000068, 51.856051512000079 ], [ 9.323343736000027, 51.855060964000074 ], [ 9.334699755000031, 51.853610742000058 ], [ 9.362865542000065, 51.864878966000049 ], [ 9.404902438000022, 51.855592957000056 ], [ 9.45964873500003, 51.862797429000068 ], [ 9.460284809000029, 51.854670249000037 ], [ 9.433314686000074, 51.840666381000062 ], [ 9.442178495000064, 51.82922116900005 ], [ 9.427329971000063, 51.810491916000046 ], [ 9.44081744500005, 51.803451818000042 ], [ 9.436367412000038, 51.797015380000062 ], [ 9.448156882000035, 51.794799411000042 ], [ 9.402696727000034, 51.759371974000032 ], [ 9.384336130000065, 51.757850973000075 ], [ 9.375365201000022, 51.743614018000073 ], [ 9.394415503000062, 51.731971438000073 ], [ 9.387318167000046, 51.719390182000041 ], [ 9.401664935000042, 51.701656164000042 ], [ 9.386923490000072, 51.689822245000073 ], [ 9.395687619000057, 51.673988558000076 ], [ 9.379388531000075, 51.665926739000042 ], [ 9.374661799000023, 51.649845584000047 ], [ 9.453276431000063, 51.645748799000046 ], [ 9.494612786000062, 51.657362913000043 ], [ 9.491929532000029, 51.634721582000054 ], [ 9.516330175000064, 51.626191147000043 ], [ 9.543630864000022, 51.639866690000076 ], [ 9.570707597000023, 51.624719777000053 ], [ 9.625999284000045, 51.63691397000008 ], [ 9.637835474000042, 51.608804812000074 ], [ 9.688081410000052, 51.580002173000082 ], [ 9.684003674000053, 51.566532659000075 ], [ 9.630463403000022, 51.583847261000074 ], [ 9.626494365000042, 51.570088554000051 ], [ 9.647755440000026, 51.552510968000036 ], [ 9.622443388000022, 51.548672539000052 ], [ 9.609310282000024, 51.556905368000059 ], [ 9.621950143000049, 51.541866895000055 ], [ 9.62029717300004, 51.532513562000076 ], [ 9.585751023000057, 51.517317607000052 ], [ 9.619586507000065, 51.48102866000005 ], [ 9.643307637000021, 51.47003808900007 ], [ 9.630148643000041, 51.458209173000057 ], [ 9.627620523000076, 51.444208675000027 ], [ 9.643581790000042, 51.418260728000064 ], [ 9.630582160000074, 51.406106002000058 ], [ 9.578518258000031, 51.401411497000026 ], [ 9.55933697200004, 51.379233624000051 ], [ 9.576746408000076, 51.369294486000058 ], [ 9.548441127000046, 51.358955301000037 ], [ 9.568024929000046, 51.340001460000053 ], [ 9.581656973000065, 51.342196336000029 ], [ 9.604434635000075, 51.325555852000036 ], [ 9.621251572000062, 51.327788413000064 ], [ 9.632078660000047, 51.326339402000031 ], [ 9.638543097000024, 51.322392126000068 ], [ 9.632933188000038, 51.324429242000065 ], [ 9.628524068000047, 51.311902587000077 ], [ 9.669385916000067, 51.317710858000055 ], [ 9.732304393000049, 51.295231901000079 ], [ 9.768200360000037, 51.30672614100007 ], [ 9.775201991000074, 51.325196232000053 ], [ 9.763510414000052, 51.325339376000045 ], [ 9.772456280000029, 51.336290967000082 ], [ 9.738247707000028, 51.319428769000069 ], [ 9.702143787000068, 51.364571795000074 ], [ 9.738458652000077, 51.369212553000068 ], [ 9.765861309000059, 51.385977962000027 ], [ 9.801450107000051, 51.386914688000047 ], [ 9.794136665000053, 51.407159647000071 ], [ 9.816270451000037, 51.410466445000054 ], [ 9.840636601000028, 51.402641573000039 ], [ 9.84010663600003, 51.383593241000028 ], [ 9.865275915000041, 51.371612732000074 ], [ 9.850743074000036, 51.41441364700006 ], [ 9.868535203000022, 51.413790777000031 ], [ 9.878315341000075, 51.404476944000066 ], [ 9.883151811000062, 51.414966006000043 ], [ 9.906021117000023, 51.421138749000079 ], [ 9.91339337900007, 51.410631246000037 ], [ 9.90704332100006, 51.407711343000074 ], [ 9.931109065000044, 51.392733229000044 ], [ 9.928338772000075, 51.375298754000028 ], [ 9.965943386000049, 51.395476854000037 ], [ 10.000375476000045, 51.403655155000081 ], [ 10.009328775000029, 51.420603553000035 ], [ 10.037843720000069, 51.420004938000034 ], [ 10.05144247100003, 51.430321357000082 ], [ 10.046802958000058, 51.436673355000039 ], [ 10.058782046000033, 51.43489253100006 ], [ 10.069108089000053, 51.418438305000052 ], [ 10.08010799300007, 51.434560235000049 ], [ 10.150398774000053, 51.429424528000027 ], [ 10.140004545000068, 51.442614117000062 ], [ 10.174306043000058, 51.446256099000038 ], [ 10.186011892000067, 51.462174189000052 ], [ 10.178251590000059, 51.470016355000041 ], [ 10.201975121000032, 51.486519770000029 ], [ 10.218201975000056, 51.478539640000065 ], [ 10.216946043000064, 51.470075013000042 ], [ 10.235877850000065, 51.471428270000047 ], [ 10.244677551000052, 51.483735086000081 ], [ 10.29966982600007, 51.493896094000036 ], [ 10.308817636000072, 51.515139783000052 ], [ 10.342275478000033, 51.519497147000038 ], [ 10.348125353000057, 51.532173399000044 ], [ 10.36766403300004, 51.543036464000068 ], [ 10.372184974000049, 51.552992737000068 ], [ 10.365365040000029, 51.555890994000038 ], [ 10.378624329000047, 51.562706667000043 ], [ 10.378791030000059, 51.579381370000078 ], [ 10.370023394000043, 51.587536478000061 ], [ 10.444382462000021, 51.589656210000044 ], [ 10.49569585100005, 51.572788246000073 ], [ 10.518973761000041, 51.55376345500008 ], [ 10.560269030000029, 51.557067988000028 ], [ 10.604264264000051, 51.579575311000042 ], [ 10.636525145000064, 51.562226505000069 ], [ 10.66074487700007, 51.560752354000044 ], [ 10.666306959000053, 51.578098684000054 ], [ 10.638674695000077, 51.584116966000067 ], [ 10.634444568000049, 51.594305708000036 ], [ 10.633496085000047, 51.607902922000051 ], [ 10.649000507000039, 51.606514215000061 ], [ 10.638209992000043, 51.619437036000079 ], [ 10.682480919000056, 51.62891703300005 ], [ 10.677282757000057, 51.638375860000053 ], [ 10.701371992000077, 51.642187644000046 ], [ 10.670507134000047, 51.666912682000032 ], [ 10.663060041000051, 51.691212377000056 ], [ 10.672617031000073, 51.696965543000033 ], [ 10.66830728900004, 51.709908031000055 ], [ 10.642022649000069, 51.725289541000052 ], [ 10.626096715000074, 51.759016896000048 ], [ 10.591200480000055, 51.768987652000078 ], [ 10.574174336000056, 51.811126566000041 ], [ 10.588429865000023, 51.835785772000065 ], [ 10.579100529000073, 51.848257255000078 ], [ 10.602615383000057, 51.854545133000045 ], [ 10.649322126000072, 51.889104935000034 ], [ 10.648214683000049, 51.908244767000042 ], [ 10.613313788000028, 51.921515277000026 ], [ 10.613260484000023, 51.939467874000059 ], [ 10.651303746000053, 51.957561078000026 ], [ 10.641704442000048, 51.962627964000035 ], [ 10.61994121500004, 51.957678621000071 ], [ 10.619617076000054, 51.966936155000042 ], [ 10.606237285000077, 51.968665723000072 ], [ 10.606232853000051, 51.977287408000052 ], [ 10.585689560000048, 51.976229724000063 ], [ 10.586778821000053, 51.982731841000032 ], [ 10.561226988000044, 52.004065940000032 ], [ 10.592280206000055, 52.014203527000063 ], [ 10.600194240000064, 52.007165677000046 ], [ 10.626019658000075, 52.008197848000066 ], [ 10.621436009000035, 52.010334264000051 ], [ 10.655491985000026, 52.024686617000043 ], [ 10.647886656000026, 52.041720816000065 ], [ 10.687385237000058, 52.048138207000079 ], [ 10.759892655000044, 52.045085088000064 ], [ 10.851441979000072, 52.05033732000004 ], [ 10.878944232000038, 52.059203040000057 ], [ 10.96441459700003, 52.056643160000078 ], [ 10.973049718000027, 52.073123931000055 ], [ 10.970652820000055, 52.08626494300006 ], [ 10.942004994000058, 52.094362849000049 ], [ 10.942159787000037, 52.103090284000075 ], [ 10.97687750700004, 52.105728854000063 ], [ 11.017470083000035, 52.128259734000039 ], [ 11.04413517200004, 52.133665504000078 ], [ 11.045039177000035, 52.143553843000063 ], [ 11.060428364000074, 52.153474011000071 ], [ 11.054618484000059, 52.160256076000053 ], [ 11.060336962000065, 52.172387408000077 ], [ 11.019244599000046, 52.178087020000078 ], [ 11.013646589000075, 52.199556191000056 ], [ 11.02457987400004, 52.201095824000049 ], [ 11.029448371000058, 52.211448374000042 ], [ 11.077184889000023, 52.218676564000077 ], [ 11.086244119000071, 52.228633838000064 ], [ 11.073267500000043, 52.243239691000042 ], [ 11.058907194000028, 52.240651771000046 ], [ 11.052167702000077, 52.267363551000074 ], [ 11.029066818000047, 52.270121023000058 ], [ 11.013800797000044, 52.286649050000051 ], [ 11.039222682000059, 52.30167186500006 ], [ 11.036015160000034, 52.310396039000068 ], [ 11.011616662000051, 52.328241065000043 ], [ 11.001076691000037, 52.32748052200003 ], [ 11.002083240000047, 52.336585384000045 ], [ 10.987912499000061, 52.335015948000034 ], [ 10.983673924000072, 52.341686462000041 ], [ 11.057474478000074, 52.350333146000082 ], [ 11.068684252000025, 52.355477636000046 ], [ 11.067000153000038, 52.36987737700008 ], [ 11.074479825000026, 52.374403266000058 ], [ 11.046752836000053, 52.387870177000082 ], [ 11.015160053000045, 52.388106807000042 ], [ 11.018695124000033, 52.39704204700007 ], [ 11.005578878000051, 52.408871528000077 ], [ 10.933745728000076, 52.460952127000041 ], [ 10.934584997000059, 52.476174396000033 ], [ 10.949993653000035, 52.495605652000052 ], [ 10.974840401000051, 52.50136334900003 ], [ 11.008781744000032, 52.496747645000028 ], [ 10.958992317000025, 52.535553972000059 ], [ 10.937575735000053, 52.567399653000052 ], [ 10.947435541000061, 52.582550068000046 ], [ 10.939817470000037, 52.589573100000052 ], [ 10.975629190000063, 52.606824913000082 ], [ 10.976967998000077, 52.624141618000067 ], [ 10.921411939000052, 52.610437082000033 ], [ 10.925026272000025, 52.614596855000059 ], [ 10.904377968000063, 52.627466782000056 ], [ 10.877758850000021, 52.663832479000064 ], [ 10.837507475000052, 52.695809593000035 ], [ 10.829703151000047, 52.716135165000026 ], [ 10.796696774000054, 52.714326357000061 ], [ 10.788176141000065, 52.733172316000037 ], [ 10.791665848000036, 52.748196580000069 ], [ 10.776207966000072, 52.75478884100005 ], [ 10.75532124700004, 52.784829634000062 ], [ 10.761743760000059, 52.802726389000043 ], [ 10.756946307000021, 52.81977474200005 ], [ 10.771728831000075, 52.833945675000052 ], [ 10.764697233000049, 52.84047926900007 ], [ 10.866102062000039, 52.855725989000064 ], [ 10.884683581000047, 52.845796342000028 ], [ 10.895667014000026, 52.856372761000046 ], [ 10.93963351900004, 52.853335511000068 ], [ 10.968082323000033, 52.879320721000056 ], [ 10.985508337000056, 52.882033212000067 ], [ 10.992572501000041, 52.90645741000003 ], [ 11.00207578800007, 52.911476649000065 ], [ 11.098675785000069, 52.91287668800004 ], [ 11.093187302000047, 52.899471424000069 ], [ 11.106405529000028, 52.896223479000071 ], [ 11.155257873000039, 52.906210568000063 ], [ 11.220645293000075, 52.897666356000059 ], [ 11.241125626000041, 52.879018252000037 ], [ 11.290662086000054, 52.889125662000026 ], [ 11.295410670000024, 52.874906897000074 ], [ 11.314250103000063, 52.878236319000052 ], [ 11.384778189000031, 52.903578430000039 ], [ 11.406577801000026, 52.904102200000068 ], [ 11.470061657000031, 52.938925629000039 ], [ 11.505026760000021, 52.941032668000048 ], [ 11.492342520000022, 52.959662884000068 ], [ 11.512490564000075, 53.007444927000051 ], [ 11.556416553000076, 52.998665804000041 ], [ 11.56044386700006, 53.003799708000031 ], [ 11.552090030000045, 53.004728472000068 ], [ 11.559249505000025, 53.013080327000068 ], [ 11.598078495000038, 53.034548161000032 ], [ 11.548103728000058, 53.052393362000032 ], [ 11.502138466000076, 53.050122439000063 ], [ 11.448379406000072, 53.078381582000077 ], [ 11.338867152000034, 53.05509894100004 ], [ 11.273159371000077, 53.097218737000048 ], [ 11.265731921000054, 53.121977896000033 ] ], [ [ 8.613037882000071, 53.19856578200006 ], [ 8.615217568000048, 53.195910920000074 ], [ 8.611903031000054, 53.197442337000041 ], [ 8.613037882000071, 53.19856578200006 ] ], [ [ 8.504608167000072, 53.228919298000051 ], [ 8.553698911000026, 53.207805802000053 ], [ 8.578477888000066, 53.217269524000073 ], [ 8.599039076000054, 53.212546231000033 ], [ 8.581097702000022, 53.198707248000062 ], [ 8.580352119000054, 53.190027685000075 ], [ 8.59325143600006, 53.183633719000056 ], [ 8.627994030000025, 53.198372353000082 ], [ 8.663828357000057, 53.176243845000045 ], [ 8.699357718000044, 53.185479432000079 ], [ 8.706292568000038, 53.175421120000067 ], [ 8.714396467000029, 53.183002400000078 ], [ 8.728652284000077, 53.180224491000047 ], [ 8.743081930000073, 53.172277492000035 ], [ 8.741246364000062, 53.164635521000037 ], [ 8.77539574900004, 53.158684024000081 ], [ 8.829227339000056, 53.164376278000077 ], [ 8.864023195000073, 53.131723516000079 ], [ 8.903929660000074, 53.138176187000056 ], [ 8.91214330400004, 53.132618801000035 ], [ 8.920907502000034, 53.144654358000082 ], [ 8.945082912000032, 53.152012992000039 ], [ 8.984185253000021, 53.126070931000072 ], [ 8.947017837000033, 53.116100810000034 ], [ 8.962989042000061, 53.100298638000027 ], [ 8.990913202000058, 53.096672763000072 ], [ 8.961377207000055, 53.085218114000043 ], [ 8.963728920000051, 53.057426218000046 ], [ 8.98026713400003, 53.046747058000051 ], [ 8.938130437000041, 53.024985643000036 ], [ 8.935915522000073, 53.01366704000003 ], [ 8.91582704800004, 53.011021380000045 ], [ 8.891157226000075, 53.015389876000029 ], [ 8.867234972000062, 53.03300381400004 ], [ 8.867006165000021, 53.040832616000046 ], [ 8.861867115000052, 53.03617788400004 ], [ 8.866756114000054, 53.022117237000032 ], [ 8.850792364000029, 53.016607763000081 ], [ 8.849840640000025, 53.023371208000071 ], [ 8.822005429000058, 53.021266773000036 ], [ 8.778297674000044, 53.039666686000032 ], [ 8.770704766000051, 53.053406973000051 ], [ 8.756270723000057, 53.038780544000076 ], [ 8.731491654000024, 53.034932534000063 ], [ 8.709801138000046, 53.046018221000054 ], [ 8.70915481000003, 53.075908336000055 ], [ 8.666494272000023, 53.091558801000076 ], [ 8.669831092000038, 53.102974704000076 ], [ 8.654898619000051, 53.108864587000028 ], [ 8.657680503000051, 53.118491929000072 ], [ 8.651966922000042, 53.116445420000048 ], [ 8.631066568000051, 53.138175617000059 ], [ 8.619465302000037, 53.167520760000059 ], [ 8.504711920000034, 53.200786054000048 ], [ 8.481735119000064, 53.226449544000047 ], [ 8.504608167000072, 53.228919298000051 ] ], [ [ 8.643769177000024, 53.605473388000064 ], [ 8.653535034000072, 53.610050819000037 ], [ 8.660884274000068, 53.607086437000078 ], [ 8.643769177000024, 53.605473388000064 ] ] ] ] } },
{ "type": "Feature", "properties": { "shapeName": "Nordrhein-Westfalen", "shapeISO": "DE-NW", "shapeType": "ADM1" }, "geometry": { "type": "MultiPolygon", "coordinates": [ [ [ [ 6.205108756000072, 50.521969388000059 ], [ 6.195291313000041, 50.530981474000043 ], [ 6.187262266000062, 50.527089875000058 ], [ 6.192200701000047, 50.521055618000048 ], [ 6.205108756000072, 50.521969388000059 ] ] ], [ [ [ 9.440456998000059, 51.650394024000036 ], [ 9.374661799000023, 51.649845584000047 ], [ 9.379388531000075, 51.665926739000042 ], [ 9.395687619000057, 51.673988558000076 ], [ 9.386923490000072, 51.689822245000073 ], [ 9.401664935000042, 51.701656164000042 ], [ 9.387318167000046, 51.719390182000041 ], [ 9.394415503000062, 51.731971438000073 ], [ 9.375365201000022, 51.743614018000073 ], [ 9.384336130000065, 51.757850973000075 ], [ 9.402696727000034, 51.759371974000032 ], [ 9.448156882000035, 51.794799411000042 ], [ 9.436367412000038, 51.797015380000062 ], [ 9.44081744500005, 51.803451818000042 ], [ 9.427329971000063, 51.810491916000046 ], [ 9.442178495000064, 51.82922116900005 ], [ 9.433314686000074, 51.840666381000062 ], [ 9.460284809000029, 51.854670249000037 ], [ 9.45964873500003, 51.862797429000068 ], [ 9.404902438000022, 51.855592957000056 ], [ 9.362865542000065, 51.864878966000049 ], [ 9.334699755000031, 51.853610742000058 ], [ 9.323343736000027, 51.855060964000074 ], [ 9.335757386000068, 51.856051512000079 ], [ 9.34432657800005, 51.880201095000075 ], [ 9.340841883000053, 51.908002325000041 ], [ 9.315183034000029, 51.922668221000038 ], [ 9.286738085000025, 51.921048408000047 ], [ 9.272069028000033, 51.932304209000051 ], [ 9.277070262000052, 51.943853232000038 ], [ 9.263912830000038, 51.948053550000054 ], [ 9.286323836000065, 51.957109744000036 ], [ 9.274375359000032, 51.973603598000068 ], [ 9.216921993000028, 51.973624217000065 ], [ 9.208896029000073, 51.959855293000032 ], [ 9.185820220000039, 51.966181413000072 ], [ 9.187813208000023, 51.97281586400004 ], [ 9.176231466000047, 51.980352694000032 ], [ 9.196793757000023, 51.996917102000054 ], [ 9.179261562000022, 52.002690331000053 ], [ 9.197352970000054, 52.011671400000068 ], [ 9.172169130000043, 52.047370553000064 ], [ 9.174432495000076, 52.060427496000045 ], [ 9.193280775000062, 52.070311341000036 ], [ 9.176086965000025, 52.08611699800008 ], [ 9.154688560000068, 52.091792140000052 ], [ 9.155604698000047, 52.097829872000034 ], [ 9.132977916000073, 52.096629454000038 ], [ 9.135863065000024, 52.10583739100008 ], [ 9.159335104000036, 52.119840228000044 ], [ 9.153344073000028, 52.129146680000076 ], [ 9.129796432000035, 52.139746116000026 ], [ 9.099140411000064, 52.133021406000069 ], [ 9.067803093000066, 52.140251606000049 ], [ 9.071614899000053, 52.148258805000069 ], [ 9.063024032000044, 52.148468620000074 ], [ 9.017792062000069, 52.132426673000055 ], [ 9.011015900000075, 52.13577000600003 ], [ 9.017538681000076, 52.147744184000032 ], [ 9.012669278000033, 52.162410500000078 ], [ 9.021603182000035, 52.171999041000049 ], [ 8.985833623000076, 52.194598595000059 ], [ 9.006990673000075, 52.189517083000055 ], [ 9.013589637000052, 52.195374736000076 ], [ 9.021111203000032, 52.183836050000082 ], [ 9.04534921000004, 52.183773448000068 ], [ 9.045855734000043, 52.210785487000066 ], [ 9.034064501000046, 52.217640462000077 ], [ 9.035759915000028, 52.224525073000052 ], [ 9.05174781900007, 52.220212637000031 ], [ 9.076449076000074, 52.232578341000078 ], [ 8.974870267000028, 52.262555320000047 ], [ 8.978577319000067, 52.274791776000029 ], [ 8.963536743000077, 52.279026976000068 ], [ 8.988077145000034, 52.287568989000079 ], [ 8.998320816000046, 52.326214854000057 ], [ 9.018907987000034, 52.33098843700003 ], [ 9.027357220000056, 52.345610948000058 ], [ 9.057924826000033, 52.339577403000078 ], [ 9.05917506000003, 52.346860596000056 ], [ 9.085110546000067, 52.35585840400006 ], [ 9.098799448000022, 52.372947658000044 ], [ 9.095461469000043, 52.386662045000037 ], [ 9.117431993000025, 52.397147496000059 ], [ 9.125252412000066, 52.411993357000028 ], [ 9.123766661000047, 52.421547689000079 ], [ 9.105945639000026, 52.425183137000033 ], [ 9.11052317900004, 52.435427186000027 ], [ 9.094530001000066, 52.442823937000071 ], [ 9.102923074000046, 52.456926357000043 ], [ 9.125618081000027, 52.468295911000041 ], [ 9.123288968000054, 52.47461041400004 ], [ 9.136708747000057, 52.475545630000056 ], [ 9.13197374300006, 52.483982665000042 ], [ 9.112375503000067, 52.485781932000066 ], [ 9.09942042800003, 52.497477902000071 ], [ 9.052656210000066, 52.500298051000073 ], [ 9.044076448000055, 52.482646249000027 ], [ 9.022950189000028, 52.477262 ], [ 9.017038180000043, 52.460170394000045 ], [ 8.978418282000064, 52.450721617000056 ], [ 8.986727120000069, 52.445514424000066 ], [ 8.979175718000022, 52.436260545000039 ], [ 8.987056167000048, 52.432516423000038 ], [ 8.962192505000075, 52.424996035000049 ], [ 8.957962301000066, 52.416161313000032 ], [ 8.941128430000049, 52.416323328000033 ], [ 8.946065121000061, 52.413526755000078 ], [ 8.937104972000043, 52.401906199000052 ], [ 8.892460430000028, 52.405709424000065 ], [ 8.889183038000056, 52.395981218000031 ], [ 8.855101141000034, 52.38923412500003 ], [ 8.786783987000035, 52.398706474000051 ], [ 8.746086795000053, 52.387872224000034 ], [ 8.72491388100002, 52.400929228000052 ], [ 8.71523630400003, 52.392568796000035 ], [ 8.707486373000052, 52.395351266000034 ], [ 8.704833674000042, 52.418694006000067 ], [ 8.718080685000075, 52.429362912000045 ], [ 8.703326107000066, 52.443194801000061 ], [ 8.710709153000039, 52.46369801700007 ], [ 8.70932302500006, 52.477035851000039 ], [ 8.698548986000048, 52.486698278000063 ], [ 8.702061806000074, 52.50347337900007 ], [ 8.684122137000031, 52.514394663000076 ], [ 8.69031362000004, 52.518774568000026 ], [ 8.671481468000025, 52.517394696000054 ], [ 8.652550124000072, 52.531443429000035 ], [ 8.556857517000026, 52.49909565400003 ], [ 8.508848531000069, 52.514693377000071 ], [ 8.458861053000021, 52.491672286000039 ], [ 8.454290060000062, 52.461007064000057 ], [ 8.418134680000037, 52.444421504000047 ], [ 8.400104049000049, 52.450926849000041 ], [ 8.359687311000073, 52.444031125000038 ], [ 8.303432823000037, 52.45900479900007 ], [ 8.297213681000073, 52.456497908000074 ], [ 8.308312698000066, 52.444725551000033 ], [ 8.303992534000031, 52.434309109000026 ], [ 8.311724041000048, 52.436357413000053 ], [ 8.322037248000072, 52.426162 ], [ 8.315882071000033, 52.412523445000033 ], [ 8.322902665000072, 52.410729610000033 ], [ 8.314038742000037, 52.405728245000034 ], [ 8.393053297000051, 52.384637860000055 ], [ 8.442614889000026, 52.359009891000028 ], [ 8.460648531000061, 52.318731976000038 ], [ 8.47214914400007, 52.315364096000053 ], [ 8.457971600000064, 52.301996692000046 ], [ 8.466186370000059, 52.267613833000041 ], [ 8.458796592000056, 52.258184877000076 ], [ 8.468063211000072, 52.247113668000054 ], [ 8.459847692000039, 52.24280137900007 ], [ 8.461091779000071, 52.229112615000076 ], [ 8.442391794000059, 52.213306817000046 ], [ 8.460188309000046, 52.195954638000046 ], [ 8.51743732400007, 52.184950451000077 ], [ 8.481537185000036, 52.15988518100005 ], [ 8.412881586000026, 52.137605645000065 ], [ 8.404652012000042, 52.129957149000063 ], [ 8.410627538000028, 52.115773417000071 ], [ 8.404937059000076, 52.111488889000043 ], [ 8.373228239000071, 52.109812470000065 ], [ 8.363705641000024, 52.118352859000026 ], [ 8.323918346000028, 52.125922 ], [ 8.311215341000036, 52.118329089000042 ], [ 8.285250062000046, 52.125487840000062 ], [ 8.28714952100006, 52.135171798000044 ], [ 8.266731884000023, 52.132281204000037 ], [ 8.262539078000032, 52.12037848600005 ], [ 8.245896154000036, 52.121397300000069 ], [ 8.208913879000022, 52.096774292000077 ], [ 8.192494537000073, 52.072619338000038 ], [ 8.151526689000036, 52.07636442200004 ], [ 8.096448168000052, 52.057145183000046 ], [ 8.087008322000031, 52.06453018600007 ], [ 8.032748467000033, 52.068440936000059 ], [ 7.993717081000057, 52.049636088000057 ], [ 7.981101713000044, 52.035510017000036 ], [ 7.916921271000035, 52.051637214000039 ], [ 7.920704918000069, 52.057997088000036 ], [ 7.885163361000025, 52.083534761000067 ], [ 7.958074550000049, 52.105239920000031 ], [ 7.971769166000058, 52.11598301600003 ], [ 8.007796129000042, 52.115333146000069 ], [ 7.997386120000044, 52.154479990000027 ], [ 8.023015027000042, 52.16017968500006 ], [ 8.016978013000028, 52.172050701000046 ], [ 7.933986825000034, 52.176921888000038 ], [ 7.91294864300005, 52.185135337000077 ], [ 7.899840167000036, 52.206828612000038 ], [ 7.926551191000044, 52.226512383000056 ], [ 7.925623714000039, 52.262814463000041 ], [ 7.956465027000036, 52.272490580000067 ], [ 7.930761565000068, 52.286422086000073 ], [ 7.931790149000051, 52.301846074000082 ], [ 7.987240444000065, 52.303583748000051 ], [ 7.99060804800007, 52.309539592000078 ], [ 7.948563556000067, 52.335127610000029 ], [ 7.95349705600006, 52.347220999000058 ], [ 7.942009972000051, 52.347568669000054 ], [ 7.936669994000056, 52.364977258000067 ], [ 7.891770368000039, 52.380512983000074 ], [ 7.843035816000054, 52.369027648000042 ], [ 7.807088759000067, 52.371427031000053 ], [ 7.713825102000044, 52.401002380000079 ], [ 7.688382443000023, 52.453672656000037 ], [ 7.604230451000035, 52.47509025800008 ], [ 7.564310993000049, 52.432312214000035 ], [ 7.602719468000032, 52.421030693000034 ], [ 7.571322355000063, 52.381235064000066 ], [ 7.582104209000022, 52.376403904000028 ], [ 7.504727356000046, 52.360843700000032 ], [ 7.43777648400004, 52.333356520000052 ], [ 7.427224313000067, 52.314012517000037 ], [ 7.386480326000026, 52.309304159000078 ], [ 7.361554536000028, 52.288312396000038 ], [ 7.317481059000045, 52.280272245000049 ], [ 7.297889793000024, 52.263975125000059 ], [ 7.153168307000044, 52.266512540000065 ], [ 7.12124800600003, 52.261078156000053 ], [ 7.105451182000024, 52.244583871000032 ], [ 7.065868436000073, 52.241258981000044 ], [ 7.03897020200003, 52.227647176000062 ], [ 6.989196604000028, 52.226859492000074 ], [ 6.951315878000059, 52.181006766000053 ], [ 6.906802156000026, 52.175176087000068 ], [ 6.88044594400003, 52.155995199000074 ], [ 6.873352203000024, 52.130201034000038 ], [ 6.855393157000037, 52.12043428800007 ], [ 6.760630183000046, 52.118723017000036 ], [ 6.755072115000075, 52.094899564000059 ], [ 6.744523272000038, 52.093084053000041 ], [ 6.751215832000071, 52.08549339700005 ], [ 6.735590768000066, 52.074678149000079 ], [ 6.69465294500003, 52.06980283300004 ], [ 6.687725947000047, 52.039899167000044 ], [ 6.752642021000042, 52.02864713200006 ], [ 6.807750805000069, 51.994998935000069 ], [ 6.82657389000002, 51.993532016000074 ], [ 6.832877162000045, 51.971841826000059 ], [ 6.828513097000041, 51.964066709000065 ], [ 6.798644224000043, 51.958817731000067 ], [ 6.78889481300007, 51.929650446000039 ], [ 6.732607205000022, 51.898707143000081 ], [ 6.721664071000021, 51.896174774000031 ], [ 6.684230647000049, 51.917617563000078 ], [ 6.560400525000034, 51.882101046000059 ], [ 6.544463493000023, 51.884669563000045 ], [ 6.472575542000072, 51.853808455000035 ], [ 6.451067654000042, 51.865314234000039 ], [ 6.432406619000062, 51.85939423700006 ], [ 6.390815829000076, 51.873933845000067 ], [ 6.388056793000032, 51.86195241300004 ], [ 6.409190007000063, 51.852331896000067 ], [ 6.402422192000074, 51.844569165000053 ], [ 6.407779667000057, 51.828091940000036 ], [ 6.401752482000063, 51.827292286000045 ], [ 6.36294024700004, 51.836230080000064 ], [ 6.360171322000042, 51.845796016000065 ], [ 6.346811817000059, 51.85064718600006 ], [ 6.306560848000061, 51.84921544000008 ], [ 6.298936168000068, 51.867895416000067 ], [ 6.279517512000041, 51.874084353000057 ], [ 6.215439031000074, 51.867795970000032 ], [ 6.185242671000026, 51.881502107000074 ], [ 6.181897889000027, 51.885903950000056 ], [ 6.191121480000049, 51.891644842000062 ], [ 6.169563979000031, 51.901340979000054 ], [ 6.118046671000059, 51.901669637000055 ], [ 6.103341257000068, 51.892616974000077 ], [ 6.137377108000067, 51.885585138000067 ], [ 6.144510057000048, 51.869859165000037 ], [ 6.166815206000024, 51.860969743000055 ], [ 6.16640764300007, 51.840834719000043 ], [ 6.099342202000059, 51.849485733000051 ], [ 6.063382485000034, 51.86544393500003 ], [ 6.051808154000071, 51.856631777000075 ], [ 6.055267492000041, 51.852303918000075 ], [ 6.035009645000059, 51.842865232000065 ], [ 5.99368174500006, 51.830830078000076 ], [ 5.96289041600005, 51.836791703000074 ], [ 5.945029570000031, 51.823656344000028 ], [ 5.957807209000066, 51.817156023000052 ], [ 5.948134177000043, 51.811292730000048 ], [ 5.978174334000073, 51.797231790000069 ], [ 5.974578557000029, 51.785045891000038 ], [ 5.990531851000071, 51.783187682000062 ], [ 5.982323473000065, 51.773668947000033 ], [ 5.990529297000023, 51.76624483300003 ], [ 5.952021667000054, 51.749099120000039 ], [ 5.955123398000069, 51.738065262000077 ], [ 5.99246310500007, 51.738584910000043 ], [ 6.029083903000071, 51.725679178000064 ], [ 6.044985345000043, 51.71697953100005 ], [ 6.026395647000072, 51.709278072000075 ], [ 6.03072258800006, 51.677113244000054 ], [ 6.118240238000055, 51.656086219000031 ], [ 6.093983594000065, 51.622132496000063 ], [ 6.091235346000076, 51.605909311000062 ], [ 6.157022338000047, 51.566678334000073 ], [ 6.177020476000052, 51.53866540000007 ], [ 6.212084664000031, 51.513378407000062 ], [ 6.22317152100004, 51.468932039000038 ], [ 6.205219800000066, 51.399518307000051 ], [ 6.226378866000061, 51.399656936000042 ], [ 6.214416332000042, 51.389629405000051 ], [ 6.226129918000026, 51.360517647000052 ], [ 6.18984002600007, 51.339349926000068 ], [ 6.193070745000057, 51.334731867000073 ], [ 6.168622607000032, 51.332949248000034 ], [ 6.124480767000023, 51.274584891000075 ], [ 6.072656925000047, 51.24258730400004 ], [ 6.085775801000068, 51.222605451000049 ], [ 6.067974200000037, 51.220514093000077 ], [ 6.073337852000066, 51.182966727000064 ], [ 6.082306252000024, 51.171638425000026 ], [ 6.100093174000051, 51.169970584000055 ], [ 6.165018325000062, 51.194360643000039 ], [ 6.18069893400002, 51.186425472000053 ], [ 6.138811263000036, 51.173333125000056 ], [ 6.175415267000062, 51.158479774000057 ], [ 6.163406556000041, 51.148841370000071 ], [ 6.091868348000048, 51.134973968000054 ], [ 6.087061266000035, 51.124628072000064 ], [ 6.060305530000051, 51.115931861000035 ], [ 6.037468680000075, 51.097034861000054 ], [ 5.997787242000072, 51.084259314000064 ], [ 5.969847317000074, 51.060605925000061 ], [ 5.968971371000066, 51.046653174000028 ], [ 5.957887701000061, 51.034709984000074 ], [ 5.938114703000053, 51.03514072300004 ], [ 5.913170487000059, 51.066731137000033 ], [ 5.892345099000067, 51.053228153000077 ], [ 5.866250351000076, 51.051203760000078 ], [ 5.878025523000076, 51.037544940000032 ], [ 5.878664631000049, 51.018140868000046 ], [ 5.905518057000052, 51.002159678000055 ], [ 5.903812808000055, 50.987495489000025 ], [ 5.892668412000035, 50.980347455000071 ], [ 5.897198106000076, 50.974845396000035 ], [ 5.955159322000043, 50.988406007000037 ], [ 5.968203751000033, 50.979469972000061 ], [ 6.026435005000053, 50.98327404500003 ], [ 6.005263992000039, 50.956836378000048 ], [ 6.016799121000076, 50.952511836000042 ], [ 6.018160184000067, 50.934436771000037 ], [ 6.050868140000034, 50.929995151000071 ], [ 6.056661757000029, 50.921772284000042 ], [ 6.093924752000021, 50.921325465000052 ], [ 6.075313039000036, 50.893400450000058 ], [ 6.088189822000061, 50.872433815000079 ], [ 6.073980156000061, 50.84678026000006 ], [ 6.054839995000066, 50.857353501000034 ], [ 6.018875020000053, 50.846274428000072 ], [ 6.025050641000064, 50.814164499000071 ], [ 6.003484268000022, 50.801313733000029 ], [ 5.98402696900007, 50.810085487000038 ], [ 5.97486142300005, 50.797972953000055 ], [ 6.027798682000025, 50.77373360100006 ], [ 6.018323664000036, 50.763172164000082 ], [ 6.021394331000067, 50.753113846000076 ], [ 6.040480906000028, 50.745512576000067 ], [ 6.033151439000051, 50.730984971000055 ], [ 6.039029649000042, 50.718378112000039 ], [ 6.044563166000046, 50.728360223000038 ], [ 6.115293948000044, 50.722114023000074 ], [ 6.16528106100003, 50.662789816000043 ], [ 6.188022601000057, 50.665145316000064 ], [ 6.195538593000038, 50.662931105000041 ], [ 6.197130958000059, 50.656737283000041 ], [ 6.183974264000028, 50.647111571000039 ], [ 6.187662378000027, 50.641110111000046 ], [ 6.219733164000047, 50.64120962700008 ], [ 6.231505208000044, 50.649982553000029 ], [ 6.266895404000024, 50.64152787300003 ], [ 6.273982673000035, 50.628205594000065 ], [ 6.247746049000057, 50.603708963000031 ], [ 6.236760624000055, 50.566252807000069 ], [ 6.225794546000031, 50.554461676000074 ], [ 6.211950553000065, 50.553767985000036 ], [ 6.19699543400003, 50.531031951000045 ], [ 6.207160032000047, 50.524272832000065 ], [ 6.226631720000057, 50.494368663000046 ], [ 6.269941266000046, 50.504511771000068 ], [ 6.351259021000033, 50.488267792000045 ], [ 6.337486434000027, 50.474748327000043 ], [ 6.340231706000054, 50.462591280000026 ], [ 6.371823937000045, 50.455582355000047 ], [ 6.377623397000036, 50.439388974000053 ], [ 6.366705781000064, 50.419162211000071 ], [ 6.369877124000027, 50.408930695000038 ], [ 6.342218728000034, 50.380005527000037 ], [ 6.360603494000031, 50.37145044500005 ], [ 6.368075245000057, 50.358111783000027 ], [ 6.398321002000046, 50.345660947000056 ], [ 6.407870067000033, 50.335133962000043 ], [ 6.405028255000047, 50.323308693000058 ], [ 6.425294811000072, 50.323011954000037 ], [ 6.42406186200003, 50.333826805000058 ], [ 6.407908814000052, 50.339379732000054 ], [ 6.397181221000039, 50.357911933000025 ], [ 6.405977283000027, 50.36382203200003 ], [ 6.395452201000069, 50.361418706000052 ], [ 6.38500583900003, 50.384186659000079 ], [ 6.413042934000032, 50.389485962000037 ], [ 6.422030762000077, 50.381947898000078 ], [ 6.414850020000074, 50.374546207000037 ], [ 6.420877816000029, 50.368903042000056 ], [ 6.430023535000032, 50.363189940000041 ], [ 6.448561199000039, 50.371338361000028 ], [ 6.461162141000045, 50.359026861000075 ], [ 6.451615287000038, 50.33642410300007 ], [ 6.46598205500004, 50.342588919000036 ], [ 6.484743817000037, 50.338561071000072 ], [ 6.507121786000027, 50.359877312000037 ], [ 6.516404468000076, 50.355387991000043 ], [ 6.530450524000059, 50.369345354000075 ], [ 6.559015792000025, 50.369409997000048 ], [ 6.603085713000041, 50.38822220600008 ], [ 6.604088071000035, 50.375119377000033 ], [ 6.627430004000075, 50.371917218000078 ], [ 6.623559011000054, 50.351626981000038 ], [ 6.649958652000066, 50.348167735000061 ], [ 6.65601474500005, 50.367435429000068 ], [ 6.667350811000063, 50.371967760000075 ], [ 6.686767538000026, 50.358378770000058 ], [ 6.699244644000032, 50.336097402000064 ], [ 6.732403727000076, 50.35249742600007 ], [ 6.776766458000054, 50.358088627000029 ], [ 6.777686249000055, 50.364433787000053 ], [ 6.800711449000062, 50.361781337000082 ], [ 6.802745410000057, 50.369304622000072 ], [ 6.78468736800005, 50.374750564000067 ], [ 6.769311744000049, 50.392747980000081 ], [ 6.785122975000036, 50.420633303000045 ], [ 6.770693111000071, 50.425045467000075 ], [ 6.771200603000068, 50.436053061000052 ], [ 6.745523503000072, 50.435929558000055 ], [ 6.766624285000034, 50.458643757000061 ], [ 6.757072980000032, 50.463030661000062 ], [ 6.758145396000032, 50.470931730000075 ], [ 6.74773311000007, 50.466155737000065 ], [ 6.744603261000066, 50.472630460000062 ], [ 6.800937205000025, 50.491319167000029 ], [ 6.812069506000057, 50.472243998000067 ], [ 6.858573833000037, 50.453265823000038 ], [ 6.901481603000036, 50.469091979000041 ], [ 6.905593791000058, 50.485048086000063 ], [ 6.897866544000067, 50.49226556900004 ], [ 6.907069078000063, 50.502642346000073 ], [ 6.888554082000041, 50.507009020000055 ], [ 6.897818523000069, 50.517694739000035 ], [ 6.882098443000075, 50.526949442000046 ], [ 6.929349707000029, 50.533143231000054 ], [ 6.92204618300002, 50.554280873000039 ], [ 6.930971323000051, 50.560452256000076 ], [ 6.951382133000038, 50.563379077000036 ], [ 6.972098291000066, 50.555907360000049 ], [ 6.983576972000037, 50.565734208000038 ], [ 6.998096295000039, 50.56504990600007 ], [ 7.056131464000032, 50.606240761000038 ], [ 7.087431034000076, 50.586011950000056 ], [ 7.103796716000033, 50.591322554000044 ], [ 7.115121105000071, 50.611786146000043 ], [ 7.147851587000048, 50.600293282000052 ], [ 7.154717367000046, 50.614705339000068 ], [ 7.17301984900007, 50.612552285000049 ], [ 7.18983890800007, 50.623895445000073 ], [ 7.190635543000042, 50.636041310000053 ], [ 7.203786635000029, 50.64966041100007 ], [ 7.211464005000039, 50.648160174000054 ], [ 7.212399645000062, 50.623404921000031 ], [ 7.333480804000033, 50.638396070000056 ], [ 7.358976516000041, 50.64949362200008 ], [ 7.35582099800007, 50.665231059000064 ], [ 7.372062799000048, 50.682107066000071 ], [ 7.365116163000039, 50.687610643000028 ], [ 7.368307872000059, 50.697090097000057 ], [ 7.357136449000052, 50.697903896000071 ], [ 7.374010755000029, 50.718218643000057 ], [ 7.443150861000049, 50.711196788000052 ], [ 7.501940672000046, 50.730013319000079 ], [ 7.520123911000042, 50.728996881000057 ], [ 7.519387883000036, 50.73740659200007 ], [ 7.551900377000038, 50.746343146000072 ], [ 7.592374858000028, 50.740545394000037 ], [ 7.591616718000068, 50.756199769000034 ], [ 7.601042634000066, 50.766312955000046 ], [ 7.655450742000028, 50.767869545000053 ], [ 7.662161360000027, 50.773156297000071 ], [ 7.658936374000064, 50.784827875000076 ], [ 7.675944870000023, 50.779327686000045 ], [ 7.682222419000027, 50.795368531000065 ], [ 7.675047644000074, 50.802669273000049 ], [ 7.679510539000034, 50.810046707000026 ], [ 7.661003633000064, 50.820364305000055 ], [ 7.69942710600003, 50.825011452000069 ], [ 7.729342105000057, 50.85052279100006 ], [ 7.76218749700007, 50.845134408000035 ], [ 7.753187095000044, 50.851368513000068 ], [ 7.765973969000072, 50.85681948000007 ], [ 7.748309881000068, 50.867216794000058 ], [ 7.758767439000053, 50.879772236000065 ], [ 7.753021566000029, 50.88837918400003 ], [ 7.760427260000029, 50.900393948000044 ], [ 7.735459232000039, 50.917765393000082 ], [ 7.757281422000062, 50.920164001000046 ], [ 7.792810759000076, 50.942335093000054 ], [ 7.851495862000036, 50.925832410000055 ], [ 7.833709738000039, 50.908346536000067 ], [ 7.829263584000046, 50.88238662200007 ], [ 7.882458170000064, 50.874891137000077 ], [ 7.905851427000073, 50.848109445000034 ], [ 7.957688481000048, 50.848868994000043 ], [ 7.978313123000021, 50.83331176400003 ], [ 7.964248181000073, 50.783822490000034 ], [ 7.984027801000025, 50.760990086000049 ], [ 8.040325987000074, 50.725657093000052 ], [ 8.039689942000052, 50.697375347000047 ], [ 8.099173321000023, 50.70355792600003 ], [ 8.125776743000074, 50.685814051000079 ], [ 8.131278843000075, 50.696919645000037 ], [ 8.142606560000047, 50.695448461000069 ], [ 8.166828990000056, 50.735710679000078 ], [ 8.151833816000021, 50.759853885000041 ], [ 8.135641285000077, 50.767216182000027 ], [ 8.141662304000022, 50.771659903000057 ], [ 8.12551194100007, 50.788355908000028 ], [ 8.165806965000058, 50.803475892000051 ], [ 8.182840845000044, 50.824873120000063 ], [ 8.231313895000028, 50.850639837000074 ], [ 8.269666509000047, 50.881875648000062 ], [ 8.292017197000064, 50.882135793000032 ], [ 8.305473258000063, 50.861120590000041 ], [ 8.358600176000039, 50.860690034000072 ], [ 8.37191701200004, 50.874265692000051 ], [ 8.385575976000041, 50.875793256000065 ], [ 8.388029887000073, 50.891929186000027 ], [ 8.433426238000038, 50.918239039000071 ], [ 8.456441092000034, 50.916530523000063 ], [ 8.449323892000052, 50.941083227000036 ], [ 8.462277137000058, 50.94969330300006 ], [ 8.459665449000056, 50.966650249000054 ], [ 8.477891851000038, 50.969047458000034 ], [ 8.473368209000057, 50.975035368000079 ], [ 8.514075672000047, 51.009237341000073 ], [ 8.538782178000076, 51.019448431000058 ], [ 8.520681140000022, 51.04300309000007 ], [ 8.505143530000055, 51.04143322200008 ], [ 8.527572852000048, 51.062894135000079 ], [ 8.503230088000066, 51.074576875000048 ], [ 8.508022760000074, 51.085387515000036 ], [ 8.551019821000068, 51.10276424400007 ], [ 8.656632492000028, 51.094903200000033 ], [ 8.690534692000028, 51.109158587000081 ], [ 8.719655316000058, 51.110326155000052 ], [ 8.701741131000063, 51.116576651000059 ], [ 8.692161804000023, 51.132834142000036 ], [ 8.758214362000047, 51.17718172900004 ], [ 8.750004463000039, 51.18146388100007 ], [ 8.749501813000052, 51.197731700000077 ], [ 8.768194376000054, 51.208873684000082 ], [ 8.741697463000037, 51.218423262000044 ], [ 8.727597513000035, 51.25010270000007 ], [ 8.73658531500007, 51.262219703000028 ], [ 8.721997745000067, 51.273743806000027 ], [ 8.692552010000043, 51.276407306000067 ], [ 8.679952603000061, 51.268076540000038 ], [ 8.628340520000052, 51.260504603000072 ], [ 8.609212360000072, 51.24668844100006 ], [ 8.59356275600004, 51.247496778000027 ], [ 8.578218095000068, 51.26747828200007 ], [ 8.556347796000068, 51.277494752000052 ], [ 8.621098213000039, 51.336527897000053 ], [ 8.637787568000022, 51.343613498000082 ], [ 8.653654042000028, 51.339789501000041 ], [ 8.655559599000071, 51.349611149000054 ], [ 8.68347650000004, 51.362177906000056 ], [ 8.677446064000037, 51.371795034000058 ], [ 8.693811209000046, 51.376784753000038 ], [ 8.732850996000025, 51.372416703000056 ], [ 8.803993170000069, 51.390797943000052 ], [ 8.836583684000061, 51.38850109200007 ], [ 8.85401977500004, 51.377137850000054 ], [ 8.889580795000029, 51.392721987000073 ], [ 8.93950200300003, 51.389499023000042 ], [ 8.940763338000068, 51.410321944000032 ], [ 8.951529911000023, 51.413492784000027 ], [ 8.948108682000054, 51.42821888800006 ], [ 8.918786788000034, 51.430285429000037 ], [ 8.921783452000057, 51.446053821000078 ], [ 8.890376608000054, 51.481928278000055 ], [ 9.01764946000003, 51.518238966000069 ], [ 9.039285948000042, 51.501921524000068 ], [ 9.07652183700003, 51.503475147000074 ], [ 9.092328869000028, 51.494387953000057 ], [ 9.077185433000068, 51.464871613000071 ], [ 9.086937070000033, 51.461164815000075 ], [ 9.086415850000037, 51.449082824000072 ], [ 9.094329852000044, 51.444598231000043 ], [ 9.13574929300006, 51.450187059000029 ], [ 9.15840769600004, 51.443096084000047 ], [ 9.185100362000071, 51.466333563000035 ], [ 9.216465954000057, 51.459593999000049 ], [ 9.216640648000066, 51.481165235000049 ], [ 9.225184633000026, 51.489837273000035 ], [ 9.26433303400006, 51.497910645000047 ], [ 9.282285104000039, 51.514372794000053 ], [ 9.308324697000046, 51.512643275000073 ], [ 9.315850835000049, 51.523019268000041 ], [ 9.309968656000024, 51.53091061300006 ], [ 9.317030969000029, 51.552365550000047 ], [ 9.373522628000046, 51.591013734000057 ], [ 9.337098312000023, 51.614701570000079 ], [ 9.426669032000063, 51.630813810000063 ], [ 9.444924396000033, 51.644199007000054 ], [ 9.440456998000059, 51.650394024000036 ] ] ], [ [ [ 6.224700419000044, 50.55666606300008 ], [ 6.239548235000029, 50.587454392000041 ], [ 6.225180521000027, 50.590457029000049 ], [ 6.203098906000037, 50.569294462000073 ], [ 6.174412224000037, 50.557514351000066 ], [ 6.178032319000067, 50.541606701000035 ], [ 6.196654860000024, 50.536165981000067 ], [ 6.209621225000035, 50.555088177000073 ], [ 6.224700419000044, 50.55666606300008 ] ] ], [ [ [ 6.194321001000048, 50.633906031000038 ], [ 6.271318514000029, 50.629920820000052 ], [ 6.263975395000045, 50.640995560000079 ], [ 6.245495491000042, 50.639769630000046 ], [ 6.231521954000073, 50.648035529000026 ], [ 6.224864335000063, 50.640921294000066 ], [ 6.214650622000022, 50.639210173000038 ], [ 6.188229186000058, 50.639257839000038 ], [ 6.182378585000038, 50.646950012000048 ], [ 6.166590343000053, 50.643687285000055 ], [ 6.183289225000067, 50.632286427000054 ], [ 6.17556221600006, 50.627274413000066 ], [ 6.181838384000059, 50.623759838000069 ], [ 6.194321001000048, 50.633906031000038 ] ] ], [ [ [ 6.183854755000027, 50.64886466300004 ], [ 6.188728225000034, 50.663326446000042 ], [ 6.166980126000055, 50.661020551000036 ], [ 6.183854755000027, 50.64886466300004 ] ] ] ] } },
{ "type": "Feature", "properties": { "shapeName": "Rheinland-Pfalz", "shapeISO": "DE-RP", "shapeType": "ADM1" }, "geometry": { "type": "Polygon", "coordinates": [ [ [ 8.422439263000058, 49.583385415000066 ], [ 8.381985162000035, 49.627283590000047 ], [ 8.356488092000063, 49.67798747900008 ], [ 8.357266999000046, 49.692141612000057 ], [ 8.381522439000037, 49.70704300500006 ], [ 8.438205594000067, 49.722317282000063 ], [ 8.479186194000022, 49.764211917000068 ], [ 8.429195652000033, 49.766445445000045 ], [ 8.416297386000053, 49.773867687000063 ], [ 8.406076883000026, 49.796569030000057 ], [ 8.378448621000075, 49.824820085000056 ], [ 8.383583802000032, 49.85567786200005 ], [ 8.357524456000021, 49.864901497000062 ], [ 8.344010057000048, 49.880109320000031 ], [ 8.354723212000067, 49.913213173000031 ], [ 8.340963698000053, 49.951075738000043 ], [ 8.272350266000046, 50.010296083000071 ], [ 8.236403687000063, 50.03013132600006 ], [ 8.180949141000042, 50.035205982000036 ], [ 8.079569941000045, 50.00689871600008 ], [ 8.036356998000031, 50.002311660000032 ], [ 7.967401579000068, 49.977772909000066 ], [ 7.887255214000049, 49.971842873000071 ], [ 7.866057611000031, 49.980454138000027 ], [ 7.850557168000023, 50.013937130000045 ], [ 7.772490637000033, 50.058468756000082 ], [ 7.773997185000042, 50.066540105000058 ], [ 7.80346109900006, 50.084580001000063 ], [ 7.837194078000039, 50.084128924000026 ], [ 7.830071079000049, 50.098025582000048 ], [ 7.85401610200006, 50.128328788000033 ], [ 7.884716909000076, 50.114378351000028 ], [ 7.903223635000074, 50.121552457000064 ], [ 7.920363642000041, 50.103680037000061 ], [ 7.930097218000071, 50.103740112000025 ], [ 7.92248754700006, 50.134457305000069 ], [ 7.932942308000065, 50.143884316000026 ], [ 7.884014221000029, 50.169568592000076 ], [ 7.888663180000037, 50.17370812200005 ], [ 7.882830211000055, 50.181317488000047 ], [ 7.910215464000032, 50.193494523000027 ], [ 7.911141963000034, 50.203730427000039 ], [ 7.947395101000041, 50.210071970000058 ], [ 7.953052226000068, 50.220398060000036 ], [ 7.986556798000038, 50.228088101000026 ], [ 7.990203927000039, 50.238665128000036 ], [ 8.011772716000053, 50.218033485000035 ], [ 8.03544434500003, 50.215661975000046 ], [ 8.039718347000075, 50.228584760000047 ], [ 8.058909586000027, 50.234405644000049 ], [ 8.021650501000067, 50.258344814000054 ], [ 8.035891845000037, 50.271192233000079 ], [ 8.072088310000026, 50.273152542000048 ], [ 8.082993208000062, 50.265901973000041 ], [ 8.079031647000022, 50.26100217100003 ], [ 8.103120829000034, 50.259788843000081 ], [ 8.121913617000075, 50.277225032000047 ], [ 8.11860073400004, 50.299679998000045 ], [ 8.102414396000029, 50.309826477000058 ], [ 8.102677519000054, 50.327017285000068 ], [ 8.071944286000075, 50.331772923000074 ], [ 8.076769665000029, 50.348403221000069 ], [ 8.059756762000063, 50.375311532000069 ], [ 8.046051336000062, 50.374659629000064 ], [ 8.042555732000039, 50.386054186000081 ], [ 8.014559715000075, 50.384525049000047 ], [ 8.023757273000058, 50.40076622600003 ], [ 7.987153910000075, 50.398054613000056 ], [ 7.982418559000052, 50.408097201000032 ], [ 7.964191682000035, 50.412225232000026 ], [ 7.987782203000052, 50.427921601000037 ], [ 7.988095058000056, 50.435508790000029 ], [ 7.97518245200007, 50.437620977000051 ], [ 8.010766001000036, 50.452692427000045 ], [ 8.01047486300007, 50.460572514000035 ], [ 7.979198225000061, 50.484640872000057 ], [ 7.97890288900004, 50.495383829000048 ], [ 7.989966932000073, 50.498569294000049 ], [ 7.982937248000042, 50.511461092000047 ], [ 7.99656408200002, 50.517231554000034 ], [ 7.99285764800004, 50.522111556000027 ], [ 8.041611266000075, 50.55699325300003 ], [ 8.066421973000047, 50.548930813000027 ], [ 8.070521467000049, 50.53799815800005 ], [ 8.117738251000048, 50.534508928000037 ], [ 8.120880707000026, 50.539660095000045 ], [ 8.111169551000046, 50.543663466000055 ], [ 8.137912756000048, 50.550947866000058 ], [ 8.133350568000026, 50.56181911200008 ], [ 8.152160899000023, 50.593674983000028 ], [ 8.126018672000043, 50.610093138000082 ], [ 8.140884865000032, 50.630228268000053 ], [ 8.110092341000041, 50.657250781000073 ], [ 8.112583578000056, 50.675567985000043 ], [ 8.125776743000074, 50.685814051000079 ], [ 8.099173321000023, 50.70355792600003 ], [ 8.039689942000052, 50.697375347000047 ], [ 8.040325987000074, 50.725657093000052 ], [ 7.984027801000025, 50.760990086000049 ], [ 7.964248181000073, 50.783822490000034 ], [ 7.978313123000021, 50.83331176400003 ], [ 7.957688481000048, 50.848868994000043 ], [ 7.905851427000073, 50.848109445000034 ], [ 7.882458170000064, 50.874891137000077 ], [ 7.829263584000046, 50.88238662200007 ], [ 7.833709738000039, 50.908346536000067 ], [ 7.851495862000036, 50.925832410000055 ], [ 7.828198491000023, 50.928994844000044 ], [ 7.813265981000029, 50.940027246000056 ], [ 7.792810759000076, 50.942335093000054 ], [ 7.757281422000062, 50.920164001000046 ], [ 7.735459232000039, 50.917765393000082 ], [ 7.760427260000029, 50.900393948000044 ], [ 7.753021566000029, 50.88837918400003 ], [ 7.758767439000053, 50.879772236000065 ], [ 7.748309881000068, 50.867216794000058 ], [ 7.765973969000072, 50.85681948000007 ], [ 7.753187095000044, 50.851368513000068 ], [ 7.76218749700007, 50.845134408000035 ], [ 7.729342105000057, 50.85052279100006 ], [ 7.69942710600003, 50.825011452000069 ], [ 7.661003633000064, 50.820364305000055 ], [ 7.679510539000034, 50.810046707000026 ], [ 7.675047644000074, 50.802669273000049 ], [ 7.682222419000027, 50.795368531000065 ], [ 7.675944870000023, 50.779327686000045 ], [ 7.658936374000064, 50.784827875000076 ], [ 7.662161360000027, 50.773156297000071 ], [ 7.655450742000028, 50.767869545000053 ], [ 7.601042634000066, 50.766312955000046 ], [ 7.591616718000068, 50.756199769000034 ], [ 7.592374858000028, 50.740545394000037 ], [ 7.551900377000038, 50.746343146000072 ], [ 7.519387883000036, 50.73740659200007 ], [ 7.520123911000042, 50.728996881000057 ], [ 7.501940672000046, 50.730013319000079 ], [ 7.443150861000049, 50.711196788000052 ], [ 7.374010755000029, 50.718218643000057 ], [ 7.357136449000052, 50.697903896000071 ], [ 7.368307872000059, 50.697090097000057 ], [ 7.365116163000039, 50.687610643000028 ], [ 7.372062799000048, 50.682107066000071 ], [ 7.35582099800007, 50.665231059000064 ], [ 7.358976516000041, 50.64949362200008 ], [ 7.333480804000033, 50.638396070000056 ], [ 7.212399645000062, 50.623404921000031 ], [ 7.211464005000039, 50.648160174000054 ], [ 7.203786635000029, 50.64966041100007 ], [ 7.190635543000042, 50.636041310000053 ], [ 7.18983890800007, 50.623895445000073 ], [ 7.17301984900007, 50.612552285000049 ], [ 7.154717367000046, 50.614705339000068 ], [ 7.147851587000048, 50.600293282000052 ], [ 7.115121105000071, 50.611786146000043 ], [ 7.103796716000033, 50.591322554000044 ], [ 7.087431034000076, 50.586011950000056 ], [ 7.056131464000032, 50.606240761000038 ], [ 6.998096295000039, 50.56504990600007 ], [ 6.983576972000037, 50.565734208000038 ], [ 6.972098291000066, 50.555907360000049 ], [ 6.951382133000038, 50.563379077000036 ], [ 6.930971323000051, 50.560452256000076 ], [ 6.92204618300002, 50.554280873000039 ], [ 6.929349707000029, 50.533143231000054 ], [ 6.882098443000075, 50.526949442000046 ], [ 6.897818523000069, 50.517694739000035 ], [ 6.888554082000041, 50.507009020000055 ], [ 6.907069078000063, 50.502642346000073 ], [ 6.897866544000067, 50.49226556900004 ], [ 6.905593791000058, 50.485048086000063 ], [ 6.901481603000036, 50.469091979000041 ], [ 6.858573833000037, 50.453265823000038 ], [ 6.812069506000057, 50.472243998000067 ], [ 6.800937205000025, 50.491319167000029 ], [ 6.744603261000066, 50.472630460000062 ], [ 6.74773311000007, 50.466155737000065 ], [ 6.758145396000032, 50.470931730000075 ], [ 6.757072980000032, 50.463030661000062 ], [ 6.766624285000034, 50.458643757000061 ], [ 6.745523503000072, 50.435929558000055 ], [ 6.771200603000068, 50.436053061000052 ], [ 6.770693111000071, 50.425045467000075 ], [ 6.785122975000036, 50.420633303000045 ], [ 6.769311744000049, 50.392747980000081 ], [ 6.78468736800005, 50.374750564000067 ], [ 6.802745410000057, 50.369304622000072 ], [ 6.795592455000076, 50.359544284000037 ], [ 6.777686249000055, 50.364433787000053 ], [ 6.776766458000054, 50.358088627000029 ], [ 6.732403727000076, 50.35249742600007 ], [ 6.699244644000032, 50.336097402000064 ], [ 6.686767538000026, 50.358378770000058 ], [ 6.667350811000063, 50.371967760000075 ], [ 6.65601474500005, 50.367435429000068 ], [ 6.654226468000047, 50.351076790000036 ], [ 6.636206238000057, 50.345372152000039 ], [ 6.622245135000071, 50.353659158000028 ], [ 6.625353920000066, 50.374883582000052 ], [ 6.604088071000035, 50.375119377000033 ], [ 6.603085713000041, 50.38822220600008 ], [ 6.559015792000025, 50.369409997000048 ], [ 6.530450524000059, 50.369345354000075 ], [ 6.516404468000076, 50.355387991000043 ], [ 6.507121786000027, 50.359877312000037 ], [ 6.484743817000037, 50.338561071000072 ], [ 6.46598205500004, 50.342588919000036 ], [ 6.451615287000038, 50.33642410300007 ], [ 6.461162141000045, 50.359026861000075 ], [ 6.448561199000039, 50.371338361000028 ], [ 6.430023535000032, 50.363189940000041 ], [ 6.414850020000074, 50.374546207000037 ], [ 6.422030762000077, 50.381947898000078 ], [ 6.413042934000032, 50.389485962000037 ], [ 6.38500583900003, 50.384186659000079 ], [ 6.395452201000069, 50.361418706000052 ], [ 6.405977283000027, 50.36382203200003 ], [ 6.397181221000039, 50.357911933000025 ], [ 6.414994991000071, 50.332660540000063 ], [ 6.42406186200003, 50.333826805000058 ], [ 6.425294811000072, 50.323011954000037 ], [ 6.382575157000076, 50.32204551500007 ], [ 6.375073367000027, 50.313795273000039 ], [ 6.358962505000022, 50.313499611000054 ], [ 6.363317313000039, 50.305429037000067 ], [ 6.334891356000071, 50.316422099000079 ], [ 6.333323257000075, 50.323160156000029 ], [ 6.306466408000063, 50.320144877000075 ], [ 6.309231614000055, 50.311702449000052 ], [ 6.296116168000026, 50.309014509000065 ], [ 6.298094650000053, 50.302147636000029 ], [ 6.28585954600004, 50.294065286000034 ], [ 6.292089776000068, 50.278829170000051 ], [ 6.27794272400007, 50.266430728000046 ], [ 6.21576649900004, 50.257011815000055 ], [ 6.197517525000023, 50.23810394700007 ], [ 6.17568740300004, 50.235415979000038 ], [ 6.177080829000033, 50.226816145000043 ], [ 6.16640819600002, 50.220040438000069 ], [ 6.188914088000047, 50.205279967000081 ], [ 6.183888848000038, 50.192066927000042 ], [ 6.192752035000069, 50.181874010000058 ], [ 6.165317257000027, 50.179062009000063 ], [ 6.160341730000027, 50.171816127000056 ], [ 6.14689498000007, 50.177776452000046 ], [ 6.139711458000022, 50.168336404000058 ], [ 6.147522901000059, 50.160630375000039 ], [ 6.132077998000057, 50.155300373000046 ], [ 6.140554200000054, 50.147980797000059 ], [ 6.152871436000055, 50.150090312000032 ], [ 6.154657554000039, 50.141899720000026 ], [ 6.129602540000064, 50.121580602000051 ], [ 6.135513480000043, 50.10337742300004 ], [ 6.125528717000066, 50.099733015000027 ], [ 6.132980627000052, 50.093236112000056 ], [ 6.120486676000041, 50.092213774000072 ], [ 6.116140603000076, 50.074333007000064 ], [ 6.129285904000028, 50.073549482000033 ], [ 6.112562493000041, 50.059228774000076 ], [ 6.12393812800002, 50.059751554000059 ], [ 6.121507672000064, 50.05287611600005 ], [ 6.134330146000025, 50.040118175000032 ], [ 6.129668219000052, 50.029981060000068 ], [ 6.145883525000045, 50.022732049000069 ], [ 6.129768553000076, 50.018795873000045 ], [ 6.149644162000072, 50.008882428000049 ], [ 6.138016082000036, 49.998221977000071 ], [ 6.17237313000004, 49.984801458000049 ], [ 6.164932604000057, 49.970548156000063 ], [ 6.177785500000027, 49.954034903000036 ], [ 6.18785525100003, 49.955962213000078 ], [ 6.181771653000055, 49.963829625000074 ], [ 6.19099385800007, 49.968757378000078 ], [ 6.197562131000041, 49.948405317000038 ], [ 6.205202204000045, 49.95518687100008 ], [ 6.223907289000067, 49.949939441000026 ], [ 6.216596708000054, 49.94443285400007 ], [ 6.226167490000023, 49.929389023000056 ], [ 6.217967266000073, 49.923536640000066 ], [ 6.231751704000033, 49.918522692000067 ], [ 6.227022248000026, 49.910762523000074 ], [ 6.234005912000043, 49.900032368000041 ], [ 6.296540332000063, 49.866481881000027 ], [ 6.31100073500005, 49.869944503000056 ], [ 6.326684792000037, 49.836263914000028 ], [ 6.34137778500002, 49.848819369000068 ], [ 6.364172103000044, 49.850767362000056 ], [ 6.397426920000044, 49.822305286000073 ], [ 6.429140217000054, 49.810859048000054 ], [ 6.454502266000077, 49.811536918000058 ], [ 6.470853873000067, 49.822562093000045 ], [ 6.511375083000075, 49.801792159000058 ], [ 6.520192502000043, 49.813143818000071 ], [ 6.530682151000065, 49.806240324000044 ], [ 6.505873847000032, 49.789412214000038 ], [ 6.516818203000071, 49.783246072000054 ], [ 6.509760673000073, 49.774158640000053 ], [ 6.518620190000036, 49.762449710000055 ], [ 6.500498571000037, 49.752139086000057 ], [ 6.50163205900003, 49.734705288000043 ], [ 6.517162918000054, 49.723595187000058 ], [ 6.495976813000027, 49.725955763000059 ], [ 6.507018527000071, 49.71264027400008 ], [ 6.429960406000021, 49.668857016000061 ], [ 6.426600528000051, 49.661236216000077 ], [ 6.44080290100004, 49.655920260000073 ], [ 6.421434456000043, 49.620048623000059 ], [ 6.374925348000033, 49.591893992000053 ], [ 6.38096249900002, 49.577176208000026 ], [ 6.357852034000075, 49.573820738000052 ], [ 6.381403654000053, 49.558407291000037 ], [ 6.380052620000072, 49.551104772000031 ], [ 6.414320321000048, 49.543259006000028 ], [ 6.430297761000077, 49.548962773000028 ], [ 6.452071910000029, 49.538277242000049 ], [ 6.467921554000043, 49.54436640800003 ], [ 6.494120576000057, 49.530622805000064 ], [ 6.514926786000046, 49.535080221000044 ], [ 6.517436954000061, 49.52754701200007 ], [ 6.538553918000048, 49.539452528000027 ], [ 6.563963086000058, 49.540557590000049 ], [ 6.579728725000052, 49.522187679000069 ], [ 6.604679366000028, 49.517259180000053 ], [ 6.616971897000042, 49.535522416000049 ], [ 6.645950747000029, 49.539142952000077 ], [ 6.652819792000059, 49.550935537000043 ], [ 6.664114863000066, 49.542737081000041 ], [ 6.68418254200003, 49.548153694000064 ], [ 6.690446749000046, 49.535203903000081 ], [ 6.708582332000049, 49.553308095000034 ], [ 6.747981784000046, 49.557907970000031 ], [ 6.813441977000025, 49.591999119000036 ], [ 6.835420961000068, 49.582931924000036 ], [ 6.839124255000058, 49.59263577400003 ], [ 6.846006330000023, 49.589615854000044 ], [ 6.866435191000051, 49.608659751000062 ], [ 6.879560672000025, 49.601171029000056 ], [ 6.89144525200004, 49.616286618000061 ], [ 6.929578001000039, 49.612435209000068 ], [ 6.927691850000031, 49.618294094000078 ], [ 6.937776298000074, 49.617737608000027 ], [ 6.932763026000032, 49.631026835000057 ], [ 6.940917230000025, 49.634922464000056 ], [ 6.948612308000065, 49.635128277000035 ], [ 6.95139518700006, 49.625119009000059 ], [ 6.991534824000041, 49.635467875000074 ], [ 6.98596367600004, 49.620731334000027 ], [ 7.02798012300002, 49.639438288000065 ], [ 7.059079921000034, 49.630479622000053 ], [ 7.087674799000069, 49.599583831000075 ], [ 7.100158923000038, 49.605682921000039 ], [ 7.118403594000029, 49.595982845000037 ], [ 7.149309144000028, 49.603678784000067 ], [ 7.173713124000074, 49.599068172000045 ], [ 7.173454037000056, 49.585084163000033 ], [ 7.188373828000067, 49.575661528000069 ], [ 7.209999247000042, 49.57714872400004 ], [ 7.213352545000021, 49.565845814000056 ], [ 7.240829449000046, 49.568974101000038 ], [ 7.268704012000057, 49.584083425000074 ], [ 7.262100928000052, 49.573610871000028 ], [ 7.274861976000068, 49.560567699000046 ], [ 7.276111492000041, 49.537423431000036 ], [ 7.302014891000056, 49.534812137000074 ], [ 7.309871873000077, 49.523220519000063 ], [ 7.285688644000061, 49.516906607000067 ], [ 7.280944441000031, 49.505524847000061 ], [ 7.287066779000043, 49.499062820000063 ], [ 7.278135697000039, 49.484274796000079 ], [ 7.296841237000024, 49.483549656000037 ], [ 7.304825739000023, 49.472445944000071 ], [ 7.286927387000048, 49.457689410000057 ], [ 7.246437660000026, 49.445518384000081 ], [ 7.255328278000036, 49.440597405000062 ], [ 7.250246332000074, 49.43517793500007 ], [ 7.260958405000054, 49.423622184000067 ], [ 7.290070229000037, 49.414705290000029 ], [ 7.298941266000043, 49.398519365000027 ], [ 7.289341252000042, 49.388814350000075 ], [ 7.355817014000024, 49.379770146000055 ], [ 7.354843746000029, 49.374421721000033 ], [ 7.369106571000032, 49.373982569000077 ], [ 7.36637958700004, 49.363410361000035 ], [ 7.399838149000061, 49.371738644000061 ], [ 7.393351927000026, 49.363479168000026 ], [ 7.402625116000024, 49.356209338000042 ], [ 7.389888861000031, 49.349834602000044 ], [ 7.403773228000034, 49.346115370000064 ], [ 7.377726254000038, 49.320393648000049 ], [ 7.392082972000026, 49.320849149000026 ], [ 7.394449190000046, 49.314653885000041 ], [ 7.380675010000061, 49.306736417000081 ], [ 7.385427185000026, 49.294123966000029 ], [ 7.374717416000067, 49.282905483000036 ], [ 7.334463167000024, 49.278284892000045 ], [ 7.34401929400002, 49.270441678000054 ], [ 7.32485809700006, 49.257462993000047 ], [ 7.324554152000076, 49.248141685000064 ], [ 7.306515069000056, 49.256140382000069 ], [ 7.303463869000041, 49.245497982000074 ], [ 7.289732186000037, 49.238669290000075 ], [ 7.294503601000031, 49.234708040000044 ], [ 7.288958158000071, 49.230595123000057 ], [ 7.304004309000049, 49.22211313300005 ], [ 7.295756776000076, 49.205346790000078 ], [ 7.338485202000072, 49.184432125000058 ], [ 7.335878083000068, 49.175866625000026 ], [ 7.36266786300007, 49.158388647000038 ], [ 7.368864797000072, 49.161800165000045 ], [ 7.365142560000038, 49.171836319000079 ], [ 7.445646679000049, 49.184151030000066 ], [ 7.435884022000039, 49.179663986000037 ], [ 7.441713242000048, 49.172025732000066 ], [ 7.43334993700006, 49.165185177000069 ], [ 7.49398431000003, 49.169364085000041 ], [ 7.496054561000051, 49.155073020000032 ], [ 7.505979073000049, 49.150515445000053 ], [ 7.489565927000058, 49.136474443000054 ], [ 7.515510035000034, 49.120956075000038 ], [ 7.52867776100004, 49.097091866000028 ], [ 7.563619455000037, 49.080226114000027 ], [ 7.600971702000038, 49.083234573000027 ], [ 7.629311382000026, 49.07355078300003 ], [ 7.631201346000068, 49.054885707000039 ], [ 7.674716703000058, 49.044967436000036 ], [ 7.697621704000028, 49.049701021000033 ], [ 7.695948361000035, 49.05779715400007 ], [ 7.731427212000028, 49.055530865000037 ], [ 7.73227014400004, 49.043960929000036 ], [ 7.761087506000024, 49.045515246000036 ], [ 7.794402497000021, 49.065685672000029 ], [ 7.866825986000038, 49.032916684000043 ], [ 7.889131640000073, 49.049040776000027 ], [ 7.916982913000027, 49.040882453000052 ], [ 7.932791982000026, 49.058057584000039 ], [ 7.966525403000048, 49.041540720000057 ], [ 7.974788941000043, 49.026799538000034 ], [ 7.996330180000029, 49.029052626000066 ], [ 8.04897595400007, 49.014292476000037 ], [ 8.087683835000064, 48.989820199000064 ], [ 8.139902376000066, 48.978450332000079 ], [ 8.194393516000048, 48.977131672000041 ], [ 8.19948056000004, 48.966897559000074 ], [ 8.221820706000074, 48.975938560000031 ], [ 8.232632820000049, 48.966571447000035 ], [ 8.279879257000061, 48.991560571000036 ], [ 8.297374095000066, 49.013505250000037 ], [ 8.311686690000045, 49.05430717400003 ], [ 8.358091294000076, 49.097784195000031 ], [ 8.372708393000039, 49.151981292000073 ], [ 8.368431128000054, 49.168052405000026 ], [ 8.405251528000065, 49.220560782000064 ], [ 8.398535109000022, 49.22575275500003 ], [ 8.384803778000048, 49.21962764400007 ], [ 8.389294303000042, 49.233980583000061 ], [ 8.489068840000073, 49.293124372000079 ], [ 8.483849839000072, 49.304948117000038 ], [ 8.455803728000035, 49.31420976000004 ], [ 8.450484521000021, 49.32314148200004 ], [ 8.496811192000052, 49.364180497000063 ], [ 8.500397519000046, 49.389013649000049 ], [ 8.473231192000071, 49.37336427300005 ], [ 8.463528358000076, 49.384428917000037 ], [ 8.496188845000063, 49.402136360000043 ], [ 8.508242487000075, 49.43449342100007 ], [ 8.498879478000049, 49.442654486000038 ], [ 8.442690860000027, 49.450239191000037 ], [ 8.444322354000064, 49.459187260000078 ], [ 8.463795388000051, 49.470402660000047 ], [ 8.442963907000035, 49.492695592000075 ], [ 8.41472533700005, 49.553896792000046 ], [ 8.422439263000058, 49.583385415000066 ] ] ] } },
{ "type": "Feature", "properties": { "shapeName": "Saarland", "shapeISO": "DE-SL", "shapeType": "ADM1" }, "geometry": { "type": "Polygon", "coordinates": [ [ [ 6.380052620000072, 49.551104772000031 ], [ 6.356994235000059, 49.531294165000077 ], [ 6.367520107000075, 49.502730317000044 ], [ 6.367083526000044, 49.469512049000059 ], [ 6.393405394000069, 49.46405012300005 ], [ 6.429131061000021, 49.476240508000046 ], [ 6.550815843000066, 49.425379525000039 ], [ 6.557387786000049, 49.41952896600003 ], [ 6.538675783000031, 49.412204606000046 ], [ 6.540819183000053, 49.401250728000036 ], [ 6.586653315000035, 49.385146895000048 ], [ 6.583148258000051, 49.368422612000074 ], [ 6.60215886800006, 49.367108763000033 ], [ 6.588416578000022, 49.349883328000033 ], [ 6.574056386000052, 49.358664925000028 ], [ 6.563621365000074, 49.355912946000046 ], [ 6.565663992000054, 49.347651703000054 ], [ 6.578393298000037, 49.334962392000079 ], [ 6.591163577000032, 49.336244933000046 ], [ 6.595595500000059, 49.330057257000078 ], [ 6.58912127800005, 49.322058177000031 ], [ 6.615105684000071, 49.301349494000078 ], [ 6.638798766000036, 49.295680832000073 ], [ 6.653369677000057, 49.281237225000041 ], [ 6.670166015000063, 49.280253666000078 ], [ 6.661415408000039, 49.258075182000027 ], [ 6.689998943000035, 49.249555502000078 ], [ 6.685316732000047, 49.240960910000069 ], [ 6.695824979000065, 49.215274312000076 ], [ 6.723465469000075, 49.218829235000044 ], [ 6.731444703000022, 49.205956732000061 ], [ 6.711208356000043, 49.188341837000053 ], [ 6.738600536000035, 49.163675132000037 ], [ 6.782724081000026, 49.168158872000049 ], [ 6.834056611000051, 49.151080446000037 ], [ 6.847517681000056, 49.157157889000075 ], [ 6.844397281000056, 49.173057143000051 ], [ 6.86176751000005, 49.178839322000044 ], [ 6.837990974000036, 49.21349476000006 ], [ 6.85887333200003, 49.222757448000038 ], [ 6.893345432000046, 49.209146751000048 ], [ 6.925060579000046, 49.223346421000031 ], [ 6.938108244000034, 49.222433999000032 ], [ 6.959603755000046, 49.203090165000049 ], [ 6.975231047000022, 49.209453946000053 ], [ 7.010752729000046, 49.187953103000041 ], [ 7.035012738000034, 49.191416090000075 ], [ 7.027733019000038, 49.170133228000054 ], [ 7.046502482000051, 49.137337149000075 ], [ 7.044231766000053, 49.120194404000074 ], [ 7.055031189000033, 49.112090076000072 ], [ 7.089395859000035, 49.130184631000077 ], [ 7.082181497000022, 49.152064001000042 ], [ 7.10106879600005, 49.15599780000008 ], [ 7.113235132000057, 49.151962457000081 ], [ 7.104057406000038, 49.138389931000063 ], [ 7.125784822000071, 49.141895501000079 ], [ 7.135600022000062, 49.128404987000067 ], [ 7.159405821000064, 49.120467068000039 ], [ 7.165057995000041, 49.12859502200007 ], [ 7.185470341000041, 49.131235992000029 ], [ 7.198041277000073, 49.11516664100003 ], [ 7.205482222000057, 49.123612617000049 ], [ 7.245054159000063, 49.130110744000035 ], [ 7.281587015000071, 49.124370224000074 ], [ 7.282359063000058, 49.116910730000029 ], [ 7.293176905000053, 49.114907330000051 ], [ 7.321358334000024, 49.141387794000082 ], [ 7.362726495000061, 49.143148342000075 ], [ 7.368755430000022, 49.161457881000047 ], [ 7.350148373000025, 49.16283818800008 ], [ 7.335878083000068, 49.175866625000026 ], [ 7.338485202000072, 49.184432125000058 ], [ 7.295756776000076, 49.205346790000078 ], [ 7.304004309000049, 49.22211313300005 ], [ 7.288958158000071, 49.230595123000057 ], [ 7.294503601000031, 49.234708040000044 ], [ 7.289132351000035, 49.237821137000026 ], [ 7.303463869000041, 49.245497982000074 ], [ 7.306515069000056, 49.256140382000069 ], [ 7.324554152000076, 49.248141685000064 ], [ 7.32485809700006, 49.257462993000047 ], [ 7.34401929400002, 49.270441678000054 ], [ 7.334463167000024, 49.278284892000045 ], [ 7.355823222000026, 49.283719718000043 ], [ 7.365326614000026, 49.278124110000078 ], [ 7.385427185000026, 49.294123966000029 ], [ 7.380675010000061, 49.306736417000081 ], [ 7.394494087000055, 49.316352062000078 ], [ 7.377726254000038, 49.320393648000049 ], [ 7.400526107000076, 49.337697883000033 ], [ 7.403773228000034, 49.346115370000064 ], [ 7.389888861000031, 49.349834602000044 ], [ 7.402625116000024, 49.356209338000042 ], [ 7.393351927000026, 49.363479168000026 ], [ 7.402075305000039, 49.367718655000033 ], [ 7.395898693000049, 49.37204605800008 ], [ 7.36637958700004, 49.363410361000035 ], [ 7.369106571000032, 49.373982569000077 ], [ 7.354843746000029, 49.374421721000033 ], [ 7.355817014000024, 49.379770146000055 ], [ 7.289341252000042, 49.388814350000075 ], [ 7.298941266000043, 49.398519365000027 ], [ 7.290070229000037, 49.414705290000029 ], [ 7.260958405000054, 49.423622184000067 ], [ 7.250246332000074, 49.43517793500007 ], [ 7.255328278000036, 49.440597405000062 ], [ 7.246437660000026, 49.445518384000081 ], [ 7.286927387000048, 49.457689410000057 ], [ 7.304825739000023, 49.472445944000071 ], [ 7.296841237000024, 49.483549656000037 ], [ 7.278135697000039, 49.484274796000079 ], [ 7.287066779000043, 49.499062820000063 ], [ 7.280944441000031, 49.505524847000061 ], [ 7.285688644000061, 49.516906607000067 ], [ 7.309871873000077, 49.523220519000063 ], [ 7.302014891000056, 49.534812137000074 ], [ 7.276111492000041, 49.537423431000036 ], [ 7.274861976000068, 49.560567699000046 ], [ 7.262100928000052, 49.573610871000028 ], [ 7.268704012000057, 49.584083425000074 ], [ 7.240829449000046, 49.568974101000038 ], [ 7.213352545000021, 49.565845814000056 ], [ 7.209999247000042, 49.57714872400004 ], [ 7.188373828000067, 49.575661528000069 ], [ 7.173454037000056, 49.585084163000033 ], [ 7.173713124000074, 49.599068172000045 ], [ 7.149309144000028, 49.603678784000067 ], [ 7.118403594000029, 49.595982845000037 ], [ 7.100158923000038, 49.605682921000039 ], [ 7.087674799000069, 49.599583831000075 ], [ 7.059079921000034, 49.630479622000053 ], [ 7.02798012300002, 49.639438288000065 ], [ 6.98596367600004, 49.620731334000027 ], [ 6.991534824000041, 49.635467875000074 ], [ 6.95139518700006, 49.625119009000059 ], [ 6.948612308000065, 49.635128277000035 ], [ 6.940917230000025, 49.634922464000056 ], [ 6.932763026000032, 49.631026835000057 ], [ 6.937776298000074, 49.617737608000027 ], [ 6.927691850000031, 49.618294094000078 ], [ 6.929578001000039, 49.612435209000068 ], [ 6.89144525200004, 49.616286618000061 ], [ 6.879560672000025, 49.601171029000056 ], [ 6.866435191000051, 49.608659751000062 ], [ 6.846006330000023, 49.589615854000044 ], [ 6.839124255000058, 49.59263577400003 ], [ 6.835420961000068, 49.582931924000036 ], [ 6.813441977000025, 49.591999119000036 ], [ 6.747981784000046, 49.557907970000031 ], [ 6.708582332000049, 49.553308095000034 ], [ 6.690446749000046, 49.535203903000081 ], [ 6.68418254200003, 49.548153694000064 ], [ 6.664114863000066, 49.542737081000041 ], [ 6.652819792000059, 49.550935537000043 ], [ 6.645950747000029, 49.539142952000077 ], [ 6.616971897000042, 49.535522416000049 ], [ 6.604679366000028, 49.517259180000053 ], [ 6.579728725000052, 49.522187679000069 ], [ 6.563963086000058, 49.540557590000049 ], [ 6.538553918000048, 49.539452528000027 ], [ 6.517436954000061, 49.52754701200007 ], [ 6.514926786000046, 49.535080221000044 ], [ 6.494120576000057, 49.530622805000064 ], [ 6.467921554000043, 49.54436640800003 ], [ 6.452071910000029, 49.538277242000049 ], [ 6.430297761000077, 49.548962773000028 ], [ 6.414320321000048, 49.543259006000028 ], [ 6.380052620000072, 49.551104772000031 ] ] ] } },
{ "type": "Feature", "properties": { "shapeName": "Sachsen", "shapeISO": "DE-SN", "shapeType": "ADM1" }, "geometry": { "type": "Polygon", "coordinates": [ [ [ 12.100900370000033, 50.318028244000061 ], [ 12.184453108000071, 50.322324718000061 ], [ 12.186792283000045, 50.311678518000065 ], [ 12.201344719000076, 50.30895158800007 ], [ 12.195618728000056, 50.29317184100006 ], [ 12.201456890000031, 50.272781761000033 ], [ 12.253703138000049, 50.271085894000066 ], [ 12.266036469000028, 50.250214622000044 ], [ 12.247539958000061, 50.257790205000049 ], [ 12.239627313000028, 50.246168908000072 ], [ 12.293877805000022, 50.221270145000062 ], [ 12.28287318200006, 50.213665881000054 ], [ 12.288466623000033, 50.203975663000051 ], [ 12.274669295000024, 50.196686972000066 ], [ 12.290231917000028, 50.185052813000027 ], [ 12.289803627000026, 50.176930078000055 ], [ 12.334553827000036, 50.171748923000052 ], [ 12.323662274000071, 50.182038657000078 ], [ 12.338219956000046, 50.192477782000026 ], [ 12.323054691000038, 50.207453428000065 ], [ 12.326521081000067, 50.218654235000031 ], [ 12.334514167000066, 50.216882661000056 ], [ 12.331084489000034, 50.242714051000064 ], [ 12.349036032000072, 50.23649686400006 ], [ 12.359299478000025, 50.242317842000034 ], [ 12.352117039000063, 50.261745873000052 ], [ 12.370862761000069, 50.285273375000031 ], [ 12.400566176000041, 50.295207713000082 ], [ 12.398015033000036, 50.32115327200006 ], [ 12.431200365000052, 50.322724049000044 ], [ 12.441802026000062, 50.341158542000073 ], [ 12.469426672000054, 50.354990387000043 ], [ 12.489306910000039, 50.34981661900008 ], [ 12.486528324000062, 50.370843409000031 ], [ 12.512047935000055, 50.397258170000043 ], [ 12.600186605000033, 50.405808671000045 ], [ 12.616952124000022, 50.415609748000065 ], [ 12.649173104000056, 50.410745674000054 ], [ 12.673121539000022, 50.41687581900004 ], [ 12.70705670600006, 50.397317463000036 ], [ 12.707606946000055, 50.407829759000037 ], [ 12.734613356000068, 50.432197956000039 ], [ 12.794929968000076, 50.449446888000068 ], [ 12.81061870700006, 50.431057058000079 ], [ 12.806651844000044, 50.443891319000045 ], [ 12.819380928000044, 50.459795317000044 ], [ 12.912391785000068, 50.423729092000031 ], [ 12.937308321000046, 50.40632832700004 ], [ 12.947972824000033, 50.404279661000032 ], [ 12.941897637000068, 50.411493416000042 ], [ 12.983451159000026, 50.41971505500004 ], [ 13.019865411000069, 50.446732352000026 ], [ 13.020174173000044, 50.475427170000046 ], [ 13.031745820000026, 50.509731805000058 ], [ 13.08534559900005, 50.50027136500006 ], [ 13.132671092000066, 50.518277972000078 ], [ 13.136736576000033, 50.506424499000047 ], [ 13.195270343000061, 50.503262871000061 ], [ 13.194689489000041, 50.515260279000074 ], [ 13.229077044000064, 50.549737085000061 ], [ 13.222861616000046, 50.562903406000032 ], [ 13.248438251000039, 50.592053332000035 ], [ 13.278770586000064, 50.592994900000065 ], [ 13.290912694000042, 50.575017646000049 ], [ 13.323678120000068, 50.581648635000079 ], [ 13.319399721000025, 50.602166270000055 ], [ 13.324732371000039, 50.608038625000063 ], [ 13.377699915000051, 50.62767509300005 ], [ 13.370982952000077, 50.650545897000029 ], [ 13.392107757000076, 50.646318424000071 ], [ 13.415308907000053, 50.616331779000063 ], [ 13.464767585000061, 50.601892596000027 ], [ 13.497028544000045, 50.631423587000029 ], [ 13.524193077000064, 50.639264664000052 ], [ 13.52610969400007, 50.649421702000041 ], [ 13.512806844000067, 50.653712521000045 ], [ 13.540243683000028, 50.668010618000039 ], [ 13.544372940000073, 50.677447603000076 ], [ 13.526820354000051, 50.705016776000036 ], [ 13.556326776000049, 50.714546174000077 ], [ 13.602253181000037, 50.710058744000037 ], [ 13.664308586000061, 50.731928599000071 ], [ 13.706467567000061, 50.716923816000076 ], [ 13.712389784000038, 50.719663837000041 ], [ 13.708217320000074, 50.725317098000062 ], [ 13.728175793000048, 50.733651441000063 ], [ 13.740403595000032, 50.727173773000061 ], [ 13.758341667000025, 50.735814604000041 ], [ 13.807331647000069, 50.733264414000075 ], [ 13.827069202000075, 50.72422109300004 ], [ 13.855192645000045, 50.727109705000032 ], [ 13.861777864000032, 50.742909350000048 ], [ 13.880231435000042, 50.737814577000051 ], [ 13.898190316000068, 50.744485654000073 ], [ 13.902751591000026, 50.752908572000081 ], [ 13.887530922000053, 50.770460486000047 ], [ 13.901054929000054, 50.79342943100005 ], [ 13.939180496000063, 50.789979008000046 ], [ 13.955840746000035, 50.800589752000064 ], [ 13.953779261000022, 50.807289694000076 ], [ 13.990311032000022, 50.820005029000072 ], [ 14.030664840000043, 50.804161800000031 ], [ 14.078378208000061, 50.812419929000043 ], [ 14.089525615000071, 50.825849633000075 ], [ 14.223292324000056, 50.859236710000062 ], [ 14.236019930000055, 50.876449623000042 ], [ 14.233150164000051, 50.887524025000062 ], [ 14.26750461000006, 50.895304531000079 ], [ 14.304845070000056, 50.883981086000063 ], [ 14.348213159000068, 50.892571018000069 ], [ 14.349273389000075, 50.900725826000041 ], [ 14.387635007000029, 50.899087976000033 ], [ 14.385642573000041, 50.916489992000038 ], [ 14.402143728000055, 50.924073245000045 ], [ 14.396728063000069, 50.936490673000037 ], [ 14.311707900000044, 50.953760436000039 ], [ 14.316912151000054, 50.960671288000071 ], [ 14.302559058000043, 50.965332059000048 ], [ 14.328423370000053, 50.973506376000046 ], [ 14.323554183000056, 50.985363647000042 ], [ 14.285774945000071, 50.97699571000004 ], [ 14.258647344000053, 50.987537515000042 ], [ 14.268802209000057, 51.000040567000042 ], [ 14.260642523000058, 51.008829242000047 ], [ 14.280222182000045, 51.014096361000043 ], [ 14.286314961000073, 51.026961946000029 ], [ 14.273792350000065, 51.039772117000041 ], [ 14.288390055000036, 51.039119662000076 ], [ 14.30185834100007, 51.055046171000072 ], [ 14.316923897000038, 51.055423884000049 ], [ 14.336630223000043, 51.039019303000032 ], [ 14.361987043000056, 51.045425480000063 ], [ 14.382565514000078, 51.038569897000059 ], [ 14.384764037000025, 51.026958353000055 ], [ 14.408442123000043, 51.018771589000039 ], [ 14.453819730000077, 51.035893205000036 ], [ 14.492658358000028, 51.023403948000066 ], [ 14.491220963000046, 51.043530578000059 ], [ 14.508211954000046, 51.043154597000068 ], [ 14.498557611000024, 51.02205888900005 ], [ 14.532145953000054, 51.016529437000031 ], [ 14.539888906000044, 51.010376775000054 ], [ 14.534698160000062, 51.003714238000043 ], [ 14.564531187000057, 51.010137710000038 ], [ 14.599177544000042, 50.987111002000063 ], [ 14.596073843000056, 50.96280839800005 ], [ 14.560662008000065, 50.925374011000031 ], [ 14.564810750000049, 50.918352961000039 ], [ 14.583209775000057, 50.914256997000052 ], [ 14.650215415000048, 50.931534568000075 ], [ 14.652896345000045, 50.905485998000074 ], [ 14.636233786000048, 50.897448618000055 ], [ 14.61886845500004, 50.857710298000029 ], [ 14.690198948000045, 50.837999141000068 ], [ 14.708706569000071, 50.840888943000039 ], [ 14.722323034000055, 50.822081550000064 ], [ 14.744951764000064, 50.829451475000042 ], [ 14.766437624000048, 50.819348698000056 ], [ 14.793911833000038, 50.820147538000072 ], [ 14.824748936000049, 50.866967512000031 ], [ 14.820431627000062, 50.886254019000035 ], [ 14.896553477000054, 50.940641677000031 ], [ 14.892963253000062, 50.949583636000057 ], [ 14.903870858000062, 50.961222166000027 ], [ 14.90308307500004, 50.971716771000047 ], [ 14.919431942000074, 50.975342198000078 ], [ 14.917197958000031, 50.995203047000075 ], [ 14.929047064000031, 50.99797961400003 ], [ 14.937980713000059, 51.011466469000027 ], [ 14.935208916000022, 51.020174674000032 ], [ 14.949060770000074, 51.030600589000073 ], [ 14.948963577000029, 51.042831134000039 ], [ 14.964696837000076, 51.05036208000007 ], [ 14.967693403000055, 51.070999186000051 ], [ 14.979275101000042, 51.077079975000061 ], [ 14.976328761000048, 51.08700963800004 ], [ 14.984007478000024, 51.090749978000076 ], [ 14.980914808000023, 51.11605404800008 ], [ 14.997766980000051, 51.122417497000072 ], [ 14.990427553000075, 51.14215198100004 ], [ 15.000713047000033, 51.149480666000045 ], [ 14.993207132000066, 51.162460555000052 ], [ 15.005042954000032, 51.167711810000071 ], [ 15.004737075000037, 51.190880780000043 ], [ 15.01429861500003, 51.196090370000036 ], [ 15.00765288100007, 51.199827537000033 ], [ 15.009804723000059, 51.213453395000045 ], [ 15.016875192000043, 51.214926280000043 ], [ 15.016202497000052, 51.22760222800008 ], [ 15.028330306000043, 51.241557803000035 ], [ 15.037618673000054, 51.244203044000074 ], [ 15.023391885000024, 51.250706860000037 ], [ 15.038167333000047, 51.258483364000028 ], [ 15.041789402000063, 51.274035225000034 ], [ 15.034368033000021, 51.277442465000036 ], [ 15.03348145700005, 51.29393323100004 ], [ 15.012005601000055, 51.301310651000051 ], [ 15.009246229000041, 51.316298836000044 ], [ 14.986146670000039, 51.329290785000069 ], [ 14.976218462000077, 51.356936401000041 ], [ 14.965243452000038, 51.36108329700005 ], [ 14.983740931000057, 51.373549569000033 ], [ 14.969300870000041, 51.379075902000068 ], [ 14.958283107000057, 51.395344693000027 ], [ 14.968925517000059, 51.397729979000076 ], [ 14.958724003000043, 51.409754068000041 ], [ 14.967070062000062, 51.417323575000069 ], [ 14.958634072000052, 51.431245164000075 ], [ 14.970072265000056, 51.432171538000034 ], [ 14.974216450000029, 51.441674013000068 ], [ 14.952464783000039, 51.46843315600006 ], [ 14.926111104000029, 51.473483927000075 ], [ 14.91578060300003, 51.483766925000054 ], [ 14.851638905000073, 51.489556400000026 ], [ 14.795970693000072, 51.517872020000027 ], [ 14.735763418000033, 51.525956155000074 ], [ 14.726305434000039, 51.539002006000032 ], [ 14.729349149000029, 51.549742398000035 ], [ 14.711240953000072, 51.562655301000063 ], [ 14.729865561000054, 51.581776998000066 ], [ 14.707558532000064, 51.597308326000075 ], [ 14.696647725000048, 51.596660826000061 ], [ 14.706451662000063, 51.576460163000036 ], [ 14.692759232000071, 51.576335222000068 ], [ 14.691142422000041, 51.562786103000064 ], [ 14.674012757000071, 51.550645354000039 ], [ 14.609886946000074, 51.550149781000073 ], [ 14.599026234000064, 51.571749858000032 ], [ 14.569635102000063, 51.581190478000053 ], [ 14.544438335000052, 51.573615162000067 ], [ 14.545185107000066, 51.561777422000034 ], [ 14.515453721000029, 51.554234835000045 ], [ 14.454070342000023, 51.556371979000062 ], [ 14.446735377000039, 51.552727607000065 ], [ 14.447770787000024, 51.542068884000059 ], [ 14.38715846100007, 51.541770884000073 ], [ 14.386688683000045, 51.534020598000041 ], [ 14.339930674000072, 51.520762156000046 ], [ 14.342118094000057, 51.510843823000073 ], [ 14.332350139000027, 51.505018263000068 ], [ 14.322918395000045, 51.519426042000077 ], [ 14.274005492000072, 51.532130364000068 ], [ 14.247044376000076, 51.527842390000046 ], [ 14.213017887000035, 51.539811847000067 ], [ 14.136708929000065, 51.543308938000052 ], [ 14.129730077000033, 51.533861060000049 ], [ 14.142359250000027, 51.522804452000059 ], [ 14.107796743000051, 51.521760568000047 ], [ 14.095669631000021, 51.498716950000073 ], [ 14.073821672000065, 51.492667490000031 ], [ 14.087258361000067, 51.477396683000052 ], [ 14.033005724000077, 51.47510218900004 ], [ 14.055291852000039, 51.460948208000048 ], [ 14.052588241000024, 51.452508073000047 ], [ 14.06283710200006, 51.445505756000045 ], [ 14.038161638000076, 51.435578381000028 ], [ 14.046241449000036, 51.429134776000069 ], [ 14.038245091000022, 51.428443885000036 ], [ 14.044589875000042, 51.418753734000063 ], [ 14.015903684000023, 51.405137896000042 ], [ 14.028091220000022, 51.395935805000079 ], [ 14.003563735000057, 51.395611923000047 ], [ 14.008315099000072, 51.391981212000076 ], [ 13.996318439000049, 51.382607596000071 ], [ 14.000697255000034, 51.372595974000035 ], [ 13.970209088000047, 51.37584092600008 ], [ 13.972343684000066, 51.393822377000049 ], [ 13.956223629000021, 51.397071713000059 ], [ 13.883068070000036, 51.375117439000064 ], [ 13.833190694000052, 51.383838980000064 ], [ 13.835313221000035, 51.37679 ], [ 13.818971917000056, 51.369498913000029 ], [ 13.787940660000061, 51.370907272000068 ], [ 13.763252568000041, 51.359020351000026 ], [ 13.766615259000048, 51.370724309000082 ], [ 13.739111251000054, 51.361202020000064 ], [ 13.691250600000046, 51.374012806000053 ], [ 13.682764784000028, 51.367615274000059 ], [ 13.668403738000052, 51.376126428000077 ], [ 13.661451524000029, 51.368974629000036 ], [ 13.594063134000066, 51.369356210000035 ], [ 13.589854833000061, 51.38423485800007 ], [ 13.56996177700006, 51.385666025000035 ], [ 13.542628170000057, 51.369315506000078 ], [ 13.537766398000031, 51.381046458000071 ], [ 13.523118418000024, 51.38102642900003 ], [ 13.521217776000071, 51.402057390000039 ], [ 13.463281914000049, 51.411753590000046 ], [ 13.465533281000035, 51.421774635000077 ], [ 13.473786066000059, 51.417881159000046 ], [ 13.463307821000058, 51.426261876000069 ], [ 13.450052450000044, 51.423008259000028 ], [ 13.445913131000054, 51.431449713000063 ], [ 13.44605750900007, 51.425956521000046 ], [ 13.421424948000038, 51.421505006000075 ], [ 13.428149657000063, 51.431245011000044 ], [ 13.401050430000055, 51.454171725000037 ], [ 13.382146484000032, 51.436046388000079 ], [ 13.372938772000055, 51.437795651000044 ], [ 13.383076043000074, 51.42805680500004 ], [ 13.376647809000076, 51.42461142500008 ], [ 13.358349601000043, 51.43397124300003 ], [ 13.337948451000045, 51.429164667000066 ], [ 13.333353584000065, 51.437441184000079 ], [ 13.320322813000075, 51.437500476000082 ], [ 13.328343606000033, 51.426642050000055 ], [ 13.286672470000042, 51.411383232000048 ], [ 13.286354589000041, 51.399288186000035 ], [ 13.259983530000056, 51.400399041000071 ], [ 13.26854325000005, 51.384793245000026 ], [ 13.250654593000036, 51.394108586000073 ], [ 13.217308924000065, 51.395055649000028 ], [ 13.19975045700005, 51.433225950000065 ], [ 13.189423718000057, 51.434256105000031 ], [ 13.184649358000058, 51.423787028000049 ], [ 13.174310971000068, 51.428253919000042 ], [ 13.203121686000031, 51.451013383000031 ], [ 13.203080426000042, 51.458731937000039 ], [ 13.182922444000042, 51.471341281000036 ], [ 13.182296591000068, 51.491959294000026 ], [ 13.201294464000057, 51.491717480000034 ], [ 13.196534058000054, 51.494470566000075 ], [ 13.207041558000071, 51.504937257000051 ], [ 13.207957037000028, 51.524352847000046 ], [ 13.190055471000051, 51.539590304000058 ], [ 13.185571760000073, 51.558075237000025 ], [ 13.143169245000024, 51.567461129000037 ], [ 13.16177226800005, 51.592148296000062 ], [ 13.154954859000043, 51.600196785000037 ], [ 13.14377685900007, 51.597873112000059 ], [ 13.121025347000057, 51.618887549000078 ], [ 13.08630409500006, 51.608135139000069 ], [ 13.051025247000041, 51.647677155000054 ], [ 13.023467076000031, 51.637303385000052 ], [ 13.017192195000064, 51.659631704000049 ], [ 12.996291835000022, 51.66924715600004 ], [ 12.966821294000056, 51.665664764000041 ], [ 12.971502577000024, 51.650248674000068 ], [ 12.949527973000045, 51.649433931000033 ], [ 12.952355280000063, 51.643588674000057 ], [ 12.942163597000047, 51.63800593600007 ], [ 12.928109045000042, 51.649565014000075 ], [ 12.897524744000066, 51.647426267000071 ], [ 12.889194796000027, 51.666883895000069 ], [ 12.86579381100006, 51.655026692000035 ], [ 12.862227439000037, 51.67378173000003 ], [ 12.843862268000066, 51.684973717000048 ], [ 12.792533531000061, 51.66550081500003 ], [ 12.772706246000041, 51.647509054000068 ], [ 12.686675620000074, 51.661992824000038 ], [ 12.649112656000057, 51.620446328000071 ], [ 12.608332218000044, 51.610602043000029 ], [ 12.629228985000054, 51.625235648000057 ], [ 12.606438688000026, 51.626815890000046 ], [ 12.591856764000056, 51.618358486000034 ], [ 12.580262793000031, 51.626065335000078 ], [ 12.559979633000069, 51.608519106000074 ], [ 12.538620841000068, 51.602361060000078 ], [ 12.507006970000077, 51.608455556000081 ], [ 12.482988090000049, 51.593184188000066 ], [ 12.477139907000037, 51.596279155000047 ], [ 12.486373585000024, 51.604277732000071 ], [ 12.443962412000076, 51.609870408000063 ], [ 12.433312817000058, 51.605833562000043 ], [ 12.436823185000037, 51.599305452000067 ], [ 12.427328904000035, 51.599298864000048 ], [ 12.425419165000051, 51.582131381000067 ], [ 12.336977041000068, 51.58622716800005 ], [ 12.343483062000075, 51.581496985000058 ], [ 12.319375024000067, 51.577578498000037 ], [ 12.293179328000065, 51.560557430000074 ], [ 12.250477899000032, 51.558949125000026 ], [ 12.243210899000076, 51.56687604800004 ], [ 12.23290389400006, 51.56112541300007 ], [ 12.231345874000056, 51.54734570100004 ], [ 12.192765745000031, 51.531298607000053 ], [ 12.190395223000053, 51.507767286000046 ], [ 12.207896626000036, 51.502592433000075 ], [ 12.20308176900005, 51.485141150000061 ], [ 12.175705, 51.48222233000007 ], [ 12.175521038000056, 51.469680433000065 ], [ 12.148913401000073, 51.463106774000039 ], [ 12.15825660400003, 51.451243150000039 ], [ 12.157213533000061, 51.432710985000028 ], [ 12.182482341000025, 51.432379223000055 ], [ 12.189822026000058, 51.420853706000059 ], [ 12.173532762000036, 51.410256975000038 ], [ 12.17813936400006, 51.389146657000026 ], [ 12.184827904000031, 51.387584079000078 ], [ 12.172143857000037, 51.384157697000035 ], [ 12.177744542000028, 51.375167619000081 ], [ 12.189963637000062, 51.379450347000045 ], [ 12.181756294000024, 51.368510594000043 ], [ 12.193640449000043, 51.36927451400004 ], [ 12.185632465000026, 51.365964292000058 ], [ 12.195756784000025, 51.359728320000045 ], [ 12.190255660000048, 51.351359309000031 ], [ 12.194347237000045, 51.330567665000046 ], [ 12.147653576000039, 51.31996709100008 ], [ 12.157403369000065, 51.292276898000068 ], [ 12.168947867000043, 51.293756878000067 ], [ 12.172255093000047, 51.285680782000043 ], [ 12.166101471000047, 51.266073612000071 ], [ 12.189389324000047, 51.257622728000058 ], [ 12.19949202500004, 51.238418909000075 ], [ 12.19247735600004, 51.235070548000067 ], [ 12.204741890000037, 51.214202473000057 ], [ 12.189590359000022, 51.203983030000074 ], [ 12.187184697000077, 51.191463421000037 ], [ 12.173737447000065, 51.190082162000067 ], [ 12.174844208000025, 51.181327315000033 ], [ 12.213084091000042, 51.183500391000052 ], [ 12.197153577000051, 51.159910727000067 ], [ 12.196192449000023, 51.141907465000031 ], [ 12.241637641000068, 51.130704689000027 ], [ 12.229073593000066, 51.120228191000081 ], [ 12.220555541000067, 51.123038935000068 ], [ 12.221198540000046, 51.109914914000058 ], [ 12.253084246000071, 51.097267870000053 ], [ 12.278574707000075, 51.099282618000075 ], [ 12.290750421000041, 51.090984850000041 ], [ 12.32157423700005, 51.094615272000055 ], [ 12.331598674000077, 51.103782505000027 ], [ 12.356580071000053, 51.094342821000055 ], [ 12.353617564000047, 51.084606729000029 ], [ 12.361026051000067, 51.079799736000041 ], [ 12.392957993000039, 51.084115502000031 ], [ 12.410448216000077, 51.072854820000032 ], [ 12.450744659000065, 51.077305768000031 ], [ 12.458382880000045, 51.084550712000066 ], [ 12.462914729000033, 51.066899803000069 ], [ 12.501522314000056, 51.064075847000026 ], [ 12.50857594200005, 51.053062827000076 ], [ 12.501925594000056, 51.051725859000044 ], [ 12.502893945000039, 51.03489968100007 ], [ 12.512451518000034, 51.026419074000046 ], [ 12.507388166000055, 51.017275890000064 ], [ 12.516332786000021, 51.018219923000061 ], [ 12.514368602000047, 51.026876608000066 ], [ 12.538852058000032, 51.024252038000043 ], [ 12.540180376000023, 51.005732583000054 ], [ 12.527549908000026, 50.998898143000076 ], [ 12.555758809000054, 50.997485506000032 ], [ 12.582986589000029, 50.981961929000079 ], [ 12.581021526000029, 50.989235078000036 ], [ 12.607533974000035, 50.99673176500005 ], [ 12.621288784000058, 50.975770595000029 ], [ 12.630112749000034, 50.942503032000047 ], [ 12.624357315000054, 50.939709868000079 ], [ 12.654115090000062, 50.919062739000026 ], [ 12.640121045000058, 50.903073783000082 ], [ 12.620061669000052, 50.90938146600007 ], [ 12.573426149000056, 50.901078062000067 ], [ 12.507862731000046, 50.903729037000062 ], [ 12.511120450000021, 50.89409887100004 ], [ 12.486666046000039, 50.893896980000079 ], [ 12.459254289000057, 50.880448584000078 ], [ 12.46402553300004, 50.870125223000059 ], [ 12.448356980000028, 50.867448335000063 ], [ 12.437452920000055, 50.842417405000049 ], [ 12.420206496000048, 50.839589708000062 ], [ 12.412985022000044, 50.856873008000036 ], [ 12.402949551000063, 50.849226065000039 ], [ 12.374132737000025, 50.853249232000053 ], [ 12.348316870000076, 50.837534941000058 ], [ 12.347576712000034, 50.823631509000052 ], [ 12.306948010000042, 50.818763003000072 ], [ 12.29858355600004, 50.829900221000059 ], [ 12.302356116000055, 50.817197184000065 ], [ 12.289715312000055, 50.823965237000039 ], [ 12.279862919000038, 50.809704378000049 ], [ 12.276981908000039, 50.817859633000069 ], [ 12.259758066000074, 50.81145106300005 ], [ 12.250495312000055, 50.818537556000081 ], [ 12.242835374000038, 50.809060457000044 ], [ 12.253483552000034, 50.799508996000043 ], [ 12.253153657000041, 50.788834765000047 ], [ 12.287644353000076, 50.789643327000078 ], [ 12.290160812000067, 50.783427092000068 ], [ 12.263920929000051, 50.760456027000032 ], [ 12.240689735000046, 50.767240127000036 ], [ 12.228688049000027, 50.757452787000034 ], [ 12.226984634000075, 50.738218478000078 ], [ 12.264756658000067, 50.737546889000043 ], [ 12.273430219000034, 50.728202059000068 ], [ 12.253382117000058, 50.71570452800006 ], [ 12.264900657000055, 50.703699234000055 ], [ 12.262762318000057, 50.695276464000074 ], [ 12.274761805000026, 50.68611728500008 ], [ 12.318896253000048, 50.684003179000058 ], [ 12.317717793000043, 50.663364201000036 ], [ 12.264286262000041, 50.643385441000078 ], [ 12.265518391000057, 50.63079334400004 ], [ 12.23281227800004, 50.627067029000045 ], [ 12.198197471000071, 50.641314811000029 ], [ 12.190751569000042, 50.614423305000059 ], [ 12.182766475000051, 50.612110603000076 ], [ 12.174721625000075, 50.61451388200004 ], [ 12.170441876000041, 50.629234702000076 ], [ 12.149889651000024, 50.628802502000042 ], [ 12.147222145000057, 50.606097921000071 ], [ 12.114901490000022, 50.596981747000029 ], [ 12.110150855000029, 50.58872004300008 ], [ 12.156092178000051, 50.585579086000052 ], [ 12.156024277000029, 50.573491527000044 ], [ 12.127654066000048, 50.57412899600007 ], [ 12.115772821000064, 50.566948348000039 ], [ 12.10151776400005, 50.578940388000035 ], [ 12.083594331000029, 50.578566740000042 ], [ 12.07268971600007, 50.555118598000035 ], [ 12.030271920000075, 50.549397788000078 ], [ 12.030989895000062, 50.557776236000052 ], [ 12.01753547800007, 50.567840792000027 ], [ 12.035634272000038, 50.581365359000074 ], [ 12.036137609000036, 50.593949882000061 ], [ 12.005481904000021, 50.612018679000073 ], [ 12.022117527000034, 50.625539824000043 ], [ 12.003938001000051, 50.634825461000048 ], [ 11.979268787000024, 50.621410179000065 ], [ 11.986749820000057, 50.609484849000069 ], [ 11.923565976000077, 50.585708034000049 ], [ 11.933676233000028, 50.568524970000055 ], [ 11.926010670000039, 50.556844271000045 ], [ 11.885209239000062, 50.551941691000081 ], [ 11.871462575000066, 50.53982274100008 ], [ 11.888217853000071, 50.516678642000045 ], [ 11.91846047000007, 50.516980600000068 ], [ 11.915851091000036, 50.524518043000057 ], [ 11.925251275000051, 50.526319103000048 ], [ 11.93293170000004, 50.52125632700006 ], [ 11.933976413000039, 50.506034538000051 ], [ 11.964228503000072, 50.486962602000062 ], [ 11.937693008000053, 50.471691945000032 ], [ 11.950797996000063, 50.454068979000056 ], [ 11.931895132000022, 50.46422276800007 ], [ 11.888509461000069, 50.443605914000045 ], [ 11.899640957000031, 50.435247539000045 ], [ 11.927800470000022, 50.432515236000029 ], [ 11.919322860000023, 50.424727765000057 ], [ 11.945645081000066, 50.416282774000081 ], [ 11.954374087000076, 50.407074482000041 ], [ 11.949376885000049, 50.394808536000028 ], [ 11.964572062000059, 50.399934636000069 ], [ 11.983943197000031, 50.388707135000061 ], [ 11.978960913000037, 50.369494737000082 ], [ 11.984773226000073, 50.364695505000043 ], [ 11.976512284000023, 50.361944634000054 ], [ 11.982554633000063, 50.356666573000041 ], [ 11.976043698000069, 50.352292688000034 ], [ 12.01477557100003, 50.347560123000051 ], [ 12.04685190500004, 50.324998657000037 ], [ 12.046435516000031, 50.331150905000072 ], [ 12.079892806000032, 50.32683473700007 ], [ 12.091343377000044, 50.332609688000048 ], [ 12.090346650000072, 50.324251385000082 ], [ 12.100900370000033, 50.318028244000061 ] ] ] } },
{ "type": "Feature", "properties": { "shapeName": "Sachsen-Anhalt", "shapeISO": "DE-ST", "shapeType": "ADM1" }, "geometry": { "type": "MultiPolygon", "coordinates": [ [ [ [ 11.597784507000028, 53.035926370000027 ], [ 11.559249505000025, 53.013080327000068 ], [ 11.552090030000045, 53.004728472000068 ], [ 11.56044386700006, 53.003799708000031 ], [ 11.556416553000076, 52.998665804000041 ], [ 11.512490564000075, 53.007444927000051 ], [ 11.492342520000022, 52.959662884000068 ], [ 11.505026760000021, 52.941032668000048 ], [ 11.470061657000031, 52.938925629000039 ], [ 11.406577801000026, 52.904102200000068 ], [ 11.384778189000031, 52.903578430000039 ], [ 11.314250103000063, 52.878236319000052 ], [ 11.295410670000024, 52.874906897000074 ], [ 11.290662086000054, 52.889125662000026 ], [ 11.241125626000041, 52.879018252000037 ], [ 11.220645293000075, 52.897666356000059 ], [ 11.155257873000039, 52.906210568000063 ], [ 11.106405529000028, 52.896223479000071 ], [ 11.093187302000047, 52.899471424000069 ], [ 11.098675785000069, 52.91287668800004 ], [ 11.00207578800007, 52.911476649000065 ], [ 10.992572501000041, 52.90645741000003 ], [ 10.985508337000056, 52.882033212000067 ], [ 10.968082323000033, 52.879320721000056 ], [ 10.93963351900004, 52.853335511000068 ], [ 10.895667014000026, 52.856372761000046 ], [ 10.884683581000047, 52.845796342000028 ], [ 10.866102062000039, 52.855725989000064 ], [ 10.764697233000049, 52.84047926900007 ], [ 10.771728831000075, 52.833945675000052 ], [ 10.756946307000021, 52.81977474200005 ], [ 10.761743760000059, 52.802726389000043 ], [ 10.75532124700004, 52.784829634000062 ], [ 10.776207966000072, 52.75478884100005 ], [ 10.791665848000036, 52.748196580000069 ], [ 10.788176141000065, 52.733172316000037 ], [ 10.796696774000054, 52.714326357000061 ], [ 10.829703151000047, 52.716135165000026 ], [ 10.837507475000052, 52.695809593000035 ], [ 10.877758850000021, 52.663832479000064 ], [ 10.904377968000063, 52.627466782000056 ], [ 10.925026272000025, 52.614596855000059 ], [ 10.921411939000052, 52.610437082000033 ], [ 10.976967998000077, 52.624141618000067 ], [ 10.975629190000063, 52.606824913000082 ], [ 10.939817470000037, 52.589573100000052 ], [ 10.947435541000061, 52.582550068000046 ], [ 10.937575735000053, 52.567399653000052 ], [ 10.958992317000025, 52.535553972000059 ], [ 11.008781744000032, 52.496747645000028 ], [ 10.974840401000051, 52.50136334900003 ], [ 10.949993653000035, 52.495605652000052 ], [ 10.934584997000059, 52.476174396000033 ], [ 10.933745728000076, 52.460952127000041 ], [ 11.005578878000051, 52.408871528000077 ], [ 11.018695124000033, 52.39704204700007 ], [ 11.015160053000045, 52.388106807000042 ], [ 11.046752836000053, 52.387870177000082 ], [ 11.074479825000026, 52.374403266000058 ], [ 11.067000153000038, 52.36987737700008 ], [ 11.068684252000025, 52.355477636000046 ], [ 11.057474478000074, 52.350333146000082 ], [ 10.983673924000072, 52.341686462000041 ], [ 10.987912499000061, 52.335015948000034 ], [ 11.002083240000047, 52.336585384000045 ], [ 11.001076691000037, 52.32748052200003 ], [ 11.011616662000051, 52.328241065000043 ], [ 11.036015160000034, 52.310396039000068 ], [ 11.039222682000059, 52.30167186500006 ], [ 11.013800797000044, 52.286649050000051 ], [ 11.029066818000047, 52.270121023000058 ], [ 11.052167702000077, 52.267363551000074 ], [ 11.058907194000028, 52.240651771000046 ], [ 11.073267500000043, 52.243239691000042 ], [ 11.086244119000071, 52.228633838000064 ], [ 11.077184889000023, 52.218676564000077 ], [ 11.029448371000058, 52.211448374000042 ], [ 11.02457987400004, 52.201095824000049 ], [ 11.013646589000075, 52.199556191000056 ], [ 11.019244599000046, 52.178087020000078 ], [ 11.060336962000065, 52.172387408000077 ], [ 11.054618484000059, 52.160256076000053 ], [ 11.060428364000074, 52.153474011000071 ], [ 11.045039177000035, 52.143553843000063 ], [ 11.04413517200004, 52.133665504000078 ], [ 11.017470083000035, 52.128259734000039 ], [ 10.97687750700004, 52.105728854000063 ], [ 10.942159787000037, 52.103090284000075 ], [ 10.942004994000058, 52.094362849000049 ], [ 10.970652820000055, 52.08626494300006 ], [ 10.973049718000027, 52.073123931000055 ], [ 10.96441459700003, 52.056643160000078 ], [ 10.878944232000038, 52.059203040000057 ], [ 10.851441979000072, 52.05033732000004 ], [ 10.759892655000044, 52.045085088000064 ], [ 10.687385237000058, 52.048138207000079 ], [ 10.647886656000026, 52.041720816000065 ], [ 10.655491985000026, 52.024686617000043 ], [ 10.621436009000035, 52.010334264000051 ], [ 10.626019658000075, 52.008197848000066 ], [ 10.600194240000064, 52.007165677000046 ], [ 10.592280206000055, 52.014203527000063 ], [ 10.561226988000044, 52.004065940000032 ], [ 10.586778821000053, 51.982731841000032 ], [ 10.585689560000048, 51.976229724000063 ], [ 10.606232853000051, 51.977287408000052 ], [ 10.606237285000077, 51.968665723000072 ], [ 10.619617076000054, 51.966936155000042 ], [ 10.61994121500004, 51.957678621000071 ], [ 10.641704442000048, 51.962627964000035 ], [ 10.651303746000053, 51.957561078000026 ], [ 10.613260484000023, 51.939467874000059 ], [ 10.613313788000028, 51.921515277000026 ], [ 10.640421971000023, 51.914716561000034 ], [ 10.650437159000035, 51.891302688000053 ], [ 10.632329786000071, 51.872164917000077 ], [ 10.579100529000073, 51.848257255000078 ], [ 10.588429865000023, 51.835785772000065 ], [ 10.574174336000056, 51.811126566000041 ], [ 10.584163446000048, 51.797779288000072 ], [ 10.580437276000055, 51.782749998000043 ], [ 10.593024691000039, 51.767663850000076 ], [ 10.626096715000074, 51.759016896000048 ], [ 10.642022649000069, 51.725289541000052 ], [ 10.66830728900004, 51.709908031000055 ], [ 10.672617031000073, 51.696965543000033 ], [ 10.663060041000051, 51.691212377000056 ], [ 10.670507134000047, 51.666912682000032 ], [ 10.696011081000051, 51.642988323000054 ], [ 10.749365655000076, 51.640334302000042 ], [ 10.764511214000038, 51.649008275000028 ], [ 10.818215835000046, 51.639026433000026 ], [ 10.822567512000035, 51.623539574000063 ], [ 10.85861525100006, 51.632899770000051 ], [ 10.886600561000023, 51.61211090900008 ], [ 10.922012575000053, 51.618447435000064 ], [ 10.914091359000054, 51.61016346200006 ], [ 10.937063688000023, 51.603487291000079 ], [ 10.930538151000064, 51.591680934000067 ], [ 10.903331296000033, 51.593828216000077 ], [ 10.894476282000028, 51.601832903000059 ], [ 10.882051629000046, 51.580508087000055 ], [ 10.893071899000063, 51.576517653000053 ], [ 10.900496028000077, 51.550654700000052 ], [ 10.91116190200006, 51.555431146000046 ], [ 10.947971842000072, 51.537572879000038 ], [ 10.927335260000063, 51.520853702000068 ], [ 10.945086716000048, 51.506189583000037 ], [ 10.939721084000041, 51.500725565000039 ], [ 10.948649094000075, 51.501629556000069 ], [ 10.97294365700003, 51.48196093200005 ], [ 10.960817206000058, 51.471224927000037 ], [ 10.97270295800007, 51.453666029000033 ], [ 10.966733926000074, 51.432353207000062 ], [ 11.010663972000032, 51.425315032000071 ], [ 10.992033080000056, 51.417853213000058 ], [ 11.049852428000065, 51.420196530000055 ], [ 11.046041149000075, 51.426270158000079 ], [ 11.061390455000037, 51.429791974000068 ], [ 11.127572764000035, 51.413253797000039 ], [ 11.125661259000026, 51.408117659000027 ], [ 11.141754602000049, 51.402632654000058 ], [ 11.192411165000067, 51.402875290000054 ], [ 11.223882996000043, 51.413186153000026 ], [ 11.230167351000034, 51.405742607000036 ], [ 11.247897158000058, 51.405420562000074 ], [ 11.248506162000069, 51.395132827000054 ], [ 11.321259842000075, 51.410372347000077 ], [ 11.330795693000027, 51.390266390000079 ], [ 11.396852279000029, 51.381330726000044 ], [ 11.389836467000066, 51.367986821000045 ], [ 11.39943721800006, 51.344836156000042 ], [ 11.428814556000077, 51.342828578000081 ], [ 11.413594723000074, 51.333127825000076 ], [ 11.475225978000026, 51.298054277000062 ], [ 11.46778506000004, 51.288386862000038 ], [ 11.459877390000031, 51.294050304000052 ], [ 11.456112364000035, 51.277201276000028 ], [ 11.441744507000067, 51.273313582000071 ], [ 11.439522338000074, 51.263378660000058 ], [ 11.412632300000041, 51.241062033000048 ], [ 11.397795324000072, 51.23673771600005 ], [ 11.400613031000034, 51.24290962200007 ], [ 11.384567127000025, 51.245641227000078 ], [ 11.364832643000057, 51.221359162000056 ], [ 11.38982494000004, 51.217515194000043 ], [ 11.391420064000044, 51.203533300000061 ], [ 11.430948609000041, 51.21247579900006 ], [ 11.446045122000044, 51.208143767000081 ], [ 11.452402961000075, 51.192477490000044 ], [ 11.468567729000029, 51.192654106000077 ], [ 11.470817624000063, 51.169838477000042 ], [ 11.48554832800005, 51.168017348000035 ], [ 11.47494769900004, 51.165826340000081 ], [ 11.479284675000031, 51.158778323000035 ], [ 11.47192917600006, 51.148183576000065 ], [ 11.451004307000062, 51.146670132000054 ], [ 11.465453882000077, 51.127382066000052 ], [ 11.46336178200005, 51.112760382000033 ], [ 11.48521893700007, 51.102533527000048 ], [ 11.512077531000045, 51.107973997000045 ], [ 11.545642779000048, 51.102450368000063 ], [ 11.547819652000044, 51.111702175000062 ], [ 11.558240956000077, 51.108951274000049 ], [ 11.571659895000039, 51.119365125000058 ], [ 11.607503406000035, 51.111607235000065 ], [ 11.62021201400006, 51.09744866300008 ], [ 11.638240031000066, 51.111122783000042 ], [ 11.66695005400004, 51.110785478000082 ], [ 11.672439706000034, 51.102901879000058 ], [ 11.692382465000037, 51.099851599000033 ], [ 11.70158187100003, 51.085823475000041 ], [ 11.700810414000046, 51.069402566000065 ], [ 11.732299863000037, 51.068417156000066 ], [ 11.753250387000037, 51.05698852300003 ], [ 11.746197108000047, 51.051954372000068 ], [ 11.759689951000041, 51.042857856000069 ], [ 11.772094097000036, 51.045007542000064 ], [ 11.774634278000065, 51.05315736700004 ], [ 11.803893556000048, 51.047210797000048 ], [ 11.888807362000023, 51.05584043500005 ], [ 11.897452763000047, 51.045295401000033 ], [ 11.910866916000032, 51.045019899000067 ], [ 11.911895627000035, 51.028179288000047 ], [ 11.943066187000056, 51.032441164000033 ], [ 11.977137233000064, 51.016454899000053 ], [ 11.978643929000043, 51.003696124000044 ], [ 11.969873133000021, 50.994327733000034 ], [ 12.006571244000042, 50.991024147000076 ], [ 12.017188182000041, 50.979061234000028 ], [ 12.010659468000028, 50.974691441000061 ], [ 12.01412639800003, 50.968670856000074 ], [ 12.09215763900005, 50.976530488000037 ], [ 12.132133920000058, 50.961262629000032 ], [ 12.163529547000053, 50.958599780000043 ], [ 12.163207827000065, 50.966485230000046 ], [ 12.182508063000057, 50.975866046000078 ], [ 12.19797939700004, 50.956783875000042 ], [ 12.213818569000068, 50.958436089000031 ], [ 12.21458012100004, 50.938032078000049 ], [ 12.238717456000074, 50.951528099000029 ], [ 12.241670526000064, 50.961513750000051 ], [ 12.232348815000023, 50.961353392000035 ], [ 12.239891998000076, 50.975679993000028 ], [ 12.283517938000045, 51.006435975000045 ], [ 12.293914550000068, 51.031329954000057 ], [ 12.280580446000045, 51.04047835700004 ], [ 12.250268436000056, 51.037872891000063 ], [ 12.262206675000073, 51.049610749000067 ], [ 12.258492624000041, 51.066143880000027 ], [ 12.269307430000026, 51.071812331000046 ], [ 12.265596846000051, 51.076984320000065 ], [ 12.27320779300004, 51.075059639000074 ], [ 12.288279375000059, 51.088242434000051 ], [ 12.278574707000075, 51.099282618000075 ], [ 12.253084246000071, 51.097267870000053 ], [ 12.221198540000046, 51.109914914000058 ], [ 12.220555541000067, 51.123038935000068 ], [ 12.229073593000066, 51.120228191000081 ], [ 12.241637641000068, 51.130704689000027 ], [ 12.196192449000023, 51.141907465000031 ], [ 12.197153577000051, 51.159910727000067 ], [ 12.213084091000042, 51.183500391000052 ], [ 12.174844208000025, 51.181327315000033 ], [ 12.173737447000065, 51.190082162000067 ], [ 12.187184697000077, 51.191463421000037 ], [ 12.189590359000022, 51.203983030000074 ], [ 12.204741890000037, 51.214202473000057 ], [ 12.195589210000037, 51.223617840000031 ], [ 12.192076363000069, 51.236932348000039 ], [ 12.19949202500004, 51.238418909000075 ], [ 12.189389324000047, 51.257622728000058 ], [ 12.166101471000047, 51.266073612000071 ], [ 12.172255093000047, 51.285680782000043 ], [ 12.168947867000043, 51.293756878000067 ], [ 12.157403369000065, 51.292276898000068 ], [ 12.147653576000039, 51.31996709100008 ], [ 12.194347237000045, 51.330567665000046 ], [ 12.190255660000048, 51.351359309000031 ], [ 12.195756784000025, 51.359728320000045 ], [ 12.186085325000022, 51.362129071000027 ], [ 12.192879207000033, 51.371476782000059 ], [ 12.181756294000024, 51.368510594000043 ], [ 12.189963637000062, 51.379450347000045 ], [ 12.177744542000028, 51.375167619000081 ], [ 12.172143857000037, 51.384157697000035 ], [ 12.184827904000031, 51.387584079000078 ], [ 12.17813936400006, 51.389146657000026 ], [ 12.173532762000036, 51.410256975000038 ], [ 12.189822026000058, 51.420853706000059 ], [ 12.182482341000025, 51.432379223000055 ], [ 12.157213533000061, 51.432710985000028 ], [ 12.15825660400003, 51.451243150000039 ], [ 12.148672567000062, 51.459494845000052 ], [ 12.175521038000056, 51.469680433000065 ], [ 12.175705, 51.48222233000007 ], [ 12.20308176900005, 51.485141150000061 ], [ 12.207896626000036, 51.502592433000075 ], [ 12.190395223000053, 51.507767286000046 ], [ 12.192765745000031, 51.531298607000053 ], [ 12.231345874000056, 51.54734570100004 ], [ 12.23290389400006, 51.56112541300007 ], [ 12.243210899000076, 51.56687604800004 ], [ 12.250477899000032, 51.558949125000026 ], [ 12.293179328000065, 51.560557430000074 ], [ 12.319375024000067, 51.577578498000037 ], [ 12.343483062000075, 51.581496985000058 ], [ 12.336977041000068, 51.58622716800005 ], [ 12.425419165000051, 51.582131381000067 ], [ 12.427328904000035, 51.599298864000048 ], [ 12.436823185000037, 51.599305452000067 ], [ 12.433312817000058, 51.605833562000043 ], [ 12.443962412000076, 51.609870408000063 ], [ 12.486373585000024, 51.604277732000071 ], [ 12.477139907000037, 51.596279155000047 ], [ 12.482988090000049, 51.593184188000066 ], [ 12.507006970000077, 51.608455556000081 ], [ 12.538620841000068, 51.602361060000078 ], [ 12.559979633000069, 51.608519106000074 ], [ 12.580262793000031, 51.626065335000078 ], [ 12.591856764000056, 51.618358486000034 ], [ 12.606438688000026, 51.626815890000046 ], [ 12.629228985000054, 51.625235648000057 ], [ 12.608332218000044, 51.610602043000029 ], [ 12.649112656000057, 51.620446328000071 ], [ 12.686675620000074, 51.661992824000038 ], [ 12.772706246000041, 51.647509054000068 ], [ 12.792533531000061, 51.66550081500003 ], [ 12.843862268000066, 51.684973717000048 ], [ 12.862227439000037, 51.67378173000003 ], [ 12.86579381100006, 51.655026692000035 ], [ 12.889194796000027, 51.666883895000069 ], [ 12.897524744000066, 51.647426267000071 ], [ 12.928109045000042, 51.649565014000075 ], [ 12.942163597000047, 51.63800593600007 ], [ 12.952355280000063, 51.643588674000057 ], [ 12.949527973000045, 51.649433931000033 ], [ 12.971502577000024, 51.650248674000068 ], [ 12.966821294000056, 51.665664764000041 ], [ 12.996291835000022, 51.66924715600004 ], [ 13.017192195000064, 51.659631704000049 ], [ 13.023467076000031, 51.637303385000052 ], [ 13.154528682000034, 51.68670591700004 ], [ 13.162459540000043, 51.691815133000034 ], [ 13.155100575000063, 51.710786882000036 ], [ 13.170109944000046, 51.708086820000062 ], [ 13.16868541100007, 51.718669187000046 ], [ 13.187071619000051, 51.715624514000069 ], [ 13.179535239000074, 51.731170697000039 ], [ 13.154010380000045, 51.744247947000076 ], [ 13.163294686000029, 51.754936029000078 ], [ 13.147481829000071, 51.766638533000048 ], [ 13.170103761000064, 51.787023737000027 ], [ 13.157994611000049, 51.788448153000047 ], [ 13.163011284000049, 51.802017994000039 ], [ 13.142089515000066, 51.820654624000042 ], [ 13.123535766000032, 51.854592541000045 ], [ 13.150913369000023, 51.859610359000044 ], [ 13.150932690000047, 51.868926311000052 ], [ 13.124465060000034, 51.882948192000072 ], [ 13.080548074000035, 51.867478067000036 ], [ 13.039239290000069, 51.87091214700007 ], [ 13.029163736000044, 51.881042414000035 ], [ 13.048537912000029, 51.891860431000055 ], [ 13.045407862000047, 51.900515107000047 ], [ 12.972664852000037, 51.90088114100007 ], [ 12.976535928000033, 51.919863436000071 ], [ 12.955974305000041, 51.922657122000032 ], [ 12.960567963000074, 51.934910543000058 ], [ 12.918371523000076, 51.939359531000036 ], [ 12.917461899000045, 51.932691387000034 ], [ 12.890424131000032, 51.928380250000032 ], [ 12.888171517000046, 51.934769180000046 ], [ 12.852730179000048, 51.935005290000049 ], [ 12.844153643000027, 51.967733969000051 ], [ 12.777612700000077, 51.96459096500007 ], [ 12.774325113000032, 51.978359951000073 ], [ 12.669186684000067, 52.012880744000029 ], [ 12.648597032000055, 52.008311053000057 ], [ 12.644748195000034, 51.99437984900004 ], [ 12.61439705600003, 51.991723295000043 ], [ 12.615160260000039, 51.982281257000068 ], [ 12.539394591000075, 51.984888944000033 ], [ 12.536306598000067, 52.002880024000035 ], [ 12.498826522000059, 52.008922889000075 ], [ 12.484955700000057, 52.017149830000051 ], [ 12.48061535100004, 52.033335116000046 ], [ 12.460757553000064, 52.034720500000049 ], [ 12.450002444000063, 52.016212864000067 ], [ 12.430227854000066, 52.018306138000071 ], [ 12.389599427000064, 52.043565769000054 ], [ 12.359777396000027, 52.046500086000037 ], [ 12.329030218000071, 52.069631591000075 ], [ 12.315823508000051, 52.092371916000047 ], [ 12.276724288000025, 52.104017980000037 ], [ 12.265110134000054, 52.130659824000077 ], [ 12.245320008000022, 52.13873301600006 ], [ 12.231304279000028, 52.154951436000033 ], [ 12.23400384200005, 52.162793559000079 ], [ 12.21678313700005, 52.170068601000082 ], [ 12.228585191000036, 52.185984782000048 ], [ 12.248291792000032, 52.184222874000056 ], [ 12.241800133000027, 52.194277007000039 ], [ 12.25367519200006, 52.205646345000048 ], [ 12.245249263000062, 52.20738894200008 ], [ 12.248921059000054, 52.211737240000048 ], [ 12.297276877000058, 52.227545380000038 ], [ 12.264532505000034, 52.233547429000055 ], [ 12.275314132000062, 52.237202635000074 ], [ 12.24464806900005, 52.248438174000057 ], [ 12.262765171000069, 52.295071632000031 ], [ 12.308127562000038, 52.344696532000057 ], [ 12.283811381000021, 52.364254546000041 ], [ 12.305989508000039, 52.377433243000041 ], [ 12.29180744100006, 52.386143610000033 ], [ 12.302325984000049, 52.405012812000052 ], [ 12.274469664000037, 52.416061892000073 ], [ 12.296989636000035, 52.423778080000034 ], [ 12.289252414000032, 52.430694932000051 ], [ 12.302675223000051, 52.43449313900004 ], [ 12.304342700000063, 52.450501519000056 ], [ 12.316683686000033, 52.452384848000065 ], [ 12.315081152000062, 52.460460212000044 ], [ 12.325116194000032, 52.464230588000078 ], [ 12.330781529000035, 52.478555665000044 ], [ 12.315935042000035, 52.475020328000028 ], [ 12.309361243000069, 52.486264842000082 ], [ 12.330383932000075, 52.496367318000068 ], [ 12.271445311000036, 52.487480838000067 ], [ 12.262451997000028, 52.495470162000061 ], [ 12.270083396000075, 52.50099836000004 ], [ 12.259921744000053, 52.504232644000069 ], [ 12.258216198000071, 52.517885401000058 ], [ 12.235559417000047, 52.523781833000044 ], [ 12.221679470000026, 52.50066541800004 ], [ 12.184704165000028, 52.49577607100008 ], [ 12.167294831000049, 52.51498540800003 ], [ 12.188689499000077, 52.532422780000047 ], [ 12.173888412000053, 52.53869239900007 ], [ 12.141811423000036, 52.528394239000079 ], [ 12.159309610000037, 52.560990255000036 ], [ 12.181078091000074, 52.575177085000064 ], [ 12.173384733000034, 52.582254895000062 ], [ 12.171970158000022, 52.625946604000035 ], [ 12.203537040000072, 52.618746126000076 ], [ 12.236872557000027, 52.628877019000072 ], [ 12.231001580000054, 52.639889646000029 ], [ 12.237890105000076, 52.645556264000049 ], [ 12.23252380200006, 52.653611394000052 ], [ 12.239352076000046, 52.671736011000064 ], [ 12.226812306000056, 52.683797163000065 ], [ 12.232876671000042, 52.689044037000031 ], [ 12.220878966000043, 52.690439187000038 ], [ 12.217541893000032, 52.699821855000039 ], [ 12.224185488000046, 52.702785391000077 ], [ 12.203919018000022, 52.713352618000044 ], [ 12.209843553000042, 52.717622188000064 ], [ 12.197548537000046, 52.718375034000076 ], [ 12.20595688800006, 52.726513956000076 ], [ 12.201294289000032, 52.729003807000026 ], [ 12.223168686000065, 52.73974733600005 ], [ 12.205958399000053, 52.760910546000048 ], [ 12.214868624000076, 52.763995561000058 ], [ 12.213132486000063, 52.773607420000076 ], [ 12.223507288000064, 52.77569648900004 ], [ 12.22017640200005, 52.790127959000074 ], [ 12.244659900000045, 52.787223980000078 ], [ 12.257536445000028, 52.804908485000055 ], [ 12.243669638000028, 52.820685415000071 ], [ 12.234056796000061, 52.859377653000081 ], [ 12.217391247000023, 52.865984482000044 ], [ 12.209955490000027, 52.862416945000064 ], [ 12.196936529000027, 52.877977990000034 ], [ 12.123714704000065, 52.853795835000028 ], [ 12.133116363000056, 52.865776106000055 ], [ 12.120213079000052, 52.875513915000056 ], [ 12.124601270000028, 52.89358591000007 ], [ 12.112623069000051, 52.875729091000039 ], [ 12.022614193000038, 52.890370257000029 ], [ 11.981550252000034, 52.876028785000074 ], [ 11.932252961000074, 52.891578950000053 ], [ 11.897335380000072, 52.893362444000047 ], [ 11.87150837300004, 52.908873825000057 ], [ 11.833997503000035, 52.910361117000036 ], [ 11.82309213700006, 52.923257637000063 ], [ 11.847927457000026, 52.941031506000058 ], [ 11.844216635000066, 52.952680813000029 ], [ 11.786303885000052, 52.960958275000053 ], [ 11.764192987000058, 52.981411405000074 ], [ 11.743789794000065, 52.988544675000071 ], [ 11.692083658000058, 52.978407063000077 ], [ 11.67716506000005, 53.008137230000045 ], [ 11.645753077000052, 53.005384039000035 ], [ 11.626327036000077, 53.012647370000082 ], [ 11.639365586000054, 53.038718752000079 ], [ 11.597784507000028, 53.035926370000027 ] ], [ [ 12.264446159000045, 52.23171338700007 ], [ 12.270473520000053, 52.231102602000078 ], [ 12.275204045000066, 52.231050549000031 ], [ 12.264446159000045, 52.23171338700007 ] ], [ [ 12.279125023000063, 52.229417926000053 ], [ 12.285081124000044, 52.227017110000077 ], [ 12.276546163000035, 52.228295648000028 ], [ 12.279125023000063, 52.229417926000053 ] ], [ [ 12.222307577000038, 52.862548547000074 ], [ 12.217115001000025, 52.861992539000028 ], [ 12.221316314000035, 52.863812649000067 ], [ 12.222307577000038, 52.862548547000074 ] ] ], [ [ [ 11.439672491000067, 51.197667594000052 ], [ 11.446614450000027, 51.198880348000046 ], [ 11.43938578500007, 51.199766401000034 ], [ 11.439672491000067, 51.197667594000052 ] ] ] ] } },
{ "type": "Feature", "properties": { "shapeName": "Schleswig-Holstein", "shapeISO": "DE-SH", "shapeType": "ADM1" }, "geometry": { "type": "MultiPolygon", "coordinates": [ [ [ [ 8.692576917000054, 54.06044539700008 ], [ 8.700024862000021, 54.068315261000066 ], [ 8.68412763300006, 54.064491865000036 ], [ 8.68057516600004, 54.050577340000075 ], [ 8.691927435000025, 54.045721827000079 ], [ 8.702115508000077, 54.047827557000062 ], [ 8.684254633000023, 54.052228247000073 ], [ 8.70043066900007, 54.058034031000034 ], [ 8.692576917000054, 54.06044539700008 ] ] ], [ [ [ 7.919787116000066, 54.188723376000041 ], [ 7.89141591300006, 54.193011218000038 ], [ 7.869099861000052, 54.187827257000038 ], [ 7.890842287000055, 54.169834043000037 ], [ 7.907684732000064, 54.168880779000062 ], [ 7.906634244000031, 54.182274728000039 ], [ 7.918168073000061, 54.181311981000079 ], [ 7.919787116000066, 54.188723376000041 ] ] ], [ [ [ 11.082480424000039, 54.438909652000063 ], [ 11.088575916000025, 54.435906938000073 ], [ 11.09134780100004, 54.438120451000032 ], [ 11.089401370000076, 54.437975807000043 ], [ 11.082480424000039, 54.438909652000063 ] ] ], [ [ [ 8.735937941000032, 54.467623687000071 ], [ 8.727035366000052, 54.467917207000028 ], [ 8.718479772000023, 54.466442335000067 ], [ 8.727232762000028, 54.462323143000049 ], [ 8.735937941000032, 54.467623687000071 ] ] ], [ [ [ 8.552751327000067, 54.459730357000069 ], [ 8.559346723000033, 54.461863938000079 ], [ 8.56197240900002, 54.464789561000032 ], [ 8.547709366000049, 54.46862982500005 ], [ 8.552751327000067, 54.459730357000069 ] ] ], [ [ [ 8.507215489000032, 54.527601122000078 ], [ 8.514461888000028, 54.527825826000083 ], [ 8.516689793000069, 54.529014797000059 ], [ 8.507215489000032, 54.527601122000078 ] ] ], [ [ [ 11.165482891000067, 54.522482593000063 ], [ 11.064243733000069, 54.535055964000037 ], [ 11.031162978000054, 54.511804322000046 ], [ 11.010317918000055, 54.482557050000082 ], [ 11.007860249000032, 54.442498521000061 ], [ 11.038218167000025, 54.429859298000054 ], [ 11.047145005000061, 54.428281643000048 ], [ 11.021973445000071, 54.442970237000054 ], [ 11.063190355000074, 54.452814303000082 ], [ 11.09511647000005, 54.445452706000026 ], [ 11.101799257000039, 54.431567897000036 ], [ 11.095144846000039, 54.409533601000078 ], [ 11.120965639000076, 54.402075271000058 ], [ 11.172950805000028, 54.401482178000037 ], [ 11.229885664000051, 54.412225387000035 ], [ 11.312662827000054, 54.40225842500007 ], [ 11.298076904000027, 54.430764800000077 ], [ 11.252615715000047, 54.47175512900003 ], [ 11.232678195000062, 54.506862683000065 ], [ 11.216730750000067, 54.504377844000032 ], [ 11.165482891000067, 54.522482593000063 ] ] ], [ [ [ 8.827786719000073, 54.545838236000066 ], [ 8.80457292400007, 54.555732249000073 ], [ 8.789375360000065, 54.551904472000047 ], [ 8.827786719000073, 54.545838236000066 ] ] ], [ [ [ 8.705040588000031, 54.557561108000073 ], [ 8.595324964000042, 54.533838076000052 ], [ 8.587826497000037, 54.528854443000057 ], [ 8.58825027000006, 54.515722431000029 ], [ 8.624864818000049, 54.489067373000069 ], [ 8.669849211000042, 54.494526611000026 ], [ 8.687278668000033, 54.509021469000061 ], [ 8.701745606000031, 54.50039249200006 ], [ 8.688708054000074, 54.510788091000052 ], [ 8.696813864000035, 54.517496926000035 ], [ 8.686992152000073, 54.520879051000065 ], [ 8.706042354000033, 54.537595889000045 ], [ 8.71087383400004, 54.552963723000062 ], [ 8.705040588000031, 54.557561108000073 ] ] ], [ [ [ 8.575569922000057, 54.560455795000053 ], [ 8.549936511000055, 54.579431250000027 ], [ 8.50854496900007, 54.57669450800006 ], [ 8.547985440000048, 54.557024194000064 ], [ 8.575569922000057, 54.560455795000053 ] ] ], [ [ [ 8.833228491000057, 54.603408710000053 ], [ 8.814715015000047, 54.601872628000081 ], [ 8.808129610000037, 54.603974246000064 ], [ 8.818851276000032, 54.594805645000065 ], [ 8.833228491000057, 54.603408710000053 ] ] ], [ [ [ 8.771499038000059, 54.636985013000071 ], [ 8.766412090000074, 54.637849584000037 ], [ 8.761152883000022, 54.635964376000061 ], [ 8.762667308000061, 54.635215925000068 ], [ 8.771499038000059, 54.636985013000071 ] ] ], [ [ [ 8.736289595000073, 54.643938103000039 ], [ 8.717477365000036, 54.640871943000036 ], [ 8.710003354000037, 54.631948874000045 ], [ 8.728685798000072, 54.628882624000028 ], [ 8.73996524000006, 54.636283749000029 ], [ 8.736289595000073, 54.643938103000039 ] ] ], [ [ [ 8.656802350000021, 54.64367449000008 ], [ 8.663465466000048, 54.655879239000058 ], [ 8.651870162000023, 54.657637716000067 ], [ 8.602667059000055, 54.641935027000045 ], [ 8.540466065000032, 54.636410235000028 ], [ 8.528868124000041, 54.627305780000029 ], [ 8.547565637000048, 54.617761277000056 ], [ 8.584645354000031, 54.634121094000079 ], [ 8.656802350000021, 54.64367449000008 ] ] ], [ [ [ 8.713080503000072, 54.68007177000004 ], [ 8.690774130000023, 54.676286322000067 ], [ 8.681025860000034, 54.675241487000051 ], [ 8.709706829000027, 54.672386783000036 ], [ 8.713080503000072, 54.68007177000004 ] ] ], [ [ [ 8.342427443000076, 54.693551251000031 ], [ 8.360574554000038, 54.71075079600007 ], [ 8.314111784000033, 54.687546173000044 ], [ 8.294791536000048, 54.664619276000053 ], [ 8.365543831000025, 54.609267576000036 ], [ 8.397153404000051, 54.614081288000079 ], [ 8.403447142000061, 54.622390946000053 ], [ 8.396661739000024, 54.617895949000058 ], [ 8.390431073000059, 54.62426872900005 ], [ 8.401298943000029, 54.627378994000082 ], [ 8.384793283000022, 54.62855597500004 ], [ 8.383314788000064, 54.639617894000082 ], [ 8.361101376000022, 54.649785985000051 ], [ 8.342427443000076, 54.693551251000031 ] ] ], [ [ [ 8.58632958100003, 54.74355152000004 ], [ 8.534184466000056, 54.755863713000053 ], [ 8.427282048000052, 54.746184308000068 ], [ 8.404360749000034, 54.730130956000039 ], [ 8.394950959000028, 54.708774653000035 ], [ 8.402843937000057, 54.700175443000035 ], [ 8.450907776000065, 54.693014610000034 ], [ 8.470720412000048, 54.682572156000049 ], [ 8.566453100000047, 54.679974931000061 ], [ 8.578684643000031, 54.692626163000057 ], [ 8.581767968000065, 54.710202659000061 ], [ 8.596999617000051, 54.719090622000067 ], [ 8.584335172000067, 54.730225890000042 ], [ 8.58632958100003, 54.74355152000004 ] ] ], [ [ [ 8.367108615000063, 54.868546185000071 ], [ 8.361992354000051, 54.87000439500008 ], [ 8.36012949600007, 54.869290932000069 ], [ 8.362064062000059, 54.867294832000027 ], [ 8.36556196600003, 54.867425180000055 ], [ 8.367108615000063, 54.868546185000071 ] ] ], [ [ [ 10.307954146000043, 53.433201104000034 ], [ 10.330768068000054, 53.424967300000048 ], [ 10.375433568000062, 53.42483037900007 ], [ 10.502239182000039, 53.373544658000071 ], [ 10.587498907000054, 53.361192041000038 ], [ 10.599104761000035, 53.377827569000033 ], [ 10.616903899000022, 53.384569592000048 ], [ 10.618366003000062, 53.425371294000058 ], [ 10.632308138000042, 53.454802929000039 ], [ 10.65204256100003, 53.461477008000031 ], [ 10.692973050000035, 53.455138096000042 ], [ 10.701661228000034, 53.478255417000071 ], [ 10.756012052000074, 53.483393584000055 ], [ 10.777781471000026, 53.495181469000045 ], [ 10.786431193000055, 53.510456595000051 ], [ 10.824333999000032, 53.513741234000065 ], [ 10.814518483000029, 53.522024908000049 ], [ 10.83190563900007, 53.542582472000049 ], [ 10.823260709000067, 53.575180536000062 ], [ 10.863702017000037, 53.564632328000073 ], [ 10.909484477000035, 53.571450327000036 ], [ 10.923795348000056, 53.584186032000048 ], [ 10.91746530100005, 53.599315963000038 ], [ 10.929562994000037, 53.62870715300005 ], [ 10.954884038000046, 53.656705425000041 ], [ 10.938627285000052, 53.665821589000075 ], [ 10.941766725000036, 53.684542330000056 ], [ 10.918971741000064, 53.689158856000063 ], [ 10.926053755000055, 53.692045767000081 ], [ 10.922141998000029, 53.699468974000069 ], [ 10.905289034000077, 53.703294286000073 ], [ 10.85094371200006, 53.700124930000072 ], [ 10.852170852000029, 53.705844650000074 ], [ 10.81087590900006, 53.720072320000043 ], [ 10.805916825000054, 53.739209831000039 ], [ 10.758032962000073, 53.747517471000037 ], [ 10.757976798000072, 53.763593989000071 ], [ 10.770256497000048, 53.775480636000054 ], [ 10.765915440000072, 53.779901119000044 ], [ 10.77325182800007, 53.792387421000058 ], [ 10.761591085000077, 53.82260092000007 ], [ 10.747850837000044, 53.833364332000031 ], [ 10.75365010400003, 53.848574358000064 ], [ 10.747711196000068, 53.851510961000031 ], [ 10.771923387000072, 53.873735431000057 ], [ 10.799416781000048, 53.87615484500003 ], [ 10.818926895000061, 53.893533375000061 ], [ 10.847210813000061, 53.896943070000077 ], [ 10.848295373000042, 53.905114444000048 ], [ 10.882571899000027, 53.924497448000068 ], [ 10.911293636000039, 53.91522558500003 ], [ 10.902096619000076, 53.906290777000038 ], [ 10.911023571000044, 53.897952456000041 ], [ 10.968375594000065, 53.908861774000059 ], [ 10.898440465000022, 53.92230982600006 ], [ 10.895583600000066, 53.934454476000042 ], [ 10.909410815000058, 53.94760020800004 ], [ 10.903661739000029, 53.956821904000037 ], [ 10.882767844000057, 53.958792062000043 ], [ 10.878836861000025, 53.985947475000046 ], [ 10.860773982000069, 53.993732971000043 ], [ 10.787249185000064, 53.997438619000036 ], [ 10.760186530000055, 54.024607186000082 ], [ 10.751079981000032, 54.045451559000071 ], [ 10.802784657000075, 54.091096510000057 ], [ 10.877515196000047, 54.088017817000036 ], [ 10.955098331000045, 54.141083740000056 ], [ 11.091935758000034, 54.197319783000069 ], [ 11.071918095000058, 54.34224630600005 ], [ 11.125609498000074, 54.373613505000037 ], [ 11.128829806000056, 54.389905623000061 ], [ 11.109706838000022, 54.389159072000041 ], [ 11.107674317000033, 54.397506864000036 ], [ 11.073367391000033, 54.376596218000032 ], [ 11.02374125800003, 54.367711675000066 ], [ 11.022070527000039, 54.38044956300007 ], [ 10.931205242000033, 54.38193996900003 ], [ 10.871762906000072, 54.358269860000064 ], [ 10.789502880000043, 54.312133409000069 ], [ 10.70697446500003, 54.305036460000053 ], [ 10.684633959000053, 54.310318935000055 ], [ 10.638803080000059, 54.347844741000074 ], [ 10.599607976000073, 54.363731305000044 ], [ 10.473699193000073, 54.392472918000067 ], [ 10.387982309000051, 54.42644587400008 ], [ 10.321948338000027, 54.435747653000078 ], [ 10.302108498000052, 54.433152760000041 ], [ 10.276060517000076, 54.421479610000063 ], [ 10.293978609000021, 54.425814264000053 ], [ 10.279877760000034, 54.41817486900004 ], [ 10.226061066000057, 54.41390558900008 ], [ 10.193662464000056, 54.379254398000057 ], [ 10.195952270000021, 54.366019736000055 ], [ 10.178220818000057, 54.361143119000076 ], [ 10.174162085000034, 54.345745386000033 ], [ 10.152083022000056, 54.363326520000044 ], [ 10.192261717000065, 54.390212231000078 ], [ 10.188773122000043, 54.411082850000071 ], [ 10.168851706000055, 54.434131279000042 ], [ 10.199382745000037, 54.455561544000034 ], [ 10.134027447000051, 54.484337903000039 ], [ 9.924255119000065, 54.462293758000044 ], [ 9.901906985000039, 54.450930869000047 ], [ 9.866103527000064, 54.448121462000074 ], [ 9.85537006900006, 54.456283169000073 ], [ 9.875705837000055, 54.475847006000038 ], [ 9.984867682000072, 54.512480241000048 ], [ 10.027329337000026, 54.553117223000072 ], [ 10.031249194000054, 54.647233340000071 ], [ 10.043211288000066, 54.659561551000081 ], [ 10.033501435000062, 54.663465037000037 ], [ 10.036023455000077, 54.688417018000052 ], [ 9.988994157000036, 54.718315223000047 ], [ 9.976905807000037, 54.756835649000038 ], [ 9.957233880000047, 54.779855811000061 ], [ 9.909510391000026, 54.799919890000069 ], [ 9.899697563000075, 54.772790013000076 ], [ 9.905374299000073, 54.763342888000068 ], [ 9.894488602000024, 54.771141249000038 ], [ 9.872019719000036, 54.758919381000055 ], [ 9.874558998000055, 54.752354829000069 ], [ 9.845578708000062, 54.756036406000078 ], [ 9.746717702000069, 54.824125451000043 ], [ 9.604633057000058, 54.854593806000082 ], [ 9.628016845000047, 54.879748258000063 ], [ 9.591910925000036, 54.886970217000055 ], [ 9.463040675000059, 54.831644124000036 ], [ 9.428720324000039, 54.827110042000072 ], [ 9.411130804000038, 54.842297016000032 ], [ 9.382680669000024, 54.839201451000065 ], [ 9.373848407000025, 54.821127927000077 ], [ 9.343133259000069, 54.807065641000065 ], [ 9.343610062000039, 54.800247993000028 ], [ 9.250081139000031, 54.809715280000034 ], [ 9.235755296000036, 54.831103512000027 ], [ 9.244829836000065, 54.843864877000044 ], [ 9.24013846400004, 54.849983795000071 ], [ 9.143330469000034, 54.873022638000066 ], [ 9.048239957000021, 54.87187655300005 ], [ 8.947938648000047, 54.902563366000038 ], [ 8.892035849000024, 54.904912587000069 ], [ 8.859445639000057, 54.89663825100007 ], [ 8.824017552000043, 54.906833045000042 ], [ 8.798959864000039, 54.904576199000076 ], [ 8.77691171400005, 54.892669053000077 ], [ 8.727995926000062, 54.892706714000042 ], [ 8.68034601100004, 54.910490928000058 ], [ 8.638003413000035, 54.911251856000035 ], [ 8.635144637000053, 54.89415174100003 ], [ 8.610285661000034, 54.888390521000076 ], [ 8.427409498000031, 54.877399150000031 ], [ 8.366894682000066, 54.90317228300006 ], [ 8.361671815000022, 54.957818233000069 ], [ 8.352821841000036, 54.96785703200004 ], [ 8.37990226200003, 54.996776100000034 ], [ 8.440028994000045, 55.015870223000036 ], [ 8.427298179000047, 55.030890661000058 ], [ 8.436685969000052, 55.037485272000026 ], [ 8.436703587000068, 55.039408801000036 ], [ 8.426277442000071, 55.032806893000043 ], [ 8.40053982400002, 55.034813934000056 ], [ 8.396235406000073, 55.046154657000045 ], [ 8.464195700000062, 55.045714795000038 ], [ 8.418144045000076, 55.058777717000055 ], [ 8.39066517200007, 55.047024632000046 ], [ 8.292444441000043, 54.896871862000069 ], [ 8.279429968000045, 54.75138968300007 ], [ 8.298826956000028, 54.740823874000057 ], [ 8.293745669000032, 54.757571625000082 ], [ 8.301762262000068, 54.77303882700005 ], [ 8.292048072000057, 54.785985964000076 ], [ 8.29984100300004, 54.803450841000029 ], [ 8.293417143000056, 54.826925893000066 ], [ 8.299249260000067, 54.84940788800003 ], [ 8.308138710000037, 54.859116141000072 ], [ 8.332827444000031, 54.86325774800008 ], [ 8.34056137400006, 54.880574572000057 ], [ 8.345524669000042, 54.874256570000057 ], [ 8.36426338900003, 54.875908027000037 ], [ 8.377918477000037, 54.858597992000057 ], [ 8.414381017000039, 54.847240710000051 ], [ 8.510181788000068, 54.881395038000051 ], [ 8.60336908000005, 54.885707809000053 ], [ 8.612614359000077, 54.878467761000081 ], [ 8.607761589000063, 54.841054695000082 ], [ 8.644228959000031, 54.819082847000061 ], [ 8.659149623000076, 54.795406632000038 ], [ 8.68470994200004, 54.792811535000055 ], [ 8.701673877000076, 54.773688291000042 ], [ 8.697388645000046, 54.760355817000061 ], [ 8.715450891000046, 54.737715954000066 ], [ 8.686209753000071, 54.730340823000063 ], [ 8.741094062000059, 54.716367684000033 ], [ 8.752831639000021, 54.681254037000031 ], [ 8.831946659000039, 54.652591063000045 ], [ 8.846530609000069, 54.625463594000053 ], [ 8.885821819000057, 54.608939685000053 ], [ 8.892967770000041, 54.596776876000035 ], [ 8.868609356000036, 54.561809377000031 ], [ 8.877890404000027, 54.545463225000049 ], [ 8.871453105000057, 54.528293018000056 ], [ 8.806437030000041, 54.498341544000027 ], [ 8.819246765000059, 54.486515805000067 ], [ 8.807015454000066, 54.470158961000038 ], [ 8.841772230000061, 54.460615720000078 ], [ 8.893399380000062, 54.460575590000076 ], [ 8.915990931000067, 54.470573270000045 ], [ 8.931127415000049, 54.491775035000046 ], [ 8.948146275000056, 54.500062397000079 ], [ 8.945454494000046, 54.512425545000042 ], [ 8.983598917000052, 54.524046302000045 ], [ 9.015607438000075, 54.484314643000062 ], [ 9.003379980000034, 54.479242100000079 ], [ 9.018963414000041, 54.474745661000043 ], [ 9.004987691000053, 54.473735290000036 ], [ 9.002396125000075, 54.463668452000036 ], [ 8.958947426000066, 54.45386011100004 ], [ 8.947585620000041, 54.438903881000044 ], [ 8.911435658000073, 54.417735720000053 ], [ 8.871238878000042, 54.404807117000075 ], [ 8.809687413000063, 54.409461283000041 ], [ 8.741621538000061, 54.398750964000044 ], [ 8.672551198000065, 54.399649150000073 ], [ 8.652767804000064, 54.389511493000043 ], [ 8.649061677000077, 54.379753993000065 ], [ 8.691042180000068, 54.373076223000055 ], [ 8.69149027900005, 54.355629921000059 ], [ 8.653717680000057, 54.348988969000061 ], [ 8.644000456000072, 54.337925424000048 ], [ 8.601383149000071, 54.33907126400004 ], [ 8.606375203000027, 54.32903066800003 ], [ 8.599642320000044, 54.321526621000032 ], [ 8.608311385000036, 54.308788201000027 ], [ 8.674358497000071, 54.278759806000039 ], [ 8.689111656000023, 54.27861869600008 ], [ 8.706469570000024, 54.293145368000069 ], [ 8.738377443000047, 54.293780005000031 ], [ 8.768692846000022, 54.288567503000081 ], [ 8.772269609000034, 54.281593305000058 ], [ 8.822037764000072, 54.291310211000052 ], [ 8.839508848000037, 54.281728117000057 ], [ 8.843889625000031, 54.256616502000043 ], [ 8.83117114700002, 54.236722759000031 ], [ 8.839978681000048, 54.232882056000051 ], [ 8.833730337000077, 54.214462301000026 ], [ 8.809688951000055, 54.191011975000038 ], [ 8.808867636000059, 54.17103733700003 ], [ 8.835847332000071, 54.134109154000043 ], [ 8.854732567000042, 54.12826911600007 ], [ 8.857865501000049, 54.119192579000071 ], [ 8.892973765000022, 54.133235592000062 ], [ 8.926768418000051, 54.131569303000049 ], [ 8.947816156000044, 54.091145697000059 ], [ 8.976614874000063, 54.07122838600003 ], [ 8.95866034200003, 54.063393009000038 ], [ 8.985490163000065, 54.060127297000065 ], [ 8.977428590000045, 54.041233347000059 ], [ 8.958582680000063, 54.034000049000042 ], [ 8.881443237000042, 54.046052225000039 ], [ 8.804832399000077, 54.024415157000078 ], [ 8.832591824000076, 54.023929410000051 ], [ 8.856099942000071, 53.994701758000076 ], [ 8.878041783000072, 53.983625296000071 ], [ 8.877715563000038, 53.973219034000067 ], [ 8.914904897000042, 53.924899096000047 ], [ 8.970260419000056, 53.892196220000073 ], [ 9.019934025000055, 53.889943096000081 ], [ 9.022420177000072, 53.879517538000073 ], [ 9.230586198000026, 53.877771868000082 ], [ 9.319524176000073, 53.850835527000072 ], [ 9.367622174000076, 53.808589305000055 ], [ 9.422587090000036, 53.740667546000054 ], [ 9.507804202000045, 53.691163785000072 ], [ 9.550629934000028, 53.616013574000078 ], [ 9.702788352000027, 53.559327504000066 ], [ 9.730104055000027, 53.557580913000038 ], [ 9.742487476000065, 53.578205623000031 ], [ 9.736263387000065, 53.581851577000066 ], [ 9.747260483000048, 53.591774588000078 ], [ 9.743435992000059, 53.597576176000075 ], [ 9.755617617000041, 53.602529450000077 ], [ 9.759101186000066, 53.610925128000076 ], [ 9.753535448000036, 53.612994316000027 ], [ 9.763672583000073, 53.627495061000047 ], [ 9.770293990000027, 53.627462416000071 ], [ 9.770633504000045, 53.616229942000075 ], [ 9.798122740000053, 53.607516309000061 ], [ 9.789554408000072, 53.603972470000031 ], [ 9.797515592000025, 53.596100905000071 ], [ 9.828781928000069, 53.585290569000051 ], [ 9.889685197000063, 53.62232685500004 ], [ 9.905366421000053, 53.652194336000036 ], [ 9.985599002000072, 53.647234576000074 ], [ 9.998695506000047, 53.681467461000068 ], [ 10.069265382000026, 53.679450561000067 ], [ 10.060669695000058, 53.688397325000039 ], [ 10.077504785000031, 53.699748878000037 ], [ 10.069518985000059, 53.711167832000058 ], [ 10.08184213800007, 53.720419993000064 ], [ 10.121056101000022, 53.71339516900008 ], [ 10.162874103000036, 53.738086745000032 ], [ 10.193670979000046, 53.731015117000027 ], [ 10.181587984000032, 53.70919738300006 ], [ 10.157523259000072, 53.70502906300004 ], [ 10.15945487700003, 53.690818868000065 ], [ 10.140273002000072, 53.680126682000036 ], [ 10.19605638400003, 53.654703930000039 ], [ 10.198619191000034, 53.646436184000038 ], [ 10.189664917000073, 53.63838061000007 ], [ 10.221761274000073, 53.633722535000061 ], [ 10.188952193000034, 53.613014217000057 ], [ 10.201449729000046, 53.584075872000028 ], [ 10.161722831000077, 53.58569873700003 ], [ 10.152557987000023, 53.577900736000061 ], [ 10.148368142000038, 53.563974876000032 ], [ 10.16053874000005, 53.557682959000033 ], [ 10.152582687000063, 53.539792801000033 ], [ 10.166903383000033, 53.537318521000032 ], [ 10.164643036000029, 53.519939165000039 ], [ 10.18970898200007, 53.512631008000028 ], [ 10.210601309000026, 53.520046539000077 ], [ 10.223945169000046, 53.505771156000037 ], [ 10.218607039000062, 53.499055356000042 ], [ 10.236678548000043, 53.496354455000073 ], [ 10.238366621000068, 53.48326411100004 ], [ 10.264325919000044, 53.475139691000038 ], [ 10.269290109000053, 53.464108863000035 ], [ 10.301645689000054, 53.443195302000049 ], [ 10.31164618300005, 53.452323455000055 ], [ 10.325959158000046, 53.449639540000078 ], [ 10.315487985000061, 53.441087486000072 ], [ 10.318190261000041, 53.435330512000064 ], [ 10.307954146000043, 53.433201104000034 ] ] ] ] } },
{ "type": "Feature", "properties": { "shapeName": "Thüringen", "shapeISO": "DE-TH", "shapeType": "ADM1" }, "geometry": { "type": "Polygon", "coordinates": [ [ [ 11.824265370000035, 50.389756845000079 ], [ 11.927800470000022, 50.432515236000029 ], [ 11.899640957000031, 50.435247539000045 ], [ 11.888509461000069, 50.443605914000045 ], [ 11.931895132000022, 50.46422276800007 ], [ 11.950797996000063, 50.454068979000056 ], [ 11.937693008000053, 50.471691945000032 ], [ 11.964228503000072, 50.486962602000062 ], [ 11.933976413000039, 50.506034538000051 ], [ 11.93293170000004, 50.52125632700006 ], [ 11.925251275000051, 50.526319103000048 ], [ 11.915851091000036, 50.524518043000057 ], [ 11.91846047000007, 50.516980600000068 ], [ 11.888217853000071, 50.516678642000045 ], [ 11.871462575000066, 50.53982274100008 ], [ 11.885209239000062, 50.551941691000081 ], [ 11.926010670000039, 50.556844271000045 ], [ 11.933676233000028, 50.568524970000055 ], [ 11.923565976000077, 50.585708034000049 ], [ 11.986749820000057, 50.609484849000069 ], [ 11.979268787000024, 50.621410179000065 ], [ 12.010397048000073, 50.635461209000027 ], [ 12.022117527000034, 50.625539824000043 ], [ 12.005481904000021, 50.612018679000073 ], [ 12.036137609000036, 50.593949882000061 ], [ 12.035634272000038, 50.581365359000074 ], [ 12.01753547800007, 50.567840792000027 ], [ 12.030989895000062, 50.557776236000052 ], [ 12.030271920000075, 50.549397788000078 ], [ 12.052068203000033, 50.550960984000028 ], [ 12.076643574000059, 50.558007535000058 ], [ 12.083594331000029, 50.578566740000042 ], [ 12.10151776400005, 50.578940388000035 ], [ 12.115772821000064, 50.566948348000039 ], [ 12.127654066000048, 50.57412899600007 ], [ 12.156024277000029, 50.573491527000044 ], [ 12.156092178000051, 50.585579086000052 ], [ 12.110150855000029, 50.58872004300008 ], [ 12.114901490000022, 50.596981747000029 ], [ 12.147222145000057, 50.606097921000071 ], [ 12.146427260000053, 50.625978878000069 ], [ 12.153639990000045, 50.63050499600007 ], [ 12.170441876000041, 50.629234702000076 ], [ 12.174721625000075, 50.61451388200004 ], [ 12.182766475000051, 50.612110603000076 ], [ 12.190751569000042, 50.614423305000059 ], [ 12.198197471000071, 50.641314811000029 ], [ 12.23281227800004, 50.627067029000045 ], [ 12.265518391000057, 50.63079334400004 ], [ 12.264286262000041, 50.643385441000078 ], [ 12.317717793000043, 50.663364201000036 ], [ 12.314454529000045, 50.67141739300007 ], [ 12.322048412000072, 50.681433837000043 ], [ 12.274761805000026, 50.68611728500008 ], [ 12.253382117000058, 50.71570452800006 ], [ 12.273353182000051, 50.729573938000044 ], [ 12.264756658000067, 50.737546889000043 ], [ 12.226984634000075, 50.738218478000078 ], [ 12.228688049000027, 50.757452787000034 ], [ 12.240689735000046, 50.767240127000036 ], [ 12.263920929000051, 50.760456027000032 ], [ 12.290160812000067, 50.783427092000068 ], [ 12.287644353000076, 50.789643327000078 ], [ 12.253153657000041, 50.788834765000047 ], [ 12.253483552000034, 50.799508996000043 ], [ 12.242835374000038, 50.809060457000044 ], [ 12.250495312000055, 50.818537556000081 ], [ 12.259758066000074, 50.81145106300005 ], [ 12.276981908000039, 50.817859633000069 ], [ 12.279862919000038, 50.809704378000049 ], [ 12.289715312000055, 50.823965237000039 ], [ 12.302356116000055, 50.817197184000065 ], [ 12.29858355600004, 50.829900221000059 ], [ 12.306948010000042, 50.818763003000072 ], [ 12.347576712000034, 50.823631509000052 ], [ 12.348316870000076, 50.837534941000058 ], [ 12.374132737000025, 50.853249232000053 ], [ 12.402949551000063, 50.849226065000039 ], [ 12.412985022000044, 50.856873008000036 ], [ 12.420206496000048, 50.839589708000062 ], [ 12.442501815000071, 50.844027395000069 ], [ 12.44415211300003, 50.862583924000035 ], [ 12.46402553300004, 50.870125223000059 ], [ 12.459254289000057, 50.880448584000078 ], [ 12.486666046000039, 50.893896980000079 ], [ 12.511120450000021, 50.89409887100004 ], [ 12.507862731000046, 50.903729037000062 ], [ 12.521322395000027, 50.907598527000061 ], [ 12.538191159000064, 50.90068640800007 ], [ 12.620061669000052, 50.90938146600007 ], [ 12.640121045000058, 50.903073783000082 ], [ 12.652865740000038, 50.923677903000055 ], [ 12.624357315000054, 50.939709868000079 ], [ 12.630112749000034, 50.942503032000047 ], [ 12.621288784000058, 50.975770595000029 ], [ 12.607533974000035, 50.99673176500005 ], [ 12.581021526000029, 50.989235078000036 ], [ 12.583807026000045, 50.981832938000082 ], [ 12.555758809000054, 50.997485506000032 ], [ 12.528349485000035, 50.998280331000046 ], [ 12.540180376000023, 51.005732583000054 ], [ 12.538852058000032, 51.024252038000043 ], [ 12.514368602000047, 51.026876608000066 ], [ 12.516332786000021, 51.018219923000061 ], [ 12.507388166000055, 51.017275890000064 ], [ 12.512451518000034, 51.026419074000046 ], [ 12.502893945000039, 51.03489968100007 ], [ 12.504459791000045, 51.060791021000057 ], [ 12.462914729000033, 51.066899803000069 ], [ 12.458382880000045, 51.084550712000066 ], [ 12.450744659000065, 51.077305768000031 ], [ 12.410448216000077, 51.072854820000032 ], [ 12.392957993000039, 51.084115502000031 ], [ 12.372409340000047, 51.077474474000041 ], [ 12.353617564000047, 51.084606729000029 ], [ 12.356580071000053, 51.094342821000055 ], [ 12.331598674000077, 51.103782505000027 ], [ 12.318470379000075, 51.093826657000079 ], [ 12.283547042000066, 51.091923992000034 ], [ 12.288279375000059, 51.088242434000051 ], [ 12.27320779300004, 51.075059639000074 ], [ 12.265596846000051, 51.076984320000065 ], [ 12.269307430000026, 51.071812331000046 ], [ 12.258492624000041, 51.066143880000027 ], [ 12.262206675000073, 51.049610749000067 ], [ 12.250268436000056, 51.037872891000063 ], [ 12.281377892000023, 51.040227764000065 ], [ 12.293914550000068, 51.031329954000057 ], [ 12.292990619000022, 51.021581697000045 ], [ 12.283517938000045, 51.006435975000045 ], [ 12.239891998000076, 50.975679993000028 ], [ 12.232348815000023, 50.961353392000035 ], [ 12.241670526000064, 50.961513750000051 ], [ 12.238717456000074, 50.951528099000029 ], [ 12.21458012100004, 50.938032078000049 ], [ 12.213818569000068, 50.958436089000031 ], [ 12.19797939700004, 50.956783875000042 ], [ 12.182508063000057, 50.975866046000078 ], [ 12.163207827000065, 50.966485230000046 ], [ 12.163529547000053, 50.958599780000043 ], [ 12.132133920000058, 50.961262629000032 ], [ 12.09215763900005, 50.976530488000037 ], [ 12.01412639800003, 50.968670856000074 ], [ 12.010659468000028, 50.974691441000061 ], [ 12.017188182000041, 50.979061234000028 ], [ 12.006571244000042, 50.991024147000076 ], [ 11.969873133000021, 50.994327733000034 ], [ 11.978643929000043, 51.003696124000044 ], [ 11.977137233000064, 51.016454899000053 ], [ 11.943066187000056, 51.032441164000033 ], [ 11.911895627000035, 51.028179288000047 ], [ 11.910866916000032, 51.045019899000067 ], [ 11.897452763000047, 51.045295401000033 ], [ 11.888807362000023, 51.05584043500005 ], [ 11.803893556000048, 51.047210797000048 ], [ 11.774634278000065, 51.05315736700004 ], [ 11.772094097000036, 51.045007542000064 ], [ 11.759689951000041, 51.042857856000069 ], [ 11.746197108000047, 51.051954372000068 ], [ 11.753250387000037, 51.05698852300003 ], [ 11.732299863000037, 51.068417156000066 ], [ 11.700810414000046, 51.069402566000065 ], [ 11.70158187100003, 51.085823475000041 ], [ 11.692382465000037, 51.099851599000033 ], [ 11.672439706000034, 51.102901879000058 ], [ 11.66695005400004, 51.110785478000082 ], [ 11.638240031000066, 51.111122783000042 ], [ 11.62021201400006, 51.09744866300008 ], [ 11.607503406000035, 51.111607235000065 ], [ 11.571659895000039, 51.119365125000058 ], [ 11.558240956000077, 51.108951274000049 ], [ 11.547819652000044, 51.111702175000062 ], [ 11.545642779000048, 51.102450368000063 ], [ 11.512077531000045, 51.107973997000045 ], [ 11.48521893700007, 51.102533527000048 ], [ 11.46336178200005, 51.112760382000033 ], [ 11.465453882000077, 51.127382066000052 ], [ 11.451004307000062, 51.146670132000054 ], [ 11.47192917600006, 51.148183576000065 ], [ 11.479284675000031, 51.158778323000035 ], [ 11.47494769900004, 51.165826340000081 ], [ 11.485260144000051, 51.16559279300003 ], [ 11.470817624000063, 51.169838477000042 ], [ 11.468567729000029, 51.192654106000077 ], [ 11.452402961000075, 51.192477490000044 ], [ 11.446045122000044, 51.208143767000081 ], [ 11.430948609000041, 51.21247579900006 ], [ 11.391420064000044, 51.203533300000061 ], [ 11.38982494000004, 51.217515194000043 ], [ 11.364832643000057, 51.221359162000056 ], [ 11.384567127000025, 51.245641227000078 ], [ 11.400613031000034, 51.24290962200007 ], [ 11.397795324000072, 51.23673771600005 ], [ 11.412632300000041, 51.241062033000048 ], [ 11.439522338000074, 51.263378660000058 ], [ 11.441744507000067, 51.273313582000071 ], [ 11.456112364000035, 51.277201276000028 ], [ 11.459877390000031, 51.294050304000052 ], [ 11.46778506000004, 51.288386862000038 ], [ 11.475225978000026, 51.298054277000062 ], [ 11.413594723000074, 51.333127825000076 ], [ 11.428814556000077, 51.342828578000081 ], [ 11.39943721800006, 51.344836156000042 ], [ 11.389836467000066, 51.367986821000045 ], [ 11.396852279000029, 51.381330726000044 ], [ 11.330795693000027, 51.390266390000079 ], [ 11.321259842000075, 51.410372347000077 ], [ 11.248506162000069, 51.395132827000054 ], [ 11.247897158000058, 51.405420562000074 ], [ 11.230167351000034, 51.405742607000036 ], [ 11.223882996000043, 51.413186153000026 ], [ 11.192411165000067, 51.402875290000054 ], [ 11.141754602000049, 51.402632654000058 ], [ 11.125661259000026, 51.408117659000027 ], [ 11.127572764000035, 51.413253797000039 ], [ 11.061390455000037, 51.429791974000068 ], [ 11.046041149000075, 51.426270158000079 ], [ 11.049852428000065, 51.420196530000055 ], [ 10.992033080000056, 51.417853213000058 ], [ 11.010663972000032, 51.425315032000071 ], [ 10.966733926000074, 51.432353207000062 ], [ 10.97270295800007, 51.453666029000033 ], [ 10.960817206000058, 51.471224927000037 ], [ 10.97294365700003, 51.48196093200005 ], [ 10.948649094000075, 51.501629556000069 ], [ 10.939721084000041, 51.500725565000039 ], [ 10.945086716000048, 51.506189583000037 ], [ 10.927335260000063, 51.520853702000068 ], [ 10.947971842000072, 51.537572879000038 ], [ 10.91116190200006, 51.555431146000046 ], [ 10.900496028000077, 51.550654700000052 ], [ 10.893071899000063, 51.576517653000053 ], [ 10.882051629000046, 51.580508087000055 ], [ 10.894476282000028, 51.601832903000059 ], [ 10.903331296000033, 51.593828216000077 ], [ 10.929495985000074, 51.591441825000061 ], [ 10.936505673000056, 51.60405613100005 ], [ 10.914091359000054, 51.61016346200006 ], [ 10.922012575000053, 51.618447435000064 ], [ 10.886600561000023, 51.61211090900008 ], [ 10.85861525100006, 51.632899770000051 ], [ 10.822567512000035, 51.623539574000063 ], [ 10.818215835000046, 51.639026433000026 ], [ 10.764511214000038, 51.649008275000028 ], [ 10.749365655000076, 51.640334302000042 ], [ 10.726251538000042, 51.64489377600006 ], [ 10.677282757000057, 51.638375860000053 ], [ 10.682480919000056, 51.62891703300005 ], [ 10.639178783000034, 51.62114968700007 ], [ 10.649000507000039, 51.606514215000061 ], [ 10.633496085000047, 51.607902922000051 ], [ 10.638674695000077, 51.584116966000067 ], [ 10.666306959000053, 51.578098684000054 ], [ 10.656796166000049, 51.558301647000064 ], [ 10.604264264000051, 51.579575311000042 ], [ 10.560269030000029, 51.557067988000028 ], [ 10.518973761000041, 51.55376345500008 ], [ 10.49569585100005, 51.572788246000073 ], [ 10.444382462000021, 51.589656210000044 ], [ 10.370023394000043, 51.587536478000061 ], [ 10.37899856000007, 51.568572698000025 ], [ 10.365365040000029, 51.555890994000038 ], [ 10.372184974000049, 51.552992737000068 ], [ 10.36766403300004, 51.543036464000068 ], [ 10.348125353000057, 51.532173399000044 ], [ 10.342275478000033, 51.519497147000038 ], [ 10.308817636000072, 51.515139783000052 ], [ 10.29966982600007, 51.493896094000036 ], [ 10.244677551000052, 51.483735086000081 ], [ 10.233173013000055, 51.470846384000026 ], [ 10.216946043000064, 51.470075013000042 ], [ 10.218201975000056, 51.478539640000065 ], [ 10.201975121000032, 51.486519770000029 ], [ 10.178251590000059, 51.470016355000041 ], [ 10.186011892000067, 51.462174189000052 ], [ 10.174306043000058, 51.446256099000038 ], [ 10.140004545000068, 51.442614117000062 ], [ 10.150398774000053, 51.429424528000027 ], [ 10.08010799300007, 51.434560235000049 ], [ 10.069108089000053, 51.418438305000052 ], [ 10.058782046000033, 51.43489253100006 ], [ 10.046802958000058, 51.436673355000039 ], [ 10.05144247100003, 51.430321357000082 ], [ 10.037843720000069, 51.420004938000034 ], [ 10.009328775000029, 51.420603553000035 ], [ 10.000375476000045, 51.403655155000081 ], [ 9.965943386000049, 51.395476854000037 ], [ 9.923293275000049, 51.368043123000064 ], [ 9.929936554000051, 51.339968508000027 ], [ 9.947566751000068, 51.326395112000057 ], [ 9.939741863000052, 51.306959406000033 ], [ 9.969853098000044, 51.300271138000028 ], [ 9.972977324000055, 51.28435115700006 ], [ 10.004331314000069, 51.286983013000054 ], [ 10.059916187000056, 51.275865489000068 ], [ 10.046554100000037, 51.264500971000075 ], [ 10.046969081000043, 51.253425737000043 ], [ 10.078995134000024, 51.242780928000059 ], [ 10.068673434000061, 51.226562822000062 ], [ 10.090282690000038, 51.226668988000029 ], [ 10.113171818000069, 51.215206067000054 ], [ 10.138401765000026, 51.220135273000039 ], [ 10.149790732000042, 51.206189327000061 ], [ 10.168444936000071, 51.212189913000032 ], [ 10.197013747000028, 51.192057358000056 ], [ 10.235998832000064, 51.184767342000043 ], [ 10.207323427000063, 51.164917048000063 ], [ 10.200378268000065, 51.149930662000031 ], [ 10.210689708000075, 51.142472225000063 ], [ 10.203787546000058, 51.135655099000076 ], [ 10.210717394000028, 51.122905272000025 ], [ 10.19995902200003, 51.112972077000052 ], [ 10.179214909000052, 51.127647259000071 ], [ 10.184904857000049, 51.141120068000077 ], [ 10.168738649000034, 51.153267721000077 ], [ 10.118321564000041, 51.139573007000081 ], [ 10.153791597000065, 51.11845872400005 ], [ 10.174630972000045, 51.116867460000037 ], [ 10.17548755200005, 51.106905422000068 ], [ 10.160415360000059, 51.108050225000056 ], [ 10.165679543000067, 51.09949991600007 ], [ 10.144694665000031, 51.084814049000045 ], [ 10.155188292000048, 51.070419266000044 ], [ 10.140590157000076, 51.058491389000039 ], [ 10.198846624000055, 51.040090389000056 ], [ 10.215185735000034, 51.026419351000072 ], [ 10.192621926000072, 51.018532123000057 ], [ 10.202904887000045, 51.008105880000073 ], [ 10.19078575900005, 50.999067886000034 ], [ 10.171039886000074, 50.996218905000035 ], [ 10.169081682000069, 51.001929680000046 ], [ 10.14688003200007, 50.993823524000049 ], [ 10.131562780000024, 50.996897567000076 ], [ 10.133082409000053, 51.004819114000043 ], [ 10.12084283400003, 51.011700741000027 ], [ 10.103483888000028, 51.003367185000059 ], [ 10.036400428000036, 51.012376196000048 ], [ 10.019470217000048, 50.980708079000067 ], [ 10.040949144000024, 50.967526405000058 ], [ 10.03216132700004, 50.959635372000037 ], [ 10.042036762000066, 50.957234269000026 ], [ 10.043049216000043, 50.94848191300008 ], [ 10.062345939000068, 50.943783547000066 ], [ 10.029439221000075, 50.938113046000069 ], [ 10.024900854000066, 50.943751363000047 ], [ 10.013556755000025, 50.93473513400005 ], [ 9.991005864000044, 50.943566071000077 ], [ 9.950086587000044, 50.942250256000079 ], [ 9.956555895000065, 50.933661592000078 ], [ 9.949685258000045, 50.926507506000064 ], [ 9.95714401500004, 50.922600192000061 ], [ 9.965560177000043, 50.933580615000039 ], [ 9.991996475000064, 50.934514511000032 ], [ 9.969632277000073, 50.913487541000052 ], [ 9.971463749000065, 50.907410938000055 ], [ 10.015635922000058, 50.920623951000039 ], [ 10.050909099000023, 50.900088881000045 ], [ 10.041952475000073, 50.893340416000058 ], [ 10.059803704000046, 50.885392564000028 ], [ 10.021893143000057, 50.864486299000077 ], [ 10.021928583000033, 50.847856634000038 ], [ 10.038620257000048, 50.85311491200008 ], [ 10.023054524000031, 50.831631426000058 ], [ 10.006836287000056, 50.837682129000029 ], [ 9.998018976000026, 50.826505141000041 ], [ 9.976816409000037, 50.833272953000062 ], [ 9.952252803000022, 50.821374509000066 ], [ 9.956677090000028, 50.809619123000061 ], [ 9.943569871000022, 50.797697908000032 ], [ 9.955134946000044, 50.785550297000043 ], [ 9.952133926000045, 50.77329162500007 ], [ 9.928430938000076, 50.776594213000067 ], [ 9.920126452000034, 50.759612034000043 ], [ 9.939614276000043, 50.755919978000065 ], [ 9.941503200000056, 50.739139140000077 ], [ 9.935162410000032, 50.724117998000054 ], [ 9.908890736000046, 50.704532451000034 ], [ 9.923142355000039, 50.694198004000043 ], [ 9.881273200000066, 50.673378626000044 ], [ 9.878551050000056, 50.634781210000028 ], [ 9.906105815000046, 50.640382344000045 ], [ 9.929695560000027, 50.629016905000071 ], [ 9.960722013000066, 50.629483654000069 ], [ 9.968901546000041, 50.641259443000081 ], [ 9.949710896000056, 50.65587253700005 ], [ 9.951484133000065, 50.665927446000069 ], [ 10.001994968000076, 50.676602568000078 ], [ 10.051053801000023, 50.672897049000028 ], [ 10.082964842000024, 50.633705347000046 ], [ 10.081049838000069, 50.620024824000041 ], [ 10.057503889000031, 50.62612006300003 ], [ 10.037191069000073, 50.61292626900007 ], [ 10.04879758900006, 50.598620736000044 ], [ 10.046359123000059, 50.571254945000078 ], [ 10.061828605000073, 50.556687384000043 ], [ 10.039692618000061, 50.532586196000068 ], [ 10.041338408000058, 50.51646958200007 ], [ 10.071825447000037, 50.527671201000032 ], [ 10.074720672000069, 50.539945825000075 ], [ 10.089842056000066, 50.544814354000039 ], [ 10.107094136000057, 50.56373360300006 ], [ 10.119408294000038, 50.564224744000057 ], [ 10.140366563000043, 50.54285042600003 ], [ 10.150267822000046, 50.551887549000071 ], [ 10.175441103000026, 50.542917540000076 ], [ 10.177893248000032, 50.551680031000046 ], [ 10.203873884000075, 50.554700851000064 ], [ 10.208325658000035, 50.54063085100006 ], [ 10.231973530000062, 50.531087719000027 ], [ 10.225792339000066, 50.518719424000039 ], [ 10.230827931000022, 50.51180310400008 ], [ 10.256221693000043, 50.512813333000054 ], [ 10.30657006000007, 50.492079316000058 ], [ 10.330582236000055, 50.49427653500004 ], [ 10.34141087200004, 50.482999962000065 ], [ 10.336154205000071, 50.465897188000042 ], [ 10.356725792000077, 50.455190499000025 ], [ 10.367271857000048, 50.438773572000059 ], [ 10.381332035000071, 50.438851905000035 ], [ 10.370714811000028, 50.431758072000036 ], [ 10.403834693000022, 50.424775130000057 ], [ 10.383918035000022, 50.408621476000064 ], [ 10.39449369700003, 50.39365203400007 ], [ 10.423743404000049, 50.392532458000062 ], [ 10.44950284600003, 50.403046771000049 ], [ 10.463657887000068, 50.376014549000047 ], [ 10.494443233000027, 50.369442975000027 ], [ 10.485990411000046, 50.363054024000064 ], [ 10.492405731000076, 50.355055845000038 ], [ 10.512475550000033, 50.359806100000071 ], [ 10.514624396000045, 50.349896674000036 ], [ 10.531010504000051, 50.365109885000038 ], [ 10.544408273000045, 50.364505579000081 ], [ 10.561785334000035, 50.337098475000062 ], [ 10.600550296000051, 50.333688029000029 ], [ 10.592359352000074, 50.308081363000042 ], [ 10.605324195000037, 50.293536998000036 ], [ 10.591040414000076, 50.271784382000078 ], [ 10.607295940000029, 50.271257477000063 ], [ 10.597829215000047, 50.262620980000065 ], [ 10.611314700000037, 50.249074975000042 ], [ 10.597108477000063, 50.24617272200004 ], [ 10.612047270000062, 50.224138442000026 ], [ 10.658961146000024, 50.230709067000078 ], [ 10.663670269000022, 50.221543075000056 ], [ 10.68671445800004, 50.225907585000073 ], [ 10.695752780000021, 50.211799435000046 ], [ 10.716645150000033, 50.204818959000079 ], [ 10.731220988000075, 50.21265420800006 ], [ 10.726238673000069, 50.240889098000082 ], [ 10.732167774000061, 50.25183794600008 ], [ 10.769631615000037, 50.24084024800004 ], [ 10.781843580000043, 50.251283940000064 ], [ 10.800564107000071, 50.251443344000052 ], [ 10.807268589000046, 50.240196712000056 ], [ 10.824047415000052, 50.237533002000077 ], [ 10.847652555000025, 50.245020999000076 ], [ 10.846358138000028, 50.275094637000052 ], [ 10.803919859000075, 50.279753188000029 ], [ 10.80255027000004, 50.291980901000045 ], [ 10.770728870000028, 50.292672203000052 ], [ 10.741845438000041, 50.315914286000066 ], [ 10.715395851000039, 50.32117650400005 ], [ 10.715001982000047, 50.333031971000025 ], [ 10.728148128000043, 50.338120146000051 ], [ 10.728872533000072, 50.347941607000052 ], [ 10.714303880000045, 50.346345596000049 ], [ 10.712455141000021, 50.354643785000064 ], [ 10.715266573000065, 50.363591109000026 ], [ 10.754509496000026, 50.358171911000056 ], [ 10.785881505000077, 50.385384234000071 ], [ 10.804250650000029, 50.379108815000052 ], [ 10.830443013000036, 50.39261550100008 ], [ 10.861837963000028, 50.387669722000055 ], [ 10.872746828000061, 50.396794483000065 ], [ 10.887187525000058, 50.392572488000042 ], [ 10.89311800400003, 50.380323947000079 ], [ 10.937634647000039, 50.391905114000053 ], [ 10.961786984000071, 50.377585318000058 ], [ 10.956661342000075, 50.368482134000033 ], [ 10.98578072600003, 50.347320526000033 ], [ 10.99951930800006, 50.351973049000037 ], [ 10.993487278000032, 50.365468677000081 ], [ 11.033417377000035, 50.361358236000058 ], [ 11.031702753000047, 50.355130820000056 ], [ 11.043496972000071, 50.352232362000052 ], [ 11.032407061000072, 50.351501472000052 ], [ 11.04298839300003, 50.344721651000043 ], [ 11.085753909000061, 50.35203374300005 ], [ 11.089737220000075, 50.365886735000061 ], [ 11.115304910000077, 50.36700690300006 ], [ 11.116797804000043, 50.349333932000036 ], [ 11.139107812000077, 50.35350569700006 ], [ 11.159197358000029, 50.330391993000035 ], [ 11.131754613000055, 50.30808767700006 ], [ 11.145922827000049, 50.284956470000054 ], [ 11.158479682000063, 50.289203611000062 ], [ 11.183710073000043, 50.280895482000062 ], [ 11.173970555000039, 50.271279909000043 ], [ 11.187139425000055, 50.269555726000078 ], [ 11.19784829300005, 50.291856371000051 ], [ 11.251590857000053, 50.26868367700007 ], [ 11.260240655000075, 50.287090412000055 ], [ 11.25199460500005, 50.299264946000051 ], [ 11.270336658000076, 50.306746593000071 ], [ 11.256465785000046, 50.322273221000046 ], [ 11.261328835000029, 50.337912627000037 ], [ 11.277099067000051, 50.335962447000043 ], [ 11.262435241000048, 50.352401033000035 ], [ 11.284252880000054, 50.360307434000049 ], [ 11.276083218000053, 50.380923349000057 ], [ 11.264334054000074, 50.387039710000067 ], [ 11.270869179000044, 50.394203504000075 ], [ 11.258055654000032, 50.400038394000035 ], [ 11.268013488000065, 50.432212287000027 ], [ 11.263200078000068, 50.442888977000052 ], [ 11.247092021000071, 50.448924316000046 ], [ 11.25489290400003, 50.45642279100008 ], [ 11.247115540000038, 50.477303830000039 ], [ 11.28911478200007, 50.485565977000078 ], [ 11.290982390000067, 50.475256528000045 ], [ 11.300936067000066, 50.488405979000049 ], [ 11.323142336000046, 50.491164913000034 ], [ 11.321355016000041, 50.508567417000052 ], [ 11.346991154000023, 50.511610271000052 ], [ 11.346569075000048, 50.521535026000038 ], [ 11.429278748000058, 50.51223288400007 ], [ 11.440946481000026, 50.499959448000027 ], [ 11.436031953000054, 50.492180123000026 ], [ 11.418814569000062, 50.493461446000026 ], [ 11.426473637000072, 50.484540724000055 ], [ 11.418090895000034, 50.481860319000077 ], [ 11.415499786000055, 50.467846661000067 ], [ 11.423595024000065, 50.46225710300007 ], [ 11.420630678000066, 50.44336648500007 ], [ 11.451254293000034, 50.43103282800007 ], [ 11.443441968000059, 50.420821081000042 ], [ 11.463153413000043, 50.432175646000076 ], [ 11.48156795400007, 50.431621692000078 ], [ 11.488121921000072, 50.415835138000034 ], [ 11.478737316000036, 50.401215894000075 ], [ 11.518909861000054, 50.39566601100006 ], [ 11.519853242000067, 50.374268483000037 ], [ 11.560064187000023, 50.384126992000063 ], [ 11.573151888000041, 50.400121883000054 ], [ 11.594313324000041, 50.402604078000081 ], [ 11.624601485000028, 50.386870402000056 ], [ 11.683895018000044, 50.392889297000067 ], [ 11.708264195000027, 50.403938289000052 ], [ 11.714721166000061, 50.396635286000048 ], [ 11.744046462000028, 50.410503985000048 ], [ 11.761564496000062, 50.405255873000044 ], [ 11.750840582000023, 50.414452803000074 ], [ 11.772604693000062, 50.411532480000062 ], [ 11.78025113700005, 50.41875476000007 ], [ 11.797352621000073, 50.417321371000071 ], [ 11.817376096000032, 50.400589742000079 ], [ 11.825495292000028, 50.404420031000029 ], [ 11.818403991000025, 50.393567763000078 ], [ 11.824265370000035, 50.389756845000079 ] ], [ [ 11.446614450000027, 51.198880348000046 ], [ 11.439672491000067, 51.197667594000052 ], [ 11.43938578500007, 51.199766401000034 ], [ 11.446614450000027, 51.198880348000046 ] ] ] } }
]
}
