{
"type": "FeatureCollection",
"name": "heidelberg_roads",
"crs": { "type": "name", "properties": { "name": "urn:ogc:def:crs:OGC:1.3:CRS84" } },
"features": [
{ "type": "Feature", "properties": { "osm_id": 4084010, "name": null, "highway": "trunk", "klass": "trunk", "lanes": 2.0, "maxspeed": 70.0, "surface": "asphalt", "oneway": "yes" }, "geometry": { "type": "LineString", "coordinates": [ [ 8.6497352, 49.4123551 ], [ 8.6520511, 49.4117355 ] ] } },
{ "type": "Feature", "properties": { "osm_id": 4084802, "name": null, "highway": "primary", "klass": "primary", "lanes": 2.0, "maxspeed": 50.0, "surface": "asphalt", "oneway": "yes" }, "geometry": { "type": "LineString", "coordinates": [ [ 8.6698495, 49.4091927 ], [ 8.6697956, 49.4091731 ], [ 8.6697519, 49.4091536 ], [ 8.6697165, 49.4091362 ] ] } },
{ "type": "Feature", "properties": { "osm_id": 4084860, "name": "Mönchhofstraße", "highway": "tertiary", "klass": "tertiary", "lanes": null, "maxspeed": 30.0, "surface": "asphalt", "oneway": null }, "geometry": { "type": "LineString", "coordinates": [ [ 8.6919797, 49.4171209 ], [ 8.6919568, 49.4171169 ], [ 8.6918254, 49.4170933 ], [ 8.6917354, 49.417102 ], [ 8.6914177, 49.4171716 ], [ 8.6912047, 49.4172261 ], [ 8.6908658, 49.4173193 ], [ 8.6904446, 49.4174349 ], [ 8.6903551, 49.4174417 ], [ 8.6902571, 49.4174437 ], [ 8.6899836, 49.4174349 ], [ 8.6887927, 49.4173947 ], [ 8.6882674, 49.4173734 ], [ 8.6882088, 49.4173716 ], [ 8.687926, 49.4173636 ], [ 8.6875467, 49.4173494 ], [ 8.6874665, 49.4173512 ], [ 8.6874129, 49.4173522 ], [ 8.6871566, 49.4173571 ], [ 8.6870302, 49.41736 ] ] } },
{ "type": "Feature", "properties": { "osm_id": 4084881, "name": "Im Neuenheimer Feld", "highway": "residential", "klass": "residential", "lanes": 2.0, "maxspeed": 30.0, "surface": "asphalt", "oneway": null }, "geometry": { "type": "LineString", "coordinates": [ [ 8.6611263, 49.4183308 ], [ 8.6613232, 49.4183798 ], [ 8.6614753, 49.4184162 ], [ 8.6627851, 49.4187298 ], [ 8.6629026, 49.4187579 ], [ 8.6631099, 49.4188073 ], [ 8.6632298, 49.4188364 ] ] } },
{ "type": "Feature", "properties": { "osm_id": 4084941, "name": "Czernyring", "highway": "secondary_link", "klass": "secondary", "lanes": 2.0, "maxspeed": 30.0, "surface": "asphalt", "oneway": "yes" }, "geometry": { "type": "LineString", "coordinates": [ [ 8.6725994, 49.4080076 ], [ 8.6724911, 49.4079624 ], [ 8.672461, 49.40795 ] ] } },
{ "type": "Feature", "properties": { "osm_id": 4379782, "name": "Henkel-Teroson-Straße", "highway": "tertiary", "klass": "tertiary", "lanes": 2.0, "maxspeed": 30.0, "surface": "asphalt", "oneway": "yes" }, "geometry": { "type": "LineString", "coordinates": [ [ 8.651484, 49.4075024 ], [ 8.6517277, 49.40766 ], [ 8.6517762, 49.4076914 ] ] } },
{ "type": "Feature", "properties": { "osm_id": 4379788, "name": "Franz-Knauff-Straße", "highway": "secondary", "klass": "secondary", "lanes": 3.0, "maxspeed": 30.0, "surface": "asphalt", "oneway": "yes" }, "geometry": { "type": "LineString", "coordinates": [ [ 8.6860534, 49.3987983 ], [ 8.6859168, 49.3987942 ], [ 8.6855949, 49.3987582 ], [ 8.6854146, 49.3987373 ] ] } },
{ "type": "Feature", "properties": { "osm_id": 4420813, "name": "Panoramastraße", "highway": "residential", "klass": "residential", "lanes": 2.0, "maxspeed": 30.0, "surface": "asphalt", "oneway": null }, "geometry": { "type": "LineString", "coordinates": [ [ 8.6925323, 49.3931149 ], [ 8.6925976, 49.3925294 ], [ 8.6926214, 49.3924711 ], [ 8.692641, 49.3924274 ], [ 8.6926728, 49.3923842 ], [ 8.6927788, 49.392265 ], [ 8.6928424, 49.3921772 ], [ 8.6928876, 49.3920957 ], [ 8.6929157, 49.3920204 ], [ 8.6930015, 49.3917438 ], [ 8.6931004, 49.3914422 ], [ 8.6931553, 49.3912646 ], [ 8.693167, 49.3912012 ], [ 8.6931618, 49.3911409 ], [ 8.6931572, 49.3911039 ], [ 8.6931453, 49.3910581 ], [ 8.6931283, 49.3910173 ], [ 8.6931021, 49.3909759 ], [ 8.6930705, 49.3909267 ], [ 8.6928307, 49.3906153 ], [ 8.6927912, 49.3905446 ], [ 8.6927708, 49.3904655 ], [ 8.6927649, 49.3903548 ], [ 8.6927661, 49.3902512 ], [ 8.6927684, 49.3901689 ], [ 8.6927762, 49.3901089 ], [ 8.6927824, 49.3900798 ], [ 8.6928025, 49.3900524 ], [ 8.6928378, 49.3900214 ], [ 8.6928891, 49.3899944 ], [ 8.6929423, 49.3899765 ], [ 8.692982, 49.3899692 ], [ 8.6930284, 49.3899639 ], [ 8.6931601, 49.3899535 ], [ 8.6932337, 49.3899445 ], [ 8.6932803, 49.3899338 ], [ 8.6933171, 49.3899235 ], [ 8.6933509, 49.3899082 ], [ 8.6933762, 49.3898944 ], [ 8.6934039, 49.3898741 ], [ 8.6934328, 49.3898494 ], [ 8.6934631, 49.389817 ], [ 8.6934798, 49.3897869 ], [ 8.6934861, 49.3897697 ], [ 8.693488, 49.3897503 ], [ 8.6934878, 49.3897281 ], [ 8.6934802, 49.3896812 ], [ 8.6934588, 49.3895954 ], [ 8.6933844, 49.3893731 ], [ 8.6933583, 49.3893003 ], [ 8.6933107, 49.3891854 ], [ 8.6932838, 49.3891322 ], [ 8.6930951, 49.3888417 ], [ 8.6930233, 49.3887353 ], [ 8.693013, 49.3886886 ], [ 8.6930139, 49.3886393 ], [ 8.6930443, 49.3885358 ], [ 8.6931507, 49.3883207 ], [ 8.6931617, 49.3882774 ], [ 8.6931735, 49.3881993 ], [ 8.6931655, 49.3880928 ], [ 8.6931467, 49.3880483 ], [ 8.6931035, 49.3879873 ], [ 8.6929137, 49.3877942 ], [ 8.6927156, 49.3876067 ], [ 8.6926459, 49.3875106 ], [ 8.6926237, 49.3874433 ], [ 8.6926263, 49.3873692 ], [ 8.692653, 49.3871679 ], [ 8.692681, 49.3869023 ], [ 8.6926828, 49.3866629 ], [ 8.6926693, 49.3860788 ], [ 8.6926739, 49.385433 ], [ 8.6926468, 49.3850937 ], [ 8.6926551, 49.3848594 ], [ 8.6926735, 49.3846712 ], [ 8.6927185, 49.3844569 ], [ 8.6928564, 49.3839459 ], [ 8.6929582, 49.383521 ], [ 8.6930629, 49.3831097 ], [ 8.6931185, 49.3828782 ], [ 8.6932099, 49.3825613 ], [ 8.6932671, 49.3823039 ], [ 8.6932594, 49.38221 ], [ 8.6932426, 49.3821134 ], [ 8.6932219, 49.3820393 ], [ 8.693199, 49.3819345 ], [ 8.6931906, 49.3818415 ], [ 8.6931878, 49.3817391 ], [ 8.6933174, 49.3803986 ] ] } },
{ "type": "Feature", "properties": { "osm_id": 4426812, "name": "Feuerbachstraße", "highway": "residential", "klass": "residential", "lanes": null, "maxspeed": 30.0, "surface": "asphalt", "oneway": null }, "geometry": { "type": "LineString", "coordinates": [ [ 8.6900768, 49.3936865 ], [ 8.6900586, 49.3936859 ], [ 8.6898637, 49.3936767 ], [ 8.6895007, 49.3936634 ], [ 8.6889133, 49.3936425 ], [ 8.6889061, 49.3936427 ], [ 8.6882473, 49.3936208 ], [ 8.6880498, 49.3936136 ], [ 8.6879198, 49.39361 ], [ 8.6864801, 49.3935503 ], [ 8.6863857, 49.393547 ], [ 8.6863487, 49.3935454 ], [ 8.6862999, 49.3935432 ] ] } },
{ "type": "Feature", "properties": { "osm_id": 5047850, "name": "Grabengasse", "highway": "residential", "klass": "residential", "lanes": 2.0, "maxspeed": 20.0, "surface": "asphalt", "oneway": null }, "geometry": { "type": "LineString", "coordinates": [ [ 8.7065085, 49.4095572 ], [ 8.7065568, 49.4095415 ], [ 8.7065837, 49.4095334 ], [ 8.7066075, 49.4095224 ], [ 8.7066606, 49.4094935 ], [ 8.706717, 49.4094576 ], [ 8.7067506, 49.4094314 ], [ 8.7067785, 49.4094068 ], [ 8.7068012, 49.4093761 ], [ 8.7068215, 49.4093407 ], [ 8.706839, 49.4092983 ], [ 8.7068459, 49.4092747 ], [ 8.7068488, 49.409242 ], [ 8.7068484, 49.4092193 ], [ 8.7068472, 49.4092015 ], [ 8.7068377, 49.4091446 ] ] } },
{ "type": "Feature", "properties": { "osm_id": 5047878, "name": "Blumenthalstraße", "highway": "residential", "klass": "residential", "lanes": null, "maxspeed": 30.0, "surface": "asphalt", "oneway": null }, "geometry": { "type": "LineString", "coordinates": [ [ 8.690791, 49.4214468 ], [ 8.6901009, 49.421396 ], [ 8.6892801, 49.421316 ], [ 8.6892517, 49.4213132 ] ] } },
{ "type": "Feature", "properties": { "osm_id": 5074021, "name": "Görresstraße", "highway": "residential", "klass": "residential", "lanes": 2.0, "maxspeed": 30.0, "surface": "asphalt", "oneway": null }, "geometry": { "type": "LineString", "coordinates": [ [ 8.6914537, 49.3941144 ], [ 8.6914621, 49.3933447 ], [ 8.6914889, 49.3926203 ], [ 8.6915119, 49.3925168 ], [ 8.6916634, 49.3920743 ], [ 8.6916824, 49.3919957 ], [ 8.6917278, 49.3914039 ], [ 8.6917372, 49.3912703 ], [ 8.6917332, 49.3911581 ], [ 8.6917302, 49.3911424 ], [ 8.6916889, 49.3909185 ], [ 8.6916778, 49.3908403 ], [ 8.6916769, 49.3904009 ], [ 8.6916976, 49.3902406 ], [ 8.6917913, 49.3898935 ], [ 8.6918177, 49.3897706 ], [ 8.6918271, 49.3896534 ], [ 8.6917954, 49.3893239 ], [ 8.6917509, 49.3883192 ], [ 8.691772, 49.3870311 ], [ 8.6917781, 49.3867935 ] ] } },
{ "type": "Feature", "properties": { "osm_id": 5074022, "name": "Görresstraße", "highway": "residential", "klass": "residential", "lanes": null, "maxspeed": 30.0, "surface": "asphalt", "oneway": null }, "geometry": { "type": "LineString", "coordinates": [ [ 8.6900158, 49.3942708 ], [ 8.6900384, 49.3942713 ], [ 8.6901072, 49.3942679 ], [ 8.6914537, 49.3941144 ] ] } },
{ "type": "Feature", "properties": { "osm_id": 5123672, "name": "Zeppelinstraße", "highway": "residential", "klass": "residential", "lanes": 1.0, "maxspeed": 30.0, "surface": "asphalt", "oneway": "-1" }, "geometry": { "type": "LineString", "coordinates": [ [ 8.680262, 49.4291446 ], [ 8.6798587, 49.4300765 ] ] } },
{ "type": "Feature", "properties": { "osm_id": 5123673, "name": "Husarenstraße", "highway": "residential", "klass": "residential", "lanes": 2.0, "maxspeed": 30.0, "surface": "asphalt", "oneway": null }, "geometry": { "type": "LineString", "coordinates": [ [ 8.6816737, 49.4292645 ], [ 8.680262, 49.4291446 ] ] } },
{ "type": "Feature", "properties": { "osm_id": 5123677, "name": "Lorscher Hof", "highway": "residential", "klass": "residential", "lanes": 2.0, "maxspeed": 30.0, "surface": "asphalt", "oneway": null }, "geometry": { "type": "LineString", "coordinates": [ [ 8.6802173, 49.426887 ], [ 8.6801981, 49.426996 ], [ 8.68008, 49.4272436 ] ] } },
{ "type": "Feature", "properties": { "osm_id": 5132863, "name": "Blumenthalstraße", "highway": "residential", "klass": "residential", "lanes": 2.0, "maxspeed": 30.0, "surface": "asphalt", "oneway": null }, "geometry": { "type": "LineString", "coordinates": [ [ 8.6892517, 49.4213132 ], [ 8.6892265, 49.4212976 ], [ 8.6891664, 49.421278 ], [ 8.6877074, 49.4211341 ], [ 8.6868406, 49.4210539 ] ] } },
{ "type": "Feature", "properties": { "osm_id": 5146267, "name": "Schubertstraße", "highway": "residential", "klass": "residential", "lanes": 2.0, "maxspeed": 30.0, "surface": "asphalt", "oneway": null }, "geometry": { "type": "LineString", "coordinates": [ [ 8.6826373, 49.4235661 ], [ 8.6824455, 49.4238691 ], [ 8.6822143, 49.4242343 ], [ 8.6821828, 49.424284 ], [ 8.6819776, 49.4245294 ], [ 8.6819273, 49.4245895 ], [ 8.6817367, 49.4247514 ], [ 8.681549, 49.4248936 ], [ 8.6815095, 49.4249208 ] ] } },
{ "type": "Feature", "properties": { "osm_id": 5147586, "name": "Furtwänglerstraße", "highway": "residential", "klass": "residential", "lanes": null, "maxspeed": 30.0, "surface": "asphalt", "oneway": null }, "geometry": { "type": "LineString", "coordinates": [ [ 8.6807921, 49.4204412 ], [ 8.6807364, 49.4205982 ], [ 8.6806785, 49.4210782 ], [ 8.6806785, 49.4211248 ], [ 8.6806616, 49.4216776 ], [ 8.6806305, 49.4227133 ], [ 8.6806135, 49.4228911 ], [ 8.6805845, 49.4229766 ] ] } },
{ "type": "Feature", "properties": { "osm_id": 5209247, "name": "Alte Brücke", "highway": "living_street", "klass": "living_street", "lanes": null, "maxspeed": null, "surface": "sett", "oneway": "no" }, "geometry": { "type": "LineString", "coordinates": [ [ 8.7095927, 49.4133544 ], [ 8.7095919, 49.4133732 ], [ 8.7095138, 49.4151278 ], [ 8.7095112, 49.4151806 ], [ 8.70951, 49.4152129 ] ] } },
{ "type": "Feature", "properties": { "osm_id": 5209248, "name": "Uferstraße", "highway": "tertiary", "klass": "tertiary", "lanes": 2.0, "maxspeed": 30.0, "surface": "asphalt", "oneway": null }, "geometry": { "type": "LineString", "coordinates": [ [ 8.682365, 49.412453 ], [ 8.6825695, 49.4124622 ], [ 8.6828732, 49.4124902 ], [ 8.6830413, 49.4124984 ] ] } },
{ "type": "Feature", "properties": { "osm_id": 5209251, "name": "Alte Brücke", "highway": "living_street", "klass": "living_street", "lanes": null, "maxspeed": null, "surface": "sett", "oneway": "no" }, "geometry": { "type": "LineString", "coordinates": [ [ 8.70951, 49.4152129 ], [ 8.7094926, 49.4152735 ] ] } },
{ "type": "Feature", "properties": { "osm_id": 8604379, "name": "Ringstraße", "highway": "primary", "klass": "primary", "lanes": 2.0, "maxspeed": 30.0, "surface": "asphalt", "oneway": "yes" }, "geometry": { "type": "LineString", "coordinates": [ [ 8.6803671, 49.4020257 ], [ 8.6808604, 49.4025324 ] ] } },
{ "type": "Feature", "properties": { "osm_id": 8604382, "name": "Spitzwegstraße", "highway": "residential", "klass": "residential", "lanes": null, "maxspeed": 30.0, "surface": "asphalt", "oneway": null }, "geometry": { "type": "LineString", "coordinates": [ [ 8.6889762, 49.3928984 ], [ 8.6889289, 49.3929061 ], [ 8.6880028, 49.3928641 ], [ 8.6871529, 49.3928317 ] ] } },
{ "type": "Feature", "properties": { "osm_id": 8604383, "name": "Kirschgartenstraße", "highway": "residential", "klass": "residential", "lanes": null, "maxspeed": 30.0, "surface": "asphalt", "oneway": null }, "geometry": { "type": "LineString", "coordinates": [ [ 8.6871529, 49.3928317 ], [ 8.6871713, 49.3926181 ], [ 8.6872084, 49.3922945 ], [ 8.6872496, 49.3918681 ], [ 8.6872664, 49.3916392 ], [ 8.6872874, 49.3914029 ], [ 8.6873169, 49.3910825 ], [ 8.6873431, 49.3908481 ], [ 8.6873556, 49.3907907 ], [ 8.6873928, 49.3904773 ], [ 8.6874016, 49.3904221 ], [ 8.6874416, 49.3898267 ], [ 8.6874513, 49.3896817 ], [ 8.687465, 49.3895261 ], [ 8.6874698, 49.3894724 ], [ 8.6874803, 49.3893533 ], [ 8.6874846, 49.3893052 ], [ 8.6874995, 49.3891365 ], [ 8.6875324, 49.388764 ], [ 8.6875695, 49.3883451 ], [ 8.6875774, 49.3882552 ], [ 8.6875892, 49.3881221 ], [ 8.6876142, 49.3878389 ], [ 8.6876378, 49.3875723 ], [ 8.6877024, 49.3868413 ], [ 8.6878249, 49.3854557 ], [ 8.6878595, 49.3850645 ], [ 8.68791, 49.3844934 ], [ 8.6879322, 49.384242 ], [ 8.6879367, 49.3842143 ], [ 8.6879663, 49.3838559 ], [ 8.6879705, 49.3838083 ], [ 8.6880467, 49.3829458 ], [ 8.6881355, 49.3819412 ] ] } },
{ "type": "Feature", "properties": { "osm_id": 8604384, "name": "Veit-Stoß-Straße", "highway": "residential", "klass": "residential", "lanes": null, "maxspeed": 30.0, "surface": "asphalt", "oneway": null }, "geometry": { "type": "LineString", "coordinates": [ [ 8.6873928, 49.3904773 ], [ 8.6882318, 49.3905136 ], [ 8.6892187, 49.3905483 ] ] } },
{ "type": "Feature", "properties": { "osm_id": 8604405, "name": "Carl-Benz-Straße", "highway": "secondary", "klass": "secondary", "lanes": 1.0, "maxspeed": 50.0, "surface": "asphalt", "oneway": "yes" }, "geometry": { "type": "LineString", "coordinates": [ [ 8.6775229, 49.3999627 ], [ 8.6776194, 49.3998968 ], [ 8.6776254, 49.3998924 ] ] } },
{ "type": "Feature", "properties": { "osm_id": 9349925, "name": "Kirchheimer Weg", "highway": "tertiary", "klass": "tertiary", "lanes": 1.0, "maxspeed": 30.0, "surface": "asphalt", "oneway": "yes" }, "geometry": { "type": "LineString", "coordinates": [ [ 8.6772908, 49.3950641 ], [ 8.6774423, 49.3953662 ] ] } },
{ "type": "Feature", "properties": { "osm_id": 11942798, "name": "Posseltstraße", "highway": "tertiary", "klass": "tertiary", "lanes": 1.0, "maxspeed": 30.0, "surface": "asphalt", "oneway": "yes" }, "geometry": { "type": "LineString", "coordinates": [ [ 8.6817718, 49.4125591 ], [ 8.6818146, 49.4125356 ], [ 8.6818649, 49.4125035 ], [ 8.6819462, 49.4124723 ], [ 8.6819936, 49.4124586 ], [ 8.6820365, 49.4124461 ] ] } },
{ "type": "Feature", "properties": { "osm_id": 11942887, "name": "Philosophenweg", "highway": "residential", "klass": "residential", "lanes": 2.0, "maxspeed": 30.0, "surface": "asphalt", "oneway": null }, "geometry": { "type": "LineString", "coordinates": [ [ 8.6939206, 49.4147347 ], [ 8.6933225, 49.4146994 ] ] } },
{ "type": "Feature", "properties": { "osm_id": 14193661, "name": "Akademiestraße", "highway": "living_street", "klass": "living_street", "lanes": null, "maxspeed": null, "surface": "paving_stones", "oneway": "no" }, "geometry": { "type": "LineString", "coordinates": [ [ 8.6976116, 49.4104421 ], [ 8.6976281, 49.4103954 ], [ 8.6977751, 49.4099981 ], [ 8.6977869, 49.4099659 ], [ 8.6978982, 49.4096637 ], [ 8.6979612, 49.4094927 ], [ 8.6981085, 49.4091208 ], [ 8.6981255, 49.4090752 ] ] } },
{ "type": "Feature", "properties": { "osm_id": 14193663, "name": "Friedrich-Ebert-Platz", "highway": "residential", "klass": "residential", "lanes": null, "maxspeed": null, "surface": "asphalt", "oneway": "yes" }, "geometry": { "type": "LineString", "coordinates": [ [ 8.6984374, 49.408315 ], [ 8.6984287, 49.4083493 ], [ 8.6982487, 49.4087668 ], [ 8.6982081, 49.4088685 ], [ 8.698197, 49.4088962 ], [ 8.6981255, 49.4090752 ] ] } },
{ "type": "Feature", "properties": { "osm_id": 14193664, "name": "Friedrich-Ebert-Platz", "highway": "residential", "klass": "residential", "lanes": null, "maxspeed": null, "surface": "asphalt", "oneway": "yes" }, "geometry": { "type": "LineString", "coordinates": [ [ 8.6986467, 49.4091628 ], [ 8.6987281, 49.4088798 ], [ 8.6988594, 49.4084275 ], [ 8.6988662, 49.4083904 ] ] } },
{ "type": "Feature", "properties": { "osm_id": 14194533, "name": "Untere Neckarstraße", "highway": "residential", "klass": "residential", "lanes": 2.0, "maxspeed": null, "surface": "asphalt", "oneway": null }, "geometry": { "type": "LineString", "coordinates": [ [ 8.6966982, 49.4117724 ], [ 8.6967041, 49.4117596 ], [ 8.6967127, 49.4117507 ], [ 8.696722, 49.4117442 ], [ 8.6967334, 49.4117403 ], [ 8.6967512, 49.4117375 ], [ 8.6967725, 49.4117377 ], [ 8.6967985, 49.41174 ] ] } },
{ "type": "Feature", "properties": { "osm_id": 14194535, "name": "Untere Neckarstraße", "highway": "residential", "klass": "residential", "lanes": null, "maxspeed": 30.0, "surface": "asphalt", "oneway": "yes" }, "geometry": { "type": "LineString", "coordinates": [ [ 8.7014637, 49.4122881 ], [ 8.7009419, 49.4121963 ], [ 8.7009053, 49.4121889 ], [ 8.7008876, 49.4121856 ], [ 8.7003111, 49.412065 ], [ 8.700264, 49.4120558 ], [ 8.7002208, 49.4120508 ], [ 8.6997525, 49.4120186 ], [ 8.6997421, 49.4120179 ], [ 8.6995888, 49.4120073 ], [ 8.6995117, 49.4120041 ], [ 8.699474, 49.4120033 ], [ 8.6994569, 49.4120043 ], [ 8.6994427, 49.4120061 ] ] } },
{ "type": "Feature", "properties": { "osm_id": 14195513, "name": "Montpellierplatz", "highway": "residential", "klass": "residential", "lanes": null, "maxspeed": null, "surface": "asphalt", "oneway": "yes" }, "geometry": { "type": "LineString", "coordinates": [ [ 8.7013347, 49.4126656 ], [ 8.7013675, 49.4125668 ], [ 8.7014334, 49.4123757 ], [ 8.7014637, 49.4122881 ] ] } },
{ "type": "Feature", "properties": { "osm_id": 14199102, "name": "Theaterstraße", "highway": "living_street", "klass": "living_street", "lanes": null, "maxspeed": null, "surface": "asphalt", "oneway": null }, "geometry": { "type": "LineString", "coordinates": [ [ 8.7038832, 49.4107365 ], [ 8.7038913, 49.4107062 ], [ 8.7039112, 49.4106311 ], [ 8.7039232, 49.410584 ], [ 8.7039438, 49.4105119 ], [ 8.7040217, 49.4101953 ], [ 8.7040286, 49.4101687 ], [ 8.7040357, 49.4101415 ], [ 8.7040577, 49.4100568 ], [ 8.7040817, 49.4099643 ], [ 8.7041125, 49.4098456 ], [ 8.7041503, 49.4097001 ], [ 8.7041538, 49.4096866 ], [ 8.7041829, 49.4095745 ], [ 8.7042012, 49.4095041 ] ] } },
{ "type": "Feature", "properties": { "osm_id": 14326971, "name": "Zwingerstraße", "highway": "residential", "klass": "residential", "lanes": null, "maxspeed": 30.0, "surface": "asphalt", "oneway": "yes" }, "geometry": { "type": "LineString", "coordinates": [ [ 8.7113806, 49.4111523 ], [ 8.7111652, 49.4110739 ], [ 8.7108263, 49.4109506 ], [ 8.7103531, 49.410825 ], [ 8.7100096, 49.4107126 ], [ 8.7095804, 49.4105751 ], [ 8.7094409, 49.4105277 ], [ 8.709035, 49.4103897 ], [ 8.7089867, 49.410377 ], [ 8.7085968, 49.4102997 ] ] } },
{ "type": "Feature", "properties": { "osm_id": 14328812, "name": "Am Brückentor", "highway": "residential", "klass": "residential", "lanes": null, "maxspeed": 50.0, "surface": "asphalt", "oneway": null }, "geometry": { "type": "LineString", "coordinates": [ [ 8.7077018, 49.413525 ], [ 8.7076928, 49.4134551 ] ] } },
{ "type": "Feature", "properties": { "osm_id": 14328813, "name": "Alte Brücke", "highway": "living_street", "klass": "living_street", "lanes": null, "maxspeed": null, "surface": "sett", "oneway": "no" }, "geometry": { "type": "LineString", "coordinates": [ [ 8.7095828, 49.4132083 ], [ 8.7095874, 49.4132413 ], [ 8.7095945, 49.4132907 ] ] } },
{ "type": "Feature", "properties": { "osm_id": 14328995, "name": "Mönchgasse", "highway": "residential", "klass": "residential", "lanes": 2.0, "maxspeed": 30.0, "surface": "sett", "oneway": null }, "geometry": { "type": "LineString", "coordinates": [ [ 8.7120673, 49.4122415 ], [ 8.7118816, 49.4125915 ] ] } },
{ "type": "Feature", "properties": { "osm_id": 14328996, "name": "Hauptstraße", "highway": "residential", "klass": "residential", "lanes": null, "maxspeed": 30.0, "surface": "sett", "oneway": "yes" }, "geometry": { "type": "LineString", "coordinates": [ [ 8.7119256, 49.4122054 ], [ 8.7120673, 49.4122415 ] ] } },
{ "type": "Feature", "properties": { "osm_id": 14329101, "name": "Kornmarkt", "highway": "residential", "klass": "residential", "lanes": null, "maxspeed": 30.0, "surface": "sett", "oneway": "yes" }, "geometry": { "type": "LineString", "coordinates": [ [ 8.7119051, 49.4117028 ], [ 8.7116416, 49.4120645 ], [ 8.7116304, 49.412088 ], [ 8.7116303, 49.4121097 ], [ 8.7116405, 49.412124 ], [ 8.7116737, 49.4121405 ] ] } },
{ "type": "Feature", "properties": { "osm_id": 14329192, "name": "Karlstraße", "highway": "residential", "klass": "residential", "lanes": null, "maxspeed": 30.0, "surface": "sett", "oneway": "yes" }, "geometry": { "type": "LineString", "coordinates": [ [ 8.7134287, 49.4121949 ], [ 8.7133416, 49.4121665 ], [ 8.713215, 49.4121252 ], [ 8.7125299, 49.4119018 ], [ 8.7125045, 49.4118936 ], [ 8.7124661, 49.411881 ], [ 8.7124359, 49.4118712 ], [ 8.7124065, 49.4118616 ], [ 8.7123734, 49.411851 ] ] } },
{ "type": "Feature", "properties": { "osm_id": 14329194, "name": "Karlsplatz", "highway": "residential", "klass": "residential", "lanes": null, "maxspeed": 30.0, "surface": "sett", "oneway": null }, "geometry": { "type": "LineString", "coordinates": [ [ 8.7134287, 49.4121949 ], [ 8.713388, 49.4122623 ], [ 8.7131489, 49.4126108 ] ] } },
{ "type": "Feature", "properties": { "osm_id": 22949378, "name": "Klingenteichstraße", "highway": "tertiary", "klass": "tertiary", "lanes": 2.0, "maxspeed": 30.0, "surface": "asphalt", "oneway": null }, "geometry": { "type": "LineString", "coordinates": [ [ 8.7083389, 49.4073261 ], [ 8.7083505, 49.407327 ], [ 8.7083626, 49.4073274 ], [ 8.7083726, 49.4073266 ], [ 8.7083848, 49.4073242 ], [ 8.7083957, 49.4073208 ], [ 8.7084114, 49.4073136 ], [ 8.7084213, 49.4073077 ], [ 8.7084309, 49.4072992 ], [ 8.7084525, 49.4072734 ], [ 8.7084835, 49.4072365 ], [ 8.7085319, 49.4071747 ], [ 8.7086154, 49.4070732 ], [ 8.7087277, 49.406935 ], [ 8.7088291, 49.406812 ], [ 8.7089455, 49.4066661 ], [ 8.7090144, 49.4065837 ], [ 8.7090536, 49.4065421 ], [ 8.7090939, 49.4065026 ], [ 8.7091292, 49.4064733 ], [ 8.7091609, 49.4064483 ], [ 8.7091891, 49.406428 ], [ 8.7092296, 49.4063997 ], [ 8.709279, 49.4063688 ], [ 8.7093518, 49.4063256 ], [ 8.7095368, 49.4062238 ], [ 8.7096992, 49.4061372 ], [ 8.7098091, 49.4060774 ] ] } },
{ "type": "Feature", "properties": { "osm_id": 22949393, "name": "Gaiberger Weg", "highway": "tertiary", "klass": "tertiary", "lanes": 2.0, "maxspeed": 50.0, "surface": "asphalt", "oneway": null }, "geometry": { "type": "LineString", "coordinates": [ [ 8.7147522, 49.4062633 ], [ 8.7148064, 49.40626 ], [ 8.7148733, 49.4062483 ], [ 8.7149447, 49.4062313 ], [ 8.7150888, 49.4061975 ], [ 8.7153047, 49.4061399 ], [ 8.7156364, 49.4060397 ], [ 8.7158212, 49.4059736 ], [ 8.7160009, 49.4059034 ], [ 8.7162119, 49.4058112 ], [ 8.716415, 49.4057074 ], [ 8.7166438, 49.4055724 ], [ 8.7167496, 49.4055033 ] ] } },
{ "type": "Feature", "properties": { "osm_id": 22949395, "name": "Klingenteichstraße", "highway": "tertiary", "klass": "tertiary", "lanes": 2.0, "maxspeed": 30.0, "surface": "asphalt", "oneway": null }, "geometry": { "type": "LineString", "coordinates": [ [ 8.7097595, 49.4057739 ], [ 8.7095466, 49.4057692 ], [ 8.7094654, 49.4057652 ], [ 8.7093853, 49.4057591 ], [ 8.7093259, 49.4057544 ], [ 8.7092573, 49.4057449 ], [ 8.7092064, 49.4057347 ], [ 8.7090745, 49.4057023 ], [ 8.7090002, 49.4056857 ], [ 8.7089294, 49.4056706 ], [ 8.7088991, 49.4056653 ], [ 8.7088631, 49.40566 ], [ 8.70883, 49.4056573 ], [ 8.7087996, 49.4056561 ], [ 8.7087612, 49.4056561 ], [ 8.708719, 49.4056585 ], [ 8.7086921, 49.4056603 ], [ 8.7086609, 49.4056637 ], [ 8.7086297, 49.4056683 ], [ 8.7086072, 49.4056735 ] ] } },
{ "type": "Feature", "properties": { "osm_id": 22978248, "name": "Gaisbergstraße", "highway": "residential", "klass": "residential", "lanes": 1.0, "maxspeed": 30.0, "surface": "asphalt", "oneway": "yes" }, "geometry": { "type": "LineString", "coordinates": [ [ 8.6922649, 49.4014149 ], [ 8.6918413, 49.4000503 ] ] } },
{ "type": "Feature", "properties": { "osm_id": 22978251, "name": "Luisenstraße", "highway": "residential", "klass": "residential", "lanes": null, "maxspeed": 30.0, "surface": "paving_stones", "oneway": null }, "geometry": { "type": "LineString", "coordinates": [ [ 8.6924536, 49.4102421 ], [ 8.6923908, 49.4102289 ], [ 8.6923314, 49.4102164 ], [ 8.6923062, 49.4102111 ], [ 8.6917331, 49.4100902 ] ] } },
{ "type": "Feature", "properties": { "osm_id": 22978252, "name": "Schneidmühlstraße", "highway": "residential", "klass": "residential", "lanes": null, "maxspeed": null, "surface": "asphalt", "oneway": "yes" }, "geometry": { "type": "LineString", "coordinates": [ [ 8.6919806, 49.4090978 ], [ 8.6919011, 49.4092799 ], [ 8.6918197, 49.4096653 ] ] } },
{ "type": "Feature", "properties": { "osm_id": 23747351, "name": "Rohrbacher Straße", "highway": "secondary", "klass": "secondary", "lanes": 2.0, "maxspeed": 50.0, "surface": "asphalt", "oneway": null }, "geometry": { "type": "LineString", "coordinates": [ [ 8.6904752, 49.3868117 ], [ 8.6904331, 49.3880816 ], [ 8.6904229, 49.3883349 ], [ 8.6904041, 49.38869 ], [ 8.6903676, 49.3893778 ], [ 8.6903552, 49.3896327 ], [ 8.6903451, 49.3898016 ], [ 8.6903364, 49.3899803 ], [ 8.690324, 49.3902175 ], [ 8.6902686, 49.3912289 ], [ 8.6902531, 49.391601 ], [ 8.6902454, 49.3917532 ], [ 8.6902349, 49.3919857 ] ] } },
{ "type": "Feature", "properties": { "osm_id": 23747424, "name": "Römerkreis", "highway": "secondary", "klass": "secondary", "lanes": 1.0, "maxspeed": 50.0, "surface": "asphalt", "oneway": "yes" }, "geometry": { "type": "LineString", "coordinates": [ [ 8.684013, 49.4054468 ], [ 8.6840198, 49.4054112 ], [ 8.6840237, 49.4053902 ], [ 8.6840255, 49.4053807 ], [ 8.6840293, 49.4053608 ], [ 8.6840396, 49.4053064 ] ] } },
{ "type": "Feature", "properties": { "osm_id": 23973790, "name": "Friedensstraße", "highway": "living_street", "klass": "living_street", "lanes": null, "maxspeed": null, "surface": "asphalt", "oneway": "yes" }, "geometry": { "type": "LineString", "coordinates": [ [ 8.6853141, 49.4297151 ], [ 8.6863709, 49.4300649 ], [ 8.6869521, 49.430163 ], [ 8.6872301, 49.4302035 ], [ 8.6876745, 49.4302548 ], [ 8.6877352, 49.4302595 ], [ 8.687788, 49.4302611 ], [ 8.6878557, 49.4302588 ] ] } },
{ "type": "Feature", "properties": { "osm_id": 24000929, "name": "Kriegsstraße", "highway": "residential", "klass": "residential", "lanes": 2.0, "maxspeed": 30.0, "surface": "asphalt", "oneway": "yes" }, "geometry": { "type": "LineString", "coordinates": [ [ 8.6832597, 49.4283732 ], [ 8.6832801, 49.428378 ], [ 8.6834481, 49.4284179 ], [ 8.6834668, 49.428424 ], [ 8.6849287, 49.4288977 ] ] } },
{ "type": "Feature", "properties": { "osm_id": 24000935, "name": "Mühltalstraße", "highway": "residential", "klass": "residential", "lanes": null, "maxspeed": 30.0, "surface": "asphalt", "oneway": null }, "geometry": { "type": "LineString", "coordinates": [ [ 8.6875798, 49.4282133 ], [ 8.6875661, 49.4282753 ], [ 8.6875521, 49.4283231 ], [ 8.6874198, 49.4287791 ], [ 8.6874492, 49.4289876 ], [ 8.6874649, 49.4290354 ], [ 8.6874876, 49.4291273 ], [ 8.6875899, 49.4293577 ], [ 8.6876052, 49.4294113 ], [ 8.6876205, 49.4295257 ] ] } },
{ "type": "Feature", "properties": { "osm_id": 24000937, "name": "An der Tiefburg", "highway": "residential", "klass": "residential", "lanes": null, "maxspeed": 30.0, "surface": "asphalt", "oneway": null }, "geometry": { "type": "LineString", "coordinates": [ [ 8.6866992, 49.4279973 ], [ 8.6867096, 49.4279692 ], [ 8.6867415, 49.4278825 ] ] } },
{ "type": "Feature", "properties": { "osm_id": 24000938, "name": "Angelweg", "highway": "residential", "klass": "residential", "lanes": 2.0, "maxspeed": 30.0, "surface": "asphalt", "oneway": null }, "geometry": { "type": "LineString", "coordinates": [ [ 8.678446, 49.4273965 ], [ 8.6785535, 49.4274214 ], [ 8.678907, 49.4274982 ], [ 8.6792572, 49.4275742 ], [ 8.679407, 49.4276083 ], [ 8.6795589, 49.4276398 ], [ 8.6795854, 49.4276455 ], [ 8.6799091, 49.4277158 ], [ 8.6800116, 49.4277357 ], [ 8.6803167, 49.4277902 ], [ 8.6808251, 49.4278797 ] ] } },
{ "type": "Feature", "properties": { "osm_id": 24000940, "name": "Klausenpfad", "highway": "residential", "klass": "residential", "lanes": 1.0, "maxspeed": 30.0, "surface": "asphalt", "oneway": "yes" }, "geometry": { "type": "LineString", "coordinates": [ [ 8.6842989, 49.4269972 ], [ 8.6836374, 49.4263776 ], [ 8.6835957, 49.4263529 ], [ 8.6835502, 49.4263465 ], [ 8.6834981, 49.4263505 ], [ 8.6834458, 49.4263571 ] ] } },
{ "type": "Feature", "properties": { "osm_id": 24000944, "name": "Mittlere Kirchgasse", "highway": "living_street", "klass": "living_street", "lanes": null, "maxspeed": null, "surface": "asphalt", "oneway": null }, "geometry": { "type": "LineString", "coordinates": [ [ 8.6871069, 49.4279816 ], [ 8.6872521, 49.4277214 ], [ 8.6874256, 49.4272768 ], [ 8.6875261, 49.4270499 ], [ 8.6875612, 49.4269956 ], [ 8.6876091, 49.4269452 ] ] } },
{ "type": "Feature", "properties": { "osm_id": 24000945, "name": "Handschuhsheimer Landstraße", "highway": "living_street", "klass": "living_street", "lanes": null, "maxspeed": null, "surface": "paving_stones", "oneway": null }, "geometry": { "type": "LineString", "coordinates": [ [ 8.6888353, 49.4263923 ], [ 8.6888309, 49.4264719 ] ] } },
{ "type": "Feature", "properties": { "osm_id": 24004765, "name": "Bäumengasse", "highway": "residential", "klass": "residential", "lanes": null, "maxspeed": 30.0, "surface": "asphalt", "oneway": null }, "geometry": { "type": "LineString", "coordinates": [ [ 8.6849287, 49.4288977 ], [ 8.6845348, 49.4294621 ] ] } },
{ "type": "Feature", "properties": { "osm_id": 24048871, "name": "Eisengreinweg", "highway": "residential", "klass": "residential", "lanes": null, "maxspeed": null, "surface": "asphalt", "oneway": "yes" }, "geometry": { "type": "LineString", "coordinates": [ [ 8.6899674, 49.3991052 ], [ 8.6900124, 49.3990945 ], [ 8.6900937, 49.3990757 ], [ 8.6903854, 49.3990475 ] ] } },
{ "type": "Feature", "properties": { "osm_id": 24048872, "name": "Adenauerplatz", "highway": "residential", "klass": "residential", "lanes": 1.0, "maxspeed": null, "surface": "asphalt", "oneway": null }, "geometry": { "type": "LineString", "coordinates": [ [ 8.6942057, 49.4068051 ], [ 8.6942343, 49.4068112 ], [ 8.6942648, 49.4068122 ], [ 8.6948789, 49.4067845 ] ] } },
{ "type": "Feature", "properties": { "osm_id": 24212797, "name": "Carl-Friedrich-Gauß-Ring", "highway": "residential", "klass": "residential", "lanes": 1.0, "maxspeed": 50.0, "surface": "asphalt", "oneway": "yes" }, "geometry": { "type": "LineString", "coordinates": [ [ 8.671623, 49.3965007 ], [ 8.6714019, 49.3965855 ], [ 8.6713617, 49.3965963 ], [ 8.6713314, 49.3966017 ], [ 8.671307, 49.3966057 ], [ 8.6712102, 49.3966212 ] ] } },
{ "type": "Feature", "properties": { "osm_id": 24223729, "name": "Ringstraße", "highway": "primary", "klass": "primary", "lanes": 2.0, "maxspeed": 50.0, "surface": "asphalt", "oneway": "yes" }, "geometry": { "type": "LineString", "coordinates": [ [ 8.684013, 49.4054468 ], [ 8.6840009, 49.4054039 ], [ 8.6839957, 49.4053855 ], [ 8.6839907, 49.4053678 ], [ 8.6839868, 49.4053537 ], [ 8.6839441, 49.4052024 ] ] } },
{ "type": "Feature", "properties": { "osm_id": 24223732, "name": "Speyerer Straße", "highway": "primary", "klass": "primary", "lanes": 2.0, "maxspeed": 50.0, "surface": "asphalt", "oneway": "yes" }, "geometry": { "type": "LineString", "coordinates": [ [ 8.6781744, 49.4002801 ], [ 8.6782192, 49.4003047 ] ] } },
{ "type": "Feature", "properties": { "osm_id": 24224502, "name": "Römerstraße", "highway": "primary", "klass": "primary", "lanes": 2.0, "maxspeed": 50.0, "surface": "asphalt", "oneway": "yes" }, "geometry": { "type": "LineString", "coordinates": [ [ 8.6857633, 49.3935248 ], [ 8.6858084, 49.3936439 ], [ 8.6858074, 49.3937018 ], [ 8.6857415, 49.3942959 ], [ 8.6856606, 49.3953016 ], [ 8.6855657, 49.3961818 ], [ 8.6855533, 49.3965418 ], [ 8.6855558, 49.3967192 ] ] } },
{ "type": "Feature", "properties": { "osm_id": 24224504, "name": "Schillerstraße", "highway": "residential", "klass": "residential", "lanes": null, "maxspeed": 30.0, "surface": "asphalt", "oneway": null }, "geometry": { "type": "LineString", "coordinates": [ [ 8.684971, 49.4018962 ], [ 8.6850089, 49.4018539 ], [ 8.6850601, 49.4018049 ], [ 8.6850905, 49.4017803 ], [ 8.685148, 49.401736 ], [ 8.6853958, 49.4015504 ] ] } },
{ "type": "Feature", "properties": { "osm_id": 24224506, "name": "Franz-Knauff-Straße", "highway": "secondary", "klass": "secondary", "lanes": 2.0, "maxspeed": 30.0, "surface": "asphalt", "oneway": null }, "geometry": { "type": "LineString", "coordinates": [ [ 8.6897271, 49.3991986 ], [ 8.689638, 49.3992044 ], [ 8.689605, 49.3992054 ], [ 8.6895611, 49.3992045 ], [ 8.6894696, 49.3992004 ], [ 8.6889389, 49.3991377 ], [ 8.6888779, 49.3991305 ], [ 8.6888073, 49.3991197 ], [ 8.6887423, 49.3991115 ], [ 8.6886804, 49.3991028 ] ] } },
{ "type": "Feature", "properties": { "osm_id": 24224507, "name": "Rohrbacher Straße", "highway": "secondary", "klass": "secondary", "lanes": 2.0, "maxspeed": 50.0, "surface": "asphalt", "oneway": null }, "geometry": { "type": "LineString", "coordinates": [ [ 8.6903992, 49.3995895 ], [ 8.690518, 49.3998606 ] ] } },
{ "type": "Feature", "properties": { "osm_id": 24231889, "name": "Hebelstraße", "highway": "secondary", "klass": "secondary", "lanes": 3.0, "maxspeed": 50.0, "surface": "asphalt", "oneway": null }, "geometry": { "type": "LineString", "coordinates": [ [ 8.6832283, 49.3972943 ], [ 8.6839582, 49.3973166 ] ] } },
{ "type": "Feature", "properties": { "osm_id": 24231897, "name": "Römerstraße", "highway": "primary", "klass": "primary", "lanes": 3.0, "maxspeed": null, "surface": "asphalt", "oneway": "yes" }, "geometry": { "type": "LineString", "coordinates": [ [ 8.6853797, 49.3983548 ], [ 8.6853715, 49.3983831 ] ] } },
{ "type": "Feature", "properties": { "osm_id": 24239595, "name": "Neckarhamm", "highway": "residential", "klass": "residential", "lanes": null, "maxspeed": 30.0, "surface": "asphalt", "oneway": null }, "geometry": { "type": "LineString", "coordinates": [ [ 8.6507349, 49.4273917 ], [ 8.6503156, 49.4284197 ], [ 8.6500947, 49.4290397 ] ] } },
{ "type": "Feature", "properties": { "osm_id": 24252890, "name": "Czernyring", "highway": "secondary", "klass": "secondary", "lanes": 2.0, "maxspeed": 50.0, "surface": "asphalt", "oneway": null }, "geometry": { "type": "LineString", "coordinates": [ [ 8.6829107, 49.3972795 ], [ 8.6828026, 49.3973908 ], [ 8.6827404, 49.3974689 ], [ 8.6826028, 49.3976586 ], [ 8.6824969, 49.3977918 ] ] } },
{ "type": "Feature", "properties": { "osm_id": 24252892, "name": "Czernyring", "highway": "secondary", "klass": "secondary", "lanes": 2.0, "maxspeed": 50.0, "surface": "asphalt", "oneway": null }, "geometry": { "type": "LineString", "coordinates": [ [ 8.6781744, 49.4002801 ], [ 8.6782873, 49.4002512 ], [ 8.6783992, 49.4002173 ] ] } },
{ "type": "Feature", "properties": { "osm_id": 24252898, "name": "Heinrich-Lanz-Straße", "highway": "residential", "klass": "residential", "lanes": 2.0, "maxspeed": 50.0, "surface": "asphalt", "oneway": null }, "geometry": { "type": "LineString", "coordinates": [ [ 8.6793392, 49.3979394 ], [ 8.6794231, 49.3979512 ], [ 8.6794428, 49.3979541 ], [ 8.6794624, 49.397957 ], [ 8.6795082, 49.3979636 ], [ 8.6795757, 49.3979734 ], [ 8.6795874, 49.3979751 ], [ 8.6797129, 49.3979933 ] ] } },
{ "type": "Feature", "properties": { "osm_id": 24252899, "name": "Czernyring", "highway": "secondary", "klass": "secondary", "lanes": null, "maxspeed": 50.0, "surface": "asphalt", "oneway": "yes" }, "geometry": { "type": "LineString", "coordinates": [ [ 8.6762249, 49.400693 ], [ 8.676589, 49.4004964 ], [ 8.6768489, 49.4003556 ] ] } },
{ "type": "Feature", "properties": { "osm_id": 24252900, "name": "Speyerer Straße", "highway": "secondary_link", "klass": "secondary", "lanes": 1.0, "maxspeed": 50.0, "surface": "asphalt", "oneway": "yes" }, "geometry": { "type": "LineString", "coordinates": [ [ 8.6770478, 49.4002451 ], [ 8.6771142, 49.4001738 ], [ 8.6771318, 49.4001456 ], [ 8.6771457, 49.4001251 ], [ 8.6771465, 49.4000841 ], [ 8.6771476, 49.4000292 ], [ 8.6771441, 49.3999979 ], [ 8.6771233, 49.3999465 ], [ 8.6771042, 49.399917 ], [ 8.6770694, 49.3998657 ] ] } },
{ "type": "Feature", "properties": { "osm_id": 24271761, "name": "Ernst-Walz-Brücke", "highway": "primary", "klass": "primary", "lanes": 2.0, "maxspeed": 50.0, "surface": "asphalt", "oneway": "yes" }, "geometry": { "type": "LineString", "coordinates": [ [ 8.6768507, 49.4096615 ], [ 8.6767669, 49.4116708 ] ] } },
{ "type": "Feature", "properties": { "osm_id": 24272223, "name": "Kirschnerstraße", "highway": "residential", "klass": "residential", "lanes": 1.0, "maxspeed": 30.0, "surface": "asphalt", "oneway": "yes" }, "geometry": { "type": "LineString", "coordinates": [ [ 8.6753255, 49.4137043 ], [ 8.6751021, 49.4137234 ], [ 8.6750191, 49.4137231 ], [ 8.6750056, 49.4137228 ], [ 8.674992, 49.4137225 ], [ 8.6746784, 49.4137107 ] ] } },
{ "type": "Feature", "properties": { "osm_id": 24272224, "name": "Tiergartenstraße", "highway": "residential", "klass": "residential", "lanes": 2.0, "maxspeed": 30.0, "surface": "asphalt", "oneway": null }, "geometry": { "type": "LineString", "coordinates": [ [ 8.6570019, 49.4249914 ], [ 8.6570865, 49.4248322 ], [ 8.6574058, 49.4242526 ], [ 8.6574547, 49.4241594 ], [ 8.6575626, 49.4239423 ], [ 8.6576309, 49.4238076 ], [ 8.6578048, 49.4234906 ] ] } },
{ "type": "Feature", "properties": { "osm_id": 24294748, "name": "Czernyring", "highway": "secondary", "klass": "secondary", "lanes": 2.0, "maxspeed": 50.0, "surface": "asphalt", "oneway": "yes" }, "geometry": { "type": "LineString", "coordinates": [ [ 8.6702772, 49.4060728 ], [ 8.6694928, 49.4053369 ] ] } },
{ "type": "Feature", "properties": { "osm_id": 24294749, "name": "Czernyring", "highway": "secondary", "klass": "secondary", "lanes": 1.0, "maxspeed": 50.0, "surface": "asphalt", "oneway": "yes" }, "geometry": { "type": "LineString", "coordinates": [ [ 8.6694784, 49.4053222 ], [ 8.6694483, 49.4052299 ], [ 8.6694419, 49.4052048 ], [ 8.6694347, 49.4051539 ], [ 8.6694339, 49.405142 ], [ 8.6694341, 49.4051324 ], [ 8.6694361, 49.4051208 ], [ 8.6694371, 49.4051171 ], [ 8.6694396, 49.4051103 ], [ 8.6694434, 49.4050993 ] ] } },
{ "type": "Feature", "properties": { "osm_id": 24294750, "name": "Czernyring", "highway": "secondary", "klass": "secondary", "lanes": 2.0, "maxspeed": 50.0, "surface": "asphalt", "oneway": "yes" }, "geometry": { "type": "LineString", "coordinates": [ [ 8.6696676, 49.4052676 ], [ 8.6704661, 49.4060333 ] ] } },
{ "type": "Feature", "properties": { "osm_id": 24294753, "name": "Hebelstraße", "highway": "secondary", "klass": "secondary", "lanes": 1.0, "maxspeed": 50.0, "surface": "asphalt", "oneway": "yes" }, "geometry": { "type": "LineString", "coordinates": [ [ 8.6793927, 49.3970212 ], [ 8.679454, 49.3970142 ], [ 8.6795176, 49.3970204 ], [ 8.6795637, 49.397038 ], [ 8.6795974, 49.3970606 ], [ 8.6796208, 49.3970908 ], [ 8.6796304, 49.3971235 ] ] } },
{ "type": "Feature", "properties": { "osm_id": 24294847, "name": "Kirchheimer Weg", "highway": "tertiary", "klass": "tertiary", "lanes": 1.0, "maxspeed": null, "surface": "asphalt", "oneway": "yes" }, "geometry": { "type": "LineString", "coordinates": [ [ 8.6753302, 49.3911663 ], [ 8.6753876, 49.3912729 ], [ 8.6754386, 49.3913542 ], [ 8.6754707, 49.3913993 ], [ 8.6755244, 49.3914677 ], [ 8.6755648, 49.3915104 ], [ 8.6756496, 49.3916088 ] ] } },
{ "type": "Feature", "properties": { "osm_id": 24340228, "name": "Goethestraße", "highway": "living_street", "klass": "living_street", "lanes": null, "maxspeed": null, "surface": "asphalt", "oneway": "yes" }, "geometry": { "type": "LineString", "coordinates": [ [ 8.6895114, 49.4042713 ], [ 8.689677, 49.4047711 ], [ 8.6898717, 49.4053474 ] ] } },
{ "type": "Feature", "properties": { "osm_id": 24340229, "name": "Landhausstraße", "highway": "living_street", "klass": "living_street", "lanes": null, "maxspeed": null, "surface": "asphalt", "oneway": null }, "geometry": { "type": "LineString", "coordinates": [ [ 8.6884226, 49.4019115 ], [ 8.6885429, 49.4025852 ], [ 8.6885552, 49.402654 ] ] } },
{ "type": "Feature", "properties": { "osm_id": 24340235, "name": "Zähringerstraße", "highway": "living_street", "klass": "living_street", "lanes": null, "maxspeed": null, "surface": "paving_stones", "oneway": "no" }, "geometry": { "type": "LineString", "coordinates": [ [ 8.6856001, 49.4019137 ], [ 8.6855714, 49.4019224 ], [ 8.6855214, 49.4019225 ], [ 8.6853987, 49.4019234 ], [ 8.6851936, 49.4019142 ], [ 8.6850648, 49.4019103 ], [ 8.685009, 49.401903 ] ] } },
{ "type": "Feature", "properties": { "osm_id": 24340236, "name": "Zähringerstraße", "highway": "living_street", "klass": "living_street", "lanes": null, "maxspeed": null, "surface": "asphalt", "oneway": null }, "geometry": { "type": "LineString", "coordinates": [ [ 8.6895539, 49.4018651 ], [ 8.6884226, 49.4019115 ], [ 8.6871253, 49.4019572 ] ] } },
{ "type": "Feature", "properties": { "osm_id": 24340239, "name": "Schwindstraße", "highway": "residential", "klass": "residential", "lanes": null, "maxspeed": null, "surface": "asphalt", "oneway": null }, "geometry": { "type": "LineString", "coordinates": [ [ 8.6854927, 49.3937926 ], [ 8.6854551, 49.3941262 ], [ 8.6853983, 49.3944795 ], [ 8.6853962, 49.3944972 ] ] } },
{ "type": "Feature", "properties": { "osm_id": 24340240, "name": "Philipp-Otto-Runge-Straße", "highway": "residential", "klass": "residential", "lanes": null, "maxspeed": 30.0, "surface": "paving_stones", "oneway": null }, "geometry": { "type": "LineString", "coordinates": [ [ 8.6860191, 49.3935354 ], [ 8.6860103, 49.3936328 ], [ 8.6860084, 49.3936546 ] ] } },
{ "type": "Feature", "properties": { "osm_id": 24340243, "name": "Fichtestraße", "highway": "residential", "klass": "residential", "lanes": 2.0, "maxspeed": 30.0, "surface": "asphalt", "oneway": null }, "geometry": { "type": "LineString", "coordinates": [ [ 8.6880028, 49.3928641 ], [ 8.6881984, 49.3908246 ], [ 8.6882318, 49.3905136 ] ] } },
{ "type": "Feature", "properties": { "osm_id": 24340244, "name": "Franz-Marc-Straße", "highway": "residential", "klass": "residential", "lanes": 2.0, "maxspeed": 30.0, "surface": "asphalt", "oneway": null }, "geometry": { "type": "LineString", "coordinates": [ [ 8.6876804, 49.3960423 ], [ 8.6876924, 49.3960126 ], [ 8.6877602, 49.395345 ], [ 8.6877693, 49.3952512 ], [ 8.6878183, 49.3948154 ], [ 8.687821, 49.3947823 ], [ 8.687854, 49.3943747 ], [ 8.6878749, 49.3941017 ], [ 8.6879137, 49.393669 ] ] } },
{ "type": "Feature", "properties": { "osm_id": 24340259, "name": "Pfarrgasse", "highway": "living_street", "klass": "living_street", "lanes": null, "maxspeed": null, "surface": "asphalt", "oneway": null }, "geometry": { "type": "LineString", "coordinates": [ [ 8.6888353, 49.4263923 ], [ 8.6878597, 49.4262478 ] ] } },
{ "type": "Feature", "properties": { "osm_id": 24340260, "name": "Kapellenweg", "highway": "residential", "klass": "residential", "lanes": null, "maxspeed": 30.0, "surface": "asphalt", "oneway": null }, "geometry": { "type": "LineString", "coordinates": [ [ 8.6890272, 49.4245989 ], [ 8.6903431, 49.4247115 ], [ 8.6909748, 49.4247531 ], [ 8.6910957, 49.4247563 ] ] } },
{ "type": "Feature", "properties": { "osm_id": 24435224, "name": "Grahamstraße", "highway": "residential", "klass": "residential", "lanes": null, "maxspeed": 30.0, "surface": "asphalt", "oneway": "yes" }, "geometry": { "type": "LineString", "coordinates": [ [ 8.6854806, 49.4258901 ], [ 8.6852825, 49.4261093 ], [ 8.6851486, 49.4262663 ], [ 8.6850007, 49.4264211 ], [ 8.6849837, 49.4264399 ], [ 8.6848524, 49.4265612 ], [ 8.6848129, 49.4265977 ], [ 8.6844364, 49.4269083 ], [ 8.6842989, 49.4269972 ] ] } },
{ "type": "Feature", "properties": { "osm_id": 24435228, "name": "Obere Kirchgasse", "highway": "living_street", "klass": "living_street", "lanes": null, "maxspeed": null, "surface": "asphalt", "oneway": null }, "geometry": { "type": "LineString", "coordinates": [ [ 8.6878597, 49.4262478 ], [ 8.6878025, 49.4264094 ], [ 8.6877175, 49.4266341 ], [ 8.6876854, 49.4269148 ], [ 8.6876091, 49.4269452 ] ] } },
{ "type": "Feature", "properties": { "osm_id": 24435229, "name": "Lindengasse", "highway": "living_street", "klass": "living_street", "lanes": null, "maxspeed": null, "surface": "sett", "oneway": null }, "geometry": { "type": "LineString", "coordinates": [ [ 8.6867729, 49.4268762 ], [ 8.68709, 49.4269195 ], [ 8.6876091, 49.4269452 ] ] } },
{ "type": "Feature", "properties": { "osm_id": 24435230, "name": "Untere Kirchgasse", "highway": "living_street", "klass": "living_street", "lanes": null, "maxspeed": null, "surface": "asphalt", "oneway": null }, "geometry": { "type": "LineString", "coordinates": [ [ 8.686832, 49.4272845 ], [ 8.6869254, 49.4272132 ], [ 8.6869998, 49.4271436 ], [ 8.68709, 49.4269195 ] ] } },
{ "type": "Feature", "properties": { "osm_id": 24469671, "name": "Rollossweg", "highway": "residential", "klass": "residential", "lanes": null, "maxspeed": 30.0, "surface": "asphalt", "oneway": null }, "geometry": { "type": "LineString", "coordinates": [ [ 8.6937064, 49.4297529 ], [ 8.6936837, 49.4297674 ], [ 8.69364, 49.4297845 ], [ 8.6935818, 49.4298003 ], [ 8.6933312, 49.4298546 ], [ 8.6928888, 49.4299506 ], [ 8.6916952, 49.4301769 ], [ 8.6915944, 49.430188 ], [ 8.6915032, 49.4301924 ], [ 8.6914267, 49.4301924 ], [ 8.6913337, 49.4301866 ], [ 8.6910317, 49.4301493 ], [ 8.6909971, 49.4301477 ], [ 8.6909608, 49.4301523 ], [ 8.6909096, 49.4301737 ] ] } },
{ "type": "Feature", "properties": { "osm_id": 24469672, "name": "Bergstraße", "highway": "residential", "klass": "residential", "lanes": 2.0, "maxspeed": 30.0, "surface": "asphalt", "oneway": "yes" }, "geometry": { "type": "LineString", "coordinates": [ [ 8.6933161, 49.4148155 ], [ 8.6933191, 49.4147594 ] ] } },
{ "type": "Feature", "properties": { "osm_id": 24485178, "name": "Amselgasse", "highway": "living_street", "klass": "living_street", "lanes": 1.0, "maxspeed": null, "surface": "asphalt", "oneway": "no" }, "geometry": { "type": "LineString", "coordinates": [ [ 8.6892914, 49.4294074 ], [ 8.6889789, 49.4294398 ], [ 8.6884651, 49.4295152 ], [ 8.6882991, 49.4295277 ], [ 8.6881695, 49.4295239 ], [ 8.6880879, 49.4295215 ], [ 8.6879152, 49.4295188 ], [ 8.6876205, 49.4295257 ] ] } },
{ "type": "Feature", "properties": { "osm_id": 24485180, "name": "Im Neulich", "highway": "residential", "klass": "residential", "lanes": null, "maxspeed": null, "surface": "asphalt", "oneway": null }, "geometry": { "type": "LineString", "coordinates": [ [ 8.6979871, 49.4292193 ], [ 8.6976311, 49.4291885 ], [ 8.6974487, 49.4291798 ], [ 8.6969018, 49.4290843 ], [ 8.6964988, 49.428895 ], [ 8.6964574, 49.4288717 ], [ 8.6961687, 49.428698 ], [ 8.6961391, 49.4286864 ], [ 8.6961098, 49.42868 ], [ 8.6960715, 49.4286773 ], [ 8.6960315, 49.4286766 ], [ 8.6959005, 49.428686 ], [ 8.6958161, 49.4286963 ], [ 8.6956973, 49.4287206 ], [ 8.6956215, 49.4287418 ], [ 8.6955172, 49.4287858 ], [ 8.6954645, 49.4288118 ], [ 8.6953846, 49.4288644 ], [ 8.6953012, 49.4289213 ], [ 8.6952459, 49.4289559 ], [ 8.6951814, 49.4290023 ], [ 8.695137, 49.4290359 ], [ 8.6951232, 49.4290531 ], [ 8.6951161, 49.4290881 ], [ 8.6951161, 49.4291218 ], [ 8.6951237, 49.4291512 ], [ 8.6951335, 49.429169 ], [ 8.6951418, 49.4291795 ], [ 8.6951624, 49.4291909 ], [ 8.6951812, 49.429197 ], [ 8.6952232, 49.4292018 ], [ 8.6953855, 49.4291958 ], [ 8.6962944, 49.4291633 ] ] } },
{ "type": "Feature", "properties": { "osm_id": 24485189, "name": "Friedensstraße", "highway": "living_street", "klass": "living_street", "lanes": null, "maxspeed": null, "surface": "asphalt", "oneway": null }, "geometry": { "type": "LineString", "coordinates": [ [ 8.6829148, 49.4289651 ], [ 8.6829259, 49.4289689 ], [ 8.6829358, 49.4289722 ], [ 8.6831871, 49.4290413 ], [ 8.6832157, 49.4290502 ], [ 8.6845348, 49.4294621 ], [ 8.6853141, 49.4297151 ] ] } },
{ "type": "Feature", "properties": { "osm_id": 24516723, "name": "Kühruhweg", "highway": "tertiary", "klass": "tertiary", "lanes": 2.0, "maxspeed": null, "surface": "asphalt", "oneway": null }, "geometry": { "type": "LineString", "coordinates": [ [ 8.7034209, 49.3951247 ], [ 8.7034322, 49.3951294 ], [ 8.7035309, 49.3951699 ], [ 8.703843, 49.3952694 ], [ 8.7041704, 49.3953771 ], [ 8.7046998, 49.3955645 ], [ 8.7049626, 49.395671 ], [ 8.705216, 49.3957899 ], [ 8.7053152, 49.3958447 ], [ 8.7054416, 49.3959181 ], [ 8.7055427, 49.3959828 ], [ 8.7056456, 49.3960557 ], [ 8.7059674, 49.3963103 ], [ 8.7059882, 49.396325 ], [ 8.7060104, 49.3963407 ], [ 8.7060478, 49.3963639 ], [ 8.7060854, 49.3963805 ], [ 8.7061173, 49.3963898 ], [ 8.7061533, 49.3963945 ], [ 8.7061844, 49.3963958 ], [ 8.7062107, 49.3963945 ], [ 8.7062513, 49.396389 ], [ 8.7062756, 49.3963827 ], [ 8.7062956, 49.396376 ], [ 8.7063222, 49.3963646 ], [ 8.70635, 49.3963486 ], [ 8.7063747, 49.3963311 ], [ 8.7063923, 49.3963155 ], [ 8.7064191, 49.3962888 ], [ 8.7064466, 49.396257 ], [ 8.7064698, 49.3962262 ], [ 8.7064969, 49.3961792 ], [ 8.7065231, 49.3961341 ], [ 8.7065437, 49.3960937 ], [ 8.7065677, 49.3960336 ], [ 8.7065859, 49.3959658 ], [ 8.7065924, 49.3959087 ], [ 8.7065912, 49.395857 ], [ 8.7065883, 49.3958219 ], [ 8.7065806, 49.3957688 ], [ 8.7065049, 49.3954976 ], [ 8.706493, 49.3954408 ], [ 8.7064843, 49.3953947 ], [ 8.7064805, 49.395341 ], [ 8.706483, 49.3953024 ], [ 8.7064926, 49.3952472 ], [ 8.7065161, 49.395178 ], [ 8.7065573, 49.3950974 ], [ 8.7065853, 49.3950412 ], [ 8.7065978, 49.3950001 ], [ 8.7066063, 49.3949639 ], [ 8.7066129, 49.3949297 ], [ 8.7066148, 49.3948878 ], [ 8.7066096, 49.3948488 ], [ 8.7065938, 49.3947998 ], [ 8.7065796, 49.3947692 ], [ 8.7065521, 49.3947245 ], [ 8.7065236, 49.394685 ], [ 8.7064931, 49.394652 ], [ 8.7064512, 49.394611 ], [ 8.7063992, 49.3945744 ], [ 8.7062936, 49.3945042 ], [ 8.7061686, 49.3944191 ], [ 8.7060425, 49.3943251 ], [ 8.7059874, 49.3942762 ], [ 8.7059457, 49.3942351 ], [ 8.7059067, 49.3941886 ], [ 8.7058816, 49.3941527 ], [ 8.7058455, 49.3940962 ], [ 8.7058085, 49.3940032 ], [ 8.7057201, 49.3937333 ], [ 8.7056732, 49.393637 ], [ 8.7056251, 49.3935469 ], [ 8.7055787, 49.3934645 ], [ 8.7055643, 49.3934348 ], [ 8.7055544, 49.3934063 ], [ 8.70555, 49.3933851 ], [ 8.7055478, 49.393357 ], [ 8.7055511, 49.393333 ], [ 8.7055569, 49.3933108 ], [ 8.705569, 49.3932879 ], [ 8.7055947, 49.3932614 ], [ 8.7056154, 49.3932453 ], [ 8.7056384, 49.3932315 ], [ 8.7056686, 49.3932191 ], [ 8.7056974, 49.3932112 ], [ 8.7057236, 49.3932055 ], [ 8.7057513, 49.393203 ], [ 8.7057778, 49.3932031 ], [ 8.7058055, 49.3932042 ], [ 8.7058512, 49.3932078 ], [ 8.7061378, 49.3932364 ], [ 8.7062487, 49.3932494 ], [ 8.7063401, 49.3932622 ], [ 8.7064415, 49.3932785 ], [ 8.7065221, 49.3932973 ], [ 8.7065834, 49.393316 ], [ 8.7066594, 49.3933443 ], [ 8.7068809, 49.393428 ], [ 8.7073243, 49.3935994 ], [ 8.707898, 49.3938173 ], [ 8.7081799, 49.3939275 ] ] } },
{ "type": "Feature", "properties": { "osm_id": 24516800, "name": "Schusterstraße", "highway": "residential", "klass": "residential", "lanes": null, "maxspeed": 30.0, "surface": "asphalt", "oneway": "yes" }, "geometry": { "type": "LineString", "coordinates": [ [ 8.6487605, 49.4280123 ], [ 8.6494805, 49.42822 ], [ 8.6495833, 49.4282496 ], [ 8.6503156, 49.4284197 ] ] } },
{ "type": "Feature", "properties": { "osm_id": 24516801, "name": "Klostergasse", "highway": "residential", "klass": "residential", "lanes": null, "maxspeed": 30.0, "surface": "asphalt", "oneway": null }, "geometry": { "type": "LineString", "coordinates": [ [ 8.6499035, 49.4243808 ], [ 8.6499725, 49.4243966 ], [ 8.6500416, 49.4244162 ], [ 8.6501196, 49.4244495 ], [ 8.6501828, 49.4244889 ], [ 8.6502654, 49.4245544 ] ] } },
{ "type": "Feature", "properties": { "osm_id": 24560442, "name": "Steckelsgasse", "highway": "living_street", "klass": "living_street", "lanes": null, "maxspeed": null, "surface": "paving_stones", "oneway": null }, "geometry": { "type": "LineString", "coordinates": [ [ 8.6883829, 49.4277545 ], [ 8.6884692, 49.4277554 ], [ 8.6885099, 49.4277514 ], [ 8.6886755, 49.4277152 ], [ 8.6888767, 49.4277013 ], [ 8.6890164, 49.4276996 ], [ 8.6890601, 49.4277008 ], [ 8.6891161, 49.4277041 ], [ 8.6894022, 49.4277454 ], [ 8.689675, 49.427787 ], [ 8.6899367, 49.4278186 ], [ 8.690201, 49.4278349 ], [ 8.6904181, 49.4278477 ] ] } },
{ "type": "Feature", "properties": { "osm_id": 24560450, "name": "Leimengrube", "highway": "living_street", "klass": "living_street", "lanes": null, "maxspeed": null, "surface": "asphalt", "oneway": null }, "geometry": { "type": "LineString", "coordinates": [ [ 8.6900188, 49.4266886 ], [ 8.690701, 49.4265954 ], [ 8.6912283, 49.426505 ], [ 8.6914169, 49.4264713 ], [ 8.6916393, 49.426421 ], [ 8.6917514, 49.4263874 ], [ 8.691771, 49.4263793 ], [ 8.6917801, 49.4263692 ], [ 8.6917801, 49.4263636 ], [ 8.6917787, 49.4263539 ], [ 8.691776, 49.4263477 ], [ 8.6917669, 49.4263371 ], [ 8.6917465, 49.4263289 ], [ 8.6917186, 49.4263275 ], [ 8.691682, 49.4263293 ], [ 8.6915873, 49.4263401 ], [ 8.6913252, 49.4263785 ] ] } },
{ "type": "Feature", "properties": { "osm_id": 24560452, "name": "Untere Büttengasse", "highway": "living_street", "klass": "living_street", "lanes": null, "maxspeed": null, "surface": "asphalt", "oneway": null }, "geometry": { "type": "LineString", "coordinates": [ [ 8.6888309, 49.4264719 ], [ 8.6889165, 49.4264888 ], [ 8.6892006, 49.4265312 ], [ 8.6900188, 49.4266886 ] ] } },
{ "type": "Feature", "properties": { "osm_id": 24561757, "name": "Kehrweg", "highway": "living_street", "klass": "living_street", "lanes": 1.0, "maxspeed": null, "surface": "asphalt", "oneway": null }, "geometry": { "type": "LineString", "coordinates": [ [ 8.6904181, 49.4278477 ], [ 8.6903871, 49.4281163 ], [ 8.6903303, 49.4282294 ], [ 8.690124, 49.4283829 ] ] } },
{ "type": "Feature", "properties": { "osm_id": 24561758, "name": "Steckelsgasse", "highway": "living_street", "klass": "living_street", "lanes": null, "maxspeed": null, "surface": "paving_stones", "oneway": null }, "geometry": { "type": "LineString", "coordinates": [ [ 8.6904181, 49.4278477 ], [ 8.6906495, 49.4278634 ], [ 8.6908585, 49.4278816 ], [ 8.6909235, 49.4278911 ], [ 8.69097, 49.4279026 ], [ 8.6910863, 49.4279597 ], [ 8.6911726, 49.4279964 ], [ 8.6912423, 49.4280217 ], [ 8.6913971, 49.4280615 ], [ 8.691651, 49.4281191 ], [ 8.6918157, 49.4281533 ] ] } },
{ "type": "Feature", "properties": { "osm_id": 24561759, "name": "Rummerweg", "highway": "living_street", "klass": "living_street", "lanes": null, "maxspeed": null, "surface": "asphalt", "oneway": null }, "geometry": { "type": "LineString", "coordinates": [ [ 8.6902072, 49.4260575 ], [ 8.6902599, 49.4259316 ], [ 8.6903181, 49.4254724 ], [ 8.6903576, 49.4253839 ], [ 8.6903431, 49.4247115 ] ] } },
{ "type": "Feature", "properties": { "osm_id": 24561762, "name": "Obere Büttengasse", "highway": "living_street", "klass": "living_street", "lanes": null, "maxspeed": null, "surface": "asphalt", "oneway": null }, "geometry": { "type": "LineString", "coordinates": [ [ 8.6894022, 49.4277454 ], [ 8.6895001, 49.4275555 ], [ 8.6897654, 49.4271554 ], [ 8.6899506, 49.4268547 ], [ 8.6900188, 49.4266886 ] ] } },
{ "type": "Feature", "properties": { "osm_id": 24561763, "name": "Handschuhsheimer Landstraße", "highway": "living_street", "klass": "living_street", "lanes": null, "maxspeed": null, "surface": "paving_stones", "oneway": null }, "geometry": { "type": "LineString", "coordinates": [ [ 8.6889115, 49.42602 ], [ 8.6890394, 49.4254483 ], [ 8.6890501, 49.425363 ], [ 8.6890519, 49.4253345 ], [ 8.6890638, 49.4251498 ], [ 8.6890648, 49.4251319 ], [ 8.6890748, 49.4249548 ], [ 8.6890713, 49.4249139 ], [ 8.6890403, 49.4247017 ], [ 8.6890272, 49.4245989 ] ] } },
{ "type": "Feature", "properties": { "osm_id": 24561764, "name": "Handschuhsheimer Landstraße", "highway": "residential", "klass": "residential", "lanes": null, "maxspeed": 30.0, "surface": "asphalt", "oneway": null }, "geometry": { "type": "LineString", "coordinates": [ [ 8.6890272, 49.4245989 ], [ 8.6890621, 49.4243216 ], [ 8.6891761, 49.4239796 ], [ 8.689398, 49.4232963 ], [ 8.6894492, 49.422895 ], [ 8.6894227, 49.4226117 ], [ 8.689347, 49.4221967 ] ] } },
{ "type": "Feature", "properties": { "osm_id": 24573005, "name": "Schweizerweg", "highway": "residential", "klass": "residential", "lanes": null, "maxspeed": 30.0, "surface": "asphalt", "oneway": null }, "geometry": { "type": "LineString", "coordinates": [ [ 8.6939206, 49.4147347 ], [ 8.693997, 49.4148617 ], [ 8.6940643, 49.4149551 ], [ 8.6942148, 49.4151062 ] ] } },
{ "type": "Feature", "properties": { "osm_id": 24573007, "name": "Schröderstraße", "highway": "residential", "klass": "residential", "lanes": null, "maxspeed": 30.0, "surface": "asphalt", "oneway": "yes" }, "geometry": { "type": "LineString", "coordinates": [ [ 8.6920656, 49.41589 ], [ 8.6921087, 49.4158909 ], [ 8.6921934, 49.4158926 ], [ 8.6932278, 49.4159235 ] ] } },
{ "type": "Feature", "properties": { "osm_id": 24573008, "name": "Mönchhofplatz", "highway": "residential", "klass": "residential", "lanes": null, "maxspeed": 30.0, "surface": "asphalt", "oneway": "yes" }, "geometry": { "type": "LineString", "coordinates": [ [ 8.6920238, 49.4165922 ], [ 8.6920579, 49.4165932 ], [ 8.6922134, 49.4165976 ], [ 8.6929454, 49.41662 ], [ 8.6930818, 49.4166264 ] ] } },
{ "type": "Feature", "properties": { "osm_id": 24573010, "name": "Mönchbergsteige", "highway": "residential", "klass": "residential", "lanes": null, "maxspeed": 30.0, "surface": "asphalt", "oneway": null }, "geometry": { "type": "LineString", "coordinates": [ [ 8.6928477, 49.4172955 ], [ 8.6930402, 49.4173291 ], [ 8.6934222, 49.417399 ], [ 8.6935215, 49.4174323 ], [ 8.6935819, 49.4174782 ], [ 8.6937515, 49.4176291 ] ] } },
{ "type": "Feature", "properties": { "osm_id": 24573011, "name": "Kußmaulstraße", "highway": "residential", "klass": "residential", "lanes": null, "maxspeed": 30.0, "surface": "asphalt", "oneway": "yes" }, "geometry": { "type": "LineString", "coordinates": [ [ 8.6909203, 49.4183784 ], [ 8.6909568, 49.4183923 ], [ 8.6922154, 49.4186373 ] ] } },
{ "type": "Feature", "properties": { "osm_id": 24573013, "name": "Gabelsbergerstraße", "highway": "residential", "klass": "residential", "lanes": null, "maxspeed": 30.0, "surface": "asphalt", "oneway": "yes" }, "geometry": { "type": "LineString", "coordinates": [ [ 8.6916661, 49.4198182 ], [ 8.6915401, 49.4197949 ], [ 8.690775, 49.4196638 ], [ 8.6902968, 49.4195824 ], [ 8.6902747, 49.4195771 ] ] } },
{ "type": "Feature", "properties": { "osm_id": 24573014, "name": "Gutenbergstraße", "highway": "residential", "klass": "residential", "lanes": null, "maxspeed": 30.0, "surface": "asphalt", "oneway": "yes" }, "geometry": { "type": "LineString", "coordinates": [ [ 8.6898543, 49.4202165 ], [ 8.6898757, 49.4202222 ], [ 8.6899867, 49.4202479 ], [ 8.690616, 49.4203646 ], [ 8.691297, 49.4204938 ] ] } },
{ "type": "Feature", "properties": { "osm_id": 24573018, "name": "Dossenheimer Landstraße", "highway": "residential", "klass": "residential", "lanes": null, "maxspeed": 30.0, "surface": "paving_stones", "oneway": null }, "geometry": { "type": "LineString", "coordinates": [ [ 8.6854688, 49.4276704 ], [ 8.6855163, 49.4275661 ], [ 8.6856145, 49.4274076 ], [ 8.6857457, 49.4272303 ] ] } },
{ "type": "Feature", "properties": { "osm_id": 24587257, "name": "Heiligenbergstraße", "highway": "residential", "klass": "residential", "lanes": null, "maxspeed": 30.0, "surface": null, "oneway": null }, "geometry": { "type": "LineString", "coordinates": [ [ 8.6928216, 49.4289732 ], [ 8.6927348, 49.4292564 ], [ 8.6927169, 49.4293212 ], [ 8.6927078, 49.4293658 ], [ 8.6927029, 49.4293998 ], [ 8.6927013, 49.4294337 ], [ 8.6927044, 49.4294665 ], [ 8.69271, 49.4294932 ], [ 8.6927193, 49.4295202 ], [ 8.6927366, 49.4295531 ], [ 8.6927596, 49.4295806 ], [ 8.6927732, 49.4295923 ] ] } },
{ "type": "Feature", "properties": { "osm_id": 24587260, "name": "Kapellenweg", "highway": "residential", "klass": "residential", "lanes": null, "maxspeed": 30.0, "surface": "asphalt", "oneway": null }, "geometry": { "type": "LineString", "coordinates": [ [ 8.6910957, 49.4247563 ], [ 8.6911831, 49.4247601 ], [ 8.6913173, 49.4247732 ], [ 8.6914597, 49.424792 ], [ 8.6916962, 49.4248323 ], [ 8.6918161, 49.4248442 ], [ 8.6919242, 49.4248511 ], [ 8.6920761, 49.424856 ], [ 8.6922024, 49.4248535 ], [ 8.6923876, 49.4248369 ], [ 8.6924518, 49.4248337 ], [ 8.6925823, 49.4248317 ], [ 8.6926779, 49.4248299 ] ] } },
{ "type": "Feature", "properties": { "osm_id": 24587261, "name": "Rosenbergweg", "highway": "residential", "klass": "residential", "lanes": null, "maxspeed": 30.0, "surface": "asphalt", "oneway": "yes" }, "geometry": { "type": "LineString", "coordinates": [ [ 8.6909921, 49.4239578 ], [ 8.6900879, 49.4239993 ], [ 8.68983, 49.4240071 ], [ 8.6896, 49.4240066 ], [ 8.6891761, 49.4239796 ] ] } },
{ "type": "Feature", "properties": { "osm_id": 24587262, "name": "Ludolf-Krehl-Straße", "highway": "residential", "klass": "residential", "lanes": null, "maxspeed": 30.0, "surface": "asphalt", "oneway": null }, "geometry": { "type": "LineString", "coordinates": [ [ 8.6928876, 49.4206878 ], [ 8.6929114, 49.4206902 ], [ 8.6929341, 49.4206947 ], [ 8.6929596, 49.4207054 ], [ 8.692975, 49.4207171 ], [ 8.6929883, 49.4207333 ], [ 8.6929976, 49.4207545 ], [ 8.6930014, 49.4207777 ], [ 8.6929973, 49.4209625 ], [ 8.6930003, 49.4210117 ], [ 8.6930058, 49.4210435 ], [ 8.6930161, 49.4210718 ], [ 8.6930327, 49.4211005 ], [ 8.6930509, 49.4211246 ], [ 8.6932174, 49.42133 ], [ 8.6932307, 49.4213516 ], [ 8.6932418, 49.421372 ], [ 8.6932517, 49.4213968 ], [ 8.6932578, 49.4214253 ], [ 8.6932595, 49.4214504 ], [ 8.693257, 49.4214704 ], [ 8.6932514, 49.4214957 ], [ 8.6932413, 49.4215263 ], [ 8.6932292, 49.42155 ], [ 8.6932125, 49.4215715 ], [ 8.6931984, 49.421585 ], [ 8.6931818, 49.4216009 ], [ 8.6931293, 49.4216498 ], [ 8.6928972, 49.4218407 ], [ 8.6928798, 49.4218611 ], [ 8.6928626, 49.4218887 ], [ 8.6928542, 49.421911 ], [ 8.6928519, 49.4219314 ], [ 8.6928533, 49.4219503 ], [ 8.6928611, 49.4219704 ], [ 8.6928761, 49.4219937 ], [ 8.6929022, 49.422018 ], [ 8.6929292, 49.4220339 ], [ 8.6929733, 49.4220533 ], [ 8.6930117, 49.4220624 ], [ 8.6930453, 49.4220672 ], [ 8.6930753, 49.4220679 ], [ 8.6931071, 49.4220667 ], [ 8.6931417, 49.4220612 ], [ 8.6932776, 49.4220262 ], [ 8.6933531, 49.4220109 ], [ 8.6934372, 49.4220004 ], [ 8.6935123, 49.4219943 ], [ 8.6936144, 49.4219903 ], [ 8.6937608, 49.42199 ] ] } },
{ "type": "Feature", "properties": { "osm_id": 24587263, "name": "Hainsbachweg", "highway": "residential", "klass": "residential", "lanes": null, "maxspeed": 30.0, "surface": "asphalt", "oneway": "yes" }, "geometry": { "type": "LineString", "coordinates": [ [ 8.690624, 49.4225755 ], [ 8.6894227, 49.4226117 ] ] } },
{ "type": "Feature", "properties": { "osm_id": 24587264, "name": "Hainsbachweg", "highway": "residential", "klass": "residential", "lanes": null, "maxspeed": 30.0, "surface": "asphalt", "oneway": null }, "geometry": { "type": "LineString", "coordinates": [ [ 8.690624, 49.4225755 ], [ 8.6907173, 49.4225745 ], [ 8.6911283, 49.4225847 ], [ 8.6914816, 49.4225903 ], [ 8.6916882, 49.4225841 ], [ 8.6917731, 49.4225764 ], [ 8.6920571, 49.4225507 ] ] } },
{ "type": "Feature", "properties": { "osm_id": 24587265, "name": "Hainsbachweg", "highway": "residential", "klass": "residential", "lanes": null, "maxspeed": 30.0, "surface": "asphalt", "oneway": null }, "geometry": { "type": "LineString", "coordinates": [ [ 8.6920571, 49.4225507 ], [ 8.6923323, 49.4225195 ], [ 8.6926724, 49.4224982 ], [ 8.6928557, 49.422486 ], [ 8.6932818, 49.4224576 ], [ 8.6935419, 49.4224403 ], [ 8.6940758, 49.4223809 ], [ 8.694421, 49.422357 ] ] } },
{ "type": "Feature", "properties": { "osm_id": 24587267, "name": "Gustav-Kirchhoff-Straße", "highway": "residential", "klass": "residential", "lanes": null, "maxspeed": 30.0, "surface": "asphalt", "oneway": null }, "geometry": { "type": "LineString", "coordinates": [ [ 8.6922633, 49.418532 ], [ 8.6928999, 49.4186607 ], [ 8.6929429, 49.4186747 ], [ 8.6929768, 49.41869 ], [ 8.6930066, 49.4187078 ], [ 8.6930267, 49.4187292 ], [ 8.6930434, 49.4187602 ], [ 8.693058, 49.4188024 ], [ 8.6931405, 49.4190782 ], [ 8.6932007, 49.4195396 ], [ 8.6932262, 49.4200777 ], [ 8.6931255, 49.4202797 ], [ 8.6929423, 49.4204833 ], [ 8.6928876, 49.4206878 ] ] } },
{ "type": "Feature", "properties": { "osm_id": 24587268, "name": "Ludolf-Krehl-Straße", "highway": "residential", "klass": "residential", "lanes": null, "maxspeed": 30.0, "surface": "asphalt", "oneway": null }, "geometry": { "type": "LineString", "coordinates": [ [ 8.6937608, 49.42199 ], [ 8.6939336, 49.4219953 ], [ 8.6940335, 49.4220004 ], [ 8.6942263, 49.4220112 ], [ 8.6945042, 49.4220321 ], [ 8.6945627, 49.4220344 ], [ 8.6946106, 49.4220332 ], [ 8.6946471, 49.4220291 ], [ 8.6947138, 49.4220162 ], [ 8.6947831, 49.4219958 ], [ 8.6948316, 49.421973 ], [ 8.6948822, 49.4219402 ], [ 8.6949196, 49.4219037 ], [ 8.6949459, 49.4218642 ], [ 8.694957, 49.4218209 ], [ 8.6949542, 49.4217753 ], [ 8.6949448, 49.4217339 ], [ 8.69492, 49.4216884 ], [ 8.6946492, 49.421297 ], [ 8.6945836, 49.4211957 ], [ 8.6945694, 49.4211558 ], [ 8.6945652, 49.4211172 ], [ 8.6945678, 49.4210808 ], [ 8.6945766, 49.4210472 ], [ 8.6945919, 49.4210127 ], [ 8.6946116, 49.4209806 ], [ 8.6946372, 49.4209497 ], [ 8.6948685, 49.4207335 ], [ 8.6948916, 49.4207064 ], [ 8.6949134, 49.420673 ], [ 8.6949307, 49.4206348 ], [ 8.6949396, 49.4206073 ], [ 8.6949441, 49.4205793 ], [ 8.6949446, 49.4205487 ], [ 8.694939, 49.4205104 ], [ 8.6949305, 49.4204732 ], [ 8.6949183, 49.4204446 ], [ 8.6948108, 49.4202562 ], [ 8.6947971, 49.4202183 ], [ 8.694788, 49.4201794 ], [ 8.6947834, 49.4201296 ], [ 8.6947768, 49.4200001 ], [ 8.6947586, 49.4195364 ], [ 8.6947615, 49.41948 ], [ 8.6947648, 49.4194464 ], [ 8.6947728, 49.4194101 ], [ 8.6947901, 49.4193665 ], [ 8.6948195, 49.4193122 ], [ 8.6948502, 49.4192681 ], [ 8.6948941, 49.4192164 ], [ 8.6949562, 49.4191613 ], [ 8.6950214, 49.4191161 ], [ 8.6950823, 49.4190805 ], [ 8.6953642, 49.4189236 ], [ 8.6954635, 49.4188648 ], [ 8.6955087, 49.4188366 ], [ 8.6955288, 49.4188222 ], [ 8.6955492, 49.4188037 ], [ 8.6956068, 49.4187372 ] ] } },
{ "type": "Feature", "properties": { "osm_id": 24587272, "name": "Bachstraße", "highway": "residential", "klass": "residential", "lanes": null, "maxspeed": 30.0, "surface": "asphalt", "oneway": null }, "geometry": { "type": "LineString", "coordinates": [ [ 8.6821609, 49.421844 ], [ 8.6831634, 49.4219921 ], [ 8.6837773, 49.4220965 ], [ 8.6838086, 49.4221023 ], [ 8.6853774, 49.4223605 ] ] } },
{ "type": "Feature", "properties": { "osm_id": 24587273, "name": "Max-Reger-Straße", "highway": "residential", "klass": "residential", "lanes": 2.0, "maxspeed": 30.0, "surface": "asphalt", "oneway": null }, "geometry": { "type": "LineString", "coordinates": [ [ 8.6827642, 49.4204463 ], [ 8.6825296, 49.4208756 ], [ 8.6824621, 49.4210202 ], [ 8.682418, 49.4211327 ], [ 8.6823309, 49.4213644 ], [ 8.6823265, 49.4213749 ], [ 8.6822335, 49.4216028 ], [ 8.6821746, 49.421786 ], [ 8.6821609, 49.421844 ], [ 8.6821364, 49.4219145 ], [ 8.6818159, 49.4228362 ], [ 8.6822238, 49.4229086 ], [ 8.6826274, 49.4229599 ], [ 8.6830417, 49.4223091 ], [ 8.6831634, 49.4219921 ] ] } },
{ "type": "Feature", "properties": { "osm_id": 24587274, "name": "Beethovenstraße", "highway": "residential", "klass": "residential", "lanes": 1.0, "maxspeed": 30.0, "surface": "asphalt", "oneway": "yes" }, "geometry": { "type": "LineString", "coordinates": [ [ 8.6877074, 49.4211341 ], [ 8.6872836, 49.4219151 ], [ 8.6871336, 49.4221902 ], [ 8.6868713, 49.4226645 ], [ 8.6864493, 49.4234501 ], [ 8.6860632, 49.4241634 ] ] } },
{ "type": "Feature", "properties": { "osm_id": 24587275, "name": "Pfarrgasse", "highway": "residential", "klass": "residential", "lanes": 2.0, "maxspeed": 30.0, "surface": "asphalt", "oneway": null }, "geometry": { "type": "LineString", "coordinates": [ [ 8.683875, 49.424443 ], [ 8.6841447, 49.424585 ], [ 8.6845101, 49.4249679 ], [ 8.6850755, 49.4255405 ], [ 8.6850873, 49.4255523 ] ] } },
{ "type": "Feature", "properties": { "osm_id": 24587276, "name": "Pfarrgasse", "highway": "residential", "klass": "residential", "lanes": null, "maxspeed": 30.0, "surface": "asphalt", "oneway": null }, "geometry": { "type": "LineString", "coordinates": [ [ 8.6850873, 49.4255523 ], [ 8.6850991, 49.4255622 ], [ 8.6852226, 49.4256182 ], [ 8.6854806, 49.4258901 ], [ 8.6856377, 49.4259468 ], [ 8.6857058, 49.4259606 ], [ 8.6857889, 49.4259409 ], [ 8.6858361, 49.4259085 ], [ 8.6858893, 49.4258992 ], [ 8.6867034, 49.4260494 ], [ 8.6867752, 49.4260626 ] ] } },
{ "type": "Feature", "properties": { "osm_id": 24587279, "name": "Hans-Thoma-Platz", "highway": "residential", "klass": "residential", "lanes": 2.0, "maxspeed": 30.0, "surface": "asphalt", "oneway": "yes" }, "geometry": { "type": "LineString", "coordinates": [ [ 8.6820274, 49.4281211 ], [ 8.6824106, 49.4275407 ], [ 8.682461, 49.4274644 ], [ 8.6825363, 49.4273503 ], [ 8.6825621, 49.4273113 ], [ 8.682598, 49.4272568 ], [ 8.682632, 49.4272053 ] ] } },
{ "type": "Feature", "properties": { "osm_id": 24607853, "name": "Hans-Bunte-Straße", "highway": "residential", "klass": "residential", "lanes": 2.0, "maxspeed": 50.0, "surface": "asphalt", "oneway": null }, "geometry": { "type": "LineString", "coordinates": [ [ 8.6404263, 49.4066072 ], [ 8.6405029, 49.4066063 ], [ 8.6406422, 49.4066084 ], [ 8.6416096, 49.4067292 ], [ 8.6420594, 49.4067853 ], [ 8.6436402, 49.4070003 ], [ 8.6457009, 49.4072529 ], [ 8.6460429, 49.4072952 ], [ 8.6460878, 49.407301 ], [ 8.6474862, 49.4074823 ], [ 8.6484231, 49.4076038 ], [ 8.6504516, 49.4078667 ] ] } },
{ "type": "Feature", "properties": { "osm_id": 24608059, "name": "Wundtstraße", "highway": "residential", "klass": "residential", "lanes": null, "maxspeed": 30.0, "surface": "asphalt", "oneway": null }, "geometry": { "type": "LineString", "coordinates": [ [ 8.6513767, 49.4248273 ], [ 8.6514522, 49.4246494 ], [ 8.6514679, 49.4245881 ], [ 8.6514766, 49.4244939 ], [ 8.6514613, 49.4243202 ], [ 8.6514207, 49.4240836 ], [ 8.6514082, 49.4240433 ], [ 8.6513713, 49.424011 ], [ 8.6513197, 49.4239875 ], [ 8.6512631, 49.4239686 ], [ 8.6509368, 49.4238933 ], [ 8.6508411, 49.423863 ], [ 8.6507374, 49.4238159 ], [ 8.6504822, 49.4236324 ], [ 8.650401, 49.4235845 ], [ 8.6503413, 49.4235585 ], [ 8.6501535, 49.4234981 ], [ 8.6497165, 49.4233863 ], [ 8.6496383, 49.4233663 ] ] } },
{ "type": "Feature", "properties": { "osm_id": 24635973, "name": null, "highway": "secondary", "klass": "secondary", "lanes": 2.0, "maxspeed": 50.0, "surface": "asphalt", "oneway": "yes" }, "geometry": { "type": "LineString", "coordinates": [ [ 8.6954142, 49.4068912 ], [ 8.6957681, 49.4069254 ], [ 8.6994053, 49.407945 ] ] } },
{ "type": "Feature", "properties": { "osm_id": 24635974, "name": "Adenauerplatz", "highway": "primary", "klass": "primary", "lanes": 4.0, "maxspeed": 50.0, "surface": "asphalt", "oneway": "yes" }, "geometry": { "type": "LineString", "coordinates": [ [ 8.6927294, 49.4070509 ], [ 8.6930674, 49.4069979 ] ] } },
{ "type": "Feature", "properties": { "osm_id": 24635975, "name": "Adenauerplatz", "highway": "secondary", "klass": "secondary", "lanes": 2.0, "maxspeed": 50.0, "surface": "asphalt", "oneway": "yes" }, "geometry": { "type": "LineString", "coordinates": [ [ 8.6943017, 49.406887 ], [ 8.6953088, 49.4068867 ], [ 8.6953306, 49.4068867 ], [ 8.6954142, 49.4068912 ] ] } },
{ "type": "Feature", "properties": { "osm_id": 24635976, "name": "Adenauerplatz", "highway": "primary", "klass": "primary", "lanes": 3.0, "maxspeed": 50.0, "surface": "asphalt", "oneway": "yes" }, "geometry": { "type": "LineString", "coordinates": [ [ 8.6942785, 49.4071667 ], [ 8.6942965, 49.4072477 ], [ 8.6943212, 49.4074815 ], [ 8.6943269, 49.407586 ] ] } },
{ "type": "Feature", "properties": { "osm_id": 24635977, "name": "Adenauerplatz", "highway": "primary", "klass": "primary", "lanes": 2.0, "maxspeed": 50.0, "surface": "asphalt", "oneway": "yes" }, "geometry": { "type": "LineString", "coordinates": [ [ 8.6938767, 49.4069056 ], [ 8.6940837, 49.4069715 ], [ 8.6941974, 49.4070259 ], [ 8.6942524, 49.4070941 ], [ 8.6942785, 49.4071667 ] ] } },
{ "type": "Feature", "properties": { "osm_id": 24635978, "name": "Schießtorstraße", "highway": "residential", "klass": "residential", "lanes": 1.0, "maxspeed": 50.0, "surface": "asphalt", "oneway": "yes" }, "geometry": { "type": "LineString", "coordinates": [ [ 8.7018187, 49.4088871 ], [ 8.7017749, 49.4094193 ] ] } },
{ "type": "Feature", "properties": { "osm_id": 24635979, "name": "Friedrich-Ebert-Anlage", "highway": "residential", "klass": "residential", "lanes": 2.0, "maxspeed": null, "surface": "asphalt", "oneway": "yes" }, "geometry": { "type": "LineString", "coordinates": [ [ 8.7025211, 49.4086199 ], [ 8.7025695, 49.408654 ], [ 8.7025999, 49.4086823 ], [ 8.7026193, 49.4087073 ], [ 8.7026346, 49.4087308 ], [ 8.7026453, 49.4087626 ], [ 8.7026471, 49.4088012 ], [ 8.7026429, 49.4088177 ] ] } },
{ "type": "Feature", "properties": { "osm_id": 24635980, "name": null, "highway": "secondary", "klass": "secondary", "lanes": 2.0, "maxspeed": 50.0, "surface": "asphalt", "oneway": "no" }, "geometry": { "type": "LineString", "coordinates": [ [ 8.70725, 49.4091223 ], [ 8.7070808, 49.4090985 ], [ 8.7069976, 49.4090866 ], [ 8.7069899, 49.4090855 ] ] } },
{ "type": "Feature", "properties": { "osm_id": 24635984, "name": "Am Karlstor", "highway": "secondary", "klass": "secondary", "lanes": 1.0, "maxspeed": 50.0, "surface": "asphalt", "oneway": "yes" }, "geometry": { "type": "LineString", "coordinates": [ [ 8.7176912, 49.4135277 ], [ 8.7178676, 49.4136169 ], [ 8.7180019, 49.4137355 ] ] } },
{ "type": "Feature", "properties": { "osm_id": 24635985, "name": "Am Karlstor", "highway": "secondary", "klass": "secondary", "lanes": 3.0, "maxspeed": 50.0, "surface": "asphalt", "oneway": "yes" }, "geometry": { "type": "LineString", "coordinates": [ [ 8.7182093, 49.4139343 ], [ 8.7182579, 49.4139944 ], [ 8.7182862, 49.4140313 ], [ 8.7183075, 49.4140604 ], [ 8.7183244, 49.4140907 ] ] } },
{ "type": "Feature", "properties": { "osm_id": 24635986, "name": "Poststraße", "highway": "residential", "klass": "residential", "lanes": null, "maxspeed": 30.0, "surface": "asphalt", "oneway": "no" }, "geometry": { "type": "LineString", "coordinates": [ [ 8.6860416, 49.407974 ], [ 8.6861445, 49.4077062 ], [ 8.6861765, 49.4076229 ] ] } },
{ "type": "Feature", "properties": { "osm_id": 24639518, "name": "Neckarhamm", "highway": "residential", "klass": "residential", "lanes": null, "maxspeed": 30.0, "surface": "asphalt", "oneway": null }, "geometry": { "type": "LineString", "coordinates": [ [ 8.6507349, 49.4273917 ], [ 8.6508263, 49.427211 ], [ 8.6509206, 49.4269737 ], [ 8.6511645, 49.4264789 ], [ 8.6512445, 49.426218 ], [ 8.6513296, 49.4257776 ], [ 8.6514077, 49.4254125 ], [ 8.6514303, 49.425265 ], [ 8.6514294, 49.4251947 ], [ 8.6514282, 49.4250953 ], [ 8.651374, 49.4248563 ], [ 8.6513767, 49.4248273 ] ] } },
{ "type": "Feature", "properties": { "osm_id": 24644347, "name": "Bleichstraße", "highway": "residential", "klass": "residential", "lanes": 1.0, "maxspeed": 30.0, "surface": "asphalt", "oneway": "yes" }, "geometry": { "type": "LineString", "coordinates": [ [ 8.6894095, 49.4132826 ], [ 8.6893666, 49.4136238 ], [ 8.6891735, 49.4141462 ] ] } },
{ "type": "Feature", "properties": { "osm_id": 24644348, "name": "Werderstraße", "highway": "residential", "klass": "residential", "lanes": 1.0, "maxspeed": 30.0, "surface": "asphalt", "oneway": "yes" }, "geometry": { "type": "LineString", "coordinates": [ [ 8.6880224, 49.4142563 ], [ 8.6881723, 49.4131638 ] ] } },
{ "type": "Feature", "properties": { "osm_id": 24644350, "name": "Schulzengasse", "highway": "living_street", "klass": "living_street", "lanes": null, "maxspeed": null, "surface": "asphalt", "oneway": "yes" }, "geometry": { "type": "LineString", "coordinates": [ [ 8.691036, 49.4145907 ], [ 8.6908555, 49.4149237 ], [ 8.6907583, 49.4150992 ], [ 8.6907433, 49.4151263 ] ] } },
{ "type": "Feature", "properties": { "osm_id": 24644351, "name": "Schulzengasse", "highway": "residential", "klass": "residential", "lanes": null, "maxspeed": 30.0, "surface": "sett", "oneway": "yes" }, "geometry": { "type": "LineString", "coordinates": [ [ 8.6913967, 49.4133478 ], [ 8.6913699, 49.4134343 ], [ 8.6912842, 49.4137583 ], [ 8.6912776, 49.4137733 ], [ 8.6912546, 49.4138252 ] ] } },
{ "type": "Feature", "properties": { "osm_id": 24644352, "name": "Rahmengasse", "highway": "living_street", "klass": "living_street", "lanes": null, "maxspeed": null, "surface": "asphalt", "oneway": "yes" }, "geometry": { "type": "LineString", "coordinates": [ [ 8.6902276, 49.4151208 ], [ 8.690315, 49.4151214 ], [ 8.6907433, 49.4151263 ] ] } },
{ "type": "Feature", "properties": { "osm_id": 24644353, "name": "Schröderstraße", "highway": "residential", "klass": "residential", "lanes": 2.0, "maxspeed": 30.0, "surface": "asphalt", "oneway": null }, "geometry": { "type": "LineString", "coordinates": [ [ 8.6792198, 49.4157151 ], [ 8.6792837, 49.415714 ], [ 8.6803034, 49.4157312 ], [ 8.6803668, 49.4157316 ], [ 8.6804525, 49.4157379 ], [ 8.6812942, 49.4157496 ], [ 8.681423, 49.4157463 ], [ 8.6815272, 49.4157486 ], [ 8.6825717, 49.4157378 ], [ 8.6837083, 49.4157274 ], [ 8.6837959, 49.4157241 ] ] } },
{ "type": "Feature", "properties": { "osm_id": 24644354, "name": "Max-Wolf-Straße", "highway": "residential", "klass": "residential", "lanes": null, "maxspeed": 30.0, "surface": "asphalt", "oneway": "yes" }, "geometry": { "type": "LineString", "coordinates": [ [ 8.6866519, 49.4157291 ], [ 8.6866348, 49.415838 ], [ 8.6864088, 49.417309 ], [ 8.686407, 49.4173652 ] ] } },
{ "type": "Feature", "properties": { "osm_id": 24644356, "name": "Eckenerstraße", "highway": "residential", "klass": "residential", "lanes": 2.0, "maxspeed": 30.0, "surface": "asphalt", "oneway": "no" }, "geometry": { "type": "LineString", "coordinates": [ [ 8.6837773, 49.4220965 ], [ 8.6843715, 49.4213526 ] ] } },
{ "type": "Feature", "properties": { "osm_id": 24644357, "name": "Philipp-Wolfrum-Weg", "highway": "residential", "klass": "residential", "lanes": 2.0, "maxspeed": 30.0, "surface": "asphalt", "oneway": null }, "geometry": { "type": "LineString", "coordinates": [ [ 8.6820764, 49.4253725 ], [ 8.682134, 49.4253416 ], [ 8.6823656, 49.4251419 ], [ 8.6829369, 49.4244379 ], [ 8.6834457, 49.423707 ] ] } },
{ "type": "Feature", "properties": { "osm_id": 24644359, "name": "Sankt-Vitus-Gasse", "highway": "residential", "klass": "residential", "lanes": null, "maxspeed": 30.0, "surface": "asphalt", "oneway": null }, "geometry": { "type": "LineString", "coordinates": [ [ 8.6793168, 49.4254609 ], [ 8.6798046, 49.4256285 ], [ 8.6800405, 49.4257077 ], [ 8.680822, 49.42597 ], [ 8.6812904, 49.426121 ], [ 8.6817154, 49.4262736 ], [ 8.682118, 49.4264003 ] ] } },
{ "type": "Feature", "properties": { "osm_id": 24644360, "name": "Wethgasse", "highway": "residential", "klass": "residential", "lanes": 1.0, "maxspeed": 30.0, "surface": "asphalt", "oneway": "yes" }, "geometry": { "type": "LineString", "coordinates": [ [ 8.682632, 49.4272053 ], [ 8.6816662, 49.4268887 ] ] } },
{ "type": "Feature", "properties": { "osm_id": 24745090, "name": "Lessingstraße", "highway": "primary_link", "klass": "primary", "lanes": null, "maxspeed": null, "surface": "asphalt", "oneway": "yes" }, "geometry": { "type": "LineString", "coordinates": [ [ 8.6832807, 49.3992964 ], [ 8.6834511, 49.3993363 ] ] } },
{ "type": "Feature", "properties": { "osm_id": 24745091, "name": "Dantestraße", "highway": "living_street", "klass": "living_street", "lanes": null, "maxspeed": null, "surface": "asphalt", "oneway": "yes" }, "geometry": { "type": "LineString", "coordinates": [ [ 8.6850638, 49.4001272 ], [ 8.6865362, 49.4001786 ], [ 8.6865636, 49.40018 ] ] } },
{ "type": "Feature", "properties": { "osm_id": 24745092, "name": "Dantestraße", "highway": "living_street", "klass": "living_street", "lanes": null, "maxspeed": null, "surface": "paving_stones", "oneway": "yes" }, "geometry": { "type": "LineString", "coordinates": [ [ 8.6872888, 49.4005113 ], [ 8.6872233, 49.4005109 ], [ 8.6869298, 49.4005111 ] ] } },
{ "type": "Feature", "properties": { "osm_id": 24745094, "name": "Gaisbergstraße", "highway": "tertiary", "klass": "tertiary", "lanes": null, "maxspeed": 30.0, "surface": "asphalt", "oneway": "yes" }, "geometry": { "type": "LineString", "coordinates": [ [ 8.69181, 49.3995983 ], [ 8.6918035, 49.3996437 ], [ 8.6917971, 49.3996842 ], [ 8.6917934, 49.3997207 ], [ 8.6917919, 49.3997629 ], [ 8.6917941, 49.3998121 ], [ 8.6917987, 49.3998503 ], [ 8.6918106, 49.3999027 ], [ 8.6918298, 49.3999709 ], [ 8.6918433, 49.4000152 ], [ 8.6918449, 49.4000354 ], [ 8.6918413, 49.4000503 ] ] } },
{ "type": "Feature", "properties": { "osm_id": 24745095, "name": "Steigerweg", "highway": "tertiary", "klass": "tertiary", "lanes": null, "maxspeed": 30.0, "surface": "asphalt", "oneway": "yes" }, "geometry": { "type": "LineString", "coordinates": [ [ 8.6906658, 49.4002018 ], [ 8.690794, 49.4001772 ], [ 8.6908361, 49.4001663 ], [ 8.6908766, 49.4001519 ], [ 8.6909141, 49.4001326 ], [ 8.6912035, 49.399991 ], [ 8.6914712, 49.3998594 ], [ 8.6914965, 49.3998486 ], [ 8.6915151, 49.3998428 ], [ 8.6915368, 49.3998385 ], [ 8.6915637, 49.3998315 ], [ 8.6915839, 49.3998243 ], [ 8.6916006, 49.3998173 ], [ 8.6916146, 49.3998097 ], [ 8.691651, 49.3997841 ], [ 8.6916825, 49.3997566 ], [ 8.6917055, 49.3997277 ] ] } },
{ "type": "Feature", "properties": { "osm_id": 24745142, "name": "Saupfercheckweg", "highway": "tertiary", "klass": "tertiary", "lanes": 2.0, "maxspeed": 50.0, "surface": "asphalt", "oneway": null }, "geometry": { "type": "LineString", "coordinates": [ [ 8.7033567, 49.3907707 ], [ 8.7034101, 49.3907482 ], [ 8.7034588, 49.3907224 ], [ 8.7035401, 49.3906748 ], [ 8.7039732, 49.3904329 ] ] } },
{ "type": "Feature", "properties": { "osm_id": 24787704, "name": "In den Pfädelsäckern", "highway": "residential", "klass": "residential", "lanes": 2.0, "maxspeed": 30.0, "surface": "asphalt", "oneway": "no" }, "geometry": { "type": "LineString", "coordinates": [ [ 8.6788688, 49.4269594 ], [ 8.6791417, 49.427019 ], [ 8.6793337, 49.4270611 ], [ 8.679484, 49.4270936 ], [ 8.6796929, 49.427135 ], [ 8.679826, 49.4271665 ], [ 8.68008, 49.4272436 ], [ 8.6801502, 49.4272603 ] ] } },
{ "type": "Feature", "properties": { "osm_id": 24794025, "name": "Alte Eppelheimer Straße", "highway": "residential", "klass": "residential", "lanes": 1.0, "maxspeed": 50.0, "surface": "asphalt", "oneway": "no" }, "geometry": { "type": "LineString", "coordinates": [ [ 8.6732714, 49.4060213 ], [ 8.673659, 49.4060307 ], [ 8.673824, 49.4060347 ], [ 8.6740877, 49.406041 ], [ 8.6744865, 49.4060507 ], [ 8.6746781, 49.4060553 ], [ 8.6747758, 49.4060577 ], [ 8.6748445, 49.4060593 ], [ 8.6748677, 49.4060599 ] ] } },
{ "type": "Feature", "properties": { "osm_id": 24794046, "name": "Uferstraße", "highway": "residential", "klass": "residential", "lanes": 2.0, "maxspeed": 30.0, "surface": "asphalt", "oneway": "no" }, "geometry": { "type": "LineString", "coordinates": [ [ 8.6817102, 49.4123262 ], [ 8.6813828, 49.412264 ], [ 8.6810762, 49.412191 ], [ 8.6806911, 49.4120975 ], [ 8.679976, 49.4119253 ] ] } },
{ "type": "Feature", "properties": { "osm_id": 24798194, "name": "Jahnstraße", "highway": "tertiary", "klass": "tertiary", "lanes": 2.0, "maxspeed": 30.0, "surface": "asphalt", "oneway": "no" }, "geometry": { "type": "LineString", "coordinates": [ [ 8.6784884, 49.4127002 ], [ 8.6780502, 49.412679 ] ] } },
{ "type": "Feature", "properties": { "osm_id": 24798195, "name": "Wielandtstraße", "highway": "residential", "klass": "residential", "lanes": 2.0, "maxspeed": 30.0, "surface": "asphalt", "oneway": null }, "geometry": { "type": "LineString", "coordinates": [ [ 8.6808735, 49.4133771 ], [ 8.6809308, 49.4134697 ], [ 8.6810859, 49.4137328 ], [ 8.6812367, 49.4140571 ], [ 8.6814505, 49.4145454 ], [ 8.6814702, 49.4145994 ], [ 8.6814881, 49.4146501 ], [ 8.681424, 49.4157059 ], [ 8.681423, 49.4157463 ], [ 8.6814262, 49.4157948 ], [ 8.6815094, 49.4160875 ], [ 8.6816561, 49.4165902 ], [ 8.6818255, 49.4170807 ], [ 8.681873, 49.4172762 ], [ 8.6818748, 49.4172868 ], [ 8.6818807, 49.4173918 ] ] } },
{ "type": "Feature", "properties": { "osm_id": 24808949, "name": "Ernst-Walz-Brücke", "highway": "primary", "klass": "primary", "lanes": 2.0, "maxspeed": 50.0, "surface": "asphalt", "oneway": "yes" }, "geometry": { "type": "LineString", "coordinates": [ [ 8.6766036, 49.4116677 ], [ 8.6766893, 49.4096589 ] ] } },
{ "type": "Feature", "properties": { "osm_id": 24816049, "name": "Vangerowstraße", "highway": "residential", "klass": "residential", "lanes": null, "maxspeed": 30.0, "surface": "asphalt", "oneway": "yes" }, "geometry": { "type": "LineString", "coordinates": [ [ 8.6789829, 49.4088341 ], [ 8.6793172, 49.4088282 ], [ 8.68005, 49.4088151 ], [ 8.6801525, 49.4088133 ], [ 8.6809772, 49.4087985 ], [ 8.6810966, 49.4087964 ], [ 8.6811266, 49.4087959 ], [ 8.6820552, 49.4087793 ] ] } },
{ "type": "Feature", "properties": { "osm_id": 24816052, "name": "Iqbal-Ufer", "highway": "primary", "klass": "primary", "lanes": 5.0, "maxspeed": 50.0, "surface": "asphalt", "oneway": null }, "geometry": { "type": "LineString", "coordinates": [ [ 8.6747135, 49.4090064 ], [ 8.6748522, 49.4090683 ], [ 8.6748963, 49.4090882 ], [ 8.6750607, 49.4091827 ] ] } },
{ "type": "Feature", "properties": { "osm_id": 24816054, "name": "Vangerowstraße", "highway": "secondary", "klass": "secondary", "lanes": 1.0, "maxspeed": 50.0, "surface": "asphalt", "oneway": "yes" }, "geometry": { "type": "LineString", "coordinates": [ [ 8.6737564, 49.4088256 ], [ 8.6741639, 49.4088032 ], [ 8.6745399, 49.4087825 ], [ 8.6746009, 49.4087812 ], [ 8.6747221, 49.4087787 ] ] } },
{ "type": "Feature", "properties": { "osm_id": 24816056, "name": "Vangerowstraße", "highway": "primary", "klass": "primary", "lanes": 2.0, "maxspeed": 50.0, "surface": "asphalt", "oneway": "yes" }, "geometry": { "type": "LineString", "coordinates": [ [ 8.6765932, 49.4089767 ], [ 8.6765746, 49.4089619 ], [ 8.6765383, 49.4089398 ], [ 8.6764581, 49.4089116 ], [ 8.6764022, 49.4088972 ], [ 8.6763399, 49.408887 ], [ 8.6761992, 49.4088772 ], [ 8.675999, 49.4088795 ] ] } },
{ "type": "Feature", "properties": { "osm_id": 24816058, "name": null, "highway": "primary_link", "klass": "primary", "lanes": 3.0, "maxspeed": 50.0, "surface": "asphalt", "oneway": null }, "geometry": { "type": "LineString", "coordinates": [ [ 8.6782237, 49.4089563 ], [ 8.6781615, 49.4089332 ], [ 8.6780893, 49.408915 ] ] } },
{ "type": "Feature", "properties": { "osm_id": 24816059, "name": "Emil-Maier-Straße", "highway": "secondary", "klass": "secondary", "lanes": 3.0, "maxspeed": 50.0, "surface": "asphalt", "oneway": "yes" }, "geometry": { "type": "LineString", "coordinates": [ [ 8.6725994, 49.4080076 ], [ 8.6725985, 49.4080668 ], [ 8.6725706, 49.4087394 ], [ 8.6725696, 49.4087604 ], [ 8.6725677, 49.4088352 ] ] } },
{ "type": "Feature", "properties": { "osm_id": 24820539, "name": "Bergheimer Straße", "highway": "primary", "klass": "primary", "lanes": 3.0, "maxspeed": 30.0, "surface": "asphalt", "oneway": "yes" }, "geometry": { "type": "LineString", "coordinates": [ [ 8.6677943, 49.4081057 ], [ 8.6687695, 49.4080496 ], [ 8.6688608, 49.4080449 ] ] } },
{ "type": "Feature", "properties": { "osm_id": 24820540, "name": null, "highway": "primary", "klass": "primary", "lanes": 2.0, "maxspeed": 50.0, "surface": "asphalt", "oneway": "yes" }, "geometry": { "type": "LineString", "coordinates": [ [ 8.6688608, 49.4080449 ], [ 8.6689385, 49.4080448 ], [ 8.6690131, 49.4080585 ], [ 8.6690834, 49.4080798 ], [ 8.6691477, 49.408108 ], [ 8.6692044, 49.4081424 ] ] } },
{ "type": "Feature", "properties": { "osm_id": 24825808, "name": "Hans-Thoma-Platz", "highway": "primary", "klass": "primary", "lanes": 2.0, "maxspeed": 50.0, "surface": "asphalt", "oneway": "yes" }, "geometry": { "type": "LineString", "coordinates": [ [ 8.6832597, 49.4283732 ], [ 8.6832507, 49.4283453 ], [ 8.6832311, 49.4282578 ], [ 8.6832171, 49.4282203 ], [ 8.6832114, 49.4281845 ], [ 8.6831985, 49.4281195 ] ] } },
{ "type": "Feature", "properties": { "osm_id": 24825809, "name": "Rottmannstraße", "highway": "secondary", "klass": "secondary", "lanes": 1.0, "maxspeed": 50.0, "surface": "asphalt", "oneway": "yes" }, "geometry": { "type": "LineString", "coordinates": [ [ 8.6829927, 49.4266609 ], [ 8.6831137, 49.4265036 ], [ 8.6831561, 49.4264469 ], [ 8.6832002, 49.4263863 ] ] } },
{ "type": "Feature", "properties": { "osm_id": 24825810, "name": "Dossenheimer Landstraße", "highway": "residential", "klass": "residential", "lanes": 4.0, "maxspeed": null, "surface": "asphalt", "oneway": null }, "geometry": { "type": "LineString", "coordinates": [ [ 8.6833525, 49.4281055 ], [ 8.6834136, 49.4280993 ], [ 8.6834822, 49.428093 ] ] } },
{ "type": "Feature", "properties": { "osm_id": 24828111, "name": "Seitzstraße", "highway": "residential", "klass": "residential", "lanes": null, "maxspeed": 30.0, "surface": "asphalt", "oneway": null }, "geometry": { "type": "LineString", "coordinates": [ [ 8.6815154, 49.4182828 ], [ 8.6814372, 49.4182751 ], [ 8.6797873, 49.4180058 ], [ 8.6797322, 49.4179961 ] ] } },
{ "type": "Feature", "properties": { "osm_id": 24828115, "name": "Rottmannstraße", "highway": "secondary", "klass": "secondary", "lanes": 2.0, "maxspeed": 50.0, "surface": "asphalt", "oneway": null }, "geometry": { "type": "LineString", "coordinates": [ [ 8.6878477, 49.4243354 ], [ 8.6877288, 49.4244271 ] ] } },
{ "type": "Feature", "properties": { "osm_id": 24828117, "name": "Brückenstraße", "highway": "secondary", "klass": "secondary", "lanes": 2.0, "maxspeed": 50.0, "surface": "asphalt", "oneway": "yes" }, "geometry": { "type": "LineString", "coordinates": [ [ 8.6922215, 49.4137681 ], [ 8.6922145, 49.4137302 ], [ 8.6921875, 49.4135867 ] ] } },
{ "type": "Feature", "properties": { "osm_id": 24828119, "name": "Im Neuenheimer Feld", "highway": "residential", "klass": "residential", "lanes": null, "maxspeed": 30.0, "surface": "asphalt", "oneway": null }, "geometry": { "type": "LineString", "coordinates": [ [ 8.6645126, 49.4190627 ], [ 8.6645096, 49.4191636 ], [ 8.6645097, 49.4192303 ], [ 8.6645078, 49.4193366 ], [ 8.6645085, 49.4194134 ] ] } },
{ "type": "Feature", "properties": { "osm_id": 24834161, "name": "Karl-Metz-Straße", "highway": "residential", "klass": "residential", "lanes": 1.0, "maxspeed": 50.0, "surface": "paving_stones", "oneway": null }, "geometry": { "type": "LineString", "coordinates": [ [ 8.6748677, 49.4060599 ], [ 8.6748606, 49.4062241 ], [ 8.6748106, 49.4073589 ], [ 8.6748136, 49.4074874 ], [ 8.6748138, 49.4075187 ], [ 8.6748187, 49.4075703 ] ] } },
{ "type": "Feature", "properties": { "osm_id": 24834162, "name": "Karl-Metz-Straße", "highway": "residential", "klass": "residential", "lanes": 2.0, "maxspeed": null, "surface": "paving_stones", "oneway": "no" }, "geometry": { "type": "LineString", "coordinates": [ [ 8.6746331, 49.4078224 ], [ 8.674693, 49.4077858 ], [ 8.6747254, 49.4077548 ], [ 8.6747529, 49.4077204 ], [ 8.6747758, 49.4076799 ], [ 8.6747921, 49.4076437 ], [ 8.6748119, 49.407589 ], [ 8.6748187, 49.4075703 ] ] } },
{ "type": "Feature", "properties": { "osm_id": 24834165, "name": "Karl-Metz-Straße", "highway": "residential", "klass": "residential", "lanes": 2.0, "maxspeed": null, "surface": "paving_stones", "oneway": "no" }, "geometry": { "type": "LineString", "coordinates": [ [ 8.6748187, 49.4075703 ], [ 8.6748237, 49.4075775 ], [ 8.6748698, 49.4076445 ], [ 8.6749134, 49.4076958 ], [ 8.6749575, 49.4077354 ], [ 8.6749974, 49.4077638 ], [ 8.6750487, 49.4077936 ], [ 8.6750974, 49.4078158 ] ] } },
{ "type": "Feature", "properties": { "osm_id": 24834169, "name": "Vangerowstraße", "highway": "primary_link", "klass": "primary", "lanes": 1.0, "maxspeed": 50.0, "surface": "asphalt", "oneway": "yes" }, "geometry": { "type": "LineString", "coordinates": [ [ 8.6754505, 49.4088435 ], [ 8.6752043, 49.4088959 ], [ 8.6751405, 49.4089217 ], [ 8.6751013, 49.4089442 ], [ 8.6750729, 49.4089695 ], [ 8.6750547, 49.4090156 ], [ 8.6750472, 49.4090603 ], [ 8.6750486, 49.4091215 ], [ 8.6750607, 49.4091827 ] ] } },
{ "type": "Feature", "properties": { "osm_id": 24834171, "name": "Karl-Metz-Straße", "highway": "residential", "klass": "residential", "lanes": 1.0, "maxspeed": 50.0, "surface": "asphalt", "oneway": "yes" }, "geometry": { "type": "LineString", "coordinates": [ [ 8.6747221, 49.4087787 ], [ 8.6747237, 49.4087338 ], [ 8.6747268, 49.4086497 ], [ 8.6747474, 49.4080888 ], [ 8.6747439, 49.4080379 ], [ 8.6747318, 49.4079994 ], [ 8.6747096, 49.4079577 ] ] } },
{ "type": "Feature", "properties": { "osm_id": 24834193, "name": "Kurfürsten-Anlage", "highway": "secondary", "klass": "secondary", "lanes": 1.0, "maxspeed": 50.0, "surface": "asphalt", "oneway": "yes" }, "geometry": { "type": "LineString", "coordinates": [ [ 8.6726735, 49.4057376 ], [ 8.6726799, 49.4056834 ] ] } },
{ "type": "Feature", "properties": { "osm_id": 24834194, "name": "Kurfürsten-Anlage", "highway": "tertiary_link", "klass": "tertiary", "lanes": 1.0, "maxspeed": 50.0, "surface": "asphalt", "oneway": "yes" }, "geometry": { "type": "LineString", "coordinates": [ [ 8.6726799, 49.4056834 ], [ 8.6726202, 49.4056408 ], [ 8.6725917, 49.405624 ], [ 8.6725673, 49.4056083 ], [ 8.6725156, 49.4055813 ], [ 8.6724696, 49.4055673 ] ] } },
{ "type": "Feature", "properties": { "osm_id": 24837411, "name": "Liselottestraße", "highway": "residential", "klass": "residential", "lanes": null, "maxspeed": 30.0, "surface": "asphalt", "oneway": "yes" }, "geometry": { "type": "LineString", "coordinates": [ [ 8.6491411, 49.418022 ], [ 8.6491864, 49.4180207 ], [ 8.6495461, 49.4180684 ], [ 8.6503793, 49.4182071 ], [ 8.6505224, 49.4182296 ], [ 8.6521281, 49.4184819 ], [ 8.6522162, 49.4184871 ], [ 8.6523426, 49.4184806 ], [ 8.6524233, 49.418496 ] ] } },
{ "type": "Feature", "properties": { "osm_id": 24837413, "name": "Bergstraße", "highway": "residential", "klass": "residential", "lanes": null, "maxspeed": 30.0, "surface": "asphalt", "oneway": null }, "geometry": { "type": "LineString", "coordinates": [ [ 8.6930818, 49.4166264 ], [ 8.6930042, 49.4168865 ], [ 8.6928982, 49.4171587 ], [ 8.69286, 49.4172567 ], [ 8.6928477, 49.4172955 ], [ 8.6927462, 49.4174967 ], [ 8.6924349, 49.418173 ], [ 8.6922633, 49.418532 ], [ 8.6922154, 49.4186373 ], [ 8.6919279, 49.4192716 ], [ 8.6917676, 49.4196087 ], [ 8.6916661, 49.4198182 ], [ 8.6915065, 49.4201158 ], [ 8.691297, 49.4204938 ], [ 8.690791, 49.4214468 ], [ 8.690624, 49.4225755 ], [ 8.6905688, 49.4228923 ], [ 8.6905635, 49.4229886 ], [ 8.6905803, 49.4230535 ], [ 8.6906152, 49.4231271 ], [ 8.6906868, 49.4232465 ], [ 8.6907533, 49.423353 ], [ 8.6908537, 49.4235332 ], [ 8.6909279, 49.4237083 ], [ 8.6909637, 49.4238241 ], [ 8.6909921, 49.4239578 ], [ 8.6910527, 49.4243029 ], [ 8.6910957, 49.4247563 ], [ 8.6911843, 49.4254063 ], [ 8.6911137, 49.4258237 ], [ 8.6911123, 49.4258618 ], [ 8.691118, 49.4259006 ], [ 8.6911728, 49.4260458 ], [ 8.6913252, 49.4263785 ], [ 8.6913444, 49.4264409 ] ] } },
{ "type": "Feature", "properties": { "osm_id": 24837414, "name": "Bergstraße", "highway": "residential", "klass": "residential", "lanes": 2.0, "maxspeed": 30.0, "surface": "asphalt", "oneway": null }, "geometry": { "type": "LineString", "coordinates": [ [ 8.6913629, 49.4265164 ], [ 8.6913844, 49.4267554 ], [ 8.6913629, 49.4269497 ], [ 8.6911457, 49.4273249 ], [ 8.6910871, 49.4274992 ], [ 8.6910392, 49.4277636 ], [ 8.6910269, 49.4278312 ] ] } },
{ "type": "Feature", "properties": { "osm_id": 24839110, "name": "Brückenstraße", "highway": "secondary", "klass": "secondary", "lanes": 2.0, "maxspeed": 50.0, "surface": "asphalt", "oneway": "yes" }, "geometry": { "type": "LineString", "coordinates": [ [ 8.6921875, 49.4135867 ], [ 8.6921876, 49.4134871 ] ] } },
{ "type": "Feature", "properties": { "osm_id": 24839406, "name": "Handschuhsheimer Landstraße", "highway": "secondary", "klass": "secondary", "lanes": 1.0, "maxspeed": 50.0, "surface": "asphalt", "oneway": "yes" }, "geometry": { "type": "LineString", "coordinates": [ [ 8.6909358, 49.4181878 ], [ 8.6909391, 49.4182081 ], [ 8.6909457, 49.4182496 ], [ 8.6909386, 49.4182958 ], [ 8.6909203, 49.4183784 ], [ 8.6909117, 49.418411 ] ] } },
{ "type": "Feature", "properties": { "osm_id": 24839407, "name": "Handschuhsheimer Landstraße", "highway": "secondary", "klass": "secondary", "lanes": 2.0, "maxspeed": 50.0, "surface": "asphalt", "oneway": null }, "geometry": { "type": "LineString", "coordinates": [ [ 8.6903909, 49.4193678 ], [ 8.6902747, 49.4195771 ], [ 8.6901227, 49.419833 ], [ 8.6898543, 49.4202165 ], [ 8.6896525, 49.4205139 ], [ 8.6895166, 49.4207954 ], [ 8.6892517, 49.4213132 ] ] } },
{ "type": "Feature", "properties": { "osm_id": 24839408, "name": "Handschuhsheimer Landstraße", "highway": "secondary", "klass": "secondary", "lanes": 1.0, "maxspeed": 50.0, "surface": "asphalt", "oneway": "yes" }, "geometry": { "type": "LineString", "coordinates": [ [ 8.6904406, 49.4190052 ], [ 8.6906944, 49.4184204 ], [ 8.6907524, 49.4183313 ], [ 8.6908073, 49.4182602 ], [ 8.6908616, 49.4182174 ], [ 8.6908948, 49.4182041 ], [ 8.6909358, 49.4181878 ] ] } },
{ "type": "Feature", "properties": { "osm_id": 24839410, "name": "Steubenstraße", "highway": "secondary", "klass": "secondary", "lanes": 2.0, "maxspeed": 50.0, "surface": "asphalt", "oneway": null }, "geometry": { "type": "LineString", "coordinates": [ [ 8.6892109, 49.4214011 ], [ 8.6891933, 49.4214391 ], [ 8.689179, 49.421469 ], [ 8.6889387, 49.4220169 ], [ 8.6888562, 49.4222009 ] ] } },
{ "type": "Feature", "properties": { "osm_id": 24841417, "name": "Promenadenweg", "highway": "unclassified", "klass": "unclassified", "lanes": null, "maxspeed": null, "surface": "asphalt", "oneway": null }, "geometry": { "type": "LineString", "coordinates": [ [ 8.7026714, 49.39187 ], [ 8.702619, 49.3918773 ], [ 8.7025763, 49.3918794 ], [ 8.7025383, 49.3918796 ], [ 8.7025022, 49.3918765 ], [ 8.70247, 49.3918714 ], [ 8.7024309, 49.3918623 ], [ 8.7024017, 49.3918537 ], [ 8.7023734, 49.3918411 ], [ 8.7023512, 49.3918277 ], [ 8.7023388, 49.3918176 ], [ 8.7023344, 49.3918139 ], [ 8.702323, 49.3917978 ], [ 8.7023162, 49.3917818 ], [ 8.7023132, 49.3917667 ], [ 8.702308, 49.3917401 ], [ 8.7022953, 49.3916694 ], [ 8.7022886, 49.3916318 ], [ 8.7022849, 49.3916097 ], [ 8.7022797, 49.3915836 ], [ 8.7022699, 49.39156 ], [ 8.7022501, 49.3915189 ], [ 8.7022243, 49.3914747 ], [ 8.70219, 49.3914275 ], [ 8.7021427, 49.3913707 ], [ 8.7020924, 49.3913138 ], [ 8.7020871, 49.3913079 ], [ 8.702075, 49.3912963 ], [ 8.7018864, 49.3911068 ], [ 8.7017381, 49.3909552 ] ] } },
{ "type": "Feature", "properties": { "osm_id": 24841419, "name": "Steigerweg", "highway": "tertiary", "klass": "tertiary", "lanes": 2.0, "maxspeed": 30.0, "surface": "asphalt", "oneway": null }, "geometry": { "type": "LineString", "coordinates": [ [ 8.69181, 49.3995983 ], [ 8.6918325, 49.399583 ] ] } },
{ "type": "Feature", "properties": { "osm_id": 24841421, "name": "Goldschmidtstraße", "highway": "living_street", "klass": "living_street", "lanes": null, "maxspeed": null, "surface": "paving_stones", "oneway": "yes" }, "geometry": { "type": "LineString", "coordinates": [ [ 8.691, 49.4009252 ], [ 8.6904061, 49.4010338 ], [ 8.6897999, 49.4011446 ], [ 8.6893425, 49.4012282 ] ] } },
{ "type": "Feature", "properties": { "osm_id": 24841426, "name": "Hildastraße", "highway": "living_street", "klass": "living_street", "lanes": null, "maxspeed": null, "surface": "asphalt", "oneway": "yes" }, "geometry": { "type": "LineString", "coordinates": [ [ 8.6827111, 49.4032978 ], [ 8.6826628, 49.4039371 ], [ 8.6826601, 49.4039605 ], [ 8.6826522, 49.4040188 ] ] } },
{ "type": "Feature", "properties": { "osm_id": 24841428, "name": "Dantestraße", "highway": "living_street", "klass": "living_street", "lanes": null, "maxspeed": null, "surface": "paving_stones", "oneway": null }, "geometry": { "type": "LineString", "coordinates": [ [ 8.6864983, 49.4005093 ], [ 8.6864834, 49.4005088 ], [ 8.6862269, 49.4004999 ] ] } },
{ "type": "Feature", "properties": { "osm_id": 24841429, "name": "Dantestraße", "highway": "living_street", "klass": "living_street", "lanes": null, "maxspeed": null, "surface": "asphalt", "oneway": null }, "geometry": { "type": "LineString", "coordinates": [ [ 8.6850667, 49.4004042 ], [ 8.6841922, 49.4003656 ], [ 8.6834928, 49.400339 ], [ 8.6829604, 49.4003313 ], [ 8.6827599, 49.4003564 ] ] } },
{ "type": "Feature", "properties": { "osm_id": 24841431, "name": "Bernhard-Fries-Weg", "highway": "residential", "klass": "residential", "lanes": null, "maxspeed": null, "surface": "asphalt", "oneway": null }, "geometry": { "type": "LineString", "coordinates": [ [ 8.6845511, 49.3961338 ], [ 8.6843169, 49.3967257 ], [ 8.6841805, 49.3972642 ], [ 8.6841562, 49.3973234 ] ] } },
{ "type": "Feature", "properties": { "osm_id": 24841432, "name": "Bernhard-Fries-Weg", "highway": "residential", "klass": "residential", "lanes": null, "maxspeed": null, "surface": "asphalt", "oneway": null }, "geometry": { "type": "LineString", "coordinates": [ [ 8.6845511, 49.3961338 ], [ 8.6846041, 49.3959498 ], [ 8.6846289, 49.3958385 ], [ 8.6846613, 49.3956445 ], [ 8.6846939, 49.395387 ] ] } },
{ "type": "Feature", "properties": { "osm_id": 24841548, "name": "Kurfürsten-Anlage", "highway": "primary", "klass": "primary", "lanes": 2.0, "maxspeed": 30.0, "surface": "asphalt", "oneway": "yes" }, "geometry": { "type": "LineString", "coordinates": [ [ 8.6851009, 49.4054894 ], [ 8.6851726, 49.4055604 ], [ 8.6852208, 49.4056038 ], [ 8.6852366, 49.4056169 ], [ 8.685293, 49.4056699 ] ] } },
{ "type": "Feature", "properties": { "osm_id": 24841550, "name": "Bahnhofstraße", "highway": "residential", "klass": "residential", "lanes": 2.0, "maxspeed": 50.0, "surface": "asphalt", "oneway": "yes" }, "geometry": { "type": "LineString", "coordinates": [ [ 8.6846937, 49.4051906 ], [ 8.6847912, 49.4051822 ], [ 8.6848431, 49.4051751 ], [ 8.6850174, 49.4051359 ], [ 8.6851333, 49.405104 ], [ 8.6851421, 49.4051015 ] ] } },
{ "type": "Feature", "properties": { "osm_id": 24854403, "name": "Hermann-Treiber-Straße", "highway": "residential", "klass": "residential", "lanes": null, "maxspeed": 30.0, "surface": "asphalt", "oneway": null }, "geometry": { "type": "LineString", "coordinates": [ [ 8.6497532, 49.4197109 ], [ 8.6497734, 49.4197145 ], [ 8.6507653, 49.4198829 ], [ 8.6512242, 49.4199627 ], [ 8.6517084, 49.4200469 ] ] } },
{ "type": "Feature", "properties": { "osm_id": 24854404, "name": "Oberfeldstraße", "highway": "residential", "klass": "residential", "lanes": null, "maxspeed": 30.0, "surface": "asphalt", "oneway": null }, "geometry": { "type": "LineString", "coordinates": [ [ 8.6488906, 49.4187178 ], [ 8.6497128, 49.4188649 ], [ 8.6500682, 49.4189233 ] ] } },
{ "type": "Feature", "properties": { "osm_id": 24862815, "name": "Zwingerstraße", "highway": "residential", "klass": "residential", "lanes": null, "maxspeed": 30.0, "surface": "asphalt", "oneway": null }, "geometry": { "type": "LineString", "coordinates": [ [ 8.7117917, 49.4113649 ], [ 8.7116622, 49.4112989 ], [ 8.7115601, 49.4112358 ], [ 8.7114704, 49.4111864 ], [ 8.7114609, 49.4111787 ] ] } },
{ "type": "Feature", "properties": { "osm_id": 24862816, "name": "Oberer Fauler Pelz", "highway": "residential", "klass": "residential", "lanes": null, "maxspeed": 30.0, "surface": "asphalt", "oneway": "yes" }, "geometry": { "type": "LineString", "coordinates": [ [ 8.7078031, 49.4089531 ], [ 8.7079911, 49.4091093 ], [ 8.7080747, 49.4091701 ], [ 8.7081404, 49.4092076 ], [ 8.7081984, 49.4092346 ], [ 8.7083378, 49.4092878 ], [ 8.7084421, 49.409327 ] ] } },
{ "type": "Feature", "properties": { "osm_id": 24868027, "name": "Im Neuenheimer Feld", "highway": "residential", "klass": "residential", "lanes": 1.0, "maxspeed": 50.0, "surface": "asphalt", "oneway": "yes" }, "geometry": { "type": "LineString", "coordinates": [ [ 8.6761349, 49.4199309 ], [ 8.6760776, 49.4198568 ], [ 8.6759767, 49.4197702 ] ] } },
{ "type": "Feature", "properties": { "osm_id": 24868389, "name": "Vangerowstraße", "highway": "primary", "klass": "primary", "lanes": 2.0, "maxspeed": 50.0, "surface": "asphalt", "oneway": "yes" }, "geometry": { "type": "LineString", "coordinates": [ [ 8.6777888, 49.4088941 ], [ 8.677333, 49.4089265 ], [ 8.6771885, 49.4089473 ], [ 8.6771041, 49.4089749 ], [ 8.6770265, 49.4090066 ], [ 8.6769969, 49.4090261 ] ] } },
{ "type": "Feature", "properties": { "osm_id": 24868390, "name": null, "highway": "primary_link", "klass": "primary", "lanes": 3.0, "maxspeed": 50.0, "surface": "asphalt", "oneway": "no" }, "geometry": { "type": "LineString", "coordinates": [ [ 8.6784649, 49.4092956 ], [ 8.6784522, 49.4092184 ], [ 8.6784408, 49.409177 ], [ 8.6784219, 49.4091262 ], [ 8.678389, 49.4090757 ], [ 8.6783606, 49.4090448 ], [ 8.6783237, 49.4090136 ], [ 8.678271, 49.4089796 ], [ 8.6782237, 49.4089563 ] ] } },
{ "type": "Feature", "properties": { "osm_id": 24868393, "name": "Vangerowstraße", "highway": "primary", "klass": "primary", "lanes": 1.0, "maxspeed": 50.0, "surface": "asphalt", "oneway": "yes" }, "geometry": { "type": "LineString", "coordinates": [ [ 8.6768523, 49.4088727 ], [ 8.6769088, 49.4088751 ], [ 8.67704, 49.4088804 ], [ 8.6777888, 49.4088941 ] ] } },
{ "type": "Feature", "properties": { "osm_id": 24868394, "name": "Vangerowstraße", "highway": "residential", "klass": "residential", "lanes": 1.0, "maxspeed": 50.0, "surface": "asphalt", "oneway": "yes" }, "geometry": { "type": "LineString", "coordinates": [ [ 8.6780893, 49.408915 ], [ 8.6781593, 49.4088827 ], [ 8.6782692, 49.4088595 ], [ 8.6783722, 49.4088498 ], [ 8.6786424, 49.4088446 ], [ 8.6789829, 49.4088341 ] ] } },
{ "type": "Feature", "properties": { "osm_id": 24887187, "name": "Johanniterstraße", "highway": "residential", "klass": "residential", "lanes": 2.0, "maxspeed": 30.0, "surface": "asphalt", "oneway": null }, "geometry": { "type": "LineString", "coordinates": [ [ 8.6510379, 49.4213791 ], [ 8.6493362, 49.4211096 ] ] } },
{ "type": "Feature", "properties": { "osm_id": 24887188, "name": "Wildstraße", "highway": "residential", "klass": "residential", "lanes": 1.0, "maxspeed": 30.0, "surface": "asphalt", "oneway": "yes" }, "geometry": { "type": "LineString", "coordinates": [ [ 8.650761, 49.4218951 ], [ 8.6491786, 49.4216612 ] ] } },
{ "type": "Feature", "properties": { "osm_id": 24887995, "name": null, "highway": "tertiary_link", "klass": "tertiary", "lanes": 1.0, "maxspeed": 50.0, "surface": "asphalt", "oneway": "yes" }, "geometry": { "type": "LineString", "coordinates": [ [ 8.6691286, 49.4092286 ], [ 8.6692033, 49.4092137 ], [ 8.6692734, 49.4091914 ], [ 8.6693374, 49.4091623 ], [ 8.6693936, 49.409127 ], [ 8.6694407, 49.4090864 ], [ 8.6694779, 49.4090409 ], [ 8.6695036, 49.4089922 ], [ 8.6695171, 49.4089414 ], [ 8.6695181, 49.4088899 ], [ 8.6695066, 49.4088389 ] ] } },
{ "type": "Feature", "properties": { "osm_id": 24901269, "name": "Lessingstraße", "highway": "primary_link", "klass": "primary", "lanes": 1.0, "maxspeed": 50.0, "surface": "asphalt", "oneway": "yes" }, "geometry": { "type": "LineString", "coordinates": [ [ 8.682346, 49.400119 ], [ 8.6822776, 49.4002039 ], [ 8.6822076, 49.4002915 ], [ 8.6820592, 49.4004433 ], [ 8.681998, 49.4005068 ], [ 8.6814165, 49.4010215 ], [ 8.6810793, 49.40132 ] ] } },
{ "type": "Feature", "properties": { "osm_id": 24902949, "name": "Czernyring", "highway": "secondary", "klass": "secondary", "lanes": 2.0, "maxspeed": 30.0, "surface": "asphalt", "oneway": "yes" }, "geometry": { "type": "LineString", "coordinates": [ [ 8.6725894, 49.407844 ], [ 8.6725706, 49.4078578 ], [ 8.6725577, 49.4078686 ], [ 8.6725392, 49.4078841 ], [ 8.6725295, 49.4078931 ], [ 8.672461, 49.40795 ] ] } },
{ "type": "Feature", "properties": { "osm_id": 24902950, "name": "Czernyring", "highway": "secondary", "klass": "secondary", "lanes": 3.0, "maxspeed": 30.0, "surface": "asphalt", "oneway": "yes" }, "geometry": { "type": "LineString", "coordinates": [ [ 8.671912, 49.4072609 ], [ 8.6722524, 49.4075394 ], [ 8.6723894, 49.4076602 ] ] } },
{ "type": "Feature", "properties": { "osm_id": 24909351, "name": "Kaiserstraße", "highway": "living_street", "klass": "living_street", "lanes": null, "maxspeed": null, "surface": "asphalt", "oneway": "yes" }, "geometry": { "type": "LineString", "coordinates": [ [ 8.6919034, 49.4031248 ], [ 8.690058, 49.4033373 ] ] } },
{ "type": "Feature", "properties": { "osm_id": 24916354, "name": "Fröbelstraße", "highway": "living_street", "klass": "living_street", "lanes": null, "maxspeed": null, "surface": "sett", "oneway": "yes" }, "geometry": { "type": "LineString", "coordinates": [ [ 8.6490691, 49.422194 ], [ 8.6504596, 49.4224034 ] ] } },
{ "type": "Feature", "properties": { "osm_id": 24923232, "name": "Wethgasse", "highway": "residential", "klass": "residential", "lanes": 2.0, "maxspeed": 30.0, "surface": "asphalt", "oneway": null }, "geometry": { "type": "LineString", "coordinates": [ [ 8.6813641, 49.4267981 ], [ 8.6809039, 49.426686 ], [ 8.6803957, 49.4265606 ], [ 8.6793306, 49.4262593 ], [ 8.6788722, 49.4261256 ] ] } },
{ "type": "Feature", "properties": { "osm_id": 24928319, "name": "Kirchheimer Weg", "highway": "tertiary", "klass": "tertiary", "lanes": 1.0, "maxspeed": 30.0, "surface": "asphalt", "oneway": "yes" }, "geometry": { "type": "LineString", "coordinates": [ [ 8.6771888, 49.3950905 ], [ 8.6771689, 49.3950489 ], [ 8.6770968, 49.3949033 ] ] } },
{ "type": "Feature", "properties": { "osm_id": 24928320, "name": "Kirchheimer Weg", "highway": "tertiary", "klass": "tertiary", "lanes": 1.0, "maxspeed": 30.0, "surface": "asphalt", "oneway": "yes" }, "geometry": { "type": "LineString", "coordinates": [ [ 8.6775444, 49.3957408 ], [ 8.6774751, 49.3956172 ], [ 8.677405, 49.3955067 ] ] } },
{ "type": "Feature", "properties": { "osm_id": 24931358, "name": "Sankt-Michaels-Gasse", "highway": "residential", "klass": "residential", "lanes": null, "maxspeed": 30.0, "surface": "asphalt", "oneway": null }, "geometry": { "type": "LineString", "coordinates": [ [ 8.6817154, 49.4262736 ], [ 8.6813641, 49.4267981 ] ] } },
{ "type": "Feature", "properties": { "osm_id": 24931359, "name": "Lorscher Hof", "highway": "residential", "klass": "residential", "lanes": null, "maxspeed": 30.0, "surface": "asphalt", "oneway": null }, "geometry": { "type": "LineString", "coordinates": [ [ 8.680822, 49.42597 ], [ 8.6806148, 49.4262479 ], [ 8.6803957, 49.4265606 ], [ 8.680206, 49.4268481 ] ] } },
{ "type": "Feature", "properties": { "osm_id": 24931377, "name": "Sankt-Stephans-Weg", "highway": "residential", "klass": "residential", "lanes": 2.0, "maxspeed": 30.0, "surface": "asphalt", "oneway": null }, "geometry": { "type": "LineString", "coordinates": [ [ 8.6805768, 49.4253987 ], [ 8.6809523, 49.424906 ], [ 8.6810397, 49.4247837 ], [ 8.6810802, 49.4247549 ] ] } },
{ "type": "Feature", "properties": { "osm_id": 24931380, "name": "Gugenmusweg", "highway": "residential", "klass": "residential", "lanes": 1.0, "maxspeed": 30.0, "surface": "asphalt", "oneway": "yes" }, "geometry": { "type": "LineString", "coordinates": [ [ 8.6821047, 49.4255455 ], [ 8.6820516, 49.4255685 ], [ 8.6816636, 49.4257639 ], [ 8.6805768, 49.4253987 ] ] } },
{ "type": "Feature", "properties": { "osm_id": 24931381, "name": "Gugenmusweg", "highway": "residential", "klass": "residential", "lanes": 2.0, "maxspeed": 30.0, "surface": "asphalt", "oneway": null }, "geometry": { "type": "LineString", "coordinates": [ [ 8.6805768, 49.4253987 ], [ 8.6796125, 49.4250648 ] ] } },
{ "type": "Feature", "properties": { "osm_id": 24931559, "name": "Baumschulenweg", "highway": "tertiary", "klass": "tertiary", "lanes": 2.0, "maxspeed": 30.0, "surface": "asphalt", "oneway": null }, "geometry": { "type": "LineString", "coordinates": [ [ 8.6496926, 49.3941746 ], [ 8.649758, 49.394177 ], [ 8.6502946, 49.3942483 ] ] } },
{ "type": "Feature", "properties": { "osm_id": 24937727, "name": "Burgstraße", "highway": "residential", "klass": "residential", "lanes": null, "maxspeed": 30.0, "surface": "asphalt", "oneway": "yes" }, "geometry": { "type": "LineString", "coordinates": [ [ 8.6852754, 49.4297668 ], [ 8.6847006, 49.4305335 ] ] } },
{ "type": "Feature", "properties": { "osm_id": 24937729, "name": "Burgstraße", "highway": "living_street", "klass": "living_street", "lanes": null, "maxspeed": null, "surface": "asphalt", "oneway": "yes" }, "geometry": { "type": "LineString", "coordinates": [ [ 8.6853677, 49.4296443 ], [ 8.6853141, 49.4297151 ] ] } },
{ "type": "Feature", "properties": { "osm_id": 24968687, "name": "Steinzeitweg", "highway": "residential", "klass": "residential", "lanes": null, "maxspeed": 30.0, "surface": "asphalt", "oneway": null }, "geometry": { "type": "LineString", "coordinates": [ [ 8.6648978, 49.4086907 ], [ 8.6649688, 49.4089218 ], [ 8.6649701, 49.4090544 ], [ 8.6649514, 49.4093528 ], [ 8.664952, 49.4095038 ], [ 8.6649694, 49.4095881 ] ] } },
{ "type": "Feature", "properties": { "osm_id": 24968688, "name": "An der Neckarspitze", "highway": "residential", "klass": "residential", "lanes": null, "maxspeed": 30.0, "surface": "asphalt", "oneway": "no" }, "geometry": { "type": "LineString", "coordinates": [ [ 8.6649514, 49.4093528 ], [ 8.6647025, 49.4093796 ], [ 8.6645778, 49.4094013 ], [ 8.6644779, 49.4094287 ], [ 8.6635974, 49.4097428 ], [ 8.6634974, 49.4097734 ], [ 8.6634105, 49.4097919 ], [ 8.6630007, 49.4098482 ] ] } },
{ "type": "Feature", "properties": { "osm_id": 24968691, "name": "An der Neckarspitze", "highway": "residential", "klass": "residential", "lanes": null, "maxspeed": 30.0, "surface": "asphalt", "oneway": null }, "geometry": { "type": "LineString", "coordinates": [ [ 8.6630007, 49.4098482 ], [ 8.6630147, 49.409639 ], [ 8.6630101, 49.4095762 ], [ 8.6629798, 49.4094473 ], [ 8.6629521, 49.4093565 ], [ 8.6628753, 49.409105 ] ] } },
{ "type": "Feature", "properties": { "osm_id": 24968692, "name": "Vangerowstraße", "highway": "tertiary", "klass": "tertiary", "lanes": null, "maxspeed": 50.0, "surface": "asphalt", "oneway": "yes" }, "geometry": { "type": "LineString", "coordinates": [ [ 8.6641985, 49.4101 ], [ 8.6652859, 49.4099137 ], [ 8.6663787, 49.4096994 ], [ 8.6676747, 49.4094863 ], [ 8.6679823, 49.4094351 ], [ 8.668215, 49.4093967 ] ] } },
{ "type": "Feature", "properties": { "osm_id": 24968885, "name": "Maria-Probst-Straße", "highway": "residential", "klass": "residential", "lanes": 1.0, "maxspeed": 30.0, "surface": "asphalt", "oneway": null }, "geometry": { "type": "LineString", "coordinates": [ [ 8.6586446, 49.4116965 ], [ 8.6585463, 49.4117154 ], [ 8.6584203, 49.4117182 ], [ 8.6583038, 49.411746 ], [ 8.6581157, 49.4118568 ], [ 8.6579625, 49.4119536 ], [ 8.6578714, 49.4120119 ], [ 8.657654, 49.4121486 ], [ 8.6575828, 49.4121775 ], [ 8.6575217, 49.4122024 ], [ 8.657463, 49.4122196 ], [ 8.6573614, 49.4122494 ], [ 8.6571991, 49.4122832 ], [ 8.6568049, 49.4123264 ], [ 8.6567084, 49.4123419 ], [ 8.6566261, 49.4123614 ], [ 8.656506, 49.4124137 ], [ 8.6564316, 49.4124634 ], [ 8.6563992, 49.4124909 ], [ 8.656369, 49.4125185 ], [ 8.655708, 49.4131487 ], [ 8.6554493, 49.4133804 ], [ 8.65533, 49.4134858 ], [ 8.654718, 49.4141018 ] ] } },
{ "type": "Feature", "properties": { "osm_id": 24968886, "name": "Ludwig-Guttmann-Straße", "highway": "residential", "klass": "residential", "lanes": null, "maxspeed": 30.0, "surface": "asphalt", "oneway": null }, "geometry": { "type": "LineString", "coordinates": [ [ 8.655264, 49.4143371 ], [ 8.6551899, 49.4143059 ], [ 8.6550846, 49.4142616 ], [ 8.6550403, 49.4142423 ], [ 8.654718, 49.4141018 ], [ 8.6545432, 49.4140356 ], [ 8.6544361, 49.4139914 ], [ 8.6543368, 49.413953 ], [ 8.6542072, 49.4139083 ], [ 8.6541062, 49.4138768 ], [ 8.6539699, 49.4138491 ], [ 8.6538383, 49.4138273 ], [ 8.6537491, 49.4138184 ], [ 8.6534265, 49.4137994 ], [ 8.653282, 49.4137905 ], [ 8.6529284, 49.4137732 ], [ 8.6528276, 49.4137662 ], [ 8.6526734, 49.4137555 ], [ 8.6524888, 49.413747 ], [ 8.6523981, 49.4137428 ], [ 8.6522928, 49.413738 ], [ 8.6522289, 49.4137351 ] ] } },
{ "type": "Feature", "properties": { "osm_id": 24968887, "name": "Gutachweg", "highway": "residential", "klass": "residential", "lanes": null, "maxspeed": 30.0, "surface": "asphalt", "oneway": null }, "geometry": { "type": "LineString", "coordinates": [ [ 8.6522289, 49.4137351 ], [ 8.652206, 49.4134387 ], [ 8.6522031, 49.4133986 ], [ 8.6521924, 49.4130364 ], [ 8.6521886, 49.4129324 ] ] } },
{ "type": "Feature", "properties": { "osm_id": 24968888, "name": "Kinzigweg", "highway": "residential", "klass": "residential", "lanes": null, "maxspeed": 10.0, "surface": "asphalt", "oneway": null }, "geometry": { "type": "LineString", "coordinates": [ [ 8.6502638, 49.4119781 ], [ 8.6501808, 49.4118501 ], [ 8.6501247, 49.4117575 ], [ 8.6501118, 49.4116341 ], [ 8.6500887, 49.4114125 ], [ 8.6500615, 49.4111511 ], [ 8.6500689, 49.4111501 ] ] } },
{ "type": "Feature", "properties": { "osm_id": 24968889, "name": null, "highway": "trunk", "klass": "trunk", "lanes": 2.0, "maxspeed": 70.0, "surface": "paved", "oneway": "yes" }, "geometry": { "type": "LineString", "coordinates": [ [ 8.6524132, 49.4117609 ], [ 8.6521739, 49.411825 ] ] } },
{ "type": "Feature", "properties": { "osm_id": 24968890, "name": null, "highway": "trunk", "klass": "trunk", "lanes": 2.0, "maxspeed": 70.0, "surface": "concrete", "oneway": "yes" }, "geometry": { "type": "LineString", "coordinates": [ [ 8.6521739, 49.411825 ], [ 8.6497125, 49.4124739 ] ] } },
{ "type": "Feature", "properties": { "osm_id": 24968891, "name": null, "highway": "trunk", "klass": "trunk", "lanes": 2.0, "maxspeed": 70.0, "surface": "asphalt", "oneway": "yes" }, "geometry": { "type": "LineString", "coordinates": [ [ 8.6520511, 49.4117355 ], [ 8.6524417, 49.4116345 ] ] } },
{ "type": "Feature", "properties": { "osm_id": 24968892, "name": null, "highway": "trunk", "klass": "trunk", "lanes": 2.0, "maxspeed": 70.0, "surface": "asphalt", "oneway": "yes" }, "geometry": { "type": "LineString", "coordinates": [ [ 8.6524417, 49.4116345 ], [ 8.6528115, 49.4115365 ], [ 8.6581755, 49.410115 ], [ 8.6617375, 49.4091797 ], [ 8.662706, 49.4089275 ] ] } },
{ "type": "Feature", "properties": { "osm_id": 24970845, "name": "Am Lerchenbuckel", "highway": "residential", "klass": "residential", "lanes": null, "maxspeed": 30.0, "surface": "paving_stones", "oneway": null }, "geometry": { "type": "LineString", "coordinates": [ [ 8.6510745, 49.4161259 ], [ 8.651121, 49.4158118 ] ] } },
{ "type": "Feature", "properties": { "osm_id": 24970849, "name": "Veltenhofer Straße", "highway": "residential", "klass": "residential", "lanes": null, "maxspeed": 30.0, "surface": "asphalt", "oneway": null }, "geometry": { "type": "LineString", "coordinates": [ [ 8.6517955, 49.416194 ], [ 8.6515652, 49.416904 ], [ 8.6515602, 49.4170106 ], [ 8.6516728, 49.4171189 ], [ 8.6521509, 49.4172124 ], [ 8.6523675, 49.4171553 ], [ 8.6526868, 49.4165723 ], [ 8.6528107, 49.4163533 ] ] } },
{ "type": "Feature", "properties": { "osm_id": 24970851, "name": "Wormser Straße", "highway": "residential", "klass": "residential", "lanes": null, "maxspeed": 30.0, "surface": "asphalt", "oneway": null }, "geometry": { "type": "LineString", "coordinates": [ [ 8.649954, 49.4160404 ], [ 8.6498622, 49.4160964 ], [ 8.6497417, 49.4167124 ], [ 8.6498443, 49.4168247 ], [ 8.6504629, 49.4169443 ], [ 8.6506519, 49.4168796 ], [ 8.6508167, 49.4161006 ] ] } },
{ "type": "Feature", "properties": { "osm_id": 24970854, "name": "Klausenpfad", "highway": "unclassified", "klass": "unclassified", "lanes": null, "maxspeed": null, "surface": "asphalt", "oneway": null }, "geometry": { "type": "LineString", "coordinates": [ [ 8.6744233, 49.4226255 ], [ 8.6755182, 49.4228415 ], [ 8.6765069, 49.4230255 ], [ 8.6766071, 49.4230373 ], [ 8.6767282, 49.4230509 ], [ 8.6768894, 49.4230545 ], [ 8.6769769, 49.4230466 ] ] } },
{ "type": "Feature", "properties": { "osm_id": 24970869, "name": "Kleegarten", "highway": "residential", "klass": "residential", "lanes": null, "maxspeed": 30.0, "surface": "asphalt", "oneway": null }, "geometry": { "type": "LineString", "coordinates": [ [ 8.6524408, 49.416276 ], [ 8.6526703, 49.4157749 ], [ 8.6527717, 49.4155868 ], [ 8.6531101, 49.4156652 ], [ 8.6530386, 49.4158387 ], [ 8.6526703, 49.4157749 ] ] } },
{ "type": "Feature", "properties": { "osm_id": 24970875, "name": "Am Lerchenbuckel", "highway": "residential", "klass": "residential", "lanes": null, "maxspeed": 30.0, "surface": "paving_stones", "oneway": null }, "geometry": { "type": "LineString", "coordinates": [ [ 8.649954, 49.4160404 ], [ 8.6500172, 49.4157093 ] ] } },
{ "type": "Feature", "properties": { "osm_id": 24970887, "name": "Mannheimer Straße", "highway": "residential", "klass": "residential", "lanes": null, "maxspeed": 30.0, "surface": "asphalt", "oneway": "no" }, "geometry": { "type": "LineString", "coordinates": [ [ 8.6649694, 49.4095881 ], [ 8.6646031, 49.4097401 ], [ 8.6644337, 49.4098127 ], [ 8.6643498, 49.409861 ], [ 8.664319, 49.4098956 ], [ 8.6641985, 49.4101 ] ] } },
{ "type": "Feature", "properties": { "osm_id": 24970888, "name": "Im Neuenheimer Feld", "highway": "residential", "klass": "residential", "lanes": null, "maxspeed": 20.0, "surface": "asphalt", "oneway": null }, "geometry": { "type": "LineString", "coordinates": [ [ 8.6748448, 49.4209883 ], [ 8.6748212, 49.4210314 ], [ 8.6748225, 49.4210958 ], [ 8.6748253, 49.4212357 ], [ 8.6748281, 49.4213793 ], [ 8.6748309, 49.4215176 ], [ 8.674837, 49.4216418 ] ] } },
{ "type": "Feature", "properties": { "osm_id": 24970889, "name": "Wieblinger Weg", "highway": "residential", "klass": "residential", "lanes": null, "maxspeed": 10.0, "surface": "asphalt", "oneway": "no" }, "geometry": { "type": "LineString", "coordinates": [ [ 8.6617713, 49.4090601 ], [ 8.6613061, 49.4091264 ], [ 8.6609466, 49.409182 ], [ 8.6605117, 49.4092616 ], [ 8.6602837, 49.4092971 ], [ 8.6599361, 49.4093454 ], [ 8.6598592, 49.4093561 ], [ 8.6595747, 49.4093956 ], [ 8.6593188, 49.4094233 ], [ 8.6591985, 49.4094363 ] ] } },
{ "type": "Feature", "properties": { "osm_id": 24970891, "name": "Am Lerchenbuckel", "highway": "residential", "klass": "residential", "lanes": null, "maxspeed": 30.0, "surface": "asphalt", "oneway": null }, "geometry": { "type": "LineString", "coordinates": [ [ 8.6534393, 49.4164919 ], [ 8.6532674, 49.4164531 ], [ 8.6528107, 49.4163533 ], [ 8.6525985, 49.4163032 ], [ 8.6524408, 49.416276 ], [ 8.6522542, 49.4162485 ], [ 8.6517955, 49.416194 ], [ 8.6516025, 49.4161711 ] ] } },
{ "type": "Feature", "properties": { "osm_id": 24988322, "name": "Gneisenaustraße", "highway": "tertiary", "klass": "tertiary", "lanes": 2.0, "maxspeed": 50.0, "surface": "asphalt", "oneway": null }, "geometry": { "type": "LineString", "coordinates": [ [ 8.6724696, 49.4055673 ], [ 8.672658, 49.4055293 ], [ 8.6727282, 49.4055182 ] ] } },
{ "type": "Feature", "properties": { "osm_id": 24988324, "name": "Czernyring", "highway": "secondary", "klass": "secondary", "lanes": 1.0, "maxspeed": 30.0, "surface": "asphalt", "oneway": "yes" }, "geometry": { "type": "LineString", "coordinates": [ [ 8.6718031, 49.4079574 ], [ 8.6718695, 49.4079042 ], [ 8.6719451, 49.4078804 ], [ 8.6720064, 49.407842 ], [ 8.6720473, 49.4077999 ], [ 8.6720801, 49.4077379 ], [ 8.6720891, 49.4076713 ] ] } },
{ "type": "Feature", "properties": { "osm_id": 24988325, "name": "Yorckstraße", "highway": "residential", "klass": "residential", "lanes": null, "maxspeed": 50.0, "surface": "asphalt", "oneway": null }, "geometry": { "type": "LineString", "coordinates": [ [ 8.6704034, 49.4080651 ], [ 8.6704052, 49.4079798 ] ] } },
{ "type": "Feature", "properties": { "osm_id": 25015928, "name": "Dantestraße", "highway": "living_street", "klass": "living_street", "lanes": null, "maxspeed": null, "surface": "asphalt", "oneway": null }, "geometry": { "type": "LineString", "coordinates": [ [ 8.6827599, 49.4003564 ], [ 8.6824851, 49.4001636 ] ] } },
{ "type": "Feature", "properties": { "osm_id": 25015929, "name": "Lessingstraße", "highway": "primary", "klass": "primary", "lanes": 2.0, "maxspeed": 50.0, "surface": "asphalt", "oneway": "yes" }, "geometry": { "type": "LineString", "coordinates": [ [ 8.6834511, 49.3993363 ], [ 8.6833302, 49.3994143 ], [ 8.6830974, 49.3995631 ], [ 8.6829455, 49.39966 ], [ 8.6827158, 49.399827 ], [ 8.682474, 49.4000218 ] ] } },
{ "type": "Feature", "properties": { "osm_id": 25015930, "name": null, "highway": "primary_link", "klass": "primary", "lanes": 1.0, "maxspeed": 30.0, "surface": "asphalt", "oneway": "yes" }, "geometry": { "type": "LineString", "coordinates": [ [ 8.6796364, 49.4014127 ], [ 8.6797654, 49.401469 ], [ 8.67982, 49.4014872 ], [ 8.6798662, 49.4014977 ], [ 8.6799156, 49.4015013 ], [ 8.6799546, 49.4015007 ], [ 8.6799912, 49.4014972 ], [ 8.6800896, 49.4014782 ], [ 8.6802001, 49.4014391 ], [ 8.680448, 49.4012648 ] ] } },
{ "type": "Feature", "properties": { "osm_id": 25015931, "name": "Lessingstraße", "highway": "primary", "klass": "primary", "lanes": 2.0, "maxspeed": 50.0, "surface": "asphalt", "oneway": "yes" }, "geometry": { "type": "LineString", "coordinates": [ [ 8.6821045, 49.4001682 ], [ 8.6824608, 49.3998755 ], [ 8.6827432, 49.3996611 ], [ 8.6828895, 49.3995601 ] ] } },
{ "type": "Feature", "properties": { "osm_id": 25015932, "name": null, "highway": "primary_link", "klass": "primary", "lanes": 2.0, "maxspeed": 50.0, "surface": "asphalt", "oneway": "yes" }, "geometry": { "type": "LineString", "coordinates": [ [ 8.6780464, 49.4031914 ], [ 8.6783518, 49.4028882 ], [ 8.6786388, 49.4026405 ] ] } },
{ "type": "Feature", "properties": { "osm_id": 25015933, "name": "Lessingstraße", "highway": "primary", "klass": "primary", "lanes": 4.0, "maxspeed": 50.0, "surface": "asphalt", "oneway": null }, "geometry": { "type": "LineString", "coordinates": [ [ 8.6789991, 49.4025537 ], [ 8.6797792, 49.4019692 ] ] } },
{ "type": "Feature", "properties": { "osm_id": 25015934, "name": "Mittermaierstraße", "highway": "primary", "klass": "primary", "lanes": 2.0, "maxspeed": 30.0, "surface": "asphalt", "oneway": "yes" }, "geometry": { "type": "LineString", "coordinates": [ [ 8.6769492, 49.4056218 ], [ 8.6769246, 49.4055611 ], [ 8.6769014, 49.4055029 ], [ 8.6768722, 49.4054407 ], [ 8.6768574, 49.405386 ], [ 8.6768595, 49.4050879 ] ] } },
{ "type": "Feature", "properties": { "osm_id": 25015935, "name": "Lenaustraße", "highway": "living_street", "klass": "living_street", "lanes": null, "maxspeed": null, "surface": "asphalt", "oneway": null }, "geometry": { "type": "LineString", "coordinates": [ [ 8.6834511, 49.3993363 ], [ 8.6834963, 49.3993456 ], [ 8.6837486, 49.3993816 ], [ 8.6851668, 49.3994375 ] ] } },
{ "type": "Feature", "properties": { "osm_id": 25039121, "name": "Gundolfstraße", "highway": "residential", "klass": "residential", "lanes": null, "maxspeed": 30.0, "surface": "asphalt", "oneway": null }, "geometry": { "type": "LineString", "coordinates": [ [ 8.677855, 49.4177134 ], [ 8.6778445, 49.4177901 ], [ 8.6778253, 49.417845 ], [ 8.6777904, 49.4179052 ], [ 8.6776844, 49.4180601 ], [ 8.677499, 49.4183232 ], [ 8.677437, 49.418428 ], [ 8.6774168, 49.4184645 ], [ 8.6773864, 49.4185051 ], [ 8.6771892, 49.4187841 ], [ 8.6770549, 49.4189736 ], [ 8.6770008, 49.4190558 ] ] } },
{ "type": "Feature", "properties": { "osm_id": 25039128, "name": "Lessingstraße", "highway": "primary", "klass": "primary", "lanes": 2.0, "maxspeed": 50.0, "surface": "asphalt", "oneway": "yes" }, "geometry": { "type": "LineString", "coordinates": [ [ 8.6789991, 49.4025537 ], [ 8.6786586, 49.4028383 ] ] } },
{ "type": "Feature", "properties": { "osm_id": 25039131, "name": "Lessingstraße", "highway": "primary_link", "klass": "primary", "lanes": 1.0, "maxspeed": null, "surface": "asphalt", "oneway": "yes" }, "geometry": { "type": "LineString", "coordinates": [ [ 8.6778691, 49.4035663 ], [ 8.6777342, 49.4036062 ], [ 8.6776034, 49.4036122 ] ] } },
{ "type": "Feature", "properties": { "osm_id": 25039133, "name": "Mittermaierstraße", "highway": "primary", "klass": "primary", "lanes": 2.0, "maxspeed": 30.0, "surface": "asphalt", "oneway": "yes" }, "geometry": { "type": "LineString", "coordinates": [ [ 8.6770722, 49.4047468 ], [ 8.6770547, 49.4047872 ], [ 8.6770368, 49.4048315 ], [ 8.6770264, 49.4048888 ], [ 8.6770147, 49.4049678 ], [ 8.6770118, 49.4049966 ], [ 8.6770107, 49.4050349 ], [ 8.6769931, 49.4053897 ], [ 8.6769492, 49.4056218 ] ] } },
{ "type": "Feature", "properties": { "osm_id": 25039134, "name": "Lessingstraße", "highway": "primary", "klass": "primary", "lanes": 3.0, "maxspeed": 50.0, "surface": "asphalt", "oneway": "yes" }, "geometry": { "type": "LineString", "coordinates": [ [ 8.676903, 49.4047592 ], [ 8.6769214, 49.4047002 ], [ 8.6769286, 49.4046823 ], [ 8.6769367, 49.404662 ], [ 8.6769536, 49.4046149 ], [ 8.6769701, 49.404575 ] ] } },
{ "type": "Feature", "properties": { "osm_id": 25039346, "name": "Kaiserstraße", "highway": "residential", "klass": "residential", "lanes": null, "maxspeed": 30.0, "surface": "asphalt", "oneway": "yes" }, "geometry": { "type": "LineString", "coordinates": [ [ 8.6794451, 49.4043835 ], [ 8.6798832, 49.4041353 ], [ 8.6799816, 49.4041052 ] ] } },
{ "type": "Feature", "properties": { "osm_id": 25039347, "name": "Kaiserstraße", "highway": "residential", "klass": "residential", "lanes": null, "maxspeed": 30.0, "surface": "asphalt", "oneway": null }, "geometry": { "type": "LineString", "coordinates": [ [ 8.6799816, 49.4041052 ], [ 8.6806669, 49.4037566 ] ] } },
{ "type": "Feature", "properties": { "osm_id": 25039349, "name": "Kurfürsten-Anlage", "highway": "secondary", "klass": "secondary", "lanes": 2.0, "maxspeed": 50.0, "surface": "asphalt", "oneway": "yes" }, "geometry": { "type": "LineString", "coordinates": [ [ 8.6779744, 49.4042345 ], [ 8.6782244, 49.4042776 ] ] } },
{ "type": "Feature", "properties": { "osm_id": 25039350, "name": "Belfortstraße", "highway": "residential", "klass": "residential", "lanes": null, "maxspeed": 30.0, "surface": "asphalt", "oneway": null }, "geometry": { "type": "LineString", "coordinates": [ [ 8.6799816, 49.4041052 ], [ 8.6796308, 49.4038186 ], [ 8.6794207, 49.4036445 ], [ 8.679122, 49.4033942 ] ] } },
{ "type": "Feature", "properties": { "osm_id": 25039351, "name": "Belfortstraße", "highway": "residential", "klass": "residential", "lanes": null, "maxspeed": 30.0, "surface": "asphalt", "oneway": "no" }, "geometry": { "type": "LineString", "coordinates": [ [ 8.6789705, 49.4032673 ], [ 8.6789188, 49.4032297 ], [ 8.6788246, 49.4031611 ], [ 8.6787409, 49.4031116 ], [ 8.6786947, 49.4031006 ] ] } },
{ "type": "Feature", "properties": { "osm_id": 25039352, "name": "Belfortstraße", "highway": "residential", "klass": "residential", "lanes": null, "maxspeed": 30.0, "surface": "asphalt", "oneway": "yes" }, "geometry": { "type": "LineString", "coordinates": [ [ 8.6799816, 49.4041052 ], [ 8.6805299, 49.4045113 ], [ 8.6806751, 49.404624 ], [ 8.6807029, 49.4046481 ], [ 8.6807508, 49.4046977 ] ] } },
{ "type": "Feature", "properties": { "osm_id": 25039353, "name": "Wörthstraße", "highway": "residential", "klass": "residential", "lanes": null, "maxspeed": 30.0, "surface": "asphalt", "oneway": "no" }, "geometry": { "type": "LineString", "coordinates": [ [ 8.6805151, 49.4024312 ], [ 8.680448, 49.4024645 ], [ 8.6801666, 49.4026291 ], [ 8.6797542, 49.4028704 ], [ 8.6796951, 49.4029003 ] ] } },
{ "type": "Feature", "properties": { "osm_id": 25039670, "name": "Römerstraße", "highway": "primary", "klass": "primary", "lanes": 3.0, "maxspeed": 50.0, "surface": "asphalt", "oneway": "yes" }, "geometry": { "type": "LineString", "coordinates": [ [ 8.6855474, 49.3975106 ], [ 8.6855053, 49.3978247 ], [ 8.6854615, 49.3980773 ] ] } },
{ "type": "Feature", "properties": { "osm_id": 25039672, "name": "Hebelstraße", "highway": "secondary", "klass": "secondary", "lanes": 2.0, "maxspeed": 50.0, "surface": "asphalt", "oneway": "no" }, "geometry": { "type": "LineString", "coordinates": [ [ 8.6842398, 49.3973268 ], [ 8.6843144, 49.3973303 ], [ 8.684444, 49.3973342 ] ] } },
{ "type": "Feature", "properties": { "osm_id": 25040130, "name": "Bahnhofstraße", "highway": "residential", "klass": "residential", "lanes": 1.0, "maxspeed": 20.0, "surface": "asphalt", "oneway": "yes" }, "geometry": { "type": "LineString", "coordinates": [ [ 8.6916095, 49.40621 ], [ 8.6915121, 49.4062326 ] ] } },
{ "type": "Feature", "properties": { "osm_id": 25040131, "name": "Bahnhofstraße", "highway": "residential", "klass": "residential", "lanes": 2.0, "maxspeed": null, "surface": "asphalt", "oneway": "yes" }, "geometry": { "type": "LineString", "coordinates": [ [ 8.6927469, 49.4066458 ], [ 8.6927376, 49.4066012 ], [ 8.6927248, 49.4065701 ], [ 8.6926738, 49.4064955 ], [ 8.6926629, 49.4064802 ], [ 8.692626, 49.4064464 ], [ 8.6925748, 49.4064189 ], [ 8.6924984, 49.406392 ], [ 8.6924249, 49.406351 ] ] } },
{ "type": "Feature", "properties": { "osm_id": 25040133, "name": "Bahnhofstraße", "highway": "residential", "klass": "residential", "lanes": 2.0, "maxspeed": 20.0, "surface": "asphalt", "oneway": null }, "geometry": { "type": "LineString", "coordinates": [ [ 8.6916095, 49.40621 ], [ 8.6917226, 49.406228 ], [ 8.6924249, 49.406351 ] ] } },
{ "type": "Feature", "properties": { "osm_id": 25040145, "name": "Ringstraße", "highway": "residential", "klass": "residential", "lanes": null, "maxspeed": 50.0, "surface": "asphalt", "oneway": "yes" }, "geometry": { "type": "LineString", "coordinates": [ [ 8.6838963, 49.4048339 ], [ 8.6841461, 49.4048925 ], [ 8.6844056, 49.4049525 ] ] } },
{ "type": "Feature", "properties": { "osm_id": 25040616, "name": "Czernyring", "highway": "secondary", "klass": "secondary", "lanes": 2.0, "maxspeed": 50.0, "surface": "asphalt", "oneway": "yes" }, "geometry": { "type": "LineString", "coordinates": [ [ 8.676102, 49.4010748 ], [ 8.6754066, 49.4013837 ], [ 8.6752722, 49.4014298 ] ] } },
{ "type": "Feature", "properties": { "osm_id": 25058683, "name": "Baumschulenweg", "highway": "tertiary", "klass": "tertiary", "lanes": 2.0, "maxspeed": 50.0, "surface": "asphalt", "oneway": "yes" }, "geometry": { "type": "LineString", "coordinates": [ [ 8.6702495, 49.3967858 ], [ 8.6704458, 49.3967839 ], [ 8.670534, 49.39678 ], [ 8.6705909, 49.3967759 ], [ 8.6707379, 49.3967613 ], [ 8.6708307, 49.3967465 ], [ 8.6709116, 49.396732 ], [ 8.6710683, 49.3967062 ] ] } },
{ "type": "Feature", "properties": { "osm_id": 25112043, "name": "Am Karlstor", "highway": "secondary", "klass": "secondary", "lanes": 1.0, "maxspeed": 50.0, "surface": "asphalt", "oneway": "yes" }, "geometry": { "type": "LineString", "coordinates": [ [ 8.7176565, 49.4143578 ], [ 8.7176243, 49.414323 ], [ 8.7176136, 49.4143096 ], [ 8.7175923, 49.4142829 ], [ 8.7175707, 49.4142386 ], [ 8.7175526, 49.4141856 ], [ 8.7175389, 49.4140992 ] ] } },
{ "type": "Feature", "properties": { "osm_id": 25128651, "name": "Hebelstraße", "highway": "tertiary", "klass": "tertiary", "lanes": 1.0, "maxspeed": 30.0, "surface": "asphalt", "oneway": "yes" }, "geometry": { "type": "LineString", "coordinates": [ [ 8.6776919, 49.395781 ], [ 8.6777473, 49.3958537 ], [ 8.6777933, 49.3958918 ], [ 8.6779061, 49.3959734 ], [ 8.6780958, 49.3961067 ], [ 8.6783372, 49.3962835 ], [ 8.678408, 49.3963313 ], [ 8.6785122, 49.3964017 ], [ 8.6785729, 49.3964371 ], [ 8.6786838, 49.3964968 ], [ 8.6788774, 49.3966429 ], [ 8.6790808, 49.3967887 ], [ 8.6791361, 49.3968293 ], [ 8.6791652, 49.3968506 ], [ 8.67923, 49.3968982 ], [ 8.6793927, 49.3970212 ] ] } },
{ "type": "Feature", "properties": { "osm_id": 25128657, "name": "Gottlieb-Daimler-Straße", "highway": "residential", "klass": "residential", "lanes": null, "maxspeed": 30.0, "surface": "asphalt", "oneway": null }, "geometry": { "type": "LineString", "coordinates": [ [ 8.67923, 49.3968982 ], [ 8.6795266, 49.3967304 ], [ 8.6798376, 49.3965464 ], [ 8.6801055, 49.396394 ], [ 8.6803706, 49.3962238 ], [ 8.6804545, 49.3961826 ], [ 8.6805219, 49.3961615 ], [ 8.6806023, 49.3961491 ], [ 8.681198, 49.3961745 ], [ 8.6813618, 49.3961815 ] ] } },
{ "type": "Feature", "properties": { "osm_id": 25128658, "name": "Im Sand", "highway": "residential", "klass": "residential", "lanes": null, "maxspeed": 30.0, "surface": "asphalt", "oneway": "yes" }, "geometry": { "type": "LineString", "coordinates": [ [ 8.6835135, 49.3962546 ], [ 8.6813618, 49.3961815 ] ] } },
{ "type": "Feature", "properties": { "osm_id": 25128659, "name": "Philipp-Reis-Straße", "highway": "residential", "klass": "residential", "lanes": null, "maxspeed": 30.0, "surface": "asphalt", "oneway": null }, "geometry": { "type": "LineString", "coordinates": [ [ 8.6829107, 49.3972795 ], [ 8.6829926, 49.3972125 ], [ 8.6830259, 49.3971644 ], [ 8.6832358, 49.3968551 ], [ 8.6833053, 49.3967349 ], [ 8.6835135, 49.3962546 ], [ 8.6835811, 49.3960402 ], [ 8.6836189, 49.3958815 ], [ 8.6836211, 49.3958355 ], [ 8.6835981, 49.3957772 ], [ 8.6835955, 49.3956951 ] ] } },
{ "type": "Feature", "properties": { "osm_id": 25128663, "name": "Carl-Bosch-Straße", "highway": "residential", "klass": "residential", "lanes": null, "maxspeed": 30.0, "surface": "asphalt", "oneway": null }, "geometry": { "type": "LineString", "coordinates": [ [ 8.6814169, 49.3955876 ], [ 8.6813408, 49.3955495 ], [ 8.6812872, 49.3954536 ], [ 8.6813154, 49.3948139 ] ] } },
{ "type": "Feature", "properties": { "osm_id": 25129818, "name": null, "highway": "primary_link", "klass": "primary", "lanes": 2.0, "maxspeed": null, "surface": "asphalt", "oneway": "yes" }, "geometry": { "type": "LineString", "coordinates": [ [ 8.6794745, 49.4019458 ], [ 8.67953, 49.4018906 ], [ 8.6795698, 49.4018371 ], [ 8.6795974, 49.4017604 ], [ 8.6796047, 49.4017202 ], [ 8.6796031, 49.4016824 ], [ 8.6795937, 49.4016286 ] ] } },
{ "type": "Feature", "properties": { "osm_id": 25149870, "name": null, "highway": "tertiary", "klass": "tertiary", "lanes": 1.0, "maxspeed": null, "surface": "asphalt", "oneway": "yes" }, "geometry": { "type": "LineString", "coordinates": [ [ 8.6764425, 49.4170076 ], [ 8.6763468, 49.4170091 ], [ 8.6762824, 49.4170091 ], [ 8.6761752, 49.4170106 ] ] } },
{ "type": "Feature", "properties": { "osm_id": 25149871, "name": "Mönchhofstraße", "highway": "tertiary", "klass": "tertiary", "lanes": 1.0, "maxspeed": 30.0, "surface": "asphalt", "oneway": "yes" }, "geometry": { "type": "LineString", "coordinates": [ [ 8.6764455, 49.4169097 ], [ 8.6765227, 49.4169084 ], [ 8.6766109, 49.4169068 ], [ 8.6766848, 49.4169064 ], [ 8.6768669, 49.4169141 ], [ 8.6771852, 49.416928 ] ] } },
{ "type": "Feature", "properties": { "osm_id": 25149873, "name": "Mönchhofstraße", "highway": "tertiary", "klass": "tertiary", "lanes": 3.0, "maxspeed": 30.0, "surface": "asphalt", "oneway": "yes" }, "geometry": { "type": "LineString", "coordinates": [ [ 8.6771629, 49.417008 ], [ 8.6768889, 49.4170069 ], [ 8.6766095, 49.4170057 ], [ 8.6765129, 49.4170068 ], [ 8.6764425, 49.4170076 ] ] } },
{ "type": "Feature", "properties": { "osm_id": 25149875, "name": "Im Neuenheimer Feld", "highway": "residential", "klass": "residential", "lanes": 2.0, "maxspeed": null, "surface": "asphalt", "oneway": "yes" }, "geometry": { "type": "LineString", "coordinates": [ [ 8.6761752, 49.4170106 ], [ 8.6761071, 49.4170115 ], [ 8.6751952, 49.4170056 ], [ 8.6750403, 49.4169646 ] ] } },
{ "type": "Feature", "properties": { "osm_id": 25149877, "name": null, "highway": "tertiary", "klass": "tertiary", "lanes": 1.0, "maxspeed": null, "surface": "asphalt", "oneway": "yes" }, "geometry": { "type": "LineString", "coordinates": [ [ 8.6761881, 49.4169143 ], [ 8.6762885, 49.4169129 ], [ 8.6763505, 49.4169113 ], [ 8.6764455, 49.4169097 ] ] } },
{ "type": "Feature", "properties": { "osm_id": 25153331, "name": "Bremeneckgasse", "highway": "residential", "klass": "residential", "lanes": null, "maxspeed": 30.0, "surface": "asphalt", "oneway": "yes" }, "geometry": { "type": "LineString", "coordinates": [ [ 8.710885, 49.4104547 ], [ 8.7110675, 49.4105565 ], [ 8.7111511, 49.410603 ], [ 8.7112008, 49.4106345 ], [ 8.7112328, 49.4106571 ], [ 8.7112543, 49.4106758 ] ] } },
{ "type": "Feature", "properties": { "osm_id": 25153334, "name": "Neue Schlossstraße", "highway": "residential", "klass": "residential", "lanes": null, "maxspeed": 30.0, "surface": "asphalt", "oneway": null }, "geometry": { "type": "LineString", "coordinates": [ [ 8.7112543, 49.4106758 ], [ 8.7113018, 49.4106579 ], [ 8.7113411, 49.4106441 ], [ 8.7113838, 49.410635 ], [ 8.7114104, 49.4106314 ], [ 8.7114544, 49.4106294 ], [ 8.7114837, 49.4106301 ], [ 8.71152, 49.4106333 ], [ 8.7115576, 49.4106408 ], [ 8.7116033, 49.4106554 ], [ 8.7119364, 49.4108011 ], [ 8.7122082, 49.4109211 ], [ 8.7122207, 49.4109266 ] ] } },
{ "type": "Feature", "properties": { "osm_id": 25156120, "name": "Im Neuenheimer Feld", "highway": "residential", "klass": "residential", "lanes": 2.0, "maxspeed": 50.0, "surface": "asphalt", "oneway": "yes" }, "geometry": { "type": "LineString", "coordinates": [ [ 8.6761328, 49.4196633 ], [ 8.6760798, 49.4196704 ], [ 8.6760142, 49.4196719 ], [ 8.6756977, 49.4196683 ] ] } },
{ "type": "Feature", "properties": { "osm_id": 25156121, "name": "Im Neuenheimer Feld", "highway": "residential", "klass": "residential", "lanes": 2.0, "maxspeed": 50.0, "surface": "asphalt", "oneway": "yes" }, "geometry": { "type": "LineString", "coordinates": [ [ 8.6756132, 49.4195557 ], [ 8.6757133, 49.4195476 ], [ 8.6757814, 49.4195349 ], [ 8.6758645, 49.4195096 ], [ 8.6759327, 49.4194794 ], [ 8.6759548, 49.4194654 ], [ 8.6759963, 49.4194377 ], [ 8.6760406, 49.4194008 ], [ 8.676078, 49.4193575 ] ] } },
{ "type": "Feature", "properties": { "osm_id": 25156122, "name": "Im Neuenheimer Feld", "highway": "residential", "klass": "residential", "lanes": 2.0, "maxspeed": 50.0, "surface": "asphalt", "oneway": "yes" }, "geometry": { "type": "LineString", "coordinates": [ [ 8.6749653, 49.4196395 ], [ 8.6749802, 49.4196233 ], [ 8.6750654, 49.4195878 ], [ 8.6751363, 49.4195637 ] ] } },
{ "type": "Feature", "properties": { "osm_id": 25156124, "name": "Im Neuenheimer Feld", "highway": "residential", "klass": "residential", "lanes": 1.0, "maxspeed": 50.0, "surface": "asphalt", "oneway": "yes" }, "geometry": { "type": "LineString", "coordinates": [ [ 8.6761326, 49.4195939 ], [ 8.6762362, 49.4195926 ], [ 8.676301, 49.4195927 ] ] } },
{ "type": "Feature", "properties": { "osm_id": 25157163, "name": "Unterer Sankt Nikolausweg", "highway": "tertiary", "klass": "tertiary", "lanes": 1.0, "maxspeed": 30.0, "surface": "asphalt", "oneway": "no" }, "geometry": { "type": "LineString", "coordinates": [ [ 8.7192295, 49.3821372 ], [ 8.7191108, 49.3821927 ], [ 8.7188202, 49.3823174 ], [ 8.7184862, 49.382459 ], [ 8.7178943, 49.3827214 ], [ 8.7177682, 49.382779 ], [ 8.7176267, 49.3828483 ], [ 8.7174754, 49.382925 ], [ 8.7173642, 49.3829893 ], [ 8.717296, 49.3830349 ], [ 8.7171824, 49.383117 ], [ 8.7170536, 49.3832258 ], [ 8.7168814, 49.3833906 ], [ 8.71678, 49.3834876 ], [ 8.7167186, 49.3835431 ], [ 8.7166464, 49.3836179 ], [ 8.7165805, 49.3836758 ], [ 8.7165367, 49.3837379 ], [ 8.7165046, 49.3837794 ], [ 8.7164647, 49.3838372 ], [ 8.7163258, 49.3840508 ], [ 8.7162721, 49.3841422 ], [ 8.7162115, 49.3842454 ], [ 8.7160636, 49.3845012 ], [ 8.7159746, 49.3846487 ], [ 8.7158856, 49.3847962 ], [ 8.7157027, 49.3850982 ], [ 8.7155842, 49.3852993 ], [ 8.7154475, 49.3855313 ], [ 8.715294, 49.3858027 ], [ 8.7150645, 49.3861905 ], [ 8.7148637, 49.3865107 ], [ 8.7147786, 49.3866474 ], [ 8.7146736, 49.3868192 ], [ 8.7145212, 49.3870792 ], [ 8.714412, 49.3872528 ], [ 8.7142881, 49.3874427 ], [ 8.7142098, 49.3875658 ], [ 8.7141207, 49.3877161 ], [ 8.7140537, 49.387833 ], [ 8.7140065, 49.3879306 ], [ 8.7139574, 49.3880399 ], [ 8.7138818, 49.3881999 ], [ 8.7138259, 49.3882989 ], [ 8.7137744, 49.3883772 ], [ 8.713713, 49.3884592 ], [ 8.7135684, 49.3886517 ], [ 8.7134572, 49.3887924 ], [ 8.7133427, 49.3889244 ], [ 8.7132768, 49.388998 ], [ 8.7132155, 49.389057 ], [ 8.713165, 49.3891037 ], [ 8.7131173, 49.3891463 ], [ 8.7130641, 49.3891918 ], [ 8.7129578, 49.3892793 ], [ 8.7128779, 49.3893507 ], [ 8.7128126, 49.3894206 ], [ 8.7127756, 49.3894696 ], [ 8.712733, 49.3895421 ], [ 8.7127059, 49.3896006 ], [ 8.7126906, 49.3896479 ], [ 8.7126765, 49.3897289 ], [ 8.7126579, 49.3898416 ], [ 8.7126327, 49.3899907 ], [ 8.7125977, 49.3901545 ], [ 8.71254, 49.3903847 ], [ 8.7125093, 49.3904897 ], [ 8.7124977, 49.3905358 ], [ 8.7124804, 49.3905814 ], [ 8.7124686, 49.3906054 ], [ 8.7124514, 49.390634 ], [ 8.7124246, 49.3906707 ], [ 8.7123891, 49.3907087 ], [ 8.7123468, 49.3907518 ], [ 8.7123001, 49.390786 ], [ 8.7122572, 49.3908122 ], [ 8.7122347, 49.3908226 ], [ 8.7122181, 49.3908271 ], [ 8.7121993, 49.3908295 ], [ 8.712181, 49.3908289 ] ] } },
{ "type": "Feature", "properties": { "osm_id": 25157568, "name": "Jahnstraße", "highway": "tertiary", "klass": "tertiary", "lanes": 3.0, "maxspeed": 30.0, "surface": "asphalt", "oneway": "yes" }, "geometry": { "type": "LineString", "coordinates": [ [ 8.6772475, 49.4126311 ], [ 8.6769968, 49.412664 ], [ 8.6769222, 49.4126646 ] ] } },
{ "type": "Feature", "properties": { "osm_id": 25157570, "name": "Jahnstraße", "highway": "tertiary", "klass": "tertiary", "lanes": 3.0, "maxspeed": 50.0, "surface": "asphalt", "oneway": "yes" }, "geometry": { "type": "LineString", "coordinates": [ [ 8.6767523, 49.4126694 ], [ 8.6766578, 49.4126733 ], [ 8.676613, 49.4126745 ], [ 8.6765279, 49.4126753 ] ] } },
{ "type": "Feature", "properties": { "osm_id": 25157571, "name": "Jahnstraße", "highway": "residential", "klass": "residential", "lanes": 2.0, "maxspeed": 30.0, "surface": "asphalt", "oneway": "yes" }, "geometry": { "type": "LineString", "coordinates": [ [ 8.675534, 49.4126551 ], [ 8.6755582, 49.4126136 ], [ 8.6755868, 49.412588 ], [ 8.6756346, 49.4125761 ], [ 8.6757637, 49.4125785 ] ] } },
{ "type": "Feature", "properties": { "osm_id": 25157572, "name": "Jahnstraße", "highway": "residential", "klass": "residential", "lanes": 1.0, "maxspeed": 30.0, "surface": "asphalt", "oneway": "yes" }, "geometry": { "type": "LineString", "coordinates": [ [ 8.6762513, 49.4126695 ], [ 8.6759564, 49.4126617 ], [ 8.6756292, 49.4126572 ], [ 8.675534, 49.4126551 ] ] } },
{ "type": "Feature", "properties": { "osm_id": 25157573, "name": "Im Neuenheimer Feld", "highway": "residential", "klass": "residential", "lanes": null, "maxspeed": null, "surface": "asphalt", "oneway": "yes" }, "geometry": { "type": "LineString", "coordinates": [ [ 8.675578, 49.4210073 ], [ 8.675318, 49.4213919 ], [ 8.6752118, 49.4215432 ], [ 8.6749302, 49.4219344 ] ] } },
{ "type": "Feature", "properties": { "osm_id": 25157574, "name": "Jahnstraße", "highway": "tertiary", "klass": "tertiary", "lanes": 1.0, "maxspeed": 30.0, "surface": "asphalt", "oneway": "yes" }, "geometry": { "type": "LineString", "coordinates": [ [ 8.6767559, 49.4125863 ], [ 8.6769365, 49.4125767 ] ] } },
{ "type": "Feature", "properties": { "osm_id": 25157609, "name": "Ferdinandstraße", "highway": "residential", "klass": "residential", "lanes": null, "maxspeed": 30.0, "surface": "asphalt", "oneway": null }, "geometry": { "type": "LineString", "coordinates": [ [ 8.6493245, 49.4260896 ], [ 8.6511645, 49.4264789 ] ] } },
{ "type": "Feature", "properties": { "osm_id": 25159142, "name": "Molkenkurweg", "highway": "unclassified", "klass": "unclassified", "lanes": null, "maxspeed": null, "surface": "asphalt", "oneway": null }, "geometry": { "type": "LineString", "coordinates": [ [ 8.7147522, 49.4062633 ], [ 8.7147199, 49.4063068 ], [ 8.7147092, 49.4063473 ], [ 8.7147144, 49.4063779 ], [ 8.7147239, 49.4064085 ], [ 8.7148664, 49.4067343 ], [ 8.7149325, 49.4068865 ], [ 8.7149523, 49.4069273 ] ] } },
{ "type": "Feature", "properties": { "osm_id": 25165438, "name": "Dantestraße", "highway": "living_street", "klass": "living_street", "lanes": null, "maxspeed": null, "surface": "asphalt", "oneway": "yes" }, "geometry": { "type": "LineString", "coordinates": [ [ 8.682474, 49.4000218 ], [ 8.6825002, 49.4000761 ], [ 8.6825003, 49.4001236 ], [ 8.6824851, 49.4001636 ] ] } },
{ "type": "Feature", "properties": { "osm_id": 25168012, "name": "Speyerer Straße", "highway": "primary", "klass": "primary", "lanes": 2.0, "maxspeed": 50.0, "surface": "asphalt", "oneway": "yes" }, "geometry": { "type": "LineString", "coordinates": [ [ 8.6800947, 49.4020518 ], [ 8.6800151, 49.4019853 ] ] } },
{ "type": "Feature", "properties": { "osm_id": 25168013, "name": null, "highway": "primary_link", "klass": "primary", "lanes": 1.0, "maxspeed": 50.0, "surface": "asphalt", "oneway": "yes" }, "geometry": { "type": "LineString", "coordinates": [ [ 8.680448, 49.4012648 ], [ 8.6813664, 49.400611 ] ] } },
{ "type": "Feature", "properties": { "osm_id": 25240443, "name": "Kirschnerstraße", "highway": "residential", "klass": "residential", "lanes": null, "maxspeed": 30.0, "surface": "asphalt", "oneway": "yes" }, "geometry": { "type": "LineString", "coordinates": [ [ 8.6746784, 49.4137107 ], [ 8.6749687, 49.4136647 ], [ 8.6750103, 49.4136573 ], [ 8.6751574, 49.413632 ], [ 8.6752647, 49.4136016 ] ] } },
{ "type": "Feature", "properties": { "osm_id": 25240444, "name": "Kirschnerstraße", "highway": "residential", "klass": "residential", "lanes": null, "maxspeed": 30.0, "surface": "asphalt", "oneway": null }, "geometry": { "type": "LineString", "coordinates": [ [ 8.6712126, 49.4134307 ], [ 8.6711757, 49.4134261 ], [ 8.6710991, 49.4134191 ], [ 8.6710314, 49.4134166 ], [ 8.6705818, 49.4134067 ], [ 8.6705116, 49.4134059 ], [ 8.6704311, 49.413405 ], [ 8.6702816, 49.4134028 ], [ 8.6701951, 49.4134008 ], [ 8.6701548, 49.4133998 ], [ 8.6700126, 49.4133956 ], [ 8.6696526, 49.4133915 ], [ 8.6695238, 49.4133957 ], [ 8.6694581, 49.4134089 ], [ 8.6694051, 49.4134298 ], [ 8.6693719, 49.4134489 ] ] } },
{ "type": "Feature", "properties": { "osm_id": 25293925, "name": "Sechshäuserweg", "highway": "residential", "klass": "residential", "lanes": null, "maxspeed": 10.0, "surface": "asphalt", "oneway": null }, "geometry": { "type": "LineString", "coordinates": [ [ 8.6553157, 49.4099249 ], [ 8.6551484, 49.4093763 ] ] } },
{ "type": "Feature", "properties": { "osm_id": 25293927, "name": "Ochsenkopfweg", "highway": "residential", "klass": "residential", "lanes": null, "maxspeed": null, "surface": "asphalt", "oneway": null }, "geometry": { "type": "LineString", "coordinates": [ [ 8.65293, 49.4095298 ], [ 8.6531417, 49.4102004 ] ] } },
{ "type": "Feature", "properties": { "osm_id": 25293929, "name": "Gutachweg", "highway": "residential", "klass": "residential", "lanes": null, "maxspeed": null, "surface": "asphalt", "oneway": null }, "geometry": { "type": "LineString", "coordinates": [ [ 8.6522984, 49.41032 ], [ 8.6522886, 49.4102324 ], [ 8.6521736, 49.409727 ] ] } },
{ "type": "Feature", "properties": { "osm_id": 25294366, "name": "Elsenzweg", "highway": "residential", "klass": "residential", "lanes": null, "maxspeed": 30.0, "surface": "asphalt", "oneway": null }, "geometry": { "type": "LineString", "coordinates": [ [ 8.6563501, 49.4097938 ], [ 8.6565706, 49.4104311 ], [ 8.6550976, 49.4107828 ], [ 8.6541576, 49.4110167 ], [ 8.6523018, 49.4114895 ] ] } },
{ "type": "Feature", "properties": { "osm_id": 25294367, "name": "Rainbachweg", "highway": "residential", "klass": "residential", "lanes": null, "maxspeed": null, "surface": "asphalt", "oneway": null }, "geometry": { "type": "LineString", "coordinates": [ [ 8.6541576, 49.4110167 ], [ 8.6539176, 49.4101021 ] ] } },
{ "type": "Feature", "properties": { "osm_id": 25296191, "name": "Bonhoefferstraße", "highway": "living_street", "klass": "living_street", "lanes": null, "maxspeed": null, "surface": "asphalt", "oneway": null }, "geometry": { "type": "LineString", "coordinates": [ [ 8.6513433, 49.4129249 ], [ 8.6513507, 49.412635 ] ] } },
{ "type": "Feature", "properties": { "osm_id": 25297210, "name": "Ludwig-Guttmann-Straße", "highway": "residential", "klass": "residential", "lanes": null, "maxspeed": 30.0, "surface": "asphalt", "oneway": null }, "geometry": { "type": "LineString", "coordinates": [ [ 8.6500057, 49.4137149 ], [ 8.6499246, 49.4137562 ], [ 8.6499045, 49.4138197 ], [ 8.6498664, 49.414038 ], [ 8.6498395, 49.4141724 ], [ 8.6498765, 49.4142226 ], [ 8.649893, 49.4142307 ], [ 8.6499391, 49.4142533 ], [ 8.649994, 49.4143004 ], [ 8.6499841, 49.4143422 ], [ 8.6499318, 49.414374 ], [ 8.649883, 49.4143791 ], [ 8.6498415, 49.4143635 ], [ 8.6498284, 49.4143412 ], [ 8.6498223, 49.4142852 ], [ 8.6498395, 49.4141724 ] ] } },
{ "type": "Feature", "properties": { "osm_id": 25297211, "name": "Ludwig-Guttmann-Straße", "highway": "residential", "klass": "residential", "lanes": null, "maxspeed": 30.0, "surface": "asphalt", "oneway": null }, "geometry": { "type": "LineString", "coordinates": [ [ 8.6522289, 49.4137351 ], [ 8.651564, 49.4136983 ], [ 8.6509116, 49.4136682 ], [ 8.6504323, 49.4136524 ], [ 8.6501596, 49.413671 ], [ 8.6500057, 49.4137149 ] ] } },
{ "type": "Feature", "properties": { "osm_id": 25304144, "name": "Blücherstraße", "highway": "tertiary", "klass": "tertiary", "lanes": null, "maxspeed": 30.0, "surface": "asphalt", "oneway": "no" }, "geometry": { "type": "LineString", "coordinates": [ [ 8.6709372, 49.4070558 ], [ 8.670429, 49.4070576 ], [ 8.6701262, 49.4070634 ], [ 8.6698967, 49.4070674 ], [ 8.6696198, 49.4070731 ], [ 8.6695191, 49.407075 ], [ 8.6694175, 49.4070769 ], [ 8.669387, 49.4070775 ], [ 8.6690802, 49.4070855 ], [ 8.6688122, 49.4070884 ], [ 8.6686397, 49.4070913 ], [ 8.6685983, 49.407092 ], [ 8.6685342, 49.407093 ] ] } },
{ "type": "Feature", "properties": { "osm_id": 25304145, "name": "Blücherstraße", "highway": "tertiary", "klass": "tertiary", "lanes": 1.0, "maxspeed": 30.0, "surface": "asphalt", "oneway": "yes" }, "geometry": { "type": "LineString", "coordinates": [ [ 8.6714632, 49.4071049 ], [ 8.6713155, 49.4070687 ], [ 8.6711458, 49.4070579 ], [ 8.6709372, 49.4070558 ] ] } },
{ "type": "Feature", "properties": { "osm_id": 25325391, "name": "Werderplatz", "highway": "residential", "klass": "residential", "lanes": null, "maxspeed": 30.0, "surface": "asphalt", "oneway": null }, "geometry": { "type": "LineString", "coordinates": [ [ 8.6868406, 49.4210539 ], [ 8.6868937, 49.4207435 ], [ 8.686957, 49.4203997 ], [ 8.6869836, 49.4202468 ] ] } },
{ "type": "Feature", "properties": { "osm_id": 25325392, "name": "Roonstraße", "highway": "residential", "klass": "residential", "lanes": null, "maxspeed": 30.0, "surface": "asphalt", "oneway": "yes" }, "geometry": { "type": "LineString", "coordinates": [ [ 8.6896525, 49.4205139 ], [ 8.6896302, 49.4205103 ], [ 8.6886011, 49.4203935 ], [ 8.6869836, 49.4202468 ] ] } },
{ "type": "Feature", "properties": { "osm_id": 25325393, "name": "Weberstraße", "highway": "residential", "klass": "residential", "lanes": null, "maxspeed": 30.0, "surface": "asphalt", "oneway": "yes" }, "geometry": { "type": "LineString", "coordinates": [ [ 8.6903922, 49.4185256 ], [ 8.6899536, 49.4185111 ], [ 8.688647, 49.4184645 ], [ 8.6873637, 49.4184278 ], [ 8.6872976, 49.4184251 ] ] } },
{ "type": "Feature", "properties": { "osm_id": 25325395, "name": "Lutherstraße", "highway": "residential", "klass": "residential", "lanes": null, "maxspeed": 30.0, "surface": "asphalt", "oneway": "yes" }, "geometry": { "type": "LineString", "coordinates": [ [ 8.6904406, 49.4190052 ], [ 8.6903919, 49.4189496 ], [ 8.690372, 49.4189167 ], [ 8.6903669, 49.4188877 ], [ 8.6903902, 49.4185544 ], [ 8.6903922, 49.4185256 ] ] } },
{ "type": "Feature", "properties": { "osm_id": 25325396, "name": "Lutherstraße", "highway": "residential", "klass": "residential", "lanes": 2.0, "maxspeed": 30.0, "surface": "asphalt", "oneway": null }, "geometry": { "type": "LineString", "coordinates": [ [ 8.6901513, 49.4139082 ], [ 8.6901503, 49.4142487 ], [ 8.6901473, 49.4144333 ], [ 8.6901681, 49.414491 ] ] } },
{ "type": "Feature", "properties": { "osm_id": 25325397, "name": "Erwin-Rohde-Straße", "highway": "residential", "klass": "residential", "lanes": null, "maxspeed": 30.0, "surface": "asphalt", "oneway": "yes" }, "geometry": { "type": "LineString", "coordinates": [ [ 8.6887927, 49.4173947 ], [ 8.6887926, 49.4174337 ], [ 8.6887456, 49.4179296 ], [ 8.6887103, 49.4181944 ], [ 8.688647, 49.4184645 ], [ 8.6885388, 49.4189635 ], [ 8.6883976, 49.4196298 ] ] } },
{ "type": "Feature", "properties": { "osm_id": 25340617, "name": "Im Neuenheimer Feld", "highway": "residential", "klass": "residential", "lanes": null, "maxspeed": 50.0, "surface": "asphalt", "oneway": "yes" }, "geometry": { "type": "LineString", "coordinates": [ [ 8.6657481, 49.4191154 ], [ 8.6659447, 49.4190832 ], [ 8.6662921, 49.4190653 ], [ 8.6663939, 49.4190646 ], [ 8.6664943, 49.4190637 ], [ 8.6666141, 49.4190638 ], [ 8.6669523, 49.4190661 ], [ 8.6671807, 49.4190669 ] ] } },
{ "type": "Feature", "properties": { "osm_id": 25340618, "name": "Im Neuenheimer Feld", "highway": "residential", "klass": "residential", "lanes": null, "maxspeed": 50.0, "surface": "asphalt", "oneway": "yes" }, "geometry": { "type": "LineString", "coordinates": [ [ 8.6668964, 49.4191449 ], [ 8.6666446, 49.4191395 ], [ 8.6663945, 49.4191338 ], [ 8.6662994, 49.4191335 ], [ 8.6659391, 49.4191379 ], [ 8.6657481, 49.4191154 ] ] } },
{ "type": "Feature", "properties": { "osm_id": 25340619, "name": "Im Neuenheimer Feld", "highway": "residential", "klass": "residential", "lanes": 2.0, "maxspeed": 50.0, "surface": "asphalt", "oneway": null }, "geometry": { "type": "LineString", "coordinates": [ [ 8.6678481, 49.4191182 ], [ 8.6682421, 49.419139 ] ] } },
{ "type": "Feature", "properties": { "osm_id": 25340629, "name": "Im Neuenheimer Feld", "highway": "residential", "klass": "residential", "lanes": 1.0, "maxspeed": null, "surface": "asphalt", "oneway": "yes" }, "geometry": { "type": "LineString", "coordinates": [ [ 8.6678811, 49.4188941 ], [ 8.6679518, 49.4189565 ], [ 8.6679909, 49.4189912 ], [ 8.6680701, 49.4190424 ], [ 8.6682421, 49.419139 ] ] } },
{ "type": "Feature", "properties": { "osm_id": 25514938, "name": "Oftersheimer Weg", "highway": "residential", "klass": "residential", "lanes": 1.0, "maxspeed": 30.0, "surface": "asphalt", "oneway": "yes" }, "geometry": { "type": "LineString", "coordinates": [ [ 8.664032, 49.3911091 ], [ 8.663676, 49.3910109 ] ] } },
{ "type": "Feature", "properties": { "osm_id": 25514946, "name": "Margot-Becke-Ring", "highway": "residential", "klass": "residential", "lanes": null, "maxspeed": null, "surface": "asphalt", "oneway": null }, "geometry": { "type": "LineString", "coordinates": [ [ 8.6762139, 49.3931248 ], [ 8.6760849, 49.3931445 ] ] } },
{ "type": "Feature", "properties": { "osm_id": 25514949, "name": "Margot-Becke-Ring", "highway": "residential", "klass": "residential", "lanes": null, "maxspeed": 30.0, "surface": null, "oneway": null }, "geometry": { "type": "LineString", "coordinates": [ [ 8.6736191, 49.3934849 ], [ 8.6734877, 49.3931369 ] ] } },
{ "type": "Feature", "properties": { "osm_id": 25622830, "name": "Harbigweg", "highway": "residential", "klass": "residential", "lanes": 2.0, "maxspeed": 30.0, "surface": "asphalt", "oneway": null }, "geometry": { "type": "LineString", "coordinates": [ [ 8.6665546, 49.3875469 ], [ 8.6665512, 49.3876769 ], [ 8.6665413, 49.3880611 ], [ 8.6665198, 49.3889535 ], [ 8.6665038, 49.3894969 ], [ 8.6664842, 49.3901637 ], [ 8.6664793, 49.3903319 ], [ 8.6664869, 49.3903869 ], [ 8.6665037, 49.3904275 ] ] } },
{ "type": "Feature", "properties": { "osm_id": 25704191, "name": "Zeppelinstraße", "highway": "residential", "klass": "residential", "lanes": null, "maxspeed": 30.0, "surface": "asphalt", "oneway": null }, "geometry": { "type": "LineString", "coordinates": [ [ 8.684698, 49.4239254 ], [ 8.6848616, 49.4237362 ], [ 8.6849641, 49.4235771 ], [ 8.6850488, 49.4234094 ], [ 8.685121, 49.4231887 ] ] } },
{ "type": "Feature", "properties": { "osm_id": 25769650, "name": "Im Neuenheimer Feld", "highway": "residential", "klass": "residential", "lanes": null, "maxspeed": 30.0, "surface": "asphalt", "oneway": "yes" }, "geometry": { "type": "LineString", "coordinates": [ [ 8.6604762, 49.4229444 ], [ 8.6603459, 49.4229148 ], [ 8.6602604, 49.4228907 ], [ 8.6602262, 49.4228795 ], [ 8.6600893, 49.4228395 ], [ 8.6602086, 49.4228256 ], [ 8.6603129, 49.4228049 ], [ 8.6614925, 49.4230985 ], [ 8.6615281, 49.4231215 ], [ 8.6615287, 49.4231525 ], [ 8.6615111, 49.4231737 ] ] } },
{ "type": "Feature", "properties": { "osm_id": 25805243, "name": "Froschäckerweg", "highway": "residential", "klass": "residential", "lanes": 1.0, "maxspeed": 30.0, "surface": "asphalt", "oneway": "yes" }, "geometry": { "type": "LineString", "coordinates": [ [ 8.683285, 49.4251111 ], [ 8.6836752, 49.4252684 ], [ 8.6842572, 49.4258386 ], [ 8.684286, 49.4258664 ], [ 8.6842957, 49.425878 ] ] } },
{ "type": "Feature", "properties": { "osm_id": 25806374, "name": "Im Gabelacker", "highway": "residential", "klass": "residential", "lanes": 2.0, "maxspeed": 30.0, "surface": "asphalt", "oneway": null }, "geometry": { "type": "LineString", "coordinates": [ [ 8.6774168, 49.4184645 ], [ 8.6782418, 49.4185963 ], [ 8.6782848, 49.4186038 ], [ 8.6783313, 49.4186111 ], [ 8.6792643, 49.4187512 ], [ 8.6793201, 49.4187603 ] ] } },
{ "type": "Feature", "properties": { "osm_id": 25806377, "name": "Wilckensstraße", "highway": "residential", "klass": "residential", "lanes": 1.0, "maxspeed": 30.0, "surface": "asphalt", "oneway": "yes" }, "geometry": { "type": "LineString", "coordinates": [ [ 8.6801545, 49.4171932 ], [ 8.6801885, 49.4170892 ], [ 8.6802852, 49.4167855 ], [ 8.6803152, 49.4166367 ], [ 8.6803565, 49.4164044 ], [ 8.6803741, 49.4157914 ], [ 8.6803668, 49.4157316 ], [ 8.6803671, 49.4157006 ], [ 8.6804407, 49.414538 ], [ 8.680446, 49.4144976 ] ] } },
{ "type": "Feature", "properties": { "osm_id": 25806378, "name": "Im Bäckerfeld", "highway": "residential", "klass": "residential", "lanes": 2.0, "maxspeed": 30.0, "surface": "asphalt", "oneway": null }, "geometry": { "type": "LineString", "coordinates": [ [ 8.6782848, 49.4186038 ], [ 8.6782691, 49.4186337 ], [ 8.6778885, 49.4194085 ] ] } },
{ "type": "Feature", "properties": { "osm_id": 25806382, "name": "Gotheinstraße", "highway": "residential", "klass": "residential", "lanes": null, "maxspeed": 30.0, "surface": "asphalt", "oneway": null }, "geometry": { "type": "LineString", "coordinates": [ [ 8.6798278, 49.4199299 ], [ 8.67984, 49.4198884 ], [ 8.6800265, 49.4194656 ] ] } },
{ "type": "Feature", "properties": { "osm_id": 25806952, "name": "Langgewann", "highway": "living_street", "klass": "living_street", "lanes": null, "maxspeed": null, "surface": "paving_stones", "oneway": null }, "geometry": { "type": "LineString", "coordinates": [ [ 8.6772601, 49.4205585 ], [ 8.677142, 49.4205491 ], [ 8.6766383, 49.4205462 ], [ 8.6765518, 49.4205466 ] ] } },
{ "type": "Feature", "properties": { "osm_id": 25813138, "name": "Hofmeisterweg", "highway": "residential", "klass": "residential", "lanes": 2.0, "maxspeed": 30.0, "surface": "asphalt", "oneway": null }, "geometry": { "type": "LineString", "coordinates": [ [ 8.6692772, 49.4140196 ], [ 8.6692626, 49.4140335 ], [ 8.6692312, 49.4140458 ], [ 8.6691916, 49.4140572 ], [ 8.6691298, 49.4140703 ], [ 8.6688341, 49.4141295 ], [ 8.6682917, 49.4142361 ], [ 8.6680969, 49.4142767 ], [ 8.6674863, 49.4144035 ], [ 8.6667163, 49.414555 ], [ 8.666644, 49.4145692 ] ] } },
{ "type": "Feature", "properties": { "osm_id": 25813942, "name": "Am Römerbad", "highway": "residential", "klass": "residential", "lanes": 1.0, "maxspeed": 30.0, "surface": "asphalt", "oneway": "yes" }, "geometry": { "type": "LineString", "coordinates": [ [ 8.6786186, 49.4116985 ], [ 8.6784945, 49.4126533 ], [ 8.6784884, 49.4127002 ] ] } },
{ "type": "Feature", "properties": { "osm_id": 25814475, "name": "Wilckensstraße", "highway": "residential", "klass": "residential", "lanes": 1.0, "maxspeed": 30.0, "surface": "asphalt", "oneway": null }, "geometry": { "type": "LineString", "coordinates": [ [ 8.6801545, 49.4171932 ], [ 8.6801244, 49.4172729 ], [ 8.6797528, 49.4179533 ], [ 8.6797322, 49.4179961 ], [ 8.6797135, 49.4180349 ], [ 8.6793328, 49.418733 ], [ 8.6793201, 49.4187603 ], [ 8.6793021, 49.4187976 ], [ 8.6791004, 49.419182 ], [ 8.6787977, 49.4197205 ], [ 8.6787668, 49.4197754 ] ] } },
{ "type": "Feature", "properties": { "osm_id": 25814478, "name": "Gerhart-Hauptmann-Straße", "highway": "residential", "klass": "residential", "lanes": 1.0, "maxspeed": 30.0, "surface": "asphalt", "oneway": "yes" }, "geometry": { "type": "LineString", "coordinates": [ [ 8.6833566, 49.4143501 ], [ 8.683292, 49.4143664 ], [ 8.6828056, 49.4144826 ], [ 8.6823899, 49.4145466 ], [ 8.6823388, 49.4145538 ], [ 8.6822872, 49.4145635 ], [ 8.6817768, 49.4145993 ], [ 8.6815696, 49.4146054 ], [ 8.6814702, 49.4145994 ], [ 8.6813711, 49.4145935 ], [ 8.68119, 49.414586 ], [ 8.6807933, 49.4145381 ], [ 8.6807328, 49.4145308 ], [ 8.6806623, 49.4145246 ], [ 8.6805079, 49.414505 ], [ 8.680446, 49.4144976 ], [ 8.6803843, 49.4144865 ], [ 8.6803235, 49.4144742 ], [ 8.6798402, 49.4144111 ], [ 8.6792841, 49.4143521 ], [ 8.6792099, 49.4143471 ], [ 8.6791255, 49.4143415 ] ] } },
{ "type": "Feature", "properties": { "osm_id": 25815324, "name": "Kastellweg", "highway": "residential", "klass": "residential", "lanes": 1.0, "maxspeed": 30.0, "surface": "asphalt", "oneway": "yes" }, "geometry": { "type": "LineString", "coordinates": [ [ 8.6793525, 49.4131626 ], [ 8.6792183, 49.4138242 ], [ 8.6792037, 49.4142996 ], [ 8.6792099, 49.4143471 ], [ 8.6792155, 49.4143981 ], [ 8.6791963, 49.4145575 ], [ 8.6791904, 49.4147103 ], [ 8.6791816, 49.4148318 ], [ 8.6791766, 49.4149019 ], [ 8.6791653, 49.4150994 ], [ 8.6791481, 49.4153967 ], [ 8.6791504, 49.4154423 ], [ 8.6791655, 49.415511 ], [ 8.6792092, 49.4156779 ], [ 8.6792198, 49.4157151 ], [ 8.67923, 49.4157645 ], [ 8.6792187, 49.4159887 ], [ 8.6791969, 49.4164234 ], [ 8.679109, 49.4169858 ], [ 8.6790967, 49.4170467 ] ] } },
{ "type": "Feature", "properties": { "osm_id": 25815325, "name": "Wielandtstraße", "highway": "residential", "klass": "residential", "lanes": 2.0, "maxspeed": 30.0, "surface": "asphalt", "oneway": "yes" }, "geometry": { "type": "LineString", "coordinates": [ [ 8.6807328, 49.4145308 ], [ 8.6807498, 49.4144806 ], [ 8.6808503, 49.414178 ], [ 8.6808938, 49.4141316 ], [ 8.6810925, 49.4140885 ], [ 8.6811534, 49.4140753 ], [ 8.6812367, 49.4140571 ] ] } },
{ "type": "Feature", "properties": { "osm_id": 25815326, "name": "Furchgasse", "highway": "residential", "klass": "residential", "lanes": 2.0, "maxspeed": 30.0, "surface": "asphalt", "oneway": null }, "geometry": { "type": "LineString", "coordinates": [ [ 8.6810859, 49.4137328 ], [ 8.6812444, 49.4135398 ], [ 8.681303, 49.4134766 ] ] } },
{ "type": "Feature", "properties": { "osm_id": 25815332, "name": "Schröderstraße", "highway": "residential", "klass": "residential", "lanes": 2.0, "maxspeed": 30.0, "surface": "asphalt", "oneway": null }, "geometry": { "type": "LineString", "coordinates": [ [ 8.6780206, 49.4157117 ], [ 8.6790349, 49.4157201 ], [ 8.6791637, 49.4157175 ], [ 8.6792198, 49.4157151 ] ] } },
{ "type": "Feature", "properties": { "osm_id": 25815333, "name": "Rufinusplatz", "highway": "residential", "klass": "residential", "lanes": 2.0, "maxspeed": 30.0, "surface": "asphalt", "oneway": null }, "geometry": { "type": "LineString", "coordinates": [ [ 8.6779459, 49.415435 ], [ 8.6785165, 49.4154399 ], [ 8.6790876, 49.4154421 ], [ 8.6791504, 49.4154423 ] ] } },
{ "type": "Feature", "properties": { "osm_id": 25912833, "name": "Friedrich-Ebert-Anlage", "highway": "secondary", "klass": "secondary", "lanes": 2.0, "maxspeed": 50.0, "surface": "asphalt", "oneway": "yes" }, "geometry": { "type": "LineString", "coordinates": [ [ 8.7068293, 49.4091092 ], [ 8.7067265, 49.4091313 ] ] } },
{ "type": "Feature", "properties": { "osm_id": 25917410, "name": "Bierhelderhofweg", "highway": "tertiary", "klass": "tertiary", "lanes": 2.0, "maxspeed": null, "surface": "asphalt", "oneway": null }, "geometry": { "type": "LineString", "coordinates": [ [ 8.7034209, 49.3951247 ], [ 8.703489, 49.3951337 ], [ 8.7035295, 49.3951359 ], [ 8.7035611, 49.3951356 ], [ 8.7035969, 49.3951323 ], [ 8.7036596, 49.3951225 ], [ 8.7037171, 49.3951086 ], [ 8.7037661, 49.3950939 ], [ 8.7037979, 49.3950798 ], [ 8.7038226, 49.3950663 ], [ 8.7038355, 49.3950577 ], [ 8.7038522, 49.395043 ], [ 8.7038687, 49.3950199 ], [ 8.7038748, 49.3950033 ], [ 8.7038778, 49.3949905 ], [ 8.7038789, 49.3949754 ], [ 8.7038784, 49.3949703 ], [ 8.7038777, 49.3949621 ], [ 8.7038738, 49.3949489 ], [ 8.7038655, 49.3949338 ], [ 8.7038587, 49.3949231 ], [ 8.7038475, 49.3949099 ], [ 8.7038325, 49.3948945 ], [ 8.7037122, 49.3948031 ], [ 8.7035563, 49.3946734 ], [ 8.7034818, 49.3945931 ], [ 8.7034555, 49.3945534 ], [ 8.7034386, 49.3945218 ], [ 8.7034249, 49.3944828 ], [ 8.7034176, 49.3944383 ], [ 8.7034165, 49.3943733 ], [ 8.7034256, 49.3943011 ], [ 8.7035195, 49.3939199 ], [ 8.7035375, 49.3938254 ], [ 8.7035417, 49.3937583 ], [ 8.7035428, 49.3936008 ], [ 8.7035302, 49.3934316 ], [ 8.7035084, 49.3931998 ], [ 8.7035071, 49.393127 ], [ 8.7035142, 49.3930567 ], [ 8.7035312, 49.3929796 ], [ 8.7035534, 49.3928877 ], [ 8.7035624, 49.3928306 ], [ 8.7035628, 49.3927885 ], [ 8.7035543, 49.3927546 ], [ 8.7035455, 49.3927352 ], [ 8.7035322, 49.3927189 ], [ 8.7035142, 49.3927056 ], [ 8.7034902, 49.392694 ], [ 8.7034625, 49.392686 ], [ 8.7034356, 49.3926814 ], [ 8.7034064, 49.3926789 ], [ 8.7033821, 49.3926788 ], [ 8.7033555, 49.3926817 ], [ 8.7033103, 49.3926927 ], [ 8.7032566, 49.3927136 ], [ 8.7031777, 49.3927455 ], [ 8.7030672, 49.392805 ], [ 8.7030192, 49.3928348 ], [ 8.7029711, 49.3928704 ], [ 8.7029503, 49.3928899 ], [ 8.7029304, 49.3929118 ], [ 8.7028988, 49.3929563 ], [ 8.7028552, 49.3930214 ], [ 8.7028157, 49.3930755 ], [ 8.7027829, 49.3931096 ], [ 8.7027563, 49.3931255 ], [ 8.7027294, 49.3931364 ], [ 8.7027009, 49.3931426 ], [ 8.7026823, 49.3931446 ], [ 8.7026657, 49.3931449 ], [ 8.702646, 49.3931442 ], [ 8.7026305, 49.393142 ], [ 8.7026174, 49.3931391 ], [ 8.7025998, 49.3931341 ], [ 8.7025891, 49.3931296 ], [ 8.7025807, 49.3931255 ], [ 8.7025691, 49.3931179 ], [ 8.702561, 49.3931103 ], [ 8.7025545, 49.3931021 ], [ 8.7025493, 49.3930932 ], [ 8.7025446, 49.3930837 ], [ 8.7025408, 49.3930722 ], [ 8.7025382, 49.3930629 ], [ 8.7025372, 49.3930518 ], [ 8.7025375, 49.3930434 ], [ 8.7025397, 49.3930312 ], [ 8.7025421, 49.3930216 ], [ 8.7025472, 49.3930104 ], [ 8.7025926, 49.3929315 ], [ 8.7026396, 49.3928509 ], [ 8.7026832, 49.3927716 ], [ 8.7027314, 49.3926677 ], [ 8.7027726, 49.39256 ], [ 8.7028536, 49.3923369 ], [ 8.7028882, 49.392238 ], [ 8.7028993, 49.3922051 ], [ 8.7029073, 49.3921746 ], [ 8.7029092, 49.3921561 ], [ 8.7029084, 49.3921358 ], [ 8.7029061, 49.3921177 ], [ 8.7029006, 49.3920985 ], [ 8.7028933, 49.3920825 ], [ 8.7028857, 49.3920694 ], [ 8.7028731, 49.3920531 ], [ 8.7028596, 49.3920376 ], [ 8.7028431, 49.3920219 ], [ 8.7028197, 49.3920012 ], [ 8.7027817, 49.391972 ], [ 8.702761, 49.3919555 ], [ 8.7027437, 49.3919405 ], [ 8.7027129, 49.3919127 ], [ 8.7026882, 49.3918891 ], [ 8.7026714, 49.39187 ] ] } },
{ "type": "Feature", "properties": { "osm_id": 25917442, "name": "Steigerweg", "highway": "tertiary", "klass": "tertiary", "lanes": null, "maxspeed": 30.0, "surface": "asphalt", "oneway": null }, "geometry": { "type": "LineString", "coordinates": [ [ 8.6920917, 49.3993247 ], [ 8.6921067, 49.3993099 ], [ 8.6921712, 49.3992173 ], [ 8.6922271, 49.3991438 ], [ 8.6922688, 49.3990582 ], [ 8.6922861, 49.3990201 ], [ 8.6923082, 49.3989713 ], [ 8.6923539, 49.398888 ], [ 8.6924007, 49.3988126 ], [ 8.6924451, 49.3987626 ], [ 8.6924814, 49.3987216 ], [ 8.6925425, 49.3986523 ], [ 8.6926078, 49.3985887 ], [ 8.6927899, 49.3984366 ], [ 8.6928314, 49.3983896 ], [ 8.6928632, 49.398353 ], [ 8.6928812, 49.3983262 ], [ 8.6929029, 49.3982963 ], [ 8.6929965, 49.3981273 ], [ 8.6930071, 49.3981091 ], [ 8.6930605, 49.3980169 ], [ 8.6931035, 49.3979521 ], [ 8.693126, 49.3979216 ], [ 8.6931497, 49.3978936 ], [ 8.69318, 49.3978691 ], [ 8.693255, 49.3978166 ], [ 8.6933244, 49.3977789 ], [ 8.6934132, 49.397732 ], [ 8.6935037, 49.3976911 ], [ 8.6935903, 49.3976595 ], [ 8.6937757, 49.3976059 ] ] } },
{ "type": "Feature", "properties": { "osm_id": 25963414, "name": "Andreas-Hofer-Weg", "highway": "residential", "klass": "residential", "lanes": 2.0, "maxspeed": 30.0, "surface": "asphalt", "oneway": null }, "geometry": { "type": "LineString", "coordinates": [ [ 8.678446, 49.4273965 ], [ 8.678343, 49.42725 ], [ 8.6783228, 49.4271818 ], [ 8.6783188, 49.4271047 ], [ 8.6783168, 49.4270562 ], [ 8.67834, 49.4270013 ], [ 8.6785586, 49.4265731 ], [ 8.6788722, 49.4261256 ], [ 8.6793168, 49.4254609 ], [ 8.6796125, 49.4250648 ], [ 8.6801603, 49.4242901 ], [ 8.6802035, 49.4242421 ], [ 8.6802368, 49.4242057 ] ] } },
{ "type": "Feature", "properties": { "osm_id": 25974113, "name": "Poststraße", "highway": "residential", "klass": "residential", "lanes": null, "maxspeed": 30.0, "surface": "asphalt", "oneway": "yes" }, "geometry": { "type": "LineString", "coordinates": [ [ 8.6921975, 49.4082581 ], [ 8.6922507, 49.4082546 ], [ 8.6922794, 49.408257 ], [ 8.692303, 49.408255 ], [ 8.6923225, 49.4082503 ], [ 8.692334, 49.4082476 ] ] } },
{ "type": "Feature", "properties": { "osm_id": 25974115, "name": "Poststraße", "highway": "residential", "klass": "residential", "lanes": null, "maxspeed": 30.0, "surface": "asphalt", "oneway": "yes" }, "geometry": { "type": "LineString", "coordinates": [ [ 8.6923957, 49.4083709 ], [ 8.6923629, 49.4083421 ], [ 8.692328, 49.4083191 ], [ 8.6922891, 49.4082995 ], [ 8.6922445, 49.4082842 ], [ 8.6921975, 49.4082581 ] ] } },
{ "type": "Feature", "properties": { "osm_id": 25974116, "name": "Poststraße", "highway": "residential", "klass": "residential", "lanes": null, "maxspeed": 30.0, "surface": "asphalt", "oneway": null }, "geometry": { "type": "LineString", "coordinates": [ [ 8.6864283, 49.4070652 ], [ 8.6864806, 49.4070521 ], [ 8.6865298, 49.4070524 ], [ 8.6865551, 49.4070541 ], [ 8.6866559, 49.4070748 ], [ 8.6868935, 49.4071289 ], [ 8.6872459, 49.407208 ], [ 8.6878711, 49.407346 ], [ 8.6880074, 49.4073791 ], [ 8.6880848, 49.4073974 ], [ 8.6882289, 49.4074328 ], [ 8.6882555, 49.4074393 ], [ 8.6883095, 49.4074523 ], [ 8.6883466, 49.4074629 ], [ 8.6883808, 49.4074727 ], [ 8.6885197, 49.4075123 ], [ 8.6887445, 49.4075758 ], [ 8.6890458, 49.4076626 ], [ 8.6891204, 49.4076835 ], [ 8.6892985, 49.4077288 ] ] } },
{ "type": "Feature", "properties": { "osm_id": 26006145, "name": "Hofmeisterweg", "highway": "residential", "klass": "residential", "lanes": 2.0, "maxspeed": 10.0, "surface": "asphalt", "oneway": "yes" }, "geometry": { "type": "LineString", "coordinates": [ [ 8.6655, 49.4146381 ], [ 8.6656352, 49.4146087 ], [ 8.6656842, 49.4146178 ], [ 8.6657171, 49.4146317 ], [ 8.6658811, 49.4147283 ] ] } },
{ "type": "Feature", "properties": { "osm_id": 26072510, "name": "Zeppelinstraße", "highway": "residential", "klass": "residential", "lanes": 2.0, "maxspeed": 30.0, "surface": "asphalt", "oneway": "yes" }, "geometry": { "type": "LineString", "coordinates": [ [ 8.680262, 49.4291446 ], [ 8.6805338, 49.4284327 ], [ 8.6805805, 49.428346 ], [ 8.6807009, 49.4281273 ], [ 8.6808251, 49.4278797 ] ] } },
{ "type": "Feature", "properties": { "osm_id": 26072515, "name": "Schröderstraße", "highway": "residential", "klass": "residential", "lanes": 1.0, "maxspeed": 30.0, "surface": "asphalt", "oneway": "yes" }, "geometry": { "type": "LineString", "coordinates": [ [ 8.687763, 49.415759 ], [ 8.6878741, 49.4157626 ], [ 8.6888305, 49.4157915 ], [ 8.6896658, 49.4158168 ], [ 8.6901747, 49.4158383 ], [ 8.6902653, 49.4158411 ], [ 8.6903629, 49.4158431 ], [ 8.6909845, 49.4158528 ], [ 8.6919358, 49.4158874 ], [ 8.6920183, 49.4158891 ], [ 8.6920467, 49.4158896 ], [ 8.6920656, 49.41589 ] ] } },
{ "type": "Feature", "properties": { "osm_id": 26072517, "name": "Maulbeerweg", "highway": "residential", "klass": "residential", "lanes": 1.0, "maxspeed": 30.0, "surface": "asphalt", "oneway": "yes" }, "geometry": { "type": "LineString", "coordinates": [ [ 8.6826759, 49.4173873 ], [ 8.6826747, 49.4173185 ], [ 8.682678, 49.4172714 ], [ 8.6826786, 49.4172375 ], [ 8.6826733, 49.4164972 ], [ 8.6825712, 49.4157788 ], [ 8.6825717, 49.4157378 ], [ 8.682569, 49.4157013 ], [ 8.6823608, 49.4146012 ], [ 8.6823388, 49.4145538 ] ] } },
{ "type": "Feature", "properties": { "osm_id": 26072519, "name": "Remlerstraße", "highway": "residential", "klass": "residential", "lanes": 1.0, "maxspeed": 30.0, "surface": "asphalt", "oneway": "yes" }, "geometry": { "type": "LineString", "coordinates": [ [ 8.6837606, 49.4165476 ], [ 8.6836888, 49.416547 ], [ 8.6826733, 49.4164972 ], [ 8.6823352, 49.4165082 ], [ 8.6817623, 49.4165752 ], [ 8.6816561, 49.4165902 ] ] } },
{ "type": "Feature", "properties": { "osm_id": 26072523, "name": "Kastellweg", "highway": "residential", "klass": "residential", "lanes": null, "maxspeed": 30.0, "surface": "asphalt", "oneway": null }, "geometry": { "type": "LineString", "coordinates": [ [ 8.6796349, 49.4124828 ], [ 8.6799521, 49.4119643 ], [ 8.679976, 49.4119253 ] ] } },
{ "type": "Feature", "properties": { "osm_id": 26072524, "name": "Furchgasse", "highway": "residential", "klass": "residential", "lanes": 1.0, "maxspeed": 30.0, "surface": "asphalt", "oneway": "yes" }, "geometry": { "type": "LineString", "coordinates": [ [ 8.6817718, 49.4125591 ], [ 8.6817983, 49.412614 ], [ 8.6818138, 49.4126659 ], [ 8.6818103, 49.4127039 ], [ 8.6817969, 49.4127417 ], [ 8.6817393, 49.4128435 ], [ 8.6816005, 49.4130594 ], [ 8.6813553, 49.4134152 ], [ 8.681303, 49.4134766 ] ] } },
{ "type": "Feature", "properties": { "osm_id": 26112003, "name": "Blücherstraße", "highway": "tertiary", "klass": "tertiary", "lanes": 1.0, "maxspeed": 30.0, "surface": "asphalt", "oneway": "yes" }, "geometry": { "type": "LineString", "coordinates": [ [ 8.6709372, 49.4070558 ], [ 8.6709691, 49.4070408 ], [ 8.6710007, 49.407026 ], [ 8.6710574, 49.4069932 ], [ 8.6710791, 49.4069664 ] ] } },
{ "type": "Feature", "properties": { "osm_id": 26112028, "name": "Theodor-Körner-Straße", "highway": "residential", "klass": "residential", "lanes": null, "maxspeed": 30.0, "surface": "asphalt", "oneway": "no" }, "geometry": { "type": "LineString", "coordinates": [ [ 8.668228, 49.4077815 ], [ 8.6682348, 49.4078019 ], [ 8.6682487, 49.4078208 ], [ 8.668269, 49.4078369 ], [ 8.6682945, 49.4078496 ], [ 8.6683273, 49.4078587 ], [ 8.6683626, 49.4078619 ], [ 8.6685367, 49.4078596 ], [ 8.6688553, 49.4078528 ], [ 8.6690613, 49.4078484 ], [ 8.6694132, 49.4078408 ], [ 8.6695982, 49.4078367 ], [ 8.6699276, 49.4078296 ], [ 8.6701592, 49.4078248 ], [ 8.6702525, 49.4078228 ], [ 8.6704074, 49.4078196 ] ] } },
{ "type": "Feature", "properties": { "osm_id": 26112030, "name": "Theodor-Körner-Straße", "highway": "residential", "klass": "residential", "lanes": null, "maxspeed": 30.0, "surface": "asphalt", "oneway": "yes" }, "geometry": { "type": "LineString", "coordinates": [ [ 8.6713772, 49.4077987 ], [ 8.6715811, 49.4079688 ] ] } },
{ "type": "Feature", "properties": { "osm_id": 26113743, "name": "Czernyring", "highway": "secondary", "klass": "secondary", "lanes": 5.0, "maxspeed": 50.0, "surface": "asphalt", "oneway": null }, "geometry": { "type": "LineString", "coordinates": [ [ 8.6711231, 49.4037871 ], [ 8.6713188, 49.4036143 ], [ 8.6717238, 49.4032948 ], [ 8.6717515, 49.403274 ], [ 8.6718698, 49.4031931 ], [ 8.6719189, 49.4031595 ], [ 8.6720133, 49.4030993 ], [ 8.6720724, 49.4030616 ], [ 8.6720893, 49.4030509 ] ] } },
{ "type": "Feature", "properties": { "osm_id": 26332270, "name": "Hospitalstraße", "highway": "residential", "klass": "residential", "lanes": null, "maxspeed": 30.0, "surface": "asphalt", "oneway": "yes" }, "geometry": { "type": "LineString", "coordinates": [ [ 8.689527, 49.4097118 ], [ 8.6897969, 49.4090765 ], [ 8.6899348, 49.4087431 ] ] } },
{ "type": "Feature", "properties": { "osm_id": 26332318, "name": "Thibautstraße", "highway": "residential", "klass": "residential", "lanes": null, "maxspeed": 30.0, "surface": "asphalt", "oneway": "yes" }, "geometry": { "type": "LineString", "coordinates": [ [ 8.6871358, 49.4101294 ], [ 8.6872181, 49.4102398 ], [ 8.6872637, 49.4102915 ], [ 8.6873475, 49.4103867 ] ] } },
{ "type": "Feature", "properties": { "osm_id": 26332691, "name": "Luisenstraße", "highway": "residential", "klass": "residential", "lanes": null, "maxspeed": 30.0, "surface": "asphalt", "oneway": "yes" }, "geometry": { "type": "LineString", "coordinates": [ [ 8.6914166, 49.4090001 ], [ 8.6913374, 49.4093694 ], [ 8.6912658, 49.4097182 ], [ 8.6912079, 49.4100003 ] ] } },
{ "type": "Feature", "properties": { "osm_id": 26643775, "name": "Turnerstraße", "highway": "living_street", "klass": "living_street", "lanes": null, "maxspeed": null, "surface": "asphalt", "oneway": "yes" }, "geometry": { "type": "LineString", "coordinates": [ [ 8.6890855, 49.3919397 ], [ 8.689346, 49.3919503 ], [ 8.6902105, 49.3919844 ], [ 8.6902349, 49.3919857 ] ] } },
{ "type": "Feature", "properties": { "osm_id": 26708821, "name": null, "highway": "residential", "klass": "residential", "lanes": null, "maxspeed": 30.0, "surface": "asphalt", "oneway": null }, "geometry": { "type": "LineString", "coordinates": [ [ 8.6734029, 49.3914314 ], [ 8.6733895, 49.3913956 ], [ 8.6733793, 49.3913682 ], [ 8.6733402, 49.3912535 ], [ 8.6733016, 49.3911382 ], [ 8.6732664, 49.3910282 ], [ 8.6732305, 49.3909058 ], [ 8.673203, 49.3908195 ], [ 8.6748779, 49.3905786 ], [ 8.6754018, 49.3905106 ], [ 8.6755177, 49.3904991 ], [ 8.6758002, 49.3904712 ], [ 8.676265, 49.3904289 ], [ 8.6765122, 49.3904083 ], [ 8.6769456, 49.3903702 ] ] } },
{ "type": "Feature", "properties": { "osm_id": 26708823, "name": "Kirchheimer Weg", "highway": "tertiary", "klass": "tertiary", "lanes": 2.0, "maxspeed": 50.0, "surface": "asphalt", "oneway": null }, "geometry": { "type": "LineString", "coordinates": [ [ 8.675145, 49.3906078 ], [ 8.6750913, 49.3904483 ] ] } },
{ "type": "Feature", "properties": { "osm_id": 26709382, "name": "Hardtstraße", "highway": "residential", "klass": "residential", "lanes": null, "maxspeed": 30.0, "surface": "asphalt", "oneway": null }, "geometry": { "type": "LineString", "coordinates": [ [ 8.6769456, 49.3903702 ], [ 8.6771381, 49.391335 ], [ 8.6772765, 49.3920567 ], [ 8.6772518, 49.3921118 ], [ 8.6771924, 49.3921468 ], [ 8.6766897, 49.3922147 ], [ 8.6762476, 49.3922729 ], [ 8.6759839, 49.3923085 ], [ 8.6759217, 49.3923167 ] ] } },
{ "type": "Feature", "properties": { "osm_id": 26709383, "name": "Hardtstraße", "highway": "residential", "klass": "residential", "lanes": null, "maxspeed": 30.0, "surface": "asphalt", "oneway": null }, "geometry": { "type": "LineString", "coordinates": [ [ 8.6766904, 49.3891736 ], [ 8.6767618, 49.3892787 ], [ 8.6767799, 49.3893228 ], [ 8.676792, 49.3893689 ], [ 8.6768487, 49.3897888 ], [ 8.6769456, 49.3903702 ] ] } },
{ "type": "Feature", "properties": { "osm_id": 26712655, "name": "Zähringerstraße", "highway": "living_street", "klass": "living_street", "lanes": null, "maxspeed": null, "surface": "asphalt", "oneway": "yes" }, "geometry": { "type": "LineString", "coordinates": [ [ 8.6913075, 49.4016495 ], [ 8.6910835, 49.4016792 ], [ 8.68987, 49.4018267 ], [ 8.6895539, 49.4018651 ] ] } },
{ "type": "Feature", "properties": { "osm_id": 26725095, "name": "Kirchheimer Weg", "highway": "tertiary", "klass": "tertiary", "lanes": 2.0, "maxspeed": 50.0, "surface": "asphalt", "oneway": null }, "geometry": { "type": "LineString", "coordinates": [ [ 8.6753302, 49.3911663 ], [ 8.6753178, 49.3911251 ], [ 8.6752892, 49.3910298 ], [ 8.675145, 49.3906078 ] ] } },
{ "type": "Feature", "properties": { "osm_id": 26768742, "name": "Am Sportfeld", "highway": "residential", "klass": "residential", "lanes": null, "maxspeed": null, "surface": "asphalt", "oneway": null }, "geometry": { "type": "LineString", "coordinates": [ [ 8.6715983, 49.3930159 ], [ 8.6715452, 49.3929482 ] ] } },
{ "type": "Feature", "properties": { "osm_id": 26768743, "name": "Am Sportfeld", "highway": "residential", "klass": "residential", "lanes": null, "maxspeed": 30.0, "surface": "asphalt", "oneway": null }, "geometry": { "type": "LineString", "coordinates": [ [ 8.6721301, 49.3936933 ], [ 8.6721112, 49.3936692 ], [ 8.6718768, 49.3933707 ], [ 8.6718236, 49.3933029 ], [ 8.6717697, 49.3932342 ], [ 8.6716946, 49.3931385 ], [ 8.6715983, 49.3930159 ] ] } },
{ "type": "Feature", "properties": { "osm_id": 26816187, "name": "Nadlerstraße", "highway": "residential", "klass": "residential", "lanes": 1.0, "maxspeed": null, "surface": "asphalt", "oneway": "yes" }, "geometry": { "type": "LineString", "coordinates": [ [ 8.6954569, 49.4088695 ], [ 8.6955175, 49.408638 ], [ 8.695551, 49.4085564 ], [ 8.6955949, 49.4084495 ] ] } },
{ "type": "Feature", "properties": { "osm_id": 26840684, "name": "Poststraße", "highway": "residential", "klass": "residential", "lanes": 3.0, "maxspeed": 30.0, "surface": "asphalt", "oneway": null }, "geometry": { "type": "LineString", "coordinates": [ [ 8.6892985, 49.4077288 ], [ 8.6893628, 49.407586 ], [ 8.6893895, 49.4075156 ], [ 8.6894517, 49.4073513 ] ] } },
{ "type": "Feature", "properties": { "osm_id": 26841068, "name": "Alte Bergheimer Straße", "highway": "residential", "klass": "residential", "lanes": null, "maxspeed": 30.0, "surface": "asphalt", "oneway": "yes" }, "geometry": { "type": "LineString", "coordinates": [ [ 8.6857406, 49.40755 ], [ 8.6854981, 49.4075095 ], [ 8.6844478, 49.4073392 ], [ 8.6844334, 49.4073369 ] ] } },
{ "type": "Feature", "properties": { "osm_id": 26841510, "name": "Ladenburger Straße", "highway": "residential", "klass": "residential", "lanes": 1.0, "maxspeed": 30.0, "surface": "paving_stones", "oneway": "yes" }, "geometry": { "type": "LineString", "coordinates": [ [ 8.6921472, 49.4147183 ], [ 8.692127, 49.414716 ], [ 8.6920632, 49.4147085 ], [ 8.6920114, 49.4147026 ], [ 8.691036, 49.4145907 ] ] } },
{ "type": "Feature", "properties": { "osm_id": 26841966, "name": "Helmholtzstraße", "highway": "residential", "klass": "residential", "lanes": 1.0, "maxspeed": 30.0, "surface": "asphalt", "oneway": "yes" }, "geometry": { "type": "LineString", "coordinates": [ [ 8.6841482, 49.4138253 ], [ 8.6842463, 49.4131637 ], [ 8.6843423, 49.4126034 ] ] } },
{ "type": "Feature", "properties": { "osm_id": 26841967, "name": "Gegenbaurstraße", "highway": "residential", "klass": "residential", "lanes": 1.0, "maxspeed": 30.0, "surface": "asphalt", "oneway": "yes" }, "geometry": { "type": "LineString", "coordinates": [ [ 8.6829376, 49.4130504 ], [ 8.6830699, 49.4130629 ], [ 8.6842463, 49.4131637 ] ] } },
{ "type": "Feature", "properties": { "osm_id": 26842229, "name": "Happelstraße", "highway": "residential", "klass": "residential", "lanes": 1.0, "maxspeed": 30.0, "surface": "asphalt", "oneway": "yes" }, "geometry": { "type": "LineString", "coordinates": [ [ 8.6836561, 49.4149577 ], [ 8.6837217, 49.4149492 ], [ 8.6843063, 49.4148812 ], [ 8.6844266, 49.4148769 ], [ 8.684552, 49.414887 ], [ 8.6847427, 49.414903 ], [ 8.6848005, 49.4149079 ], [ 8.6848566, 49.4149133 ], [ 8.6857868, 49.4149992 ], [ 8.6858803, 49.4150061 ] ] } },
{ "type": "Feature", "properties": { "osm_id": 26842232, "name": "Wilhelm-Blum-Straße", "highway": "residential", "klass": "residential", "lanes": 1.0, "maxspeed": 30.0, "surface": "asphalt", "oneway": "yes" }, "geometry": { "type": "LineString", "coordinates": [ [ 8.6848005, 49.4149079 ], [ 8.6848009, 49.4148692 ], [ 8.6847655, 49.4139424 ], [ 8.6847707, 49.4138972 ] ] } },
{ "type": "Feature", "properties": { "osm_id": 26936056, "name": "Albert-Ueberle-Straße", "highway": "residential", "klass": "residential", "lanes": null, "maxspeed": 30.0, "surface": "sett", "oneway": "yes" }, "geometry": { "type": "LineString", "coordinates": [ [ 8.6991364, 49.41427 ], [ 8.6988148, 49.4142636 ], [ 8.6987821, 49.4142648 ], [ 8.6987548, 49.41427 ], [ 8.6985702, 49.4143566 ], [ 8.6984341, 49.4143971 ], [ 8.6983445, 49.4144181 ], [ 8.697638, 49.4144891 ], [ 8.6975426, 49.414508 ], [ 8.6974811, 49.4145323 ], [ 8.6974436, 49.414564 ], [ 8.6974149, 49.4146044 ], [ 8.6973974, 49.4146587 ], [ 8.6974057, 49.414719 ], [ 8.6974546, 49.4149283 ] ] } },
{ "type": "Feature", "properties": { "osm_id": 26936066, "name": "Hirschgasse", "highway": "residential", "klass": "residential", "lanes": null, "maxspeed": 30.0, "surface": "asphalt", "oneway": null }, "geometry": { "type": "LineString", "coordinates": [ [ 8.7162726, 49.4160654 ], [ 8.7162333, 49.4161115 ], [ 8.7162031, 49.4161405 ], [ 8.7161797, 49.4161611 ], [ 8.7161456, 49.4161906 ], [ 8.7160208, 49.4162793 ], [ 8.7158584, 49.4163954 ], [ 8.715715, 49.4165002 ], [ 8.7154927, 49.416665 ], [ 8.7152401, 49.4168456 ], [ 8.7150863, 49.4169562 ], [ 8.7150285, 49.4169923 ], [ 8.7149815, 49.4170189 ], [ 8.714914, 49.4170484 ], [ 8.7148068, 49.4170942 ], [ 8.7147019, 49.4171459 ], [ 8.7143886, 49.417309 ], [ 8.7139385, 49.4175175 ], [ 8.7137922, 49.417588 ], [ 8.7137151, 49.4176296 ], [ 8.7136681, 49.4176594 ], [ 8.7136244, 49.4176933 ], [ 8.7135208, 49.417777 ], [ 8.713473, 49.4178195 ], [ 8.7134205, 49.4178727 ] ] } },
{ "type": "Feature", "properties": { "osm_id": 26936068, "name": "Am Karlstor", "highway": "secondary_link", "klass": "secondary", "lanes": 1.0, "maxspeed": 50.0, "surface": "asphalt", "oneway": "yes" }, "geometry": { "type": "LineString", "coordinates": [ [ 8.7183244, 49.4140907 ], [ 8.7183026, 49.4141628 ] ] } },
{ "type": "Feature", "properties": { "osm_id": 26962386, "name": "Husarenstraße", "highway": "residential", "klass": "residential", "lanes": 2.0, "maxspeed": 30.0, "surface": "asphalt", "oneway": null }, "geometry": { "type": "LineString", "coordinates": [ [ 8.6794132, 49.4290423 ], [ 8.6788899, 49.428979 ], [ 8.6787373, 49.4294171 ], [ 8.6786705, 49.4296499 ], [ 8.6785631, 49.4299785 ], [ 8.6784602, 49.4303339 ], [ 8.678406, 49.4304915 ], [ 8.6783972, 49.430521 ], [ 8.6783967, 49.4305435 ], [ 8.6784023, 49.4305605 ], [ 8.6784209, 49.4305767 ] ] } },
{ "type": "Feature", "properties": { "osm_id": 26989635, "name": "Graimbergweg", "highway": "residential", "klass": "residential", "lanes": null, "maxspeed": 30.0, "surface": "asphalt", "oneway": "yes" }, "geometry": { "type": "LineString", "coordinates": [ [ 8.7103786, 49.4086351 ], [ 8.7103493, 49.4086141 ], [ 8.7103222, 49.4085893 ], [ 8.7102925, 49.4085607 ], [ 8.7102589, 49.4085312 ], [ 8.7102343, 49.4085162 ], [ 8.7102187, 49.4085089 ], [ 8.7101981, 49.4085012 ], [ 8.7101768, 49.4084953 ], [ 8.7101495, 49.4084888 ], [ 8.7101321, 49.4084857 ], [ 8.7101109, 49.4084827 ], [ 8.7100903, 49.4084806 ], [ 8.7100574, 49.4084793 ], [ 8.7099796, 49.4084798 ], [ 8.7099376, 49.4084815 ], [ 8.709897, 49.408485 ], [ 8.7098445, 49.4084913 ], [ 8.7097546, 49.408504 ], [ 8.7096958, 49.4085105 ], [ 8.7096664, 49.4085122 ], [ 8.7096297, 49.4085121 ], [ 8.7094796, 49.4085062 ], [ 8.7094047, 49.4085023 ], [ 8.7093513, 49.408498 ], [ 8.7093211, 49.4084944 ], [ 8.7092897, 49.4084896 ], [ 8.7092575, 49.4084826 ], [ 8.7092158, 49.4084705 ], [ 8.7091842, 49.4084592 ], [ 8.7091545, 49.4084459 ], [ 8.7091269, 49.4084306 ], [ 8.7090965, 49.4084112 ], [ 8.7089697, 49.4083215 ], [ 8.7089534, 49.4083111 ], [ 8.7089363, 49.4083013 ], [ 8.7089156, 49.408292 ], [ 8.7088931, 49.408283 ], [ 8.7087216, 49.408225 ], [ 8.7086789, 49.4082097 ], [ 8.7086397, 49.4081938 ], [ 8.7085993, 49.4081763 ], [ 8.7085715, 49.4081625 ], [ 8.7085368, 49.4081435 ], [ 8.7085121, 49.4081283 ], [ 8.7084921, 49.408114 ], [ 8.7084763, 49.408098 ], [ 8.7084623, 49.4080801 ], [ 8.7084493, 49.408059 ], [ 8.7083568, 49.4078797 ], [ 8.7083341, 49.4078242 ], [ 8.7083181, 49.4077744 ], [ 8.708309, 49.4077383 ], [ 8.7083024, 49.407702 ], [ 8.7082946, 49.4076486 ], [ 8.7082912, 49.4075986 ], [ 8.7082904, 49.4075876 ], [ 8.7082887, 49.4075529 ], [ 8.7082897, 49.4075134 ], [ 8.7082917, 49.4074893 ], [ 8.7082959, 49.4074636 ], [ 8.7083027, 49.4074339 ], [ 8.7083231, 49.4073658 ], [ 8.7083389, 49.4073261 ] ] } },
{ "type": "Feature", "properties": { "osm_id": 26989728, "name": "Schlossberg", "highway": "residential", "klass": "residential", "lanes": null, "maxspeed": null, "surface": "asphalt", "oneway": null }, "geometry": { "type": "LineString", "coordinates": [ [ 8.7138293, 49.4093499 ], [ 8.7137648, 49.4093355 ] ] } },
{ "type": "Feature", "properties": { "osm_id": 27102298, "name": "Hirschgasse", "highway": "residential", "klass": "residential", "lanes": null, "maxspeed": null, "surface": "asphalt", "oneway": null }, "geometry": { "type": "LineString", "coordinates": [ [ 8.7134205, 49.4178727 ], [ 8.7134, 49.4179019 ], [ 8.7133863, 49.4179487 ], [ 8.7133732, 49.4180232 ], [ 8.7133648, 49.4180891 ], [ 8.7133607, 49.418142 ], [ 8.7133629, 49.4181761 ], [ 8.7133698, 49.4182043 ], [ 8.7133875, 49.4182422 ], [ 8.7134123, 49.4182859 ], [ 8.7134508, 49.4183613 ], [ 8.7135047, 49.4184997 ], [ 8.7135241, 49.4185567 ], [ 8.7135332, 49.4185944 ], [ 8.7135421, 49.4186518 ], [ 8.7135465, 49.4186914 ], [ 8.7135465, 49.4187366 ], [ 8.7135351, 49.4188947 ], [ 8.7135336, 49.418915 ] ] } },
{ "type": "Feature", "properties": { "osm_id": 27120516, "name": "Poststraße", "highway": "residential", "klass": "residential", "lanes": null, "maxspeed": 30.0, "surface": "asphalt", "oneway": null }, "geometry": { "type": "LineString", "coordinates": [ [ 8.691179, 49.408079 ], [ 8.6912618, 49.408094 ], [ 8.6913897, 49.4081171 ], [ 8.6915481, 49.4081449 ], [ 8.691593, 49.4081528 ], [ 8.6920648, 49.4082357 ], [ 8.6921975, 49.4082581 ] ] } },
{ "type": "Feature", "properties": { "osm_id": 27120517, "name": "Poststraße", "highway": "residential", "klass": "residential", "lanes": null, "maxspeed": 30.0, "surface": "asphalt", "oneway": "yes" }, "geometry": { "type": "LineString", "coordinates": [ [ 8.691179, 49.408079 ], [ 8.6909198, 49.408034 ], [ 8.690753, 49.4080007 ], [ 8.6905707, 49.4079758 ], [ 8.6905638, 49.4079733 ], [ 8.6903023, 49.4079264 ], [ 8.6899663, 49.4078589 ], [ 8.6898543, 49.4078446 ], [ 8.6897239, 49.4078194 ], [ 8.6895237, 49.4077882 ], [ 8.6894023, 49.4077605 ], [ 8.6892985, 49.4077288 ] ] } },
{ "type": "Feature", "properties": { "osm_id": 27189695, "name": "Hans-Böckler-Straße", "highway": "residential", "klass": "residential", "lanes": null, "maxspeed": 30.0, "surface": "asphalt", "oneway": "yes" }, "geometry": { "type": "LineString", "coordinates": [ [ 8.6931375, 49.4061409 ], [ 8.6928802, 49.4061969 ], [ 8.6927658, 49.4062184 ] ] } },
{ "type": "Feature", "properties": { "osm_id": 27205501, "name": null, "highway": "primary_link", "klass": "primary", "lanes": 1.0, "maxspeed": 50.0, "surface": "asphalt", "oneway": "yes" }, "geometry": { "type": "LineString", "coordinates": [ [ 8.6912704, 49.4110547 ], [ 8.6912039, 49.4110773 ], [ 8.6911735, 49.4110921 ], [ 8.6911543, 49.4111086 ], [ 8.6911407, 49.4111358 ], [ 8.6911401, 49.4111527 ], [ 8.6911473, 49.411172 ], [ 8.6911974, 49.4112361 ] ] } },
{ "type": "Feature", "properties": { "osm_id": 27308976, "name": "Schrebergartenweg", "highway": "living_street", "klass": "living_street", "lanes": null, "maxspeed": null, "surface": "asphalt", "oneway": null }, "geometry": { "type": "LineString", "coordinates": [ [ 8.679635, 49.391481 ], [ 8.6805377, 49.3911294 ] ] } },
{ "type": "Feature", "properties": { "osm_id": 27342468, "name": "Blumenstraße", "highway": "living_street", "klass": "living_street", "lanes": null, "maxspeed": null, "surface": "asphalt", "oneway": null }, "geometry": { "type": "LineString", "coordinates": [ [ 8.6846556, 49.4043531 ], [ 8.6846883, 49.4043541 ], [ 8.6860853, 49.4044085 ], [ 8.6871129, 49.4044437 ] ] } },
{ "type": "Feature", "properties": { "osm_id": 27342469, "name": "Bunsenstraße", "highway": "residential", "klass": "residential", "lanes": null, "maxspeed": 30.0, "surface": "asphalt", "oneway": "yes" }, "geometry": { "type": "LineString", "coordinates": [ [ 8.6924651, 49.4049936 ], [ 8.6934183, 49.4048194 ], [ 8.693542, 49.4047992 ] ] } },
{ "type": "Feature", "properties": { "osm_id": 27392151, "name": "Schützenstraße", "highway": "residential", "klass": "residential", "lanes": null, "maxspeed": 30.0, "surface": "asphalt", "oneway": "yes" }, "geometry": { "type": "LineString", "coordinates": [ [ 8.651207, 49.4003213 ], [ 8.6514458, 49.4003507 ], [ 8.6524499, 49.4004744 ], [ 8.6530465, 49.4005515 ], [ 8.6538574, 49.4006599 ], [ 8.6540096, 49.4006674 ], [ 8.6540857, 49.4006832 ] ] } },
{ "type": "Feature", "properties": { "osm_id": 27392736, "name": "Im Buschgewann", "highway": "residential", "klass": "residential", "lanes": null, "maxspeed": 30.0, "surface": "asphalt", "oneway": null }, "geometry": { "type": "LineString", "coordinates": [ [ 8.6512317, 49.3979774 ], [ 8.6499532, 49.3978172 ], [ 8.6485668, 49.3976434 ], [ 8.6474218, 49.3974977 ], [ 8.6473423, 49.3974876 ], [ 8.6462754, 49.3973526 ], [ 8.6451721, 49.3972129 ], [ 8.6440192, 49.397067 ], [ 8.6426383, 49.3968922 ] ] } },
{ "type": "Feature", "properties": { "osm_id": 27392738, "name": "Im Entenlach", "highway": "residential", "klass": "residential", "lanes": null, "maxspeed": 30.0, "surface": "asphalt", "oneway": "yes" }, "geometry": { "type": "LineString", "coordinates": [ [ 8.6487115, 49.3971804 ], [ 8.6512287, 49.3975014 ] ] } },
{ "type": "Feature", "properties": { "osm_id": 27426208, "name": "Häusserstraße", "highway": "living_street", "klass": "living_street", "lanes": null, "maxspeed": null, "surface": "asphalt", "oneway": "yes" }, "geometry": { "type": "LineString", "coordinates": [ [ 8.6909781, 49.4060607 ], [ 8.6906935, 49.4052314 ] ] } },
{ "type": "Feature", "properties": { "osm_id": 27426514, "name": "Furtwänglerstraße", "highway": "residential", "klass": "residential", "lanes": 1.0, "maxspeed": null, "surface": "asphalt", "oneway": "yes" }, "geometry": { "type": "LineString", "coordinates": [ [ 8.679978, 49.424031 ], [ 8.6799212, 49.4239246 ], [ 8.6799146, 49.4238945 ], [ 8.6799227, 49.4238576 ], [ 8.6799576, 49.4238064 ] ] } },
{ "type": "Feature", "properties": { "osm_id": 27448152, "name": "Speyerer Schnauz", "highway": "residential", "klass": "residential", "lanes": null, "maxspeed": null, "surface": "asphalt", "oneway": null }, "geometry": { "type": "LineString", "coordinates": [ [ 8.667977, 49.3944505 ], [ 8.6678575, 49.3947007 ], [ 8.6676187, 49.3952901 ], [ 8.6673023, 49.396058 ], [ 8.6671864, 49.396402 ] ] } },
{ "type": "Feature", "properties": { "osm_id": 27448157, "name": "Elsterweg", "highway": "residential", "klass": "residential", "lanes": null, "maxspeed": 30.0, "surface": "asphalt", "oneway": null }, "geometry": { "type": "LineString", "coordinates": [ [ 8.6498755, 49.4044358 ], [ 8.6499356, 49.4043693 ], [ 8.6500342, 49.4042811 ], [ 8.6500771, 49.4042261 ], [ 8.6500997, 49.4041574 ], [ 8.6502045, 49.4037752 ] ] } },
{ "type": "Feature", "properties": { "osm_id": 27535418, "name": "Schützenstraße", "highway": "residential", "klass": "residential", "lanes": null, "maxspeed": 30.0, "surface": "asphalt", "oneway": null }, "geometry": { "type": "LineString", "coordinates": [ [ 8.6478911, 49.3999157 ], [ 8.6479722, 49.3999262 ], [ 8.6480287, 49.3999336 ], [ 8.6484433, 49.3999874 ], [ 8.6485111, 49.3999959 ], [ 8.6489025, 49.400045 ], [ 8.6493141, 49.4000962 ], [ 8.6497332, 49.4001483 ], [ 8.6502128, 49.4002024 ], [ 8.6503715, 49.4002259 ] ] } },
{ "type": "Feature", "properties": { "osm_id": 27535420, "name": "Schwalbenweg", "highway": "residential", "klass": "residential", "lanes": null, "maxspeed": 30.0, "surface": "asphalt", "oneway": "yes" }, "geometry": { "type": "LineString", "coordinates": [ [ 8.6510367, 49.3988858 ], [ 8.6506197, 49.3988448 ], [ 8.6494522, 49.398695 ], [ 8.6483854, 49.3985582 ], [ 8.6482992, 49.3985448 ] ] } },
{ "type": "Feature", "properties": { "osm_id": 27596913, "name": "Dossenheimer Landstraße", "highway": "primary", "klass": "primary", "lanes": 2.0, "maxspeed": 50.0, "surface": "asphalt", "oneway": "yes" }, "geometry": { "type": "LineString", "coordinates": [ [ 8.6826116, 49.4295035 ], [ 8.6825672, 49.4296379 ], [ 8.6825443, 49.4297212 ], [ 8.6825354, 49.4297716 ], [ 8.6825131, 49.429897 ], [ 8.6825063, 49.4300665 ], [ 8.68249, 49.430367 ], [ 8.6824855, 49.4305402 ], [ 8.6825162, 49.4310414 ], [ 8.682527, 49.4312182 ], [ 8.6825555, 49.4316927 ], [ 8.6825608, 49.4318813 ], [ 8.6825656, 49.4320543 ], [ 8.6825639, 49.4321441 ], [ 8.6825545, 49.4322453 ], [ 8.6825505, 49.4322816 ], [ 8.6825333, 49.4324381 ], [ 8.6824777, 49.4328423 ] ] } },
{ "type": "Feature", "properties": { "osm_id": 27596951, "name": "Rottmannstraße", "highway": "secondary", "klass": "secondary", "lanes": 2.0, "maxspeed": 50.0, "surface": "asphalt", "oneway": "yes" }, "geometry": { "type": "LineString", "coordinates": [ [ 8.6835067, 49.4262234 ], [ 8.6834931, 49.4262506 ], [ 8.6834872, 49.4262615 ], [ 8.6834458, 49.4263571 ], [ 8.6834024, 49.4264116 ], [ 8.6833913, 49.4264256 ], [ 8.6833783, 49.4264472 ], [ 8.6833127, 49.4265201 ] ] } },
{ "type": "Feature", "properties": { "osm_id": 27614580, "name": "Rohrbacher Straße", "highway": "secondary", "klass": "secondary", "lanes": 2.0, "maxspeed": 50.0, "surface": "asphalt", "oneway": null }, "geometry": { "type": "LineString", "coordinates": [ [ 8.6894584, 49.3986753 ], [ 8.6894593, 49.3986681 ], [ 8.6894995, 49.3983527 ] ] } },
{ "type": "Feature", "properties": { "osm_id": 27619496, "name": "Iqbal-Ufer", "highway": "primary", "klass": "primary", "lanes": 2.0, "maxspeed": 50.0, "surface": "asphalt", "oneway": "no" }, "geometry": { "type": "LineString", "coordinates": [ [ 8.682953, 49.4099895 ], [ 8.6840899, 49.4099204 ], [ 8.6844066, 49.4099137 ], [ 8.6847209, 49.4099064 ] ] } },
{ "type": "Feature", "properties": { "osm_id": 27619497, "name": "Iqbal-Ufer", "highway": "primary", "klass": "primary", "lanes": 2.0, "maxspeed": 50.0, "surface": "asphalt", "oneway": null }, "geometry": { "type": "LineString", "coordinates": [ [ 8.6819429, 49.4099748 ], [ 8.6820718, 49.4099811 ] ] } },
{ "type": "Feature", "properties": { "osm_id": 27619920, "name": "Gaswerkstraße", "highway": "living_street", "klass": "living_street", "lanes": null, "maxspeed": null, "surface": "asphalt", "oneway": null }, "geometry": { "type": "LineString", "coordinates": [ [ 8.6830101, 49.4055171 ], [ 8.6829768, 49.4055983 ], [ 8.6829568, 49.4056618 ], [ 8.6828457, 49.4059344 ], [ 8.6827106, 49.4063386 ], [ 8.6827022, 49.4063563 ], [ 8.6826957, 49.4063813 ], [ 8.6826342, 49.4065769 ] ] } },
{ "type": "Feature", "properties": { "osm_id": 27620753, "name": "Poststraße", "highway": "residential", "klass": "residential", "lanes": null, "maxspeed": 30.0, "surface": "asphalt", "oneway": "yes" }, "geometry": { "type": "LineString", "coordinates": [ [ 8.6894517, 49.4073513 ], [ 8.690036, 49.4074568 ], [ 8.690464, 49.4075313 ], [ 8.6905166, 49.4075397 ], [ 8.690604, 49.4075536 ], [ 8.6910833, 49.4076341 ], [ 8.6912413, 49.4076615 ], [ 8.691269, 49.4076693 ], [ 8.6912901, 49.4076811 ], [ 8.6913037, 49.4076945 ], [ 8.6913133, 49.4077097 ], [ 8.6913177, 49.4077257 ], [ 8.6913176, 49.4077423 ] ] } },
{ "type": "Feature", "properties": { "osm_id": 27638555, "name": "Henkel-Teroson-Straße", "highway": "residential", "klass": "residential", "lanes": null, "maxspeed": null, "surface": "asphalt", "oneway": null }, "geometry": { "type": "LineString", "coordinates": [ [ 8.6516564, 49.4064562 ], [ 8.6525604, 49.4065174 ], [ 8.6532291, 49.4065815 ] ] } },
{ "type": "Feature", "properties": { "osm_id": 27638577, "name": "Dreisamweg", "highway": "residential", "klass": "residential", "lanes": null, "maxspeed": 10.0, "surface": "asphalt", "oneway": "yes" }, "geometry": { "type": "LineString", "coordinates": [ [ 8.6504718, 49.4110907 ], [ 8.6503327, 49.4111127 ] ] } },
{ "type": "Feature", "properties": { "osm_id": 27763996, "name": "Kohlhöferweg", "highway": "tertiary", "klass": "tertiary", "lanes": 2.0, "maxspeed": 50.0, "surface": "asphalt", "oneway": null }, "geometry": { "type": "LineString", "coordinates": [ [ 8.7133529, 49.4011984 ], [ 8.7133927, 49.401194 ], [ 8.7134262, 49.4011835 ], [ 8.7134886, 49.4011504 ] ] } },
{ "type": "Feature", "properties": { "osm_id": 27870243, "name": "Richard-Drach-Straße", "highway": "residential", "klass": "residential", "lanes": null, "maxspeed": 30.0, "surface": "asphalt", "oneway": null }, "geometry": { "type": "LineString", "coordinates": [ [ 8.6501504, 49.4010005 ], [ 8.6495244, 49.4009134 ], [ 8.6493123, 49.4008846 ], [ 8.6492399, 49.4009071 ] ] } },
{ "type": "Feature", "properties": { "osm_id": 27870264, "name": "Untere Rödt", "highway": "residential", "klass": "residential", "lanes": null, "maxspeed": 30.0, "surface": "asphalt", "oneway": null }, "geometry": { "type": "LineString", "coordinates": [ [ 8.6503616, 49.4028314 ], [ 8.650306, 49.4028249 ], [ 8.6496174, 49.4027278 ], [ 8.6489775, 49.4026461 ], [ 8.6489178, 49.4026384 ], [ 8.6483927, 49.4025713 ], [ 8.6477708, 49.4024919 ], [ 8.6474439, 49.4024501 ] ] } },
{ "type": "Feature", "properties": { "osm_id": 27936372, "name": "Lerchenweg", "highway": "residential", "klass": "residential", "lanes": null, "maxspeed": 30.0, "surface": "asphalt", "oneway": null }, "geometry": { "type": "LineString", "coordinates": [ [ 8.6506197, 49.3988448 ], [ 8.6504103, 49.3995111 ], [ 8.6502128, 49.4002024 ] ] } },
{ "type": "Feature", "properties": { "osm_id": 27936375, "name": "Steinhofweg", "highway": "residential", "klass": "residential", "lanes": null, "maxspeed": 30.0, "surface": "asphalt", "oneway": null }, "geometry": { "type": "LineString", "coordinates": [ [ 8.6493822, 49.3950103 ], [ 8.6496894, 49.3952345 ], [ 8.6500763, 49.3955277 ], [ 8.6503947, 49.39583 ], [ 8.6505948, 49.3960475 ], [ 8.6507554, 49.3962607 ], [ 8.6509073, 49.3965031 ], [ 8.651029, 49.3967493 ], [ 8.6511085, 49.3969775 ], [ 8.6511688, 49.3972084 ], [ 8.6512063, 49.3973655 ], [ 8.6512287, 49.3975014 ], [ 8.651244, 49.3976909 ], [ 8.6512446, 49.3978905 ], [ 8.6512317, 49.3979774 ], [ 8.6512363, 49.3981 ], [ 8.6512066, 49.3983038 ], [ 8.6511727, 49.39842 ], [ 8.6510367, 49.3988858 ] ] } },
{ "type": "Feature", "properties": { "osm_id": 27936476, "name": "Eppelheimer Straße", "highway": "secondary", "klass": "secondary", "lanes": 2.0, "maxspeed": 50.0, "surface": "asphalt", "oneway": "yes" }, "geometry": { "type": "LineString", "coordinates": [ [ 8.669681, 49.404973 ], [ 8.6695423, 49.4050344 ], [ 8.6694744, 49.4050642 ], [ 8.6694552, 49.4050731 ], [ 8.6694366, 49.4050817 ], [ 8.6694103, 49.4050916 ] ] } },
{ "type": "Feature", "properties": { "osm_id": 27951978, "name": "Im Schaffner", "highway": "residential", "klass": "residential", "lanes": null, "maxspeed": 30.0, "surface": "paving_stones", "oneway": "yes" }, "geometry": { "type": "LineString", "coordinates": [ [ 8.6480998, 49.3992207 ], [ 8.6504103, 49.3995111 ] ] } },
{ "type": "Feature", "properties": { "osm_id": 28073274, "name": "Im Rossgraben", "highway": "residential", "klass": "residential", "lanes": null, "maxspeed": 30.0, "surface": "asphalt", "oneway": "yes" }, "geometry": { "type": "LineString", "coordinates": [ [ 8.6488159, 49.3968275 ], [ 8.6504185, 49.3970238 ], [ 8.650523, 49.3970328 ], [ 8.6506136, 49.3970329 ], [ 8.6511085, 49.3969775 ] ] } },
{ "type": "Feature", "properties": { "osm_id": 28073275, "name": "Im Dornbusch", "highway": "residential", "klass": "residential", "lanes": null, "maxspeed": 30.0, "surface": "asphalt", "oneway": null }, "geometry": { "type": "LineString", "coordinates": [ [ 8.6490191, 49.3961621 ], [ 8.6502404, 49.3963143 ], [ 8.6503557, 49.396319 ], [ 8.6504473, 49.3963172 ], [ 8.6507554, 49.3962607 ] ] } },
{ "type": "Feature", "properties": { "osm_id": 28073276, "name": "Im Heimgarten", "highway": "residential", "klass": "residential", "lanes": null, "maxspeed": 30.0, "surface": "asphalt", "oneway": "yes" }, "geometry": { "type": "LineString", "coordinates": [ [ 8.6491703, 49.3956773 ], [ 8.6503947, 49.39583 ] ] } },
{ "type": "Feature", "properties": { "osm_id": 28117077, "name": "An der Bahn", "highway": "living_street", "klass": "living_street", "lanes": null, "maxspeed": null, "surface": "asphalt", "oneway": null }, "geometry": { "type": "LineString", "coordinates": [ [ 8.650306, 49.4028249 ], [ 8.650403, 49.4024507 ] ] } },
{ "type": "Feature", "properties": { "osm_id": 28171936, "name": "Bunsenstraße", "highway": "living_street", "klass": "living_street", "lanes": null, "maxspeed": null, "surface": "asphalt", "oneway": "yes" }, "geometry": { "type": "LineString", "coordinates": [ [ 8.6906935, 49.4052314 ], [ 8.6898717, 49.4053474 ] ] } },
{ "type": "Feature", "properties": { "osm_id": 28171937, "name": "Goethestraße", "highway": "living_street", "klass": "living_street", "lanes": null, "maxspeed": null, "surface": "asphalt", "oneway": "yes" }, "geometry": { "type": "LineString", "coordinates": [ [ 8.6900566, 49.4058877 ], [ 8.6898717, 49.4053474 ] ] } },
{ "type": "Feature", "properties": { "osm_id": 28171938, "name": "Blumenstraße", "highway": "living_street", "klass": "living_street", "lanes": null, "maxspeed": null, "surface": "asphalt", "oneway": "yes" }, "geometry": { "type": "LineString", "coordinates": [ [ 8.6903368, 49.4041448 ], [ 8.6920506, 49.4038889 ], [ 8.6921475, 49.4038765 ] ] } },
{ "type": "Feature", "properties": { "osm_id": 28171939, "name": "Landhausstraße", "highway": "living_street", "klass": "living_street", "lanes": null, "maxspeed": null, "surface": "paving_stones", "oneway": "yes" }, "geometry": { "type": "LineString", "coordinates": [ [ 8.689079, 49.4054515 ], [ 8.6891167, 49.4057763 ] ] } },
{ "type": "Feature", "properties": { "osm_id": 28171940, "name": "Kleinschmidtstraße", "highway": "residential", "klass": "residential", "lanes": null, "maxspeed": 20.0, "surface": "asphalt", "oneway": null }, "geometry": { "type": "LineString", "coordinates": [ [ 8.6870979, 49.4061942 ], [ 8.6871016, 49.4061408 ], [ 8.6871037, 49.4061298 ], [ 8.6871059, 49.4060973 ], [ 8.68711, 49.4059169 ], [ 8.6871112, 49.4058799 ], [ 8.6871159, 49.4056513 ], [ 8.6871206, 49.4054347 ] ] } },
{ "type": "Feature", "properties": { "osm_id": 28171941, "name": "Albert-Mays-Straße", "highway": "living_street", "klass": "living_street", "lanes": null, "maxspeed": null, "surface": "asphalt", "oneway": "yes" }, "geometry": { "type": "LineString", "coordinates": [ [ 8.6879015, 49.4044076 ], [ 8.6879159, 49.4049089 ], [ 8.6879018, 49.4055698 ] ] } },
{ "type": "Feature", "properties": { "osm_id": 28172289, "name": "Eisenlohrstraße", "highway": "living_street", "klass": "living_street", "lanes": null, "maxspeed": null, "surface": "asphalt", "oneway": "yes" }, "geometry": { "type": "LineString", "coordinates": [ [ 8.6865636, 49.40018 ], [ 8.6867133, 49.3988717 ] ] } },
{ "type": "Feature", "properties": { "osm_id": 28473724, "name": "Wilhelmstraße", "highway": "living_street", "klass": "living_street", "lanes": 1.0, "maxspeed": null, "surface": "paving_stones", "oneway": "yes" }, "geometry": { "type": "LineString", "coordinates": [ [ 8.6869448, 49.4026977 ], [ 8.6871002, 49.4027025 ] ] } },
{ "type": "Feature", "properties": { "osm_id": 28473949, "name": "Zähringerstraße", "highway": "residential", "klass": "residential", "lanes": null, "maxspeed": 30.0, "surface": "asphalt", "oneway": "yes" }, "geometry": { "type": "LineString", "coordinates": [ [ 8.6913075, 49.4016495 ], [ 8.69217, 49.4014362 ], [ 8.6922649, 49.4014149 ] ] } },
{ "type": "Feature", "properties": { "osm_id": 28660531, "name": "Langgewann", "highway": "residential", "klass": "residential", "lanes": null, "maxspeed": 30.0, "surface": "asphalt", "oneway": null }, "geometry": { "type": "LineString", "coordinates": [ [ 8.6806785, 49.4210782 ], [ 8.6806092, 49.4210769 ], [ 8.6805223, 49.4210755 ], [ 8.679636, 49.4210575 ], [ 8.6788997, 49.4210429 ], [ 8.6780763, 49.42103 ], [ 8.6778172, 49.4210245 ] ] } },
{ "type": "Feature", "properties": { "osm_id": 28767172, "name": "Werderplatz", "highway": "residential", "klass": "residential", "lanes": null, "maxspeed": 30.0, "surface": "asphalt", "oneway": null }, "geometry": { "type": "LineString", "coordinates": [ [ 8.6861855, 49.4209741 ], [ 8.6862117, 49.4209085 ], [ 8.6862509, 49.4206912 ], [ 8.6863246, 49.4203402 ], [ 8.686375, 49.4200383 ], [ 8.6864605, 49.4195494 ], [ 8.6864728, 49.4194881 ], [ 8.6864934, 49.4194274 ] ] } },
{ "type": "Feature", "properties": { "osm_id": 28850145, "name": "Große Michelsgasse", "highway": "residential", "klass": "residential", "lanes": null, "maxspeed": 30.0, "surface": "asphalt", "oneway": null }, "geometry": { "type": "LineString", "coordinates": [ [ 8.6902686, 49.3912289 ], [ 8.690293, 49.3912276 ], [ 8.6904941, 49.3912174 ], [ 8.6907072, 49.3912064 ], [ 8.6911598, 49.3911833 ], [ 8.6917302, 49.3911424 ] ] } },
{ "type": "Feature", "properties": { "osm_id": 28890081, "name": "Philosophenweg", "highway": "residential", "klass": "residential", "lanes": 1.0, "maxspeed": 30.0, "surface": "asphalt", "oneway": "yes" }, "geometry": { "type": "LineString", "coordinates": [ [ 8.6974546, 49.4149283 ], [ 8.6967461, 49.4150094 ], [ 8.6965171, 49.4150553 ], [ 8.6960265, 49.4152129 ], [ 8.6959081, 49.4152416 ], [ 8.6957894, 49.4152497 ], [ 8.6956549, 49.415243 ], [ 8.6954702, 49.4152264 ], [ 8.6953885, 49.415221 ], [ 8.6952383, 49.41519 ], [ 8.6951885, 49.4151637 ], [ 8.6951417, 49.4151195 ], [ 8.6950058, 49.4149018 ], [ 8.6949805, 49.4148694 ], [ 8.69495, 49.4148503 ], [ 8.6949134, 49.4148389 ], [ 8.6948279, 49.4148215 ], [ 8.6942635, 49.4147665 ] ] } },
{ "type": "Feature", "properties": { "osm_id": 28890543, "name": "Hofmeisterweg", "highway": "residential", "klass": "residential", "lanes": 2.0, "maxspeed": 30.0, "surface": "asphalt", "oneway": "yes" }, "geometry": { "type": "LineString", "coordinates": [ [ 8.6652034, 49.4148892 ], [ 8.6650529, 49.4149211 ], [ 8.6650226, 49.4149276 ] ] } },
{ "type": "Feature", "properties": { "osm_id": 28890901, "name": "Neckarstaden", "highway": "primary", "klass": "primary", "lanes": 2.0, "maxspeed": 50.0, "surface": "asphalt", "oneway": "yes" }, "geometry": { "type": "LineString", "coordinates": [ [ 8.699444, 49.4124048 ], [ 8.6993799, 49.4124183 ], [ 8.699332, 49.4124145 ], [ 8.6992338, 49.4124036 ], [ 8.6988561, 49.4123758 ] ] } },
{ "type": "Feature", "properties": { "osm_id": 28890903, "name": "Neckarstaden", "highway": "primary", "klass": "primary", "lanes": 2.0, "maxspeed": 50.0, "surface": "asphalt", "oneway": null }, "geometry": { "type": "LineString", "coordinates": [ [ 8.699444, 49.4124048 ], [ 8.6994818, 49.4124105 ] ] } },
{ "type": "Feature", "properties": { "osm_id": 28890904, "name": "Neckarstaden", "highway": "primary", "klass": "primary", "lanes": 1.0, "maxspeed": 50.0, "surface": "asphalt", "oneway": "yes" }, "geometry": { "type": "LineString", "coordinates": [ [ 8.6973772, 49.4122085 ], [ 8.6977691, 49.4122091 ], [ 8.6979989, 49.4122219 ], [ 8.6983138, 49.4122297 ] ] } },
{ "type": "Feature", "properties": { "osm_id": 28890961, "name": "Neckarstaden", "highway": "primary_link", "klass": "primary", "lanes": 1.0, "maxspeed": 50.0, "surface": "asphalt", "oneway": "yes" }, "geometry": { "type": "LineString", "coordinates": [ [ 8.6929205, 49.4111709 ], [ 8.6929801, 49.4112709 ], [ 8.693025, 49.4113231 ] ] } },
{ "type": "Feature", "properties": { "osm_id": 28891216, "name": "Brückenstraße", "highway": "secondary", "klass": "secondary", "lanes": 2.0, "maxspeed": 30.0, "surface": "asphalt", "oneway": null }, "geometry": { "type": "LineString", "coordinates": [ [ 8.692218, 49.4138488 ], [ 8.6922085, 49.4139833 ], [ 8.692197, 49.4141466 ], [ 8.6921888, 49.4142618 ], [ 8.692157, 49.4146079 ], [ 8.6921513, 49.4146702 ], [ 8.6921472, 49.4147183 ] ] } },
{ "type": "Feature", "properties": { "osm_id": 28891217, "name": "Brückenkopfstraße", "highway": "residential", "klass": "residential", "lanes": null, "maxspeed": 30.0, "surface": "paving_stones", "oneway": "yes" }, "geometry": { "type": "LineString", "coordinates": [ [ 8.6915035, 49.413836 ], [ 8.6920688, 49.413846 ], [ 8.6921962, 49.4138482 ], [ 8.692218, 49.4138488 ] ] } },
{ "type": "Feature", "properties": { "osm_id": 28891218, "name": "Sackgasse", "highway": "residential", "klass": "residential", "lanes": null, "maxspeed": 30.0, "surface": "paving_stones", "oneway": null }, "geometry": { "type": "LineString", "coordinates": [ [ 8.6915035, 49.413836 ], [ 8.6915076, 49.4138597 ], [ 8.6915536, 49.4140932 ], [ 8.6915764, 49.4141723 ], [ 8.6915941, 49.414214 ], [ 8.6916423, 49.4142887 ] ] } },
{ "type": "Feature", "properties": { "osm_id": 28891219, "name": "Schulzengasse", "highway": "living_street", "klass": "living_street", "lanes": null, "maxspeed": null, "surface": "sett", "oneway": "yes" }, "geometry": { "type": "LineString", "coordinates": [ [ 8.6912546, 49.4138252 ], [ 8.6912378, 49.4138625 ], [ 8.6912368, 49.4138646 ], [ 8.6912092, 49.4139929 ], [ 8.691139, 49.4143657 ], [ 8.691036, 49.4145907 ] ] } },
{ "type": "Feature", "properties": { "osm_id": 28891705, "name": "Uferstraße", "highway": "residential", "klass": "residential", "lanes": 2.0, "maxspeed": 50.0, "surface": "asphalt", "oneway": null }, "geometry": { "type": "LineString", "coordinates": [ [ 8.6925994, 49.4134245 ], [ 8.6925739, 49.4134043 ], [ 8.692561, 49.4133858 ], [ 8.6925526, 49.4133609 ] ] } },
{ "type": "Feature", "properties": { "osm_id": 28891706, "name": "Uferstraße", "highway": "residential", "klass": "residential", "lanes": null, "maxspeed": 50.0, "surface": "asphalt", "oneway": "yes" }, "geometry": { "type": "LineString", "coordinates": [ [ 8.6934511, 49.4137913 ], [ 8.6934122, 49.4137343 ], [ 8.6933724, 49.4136939 ], [ 8.6933135, 49.4136562 ], [ 8.6932847, 49.4136425 ], [ 8.6932098, 49.4136069 ], [ 8.6930983, 49.4135709 ], [ 8.6928288, 49.4135044 ] ] } },
{ "type": "Feature", "properties": { "osm_id": 28891707, "name": "Bergstraße", "highway": "residential", "klass": "residential", "lanes": null, "maxspeed": null, "surface": "asphalt", "oneway": "yes" }, "geometry": { "type": "LineString", "coordinates": [ [ 8.6934986, 49.4133844 ], [ 8.6934838, 49.413493 ], [ 8.693466, 49.4136649 ], [ 8.6934586, 49.4137331 ], [ 8.6934511, 49.4137913 ] ] } },
{ "type": "Feature", "properties": { "osm_id": 28899565, "name": "Tiergartenstraße", "highway": "residential", "klass": "residential", "lanes": 2.0, "maxspeed": 30.0, "surface": "asphalt", "oneway": null }, "geometry": { "type": "LineString", "coordinates": [ [ 8.6650226, 49.4149276 ], [ 8.6649507, 49.4148266 ] ] } },
{ "type": "Feature", "properties": { "osm_id": 28899566, "name": "Tiergartenstraße", "highway": "residential", "klass": "residential", "lanes": null, "maxspeed": 30.0, "surface": "asphalt", "oneway": null }, "geometry": { "type": "LineString", "coordinates": [ [ 8.6606565, 49.4182219 ], [ 8.6607929, 49.4179225 ], [ 8.6611117, 49.4173119 ], [ 8.6611676, 49.4172227 ], [ 8.6613767, 49.4168839 ], [ 8.6614509, 49.4167579 ], [ 8.6614716, 49.4167262 ], [ 8.6615, 49.4166904 ], [ 8.6615755, 49.4165936 ], [ 8.6618288, 49.4162692 ], [ 8.661958, 49.4161044 ], [ 8.6620437, 49.4160173 ], [ 8.6621042, 49.4159637 ], [ 8.6621436, 49.4159325 ], [ 8.6622095, 49.4158814 ], [ 8.6622334, 49.4158629 ], [ 8.6624109, 49.4157172 ], [ 8.6625326, 49.415616 ], [ 8.6628025, 49.4154605 ], [ 8.6630121, 49.4153855 ], [ 8.6633222, 49.4152987 ] ] } },
{ "type": "Feature", "properties": { "osm_id": 28899568, "name": "Im Neuenheimer Feld", "highway": "residential", "klass": "residential", "lanes": 2.0, "maxspeed": 30.0, "surface": "asphalt", "oneway": null }, "geometry": { "type": "LineString", "coordinates": [ [ 8.6750446, 49.4187811 ], [ 8.6750447, 49.4187166 ], [ 8.6750443, 49.4186159 ], [ 8.6750439, 49.4185194 ], [ 8.6750427, 49.4182012 ], [ 8.6750425, 49.4181476 ] ] } },
{ "type": "Feature", "properties": { "osm_id": 28899569, "name": "Im Neuenheimer Feld", "highway": "residential", "klass": "residential", "lanes": null, "maxspeed": 30.0, "surface": "asphalt", "oneway": null }, "geometry": { "type": "LineString", "coordinates": [ [ 8.6750403, 49.4169646 ], [ 8.6750361, 49.416822 ] ] } },
{ "type": "Feature", "properties": { "osm_id": 28899572, "name": null, "highway": "primary", "klass": "primary", "lanes": 2.0, "maxspeed": 50.0, "surface": "asphalt", "oneway": "yes" }, "geometry": { "type": "LineString", "coordinates": [ [ 8.6928834, 49.411382 ], [ 8.692813, 49.411372 ], [ 8.6927647, 49.4113646 ] ] } },
{ "type": "Feature", "properties": { "osm_id": 28899573, "name": "Sofienstraße", "highway": "primary", "klass": "primary", "lanes": 2.0, "maxspeed": 30.0, "surface": "asphalt", "oneway": "yes" }, "geometry": { "type": "LineString", "coordinates": [ [ 8.6929205, 49.4111709 ], [ 8.6929033, 49.4112276 ], [ 8.6928897, 49.4113129 ], [ 8.6928834, 49.411382 ] ] } },
{ "type": "Feature", "properties": { "osm_id": 28899575, "name": "Neckarstaden", "highway": "primary", "klass": "primary", "lanes": 1.0, "maxspeed": 50.0, "surface": "asphalt", "oneway": "yes" }, "geometry": { "type": "LineString", "coordinates": [ [ 8.6988007, 49.4122517 ], [ 8.699097, 49.4123142 ], [ 8.6992587, 49.4123409 ] ] } },
{ "type": "Feature", "properties": { "osm_id": 28899693, "name": "Neckarstaden", "highway": "primary", "klass": "primary", "lanes": 2.0, "maxspeed": 50.0, "surface": "asphalt", "oneway": null }, "geometry": { "type": "LineString", "coordinates": [ [ 8.7053762, 49.4132552 ], [ 8.7055425, 49.4132791 ], [ 8.7058023, 49.413319 ], [ 8.7058915, 49.4133309 ] ] } },
{ "type": "Feature", "properties": { "osm_id": 28900617, "name": "Grabengasse", "highway": "residential", "klass": "residential", "lanes": 2.0, "maxspeed": 20.0, "surface": "asphalt", "oneway": null }, "geometry": { "type": "LineString", "coordinates": [ [ 8.7064442, 49.4095738 ], [ 8.7064776, 49.4095657 ], [ 8.7065085, 49.4095572 ] ] } },
{ "type": "Feature", "properties": { "osm_id": 28900975, "name": "Berliner Straße", "highway": "primary", "klass": "primary", "lanes": 2.0, "maxspeed": 50.0, "surface": "asphalt", "oneway": "yes" }, "geometry": { "type": "LineString", "coordinates": [ [ 8.6764425, 49.4170076 ], [ 8.6764442, 49.4170666 ], [ 8.6764529, 49.4173427 ], [ 8.6764525, 49.4176915 ] ] } },
{ "type": "Feature", "properties": { "osm_id": 28900977, "name": "Tiergartenstraße", "highway": "residential", "klass": "residential", "lanes": null, "maxspeed": 30.0, "surface": "asphalt", "oneway": null }, "geometry": { "type": "LineString", "coordinates": [ [ 8.6648242, 49.4146101 ], [ 8.6647498, 49.4144633 ], [ 8.664587, 49.4141599 ], [ 8.6644971, 49.4140086 ] ] } },
{ "type": "Feature", "properties": { "osm_id": 28901220, "name": "Brückenstraße", "highway": "secondary", "klass": "secondary", "lanes": 2.0, "maxspeed": 30.0, "surface": "asphalt", "oneway": null }, "geometry": { "type": "LineString", "coordinates": [ [ 8.6921472, 49.4147183 ], [ 8.692146, 49.4147778 ], [ 8.6921445, 49.4147999 ], [ 8.6921253, 49.4150863 ], [ 8.6921216, 49.4151422 ] ] } },
{ "type": "Feature", "properties": { "osm_id": 28901238, "name": "Neckarstaden", "highway": "primary", "klass": "primary", "lanes": 1.0, "maxspeed": 50.0, "surface": "asphalt", "oneway": "yes" }, "geometry": { "type": "LineString", "coordinates": [ [ 8.6988561, 49.4123758 ], [ 8.6987513, 49.4123373 ], [ 8.6986134, 49.412314 ], [ 8.6984982, 49.41229 ], [ 8.6983972, 49.4122603 ], [ 8.6983138, 49.4122297 ] ] } },
{ "type": "Feature", "properties": { "osm_id": 28910052, "name": "Im Neuenheimer Feld", "highway": "residential", "klass": "residential", "lanes": null, "maxspeed": 30.0, "surface": "asphalt", "oneway": null }, "geometry": { "type": "LineString", "coordinates": [ [ 8.6754528, 49.4134316 ], [ 8.6754881, 49.4133033 ], [ 8.6755088, 49.413132 ], [ 8.6755152, 49.4130054 ], [ 8.6755218, 49.4127999 ], [ 8.675527, 49.4127078 ], [ 8.675534, 49.4126551 ] ] } },
{ "type": "Feature", "properties": { "osm_id": 28910054, "name": "Jahnstraße", "highway": "tertiary", "klass": "tertiary", "lanes": 1.0, "maxspeed": 50.0, "surface": "asphalt", "oneway": "yes" }, "geometry": { "type": "LineString", "coordinates": [ [ 8.6765353, 49.412593 ], [ 8.6766161, 49.4125919 ], [ 8.676661, 49.4125908 ], [ 8.6767559, 49.4125863 ] ] } },
{ "type": "Feature", "properties": { "osm_id": 28910055, "name": "Berliner Straße", "highway": "primary", "klass": "primary", "lanes": 2.0, "maxspeed": 50.0, "surface": "asphalt", "oneway": "yes" }, "geometry": { "type": "LineString", "coordinates": [ [ 8.6765353, 49.412593 ], [ 8.6765801, 49.4121149 ], [ 8.6766036, 49.4116677 ] ] } },
{ "type": "Feature", "properties": { "osm_id": 28910059, "name": "Römerstraße", "highway": "tertiary", "klass": "tertiary", "lanes": 2.0, "maxspeed": null, "surface": "asphalt", "oneway": "yes" }, "geometry": { "type": "LineString", "coordinates": [ [ 8.6844377, 49.4062397 ], [ 8.6844312, 49.4061208 ] ] } },
{ "type": "Feature", "properties": { "osm_id": 28910578, "name": "Bismarckstraße", "highway": "primary", "klass": "primary", "lanes": 3.0, "maxspeed": 30.0, "surface": "asphalt", "oneway": "yes" }, "geometry": { "type": "LineString", "coordinates": [ [ 8.692776, 49.409553 ], [ 8.6927617, 49.4094903 ], [ 8.692744, 49.4094376 ], [ 8.6927171, 49.4093891 ], [ 8.6926799, 49.4093453 ], [ 8.6926211, 49.4092821 ], [ 8.6925549, 49.4092056 ] ] } },
{ "type": "Feature", "properties": { "osm_id": 28910825, "name": "Adenauerplatz", "highway": "secondary", "klass": "secondary", "lanes": 3.0, "maxspeed": 50.0, "surface": "asphalt", "oneway": "yes" }, "geometry": { "type": "LineString", "coordinates": [ [ 8.6943269, 49.407586 ], [ 8.6940853, 49.4075645 ], [ 8.6939577, 49.4075473 ] ] } },
{ "type": "Feature", "properties": { "osm_id": 28910828, "name": "Römerkreis", "highway": "primary", "klass": "primary", "lanes": 3.0, "maxspeed": 50.0, "surface": "asphalt", "oneway": "yes" }, "geometry": { "type": "LineString", "coordinates": [ [ 8.684138, 49.4056511 ], [ 8.6840739, 49.4055791 ], [ 8.6840364, 49.405518 ], [ 8.684013, 49.4054468 ] ] } },
{ "type": "Feature", "properties": { "osm_id": 28910829, "name": "Kurfürsten-Anlage", "highway": "secondary", "klass": "secondary", "lanes": 3.0, "maxspeed": 50.0, "surface": "asphalt", "oneway": "yes" }, "geometry": { "type": "LineString", "coordinates": [ [ 8.6770722, 49.4047468 ], [ 8.6768797, 49.4048695 ] ] } },
{ "type": "Feature", "properties": { "osm_id": 28910830, "name": "Berliner Straße", "highway": "primary", "klass": "primary", "lanes": 2.0, "maxspeed": 50.0, "surface": "asphalt", "oneway": "yes" }, "geometry": { "type": "LineString", "coordinates": [ [ 8.6767302, 49.4132019 ], [ 8.6767059, 49.4136193 ], [ 8.6766651, 49.4143118 ], [ 8.6766388, 49.4146243 ], [ 8.6765878, 49.4152226 ] ] } },
{ "type": "Feature", "properties": { "osm_id": 28910831, "name": "Im Neuenheimer Feld", "highway": "residential", "klass": "residential", "lanes": 3.0, "maxspeed": 30.0, "surface": "asphalt", "oneway": null }, "geometry": { "type": "LineString", "coordinates": [ [ 8.6753255, 49.4137043 ], [ 8.6753395, 49.413658 ], [ 8.6753873, 49.4135719 ] ] } },
{ "type": "Feature", "properties": { "osm_id": 28911815, "name": "Tiergartenstraße", "highway": "residential", "klass": "residential", "lanes": null, "maxspeed": 30.0, "surface": "asphalt", "oneway": null }, "geometry": { "type": "LineString", "coordinates": [ [ 8.6611021, 49.4266073 ], [ 8.6613347, 49.4266617 ], [ 8.6615568, 49.4267132 ], [ 8.6617095, 49.4267505 ] ] } },
{ "type": "Feature", "properties": { "osm_id": 28911816, "name": "Berliner Straße", "highway": "primary", "klass": "primary", "lanes": 3.0, "maxspeed": 50.0, "surface": "asphalt", "oneway": "yes" }, "geometry": { "type": "LineString", "coordinates": [ [ 8.6764455, 49.4169097 ], [ 8.6764425, 49.4170076 ] ] } },
{ "type": "Feature", "properties": { "osm_id": 29089892, "name": "Brückenkopfstraße", "highway": "residential", "klass": "residential", "lanes": null, "maxspeed": 30.0, "surface": "paving_stones", "oneway": "yes" }, "geometry": { "type": "LineString", "coordinates": [ [ 8.6901513, 49.4139082 ], [ 8.6904781, 49.4138552 ], [ 8.6904948, 49.4138532 ], [ 8.6906442, 49.4138355 ], [ 8.6907328, 49.4138285 ], [ 8.6909506, 49.4138208 ], [ 8.6911911, 49.4138243 ], [ 8.6912546, 49.4138252 ] ] } },
{ "type": "Feature", "properties": { "osm_id": 29133762, "name": "Hohe Gasse", "highway": "residential", "klass": "residential", "lanes": null, "maxspeed": 30.0, "surface": "asphalt", "oneway": null }, "geometry": { "type": "LineString", "coordinates": [ [ 8.6901089, 49.3933997 ], [ 8.690144, 49.393401 ], [ 8.6907931, 49.3933954 ], [ 8.6911097, 49.3933844 ], [ 8.6913436, 49.3933631 ], [ 8.6914621, 49.3933447 ] ] } },
{ "type": "Feature", "properties": { "osm_id": 29339191, "name": "Mönchgasse", "highway": "residential", "klass": "residential", "lanes": 1.0, "maxspeed": 30.0, "surface": "sett", "oneway": "no" }, "geometry": { "type": "LineString", "coordinates": [ [ 8.7118816, 49.4125915 ], [ 8.7116056, 49.4133214 ], [ 8.7115971, 49.4133666 ] ] } },
{ "type": "Feature", "properties": { "osm_id": 29339193, "name": "Am Brückentor", "highway": "living_street", "klass": "living_street", "lanes": null, "maxspeed": null, "surface": "sett", "oneway": null }, "geometry": { "type": "LineString", "coordinates": [ [ 8.7082165, 49.4133019 ], [ 8.7085738, 49.4132991 ], [ 8.7089641, 49.4132961 ] ] } },
{ "type": "Feature", "properties": { "osm_id": 29419860, "name": null, "highway": "residential", "klass": "residential", "lanes": 2.0, "maxspeed": 50.0, "surface": "asphalt", "oneway": "yes" }, "geometry": { "type": "LineString", "coordinates": [ [ 8.7085294, 49.4094649 ], [ 8.707895, 49.4093164 ], [ 8.707208, 49.4091954 ] ] } },
{ "type": "Feature", "properties": { "osm_id": 29453403, "name": "Neuenheimer Landstraße", "highway": "secondary", "klass": "secondary", "lanes": null, "maxspeed": 30.0, "surface": "asphalt", "oneway": null }, "geometry": { "type": "LineString", "coordinates": [ [ 8.6961338, 49.4135765 ], [ 8.6962128, 49.4135849 ], [ 8.6963322, 49.4135872 ], [ 8.6966075, 49.4135847 ], [ 8.6979679, 49.4135731 ], [ 8.698122, 49.4135746 ], [ 8.6982593, 49.4135787 ], [ 8.6984495, 49.4135931 ], [ 8.6985572, 49.413602 ], [ 8.6988461, 49.413634 ], [ 8.6995293, 49.4137146 ], [ 8.6998922, 49.4137772 ], [ 8.7004823, 49.4139042 ], [ 8.7008778, 49.413985 ], [ 8.7009713, 49.4139992 ], [ 8.7013901, 49.4140706 ], [ 8.7014893, 49.4140912 ], [ 8.7017586, 49.4141534 ], [ 8.7021136, 49.4142377 ], [ 8.7026924, 49.4143789 ] ] } },
{ "type": "Feature", "properties": { "osm_id": 30109918, "name": null, "highway": "residential", "klass": "residential", "lanes": null, "maxspeed": null, "surface": "asphalt", "oneway": "yes" }, "geometry": { "type": "LineString", "coordinates": [ [ 8.7088348, 49.4134432 ], [ 8.7088458, 49.4134357 ], [ 8.7088611, 49.4134274 ], [ 8.7088718, 49.4134227 ], [ 8.7088872, 49.4134192 ], [ 8.7089131, 49.4134166 ], [ 8.7089882, 49.4134125 ], [ 8.7091366, 49.4134074 ], [ 8.7092302, 49.4134035 ], [ 8.7093186, 49.4133984 ], [ 8.7093893, 49.4133924 ], [ 8.7094908, 49.413386 ], [ 8.7095959, 49.4133849 ], [ 8.709736, 49.4133865 ], [ 8.709811, 49.4133895 ], [ 8.7098702, 49.4133941 ], [ 8.7099198, 49.4133995 ], [ 8.7099764, 49.4134059 ], [ 8.7101364, 49.4134298 ], [ 8.7102263, 49.4134457 ], [ 8.710272, 49.4134568 ], [ 8.7103065, 49.4134656 ], [ 8.7103292, 49.4134732 ], [ 8.7103487, 49.413481 ], [ 8.7103693, 49.413492 ], [ 8.7103871, 49.4135082 ], [ 8.7103984, 49.4135266 ], [ 8.7104076, 49.4135554 ] ] } },
{ "type": "Feature", "properties": { "osm_id": 30119504, "name": "Neckarstaden", "highway": "primary", "klass": "primary", "lanes": 1.0, "maxspeed": 50.0, "surface": "asphalt", "oneway": "yes" }, "geometry": { "type": "LineString", "coordinates": [ [ 8.6980964, 49.4123123 ], [ 8.6978282, 49.4122831 ], [ 8.6975947, 49.4122516 ], [ 8.6974696, 49.4122296 ], [ 8.6973772, 49.4122085 ] ] } },
{ "type": "Feature", "properties": { "osm_id": 30119509, "name": "Schlierbacher Landstraße", "highway": "primary", "klass": "primary", "lanes": 2.0, "maxspeed": 50.0, "surface": "asphalt", "oneway": "yes" }, "geometry": { "type": "LineString", "coordinates": [ [ 8.7193905, 49.414991 ], [ 8.7202519, 49.4153124 ], [ 8.720875, 49.4155486 ] ] } },
{ "type": "Feature", "properties": { "osm_id": 30120181, "name": "Bergheimer Straße", "highway": "secondary", "klass": "secondary", "lanes": 2.0, "maxspeed": 30.0, "surface": "asphalt", "oneway": "yes" }, "geometry": { "type": "LineString", "coordinates": [ [ 8.6725426, 49.4078504 ], [ 8.6725894, 49.407844 ] ] } },
{ "type": "Feature", "properties": { "osm_id": 30120182, "name": "Yorckstraße", "highway": "residential", "klass": "residential", "lanes": 2.0, "maxspeed": 30.0, "surface": "asphalt", "oneway": null }, "geometry": { "type": "LineString", "coordinates": [ [ 8.6704052, 49.4079798 ], [ 8.6704061, 49.4078994 ], [ 8.6704074, 49.4078196 ] ] } },
{ "type": "Feature", "properties": { "osm_id": 30120695, "name": "Czernyring", "highway": "secondary", "klass": "secondary", "lanes": 2.0, "maxspeed": 30.0, "surface": "asphalt", "oneway": "yes" }, "geometry": { "type": "LineString", "coordinates": [ [ 8.6706497, 49.4064233 ], [ 8.6702772, 49.4060728 ] ] } },
{ "type": "Feature", "properties": { "osm_id": 30121026, "name": "Vangerowstraße", "highway": "primary", "klass": "primary", "lanes": 4.0, "maxspeed": 50.0, "surface": "asphalt", "oneway": null }, "geometry": { "type": "LineString", "coordinates": [ [ 8.6706438, 49.4090397 ], [ 8.6708108, 49.4090137 ] ] } },
{ "type": "Feature", "properties": { "osm_id": 30121072, "name": "Bergheimer Straße", "highway": "secondary", "klass": "secondary", "lanes": 2.0, "maxspeed": 30.0, "surface": "asphalt", "oneway": "yes" }, "geometry": { "type": "LineString", "coordinates": [ [ 8.6704052, 49.4079798 ], [ 8.6708744, 49.4079814 ], [ 8.6710305, 49.4079778 ] ] } },
{ "type": "Feature", "properties": { "osm_id": 30138170, "name": "Zeppelinstraße", "highway": "residential", "klass": "residential", "lanes": 2.0, "maxspeed": 30.0, "surface": "asphalt", "oneway": null }, "geometry": { "type": "LineString", "coordinates": [ [ 8.683285, 49.4251111 ], [ 8.6837358, 49.424589 ], [ 8.683875, 49.424443 ], [ 8.6843971, 49.4238729 ], [ 8.6844525, 49.4237849 ], [ 8.684593, 49.4235582 ], [ 8.6846956, 49.4233943 ], [ 8.6848225, 49.4231843 ], [ 8.6848585, 49.4231314 ], [ 8.6849196, 49.4230451 ], [ 8.6853774, 49.4223605 ], [ 8.6858105, 49.4216398 ], [ 8.6861855, 49.4209741 ] ] } },
{ "type": "Feature", "properties": { "osm_id": 30215221, "name": "Hans-Thoma-Platz", "highway": "primary", "klass": "primary", "lanes": 2.0, "maxspeed": 50.0, "surface": "asphalt", "oneway": "yes" }, "geometry": { "type": "LineString", "coordinates": [ [ 8.682748, 49.4271451 ], [ 8.6827558, 49.4270754 ], [ 8.6827673, 49.4270246 ], [ 8.6827867, 49.4269729 ], [ 8.682856, 49.4268507 ], [ 8.6829927, 49.4266609 ] ] } },
{ "type": "Feature", "properties": { "osm_id": 30215250, "name": "Hans-Thoma-Platz", "highway": "residential", "klass": "residential", "lanes": 2.0, "maxspeed": 30.0, "surface": "asphalt", "oneway": null }, "geometry": { "type": "LineString", "coordinates": [ [ 8.6820274, 49.4281211 ], [ 8.68216, 49.4281438 ], [ 8.6823046, 49.4281715 ], [ 8.6824755, 49.42819 ] ] } },
{ "type": "Feature", "properties": { "osm_id": 30215357, "name": "Rollossweg", "highway": "living_street", "klass": "living_street", "lanes": null, "maxspeed": null, "surface": "asphalt", "oneway": null }, "geometry": { "type": "LineString", "coordinates": [ [ 8.6909096, 49.4301737 ], [ 8.6908477, 49.4301965 ], [ 8.6907822, 49.4302072 ], [ 8.6906638, 49.430202 ], [ 8.6901664, 49.4301631 ], [ 8.6900555, 49.4301483 ], [ 8.6899623, 49.4301206 ], [ 8.6898851, 49.4300803 ], [ 8.6898162, 49.4300344 ], [ 8.6897631, 49.42998 ], [ 8.6896688, 49.4298012 ], [ 8.6895442, 49.4295028 ], [ 8.6895257, 49.4294548 ], [ 8.6895182, 49.4294228 ], [ 8.6895158, 49.4293884 ] ] } },
{ "type": "Feature", "properties": { "osm_id": 30215358, "name": "Heiligenbergstraße", "highway": "residential", "klass": "residential", "lanes": null, "maxspeed": 30.0, "surface": "asphalt", "oneway": null }, "geometry": { "type": "LineString", "coordinates": [ [ 8.6937064, 49.4297529 ], [ 8.6939209, 49.4297053 ], [ 8.6939776, 49.4296953 ], [ 8.6940445, 49.4296849 ], [ 8.694439, 49.4296432 ], [ 8.6948897, 49.4296002 ], [ 8.6950053, 49.4295856 ], [ 8.6951347, 49.4295774 ], [ 8.6951999, 49.4295759 ], [ 8.6952116, 49.429576 ], [ 8.6952604, 49.4295762 ], [ 8.6953911, 49.4295783 ], [ 8.6956982, 49.4295814 ], [ 8.6961298, 49.4295838 ], [ 8.6964039, 49.429584 ], [ 8.6965131, 49.4295883 ], [ 8.6966407, 49.4295964 ], [ 8.6967423, 49.429605 ], [ 8.6969294, 49.4296229 ], [ 8.6970763, 49.4296393 ], [ 8.6972343, 49.429658 ], [ 8.6974137, 49.4296846 ], [ 8.697576, 49.4297139 ], [ 8.6977481, 49.4297529 ], [ 8.697791, 49.4297652 ], [ 8.6978306, 49.4297792 ], [ 8.6978616, 49.4297953 ], [ 8.6978857, 49.4298095 ], [ 8.6979036, 49.4298238 ], [ 8.6979191, 49.429838 ], [ 8.6979355, 49.4298624 ] ] } },
{ "type": "Feature", "properties": { "osm_id": 30215359, "name": "Waldweg", "highway": "residential", "klass": "residential", "lanes": null, "maxspeed": 30.0, "surface": "asphalt", "oneway": null }, "geometry": { "type": "LineString", "coordinates": [ [ 8.6979355, 49.4298624 ], [ 8.6980124, 49.4298685 ], [ 8.6982374, 49.4298939 ], [ 8.6985959, 49.4299336 ], [ 8.6987643, 49.4299533 ], [ 8.6988913, 49.429972 ], [ 8.699049, 49.429999 ], [ 8.6991071, 49.4299992 ], [ 8.6991462, 49.429985 ] ] } },
{ "type": "Feature", "properties": { "osm_id": 30251601, "name": "Am Karlstor", "highway": "secondary_link", "klass": "secondary", "lanes": 1.0, "maxspeed": 50.0, "surface": "asphalt", "oneway": "yes" }, "geometry": { "type": "LineString", "coordinates": [ [ 8.7178941, 49.4138952 ], [ 8.7179609, 49.4138974 ], [ 8.7180155, 49.4139028 ], [ 8.7181134, 49.4139168 ], [ 8.7182093, 49.4139343 ] ] } },
{ "type": "Feature", "properties": { "osm_id": 30251602, "name": "Am Karlstor", "highway": "secondary_link", "klass": "secondary", "lanes": 1.0, "maxspeed": 50.0, "surface": "asphalt", "oneway": "yes" }, "geometry": { "type": "LineString", "coordinates": [ [ 8.7170922, 49.4142606 ], [ 8.717209, 49.4142364 ], [ 8.7172775, 49.4142226 ], [ 8.7173263, 49.4142081 ] ] } },
{ "type": "Feature", "properties": { "osm_id": 30272618, "name": "Traubenweg", "highway": "residential", "klass": "residential", "lanes": null, "maxspeed": 30.0, "surface": "asphalt", "oneway": "yes" }, "geometry": { "type": "LineString", "coordinates": [ [ 8.6927248, 49.3995533 ], [ 8.6929734, 49.3991203 ], [ 8.6931536, 49.3987414 ], [ 8.6931689, 49.3986723 ], [ 8.693168, 49.3986407 ], [ 8.6931633, 49.3986104 ], [ 8.6931505, 49.3985771 ], [ 8.6931222, 49.3985381 ], [ 8.693083, 49.3985034 ], [ 8.6930289, 49.398467 ], [ 8.6929653, 49.3984394 ], [ 8.6928314, 49.3983896 ] ] } },
{ "type": "Feature", "properties": { "osm_id": 30405775, "name": "Große Michelsgasse", "highway": "residential", "klass": "residential", "lanes": 1.0, "maxspeed": 30.0, "surface": "asphalt", "oneway": null }, "geometry": { "type": "LineString", "coordinates": [ [ 8.6917332, 49.3911581 ], [ 8.6920389, 49.3911481 ], [ 8.6923658, 49.3911374 ], [ 8.6924521, 49.3911352 ], [ 8.6924776, 49.3911345 ] ] } },
{ "type": "Feature", "properties": { "osm_id": 30488269, "name": "Gaiberger Weg", "highway": "tertiary", "klass": "tertiary", "lanes": 2.0, "maxspeed": 50.0, "surface": "asphalt", "oneway": null }, "geometry": { "type": "LineString", "coordinates": [ [ 8.7198601, 49.3818813 ], [ 8.7197541, 49.3819453 ], [ 8.7190111, 49.3824085 ], [ 8.7188452, 49.3825165 ], [ 8.7187694, 49.3825655 ], [ 8.7187554, 49.3825746 ], [ 8.7186459, 49.3826453 ], [ 8.7185606, 49.3827019 ], [ 8.7185224, 49.3827281 ], [ 8.7183374, 49.3828526 ], [ 8.7181471, 49.3829804 ], [ 8.7179645, 49.3831048 ], [ 8.7177689, 49.3832576 ], [ 8.7176254, 49.3833954 ], [ 8.7174901, 49.3835562 ], [ 8.7174033, 49.3836977 ], [ 8.7173353, 49.3838405 ], [ 8.7173081, 49.3839171 ], [ 8.7172867, 49.3840041 ], [ 8.7172484, 49.384179 ], [ 8.7170582, 49.3850035 ], [ 8.7168819, 49.3857749 ], [ 8.7168348, 49.3859602 ], [ 8.7167664, 49.3861687 ], [ 8.7166992, 49.3863422 ], [ 8.7166151, 49.3865369 ], [ 8.716386, 49.3870731 ], [ 8.7162748, 49.387336 ], [ 8.7162136, 49.387488 ], [ 8.716183, 49.387569 ], [ 8.7161653, 49.3876304 ], [ 8.7161166, 49.3878194 ], [ 8.7160812, 49.3879983 ], [ 8.7160291, 49.388383 ], [ 8.7160093, 49.3885301 ], [ 8.7159752, 49.3886859 ], [ 8.7159414, 49.3888366 ], [ 8.7158916, 49.3890027 ], [ 8.7155705, 49.3898282 ], [ 8.715395, 49.3902564 ], [ 8.715222, 49.3906662 ], [ 8.7151129, 49.3909091 ], [ 8.7149991, 49.3911552 ], [ 8.7148839, 49.3914011 ], [ 8.714849, 49.3914756 ], [ 8.7148245, 49.3915281 ], [ 8.7147714, 49.3916416 ], [ 8.7146078, 49.3919906 ], [ 8.7145362, 49.3921516 ], [ 8.714495, 49.3922462 ], [ 8.7144682, 49.3923234 ], [ 8.7144372, 49.3924247 ], [ 8.7144098, 49.3925444 ], [ 8.7143941, 49.3926427 ], [ 8.7143833, 49.392751 ], [ 8.7143575, 49.3933312 ], [ 8.7143513, 49.3934285 ], [ 8.71434, 49.3935207 ], [ 8.714314, 49.3936631 ], [ 8.7142423, 49.3940197 ], [ 8.7141922, 49.3942887 ], [ 8.714143, 49.3945334 ], [ 8.7140171, 49.3950585 ], [ 8.7138988, 49.395579 ], [ 8.713851, 49.3959607 ], [ 8.7137382, 49.3971447 ], [ 8.7137251, 49.3972839 ], [ 8.7137105, 49.3974948 ], [ 8.7137111, 49.3976139 ], [ 8.7137179, 49.3977561 ], [ 8.7137356, 49.3978998 ], [ 8.7137673, 49.3980312 ], [ 8.7139375, 49.3985687 ], [ 8.7140142, 49.3988117 ], [ 8.7140622, 49.3990041 ], [ 8.714107, 49.3992188 ], [ 8.714119, 49.3993547 ], [ 8.7141262, 49.3995797 ], [ 8.7141134, 49.3997924 ], [ 8.7140913, 49.399933 ], [ 8.7140616, 49.4000566 ], [ 8.7140131, 49.400273 ], [ 8.7139643, 49.4004283 ], [ 8.7139294, 49.4005324 ], [ 8.7138946, 49.4006113 ], [ 8.7138589, 49.4006809 ], [ 8.7138111, 49.4007458 ], [ 8.7137342, 49.4008308 ], [ 8.7135882, 49.4009732 ], [ 8.7134073, 49.4011492 ], [ 8.7133529, 49.4011984 ] ] } },
{ "type": "Feature", "properties": { "osm_id": 30488940, "name": "Rohrbacher Straße", "highway": "secondary", "klass": "secondary", "lanes": 2.0, "maxspeed": 50.0, "surface": "asphalt", "oneway": null }, "geometry": { "type": "LineString", "coordinates": [ [ 8.6906658, 49.4002018 ], [ 8.6907072, 49.4002982 ] ] } },
{ "type": "Feature", "properties": { "osm_id": 30488942, "name": "Rohrbacher Straße", "highway": "secondary", "klass": "secondary", "lanes": 2.0, "maxspeed": 50.0, "surface": "asphalt", "oneway": null }, "geometry": { "type": "LineString", "coordinates": [ [ 8.6907072, 49.4002982 ], [ 8.6907495, 49.400396 ], [ 8.691, 49.4009252 ], [ 8.6910063, 49.4009392 ], [ 8.6910575, 49.40106 ], [ 8.6910859, 49.401127 ], [ 8.6911173, 49.401201 ], [ 8.6913075, 49.4016495 ], [ 8.6913785, 49.401828 ], [ 8.6914571, 49.4020259 ], [ 8.6914927, 49.4021157 ], [ 8.6915523, 49.4022655 ], [ 8.6915687, 49.402307 ], [ 8.6916271, 49.402454 ] ] } },
{ "type": "Feature", "properties": { "osm_id": 30606187, "name": "Römerstraße", "highway": "primary", "klass": "primary", "lanes": 4.0, "maxspeed": 50.0, "surface": "asphalt", "oneway": null }, "geometry": { "type": "LineString", "coordinates": [ [ 8.6858042, 49.3928023 ], [ 8.6858388, 49.3924312 ] ] } },
{ "type": "Feature", "properties": { "osm_id": 30606189, "name": "Feuerbachstraße", "highway": "residential", "klass": "residential", "lanes": null, "maxspeed": 30.0, "surface": "asphalt", "oneway": null }, "geometry": { "type": "LineString", "coordinates": [ [ 8.6857633, 49.3935248 ], [ 8.6855904, 49.3934923 ], [ 8.6855479, 49.3934869 ], [ 8.685527, 49.3934858 ], [ 8.6842759, 49.3934338 ], [ 8.6842266, 49.3934327 ] ] } },
{ "type": "Feature", "properties": { "osm_id": 30606191, "name": "Rohrbacher Straße", "highway": "secondary", "klass": "secondary", "lanes": 2.0, "maxspeed": 50.0, "surface": "asphalt", "oneway": null }, "geometry": { "type": "LineString", "coordinates": [ [ 8.6900768, 49.3936865 ], [ 8.6900158, 49.3942708 ] ] } },
{ "type": "Feature", "properties": { "osm_id": 30673178, "name": "Handschuhsheimer Landstraße", "highway": "residential", "klass": "residential", "lanes": null, "maxspeed": 30.0, "surface": "asphalt", "oneway": "yes" }, "geometry": { "type": "LineString", "coordinates": [ [ 8.689347, 49.4221967 ], [ 8.6889879, 49.4221904 ] ] } },
{ "type": "Feature", "properties": { "osm_id": 30755795, "name": "Neckarstaden", "highway": "primary", "klass": "primary", "lanes": 1.0, "maxspeed": 50.0, "surface": "asphalt", "oneway": "yes" }, "geometry": { "type": "LineString", "coordinates": [ [ 8.6983138, 49.4122297 ], [ 8.6985612, 49.4122363 ], [ 8.6988007, 49.4122517 ] ] } },
{ "type": "Feature", "properties": { "osm_id": 30766492, "name": "Zähringerstraße", "highway": "living_street", "klass": "living_street", "lanes": null, "maxspeed": null, "surface": "paving_stones", "oneway": "yes" }, "geometry": { "type": "LineString", "coordinates": [ [ 8.6813556, 49.4017096 ], [ 8.6814957, 49.4016699 ], [ 8.6815407, 49.4016652 ], [ 8.6816191, 49.4016571 ], [ 8.6828456, 49.4017082 ] ] } },
{ "type": "Feature", "properties": { "osm_id": 30809978, "name": "Neckarstaden", "highway": "primary", "klass": "primary", "lanes": 1.0, "maxspeed": 50.0, "surface": "asphalt", "oneway": "yes" }, "geometry": { "type": "LineString", "coordinates": [ [ 8.6983138, 49.4122297 ], [ 8.6981142, 49.4121774 ] ] } },
{ "type": "Feature", "properties": { "osm_id": 30810231, "name": "Schurmanstraße", "highway": "primary", "klass": "primary", "lanes": 2.0, "maxspeed": 50.0, "surface": "asphalt", "oneway": null }, "geometry": { "type": "LineString", "coordinates": [ [ 8.6909149, 49.4111485 ], [ 8.6910358, 49.4111862 ], [ 8.6910756, 49.4111985 ], [ 8.6911974, 49.4112361 ] ] } },
{ "type": "Feature", "properties": { "osm_id": 30846763, "name": "Friedrich-Ebert-Anlage", "highway": "secondary", "klass": "secondary", "lanes": 2.0, "maxspeed": 50.0, "surface": "asphalt", "oneway": "yes" }, "geometry": { "type": "LineString", "coordinates": [ [ 8.7058221, 49.4089654 ], [ 8.7066326, 49.4090391 ] ] } },
{ "type": "Feature", "properties": { "osm_id": 31146043, "name": "Chaisenweg", "highway": "tertiary", "klass": "tertiary", "lanes": 2.0, "maxspeed": null, "surface": "asphalt", "oneway": "no" }, "geometry": { "type": "LineString", "coordinates": [ [ 8.716615, 49.3952084 ], [ 8.7166271, 49.3952063 ], [ 8.7166372, 49.395205 ], [ 8.7166469, 49.3952045 ], [ 8.7166645, 49.3952044 ], [ 8.7166838, 49.3952053 ], [ 8.7167043, 49.3952078 ], [ 8.716723, 49.3952121 ], [ 8.7167407, 49.3952183 ], [ 8.7167546, 49.3952244 ], [ 8.7167705, 49.3952328 ], [ 8.7167839, 49.3952409 ], [ 8.7167963, 49.3952507 ], [ 8.7168064, 49.3952598 ], [ 8.7168159, 49.39527 ], [ 8.7168234, 49.3952816 ], [ 8.7168333, 49.395299 ], [ 8.7168407, 49.395314 ], [ 8.7168512, 49.3953455 ], [ 8.7168578, 49.3953754 ], [ 8.7168672, 49.3954345 ], [ 8.7168823, 49.3955642 ], [ 8.7169023, 49.3957026 ], [ 8.7169184, 49.3957771 ], [ 8.716928, 49.3958159 ], [ 8.7169398, 49.3958517 ], [ 8.7169528, 49.3958847 ], [ 8.7169699, 49.3959214 ], [ 8.7170043, 49.3959893 ], [ 8.7171227, 49.3961968 ], [ 8.7171938, 49.3963175 ], [ 8.7172453, 49.3964041 ], [ 8.7173625, 49.3965985 ], [ 8.7174228, 49.3966969 ], [ 8.7175362, 49.3968806 ], [ 8.7175831, 49.3969546 ], [ 8.7176192, 49.3970078 ], [ 8.7176573, 49.3970592 ], [ 8.7176907, 49.397101 ], [ 8.7178392, 49.3972792 ], [ 8.7179858, 49.3974516 ], [ 8.7180589, 49.3975324 ], [ 8.7181329, 49.3976117 ], [ 8.7182172, 49.3976957 ], [ 8.718293, 49.3977703 ], [ 8.7183856, 49.3978565 ], [ 8.7184672, 49.3979298 ], [ 8.718537, 49.3979912 ], [ 8.7186581, 49.3980867 ], [ 8.718748, 49.3981554 ], [ 8.7189712, 49.3983188 ], [ 8.7191082, 49.3984202 ], [ 8.7191993, 49.3984873 ], [ 8.7192911, 49.3985565 ], [ 8.7194023, 49.3986362 ], [ 8.7195232, 49.3987257 ], [ 8.7196186, 49.3987915 ], [ 8.7196808, 49.3988311 ], [ 8.719741, 49.3988678 ], [ 8.7198088, 49.3989066 ], [ 8.719875, 49.3989427 ], [ 8.7199303, 49.398971 ], [ 8.7199938, 49.3990024 ], [ 8.7200626, 49.3990339 ], [ 8.7201238, 49.3990611 ], [ 8.7202121, 49.3990981 ], [ 8.7203085, 49.3991355 ], [ 8.7204155, 49.399176 ], [ 8.7204755, 49.3991976 ], [ 8.7205358, 49.3992176 ], [ 8.7206276, 49.3992469 ], [ 8.7207242, 49.3992766 ], [ 8.7209295, 49.3993339 ], [ 8.7210335, 49.3993598 ], [ 8.7211367, 49.3993832 ], [ 8.7212164, 49.3993995 ], [ 8.7212911, 49.3994135 ], [ 8.7213443, 49.3994211 ], [ 8.7214757, 49.3994369 ], [ 8.7216634, 49.3994605 ], [ 8.7218548, 49.3994838 ], [ 8.7223508, 49.3995422 ], [ 8.722819, 49.3995948 ], [ 8.7229655, 49.3996095 ], [ 8.7231468, 49.3996288 ], [ 8.7233116, 49.3996486 ], [ 8.7234508, 49.3996656 ], [ 8.7236311, 49.3996911 ], [ 8.7237666, 49.3997111 ], [ 8.7240286, 49.3997535 ], [ 8.7240739, 49.3997623 ], [ 8.724407, 49.3998236 ], [ 8.7245504, 49.3998504 ], [ 8.7246472, 49.3998694 ], [ 8.7249063, 49.3999248 ], [ 8.7249893, 49.3999441 ], [ 8.725053, 49.3999602 ], [ 8.7251269, 49.3999814 ], [ 8.7252094, 49.4000092 ], [ 8.7253054, 49.4000429 ], [ 8.725407, 49.4000828 ], [ 8.7256089, 49.4001693 ], [ 8.7258081, 49.4002611 ], [ 8.7259022, 49.4003017 ], [ 8.7260002, 49.4003374 ], [ 8.726083, 49.4003646 ], [ 8.7261614, 49.4003884 ], [ 8.7262335, 49.4004066 ], [ 8.7262837, 49.4004183 ], [ 8.7263413, 49.4004302 ], [ 8.7265774, 49.4004725 ], [ 8.7266646, 49.4004899 ], [ 8.7267378, 49.4005053 ], [ 8.726788, 49.4005179 ], [ 8.7268322, 49.4005301 ], [ 8.7268804, 49.4005451 ], [ 8.7269215, 49.4005584 ], [ 8.7269703, 49.4005758 ], [ 8.7270317, 49.4005997 ], [ 8.7271047, 49.4006307 ], [ 8.7271988, 49.4006711 ], [ 8.7272344, 49.4006865 ], [ 8.727255, 49.4006938 ], [ 8.7272634, 49.4006959 ], [ 8.7272708, 49.400697 ], [ 8.727282, 49.400698 ], [ 8.7272926, 49.4006981 ], [ 8.7273072, 49.400697 ], [ 8.727319, 49.4006945 ] ] } },
{ "type": "Feature", "properties": { "osm_id": 31146051, "name": "Friesenberg", "highway": "residential", "klass": "residential", "lanes": 2.0, "maxspeed": 30.0, "surface": "sett", "oneway": null }, "geometry": { "type": "LineString", "coordinates": [ [ 8.7161246, 49.4122491 ], [ 8.7161242, 49.4122706 ], [ 8.7161228, 49.4123539 ], [ 8.7161227, 49.4123787 ], [ 8.7161201, 49.4123989 ], [ 8.7161145, 49.4124188 ], [ 8.716107, 49.4124383 ], [ 8.7160954, 49.4124588 ], [ 8.7160257, 49.4125533 ], [ 8.716009, 49.4125706 ], [ 8.715975, 49.4126034 ], [ 8.7158705, 49.412695 ], [ 8.7157286, 49.4128254 ], [ 8.7156663, 49.4128852 ], [ 8.7155425, 49.4130047 ], [ 8.7153897, 49.4132033 ] ] } },
{ "type": "Feature", "properties": { "osm_id": 31306149, "name": "Pfarrgasse", "highway": "residential", "klass": "residential", "lanes": null, "maxspeed": 30.0, "surface": "asphalt", "oneway": null }, "geometry": { "type": "LineString", "coordinates": [ [ 8.6869373, 49.426093 ], [ 8.6871178, 49.4261369 ] ] } },
{ "type": "Feature", "properties": { "osm_id": 31306150, "name": "Pfarrgasse", "highway": "residential", "klass": "residential", "lanes": null, "maxspeed": 30.0, "surface": "asphalt", "oneway": "no" }, "geometry": { "type": "LineString", "coordinates": [ [ 8.6867752, 49.4260626 ], [ 8.6869373, 49.426093 ] ] } },
{ "type": "Feature", "properties": { "osm_id": 32022784, "name": "Speyererhofweg", "highway": "unclassified", "klass": "unclassified", "lanes": null, "maxspeed": 50.0, "surface": "asphalt", "oneway": null }, "geometry": { "type": "LineString", "coordinates": [ [ 8.704999, 49.3899479 ], [ 8.7051118, 49.3900979 ], [ 8.7051687, 49.3901687 ], [ 8.7052413, 49.39025 ], [ 8.7052838, 49.3902922 ], [ 8.7053293, 49.3903316 ], [ 8.7053809, 49.3903681 ], [ 8.7054311, 49.3903983 ], [ 8.7054923, 49.390429 ], [ 8.7055637, 49.3904577 ], [ 8.7056464, 49.3904833 ], [ 8.7058122, 49.3905311 ], [ 8.705899, 49.3905577 ], [ 8.7059719, 49.3905859 ], [ 8.7060205, 49.3906103 ], [ 8.7060565, 49.3906367 ], [ 8.7060831, 49.3906613 ], [ 8.7061041, 49.3906868 ], [ 8.7061182, 49.3907069 ], [ 8.7061296, 49.3907313 ], [ 8.7061367, 49.3907547 ], [ 8.7061412, 49.3907849 ], [ 8.706138, 49.3908152 ], [ 8.7061281, 49.3908509 ], [ 8.7060914, 49.3909244 ], [ 8.7060257, 49.3910408 ], [ 8.7059998, 49.3910988 ], [ 8.7059836, 49.3911516 ], [ 8.7059729, 49.3912268 ], [ 8.7059707, 49.3912884 ], [ 8.7059848, 49.391364 ], [ 8.7060088, 49.3914337 ], [ 8.7060322, 49.3914838 ], [ 8.7060609, 49.3915308 ], [ 8.7061012, 49.3915857 ], [ 8.7061532, 49.3916485 ], [ 8.7063645, 49.3918718 ] ] } },
{ "type": "Feature", "properties": { "osm_id": 32276882, "name": "Friedrich-Ebert-Anlage", "highway": "residential", "klass": "residential", "lanes": null, "maxspeed": null, "surface": "asphalt", "oneway": "yes" }, "geometry": { "type": "LineString", "coordinates": [ [ 8.6957291, 49.407818 ], [ 8.6957261, 49.4077414 ], [ 8.6957335, 49.4077191 ], [ 8.695742, 49.4076966 ], [ 8.6957688, 49.4076818 ], [ 8.6957914, 49.4076762 ] ] } },
{ "type": "Feature", "properties": { "osm_id": 32559795, "name": "Brentanoweg", "highway": "residential", "klass": "residential", "lanes": null, "maxspeed": null, "surface": "asphalt", "oneway": null }, "geometry": { "type": "LineString", "coordinates": [ [ 8.6914212, 49.3902393 ], [ 8.691299, 49.3902369 ], [ 8.691085, 49.3902327 ], [ 8.6903514, 49.3902184 ], [ 8.690324, 49.3902175 ] ] } },
{ "type": "Feature", "properties": { "osm_id": 32570190, "name": "Rohrbacher Straße", "highway": "secondary", "klass": "secondary", "lanes": 2.0, "maxspeed": 50.0, "surface": "asphalt", "oneway": null }, "geometry": { "type": "LineString", "coordinates": [ [ 8.6898628, 49.3956034 ], [ 8.6898477, 49.3957321 ], [ 8.6898447, 49.3957575 ], [ 8.6898248, 49.3959221 ], [ 8.6897766, 49.3962116 ] ] } },
{ "type": "Feature", "properties": { "osm_id": 32570191, "name": "Rohrbacher Straße", "highway": "secondary", "klass": "secondary", "lanes": 2.0, "maxspeed": 50.0, "surface": "asphalt", "oneway": null }, "geometry": { "type": "LineString", "coordinates": [ [ 8.6899924, 49.399215 ], [ 8.6900573, 49.3992444 ], [ 8.690099, 49.3992666 ], [ 8.6901259, 49.3992809 ], [ 8.6901787, 49.3993111 ], [ 8.6902473, 49.3993565 ], [ 8.6903032, 49.3994177 ], [ 8.6903287, 49.3994591 ], [ 8.6903618, 49.399509 ], [ 8.6903992, 49.3995895 ] ] } },
{ "type": "Feature", "properties": { "osm_id": 32570193, "name": "Dantestraße", "highway": "tertiary", "klass": "tertiary", "lanes": 2.0, "maxspeed": 30.0, "surface": "asphalt", "oneway": "yes" }, "geometry": { "type": "LineString", "coordinates": [ [ 8.6918413, 49.4000503 ], [ 8.6918289, 49.4000685 ], [ 8.6918014, 49.4000902 ], [ 8.6917797, 49.4001038 ], [ 8.691765, 49.400111 ], [ 8.6917387, 49.4001201 ], [ 8.6916937, 49.4001301 ], [ 8.6911203, 49.4002273 ], [ 8.6910866, 49.4002333 ] ] } },
{ "type": "Feature", "properties": { "osm_id": 32723956, "name": "Mönchbergweg", "highway": "residential", "klass": "residential", "lanes": null, "maxspeed": 30.0, "surface": "asphalt", "oneway": null }, "geometry": { "type": "LineString", "coordinates": [ [ 8.6991462, 49.429985 ], [ 8.6991582, 49.4299597 ], [ 8.6991638, 49.4299236 ], [ 8.6991504, 49.4298904 ], [ 8.6991242, 49.4298672 ], [ 8.69905, 49.4298156 ], [ 8.6987746, 49.4296141 ], [ 8.6986653, 49.4295292 ], [ 8.6985328, 49.429442 ], [ 8.6984102, 49.4293781 ], [ 8.6982319, 49.4293067 ], [ 8.6980552, 49.429246 ], [ 8.6979871, 49.4292193 ], [ 8.697934, 49.4291857 ], [ 8.6978989, 49.4291513 ], [ 8.6978592, 49.429105 ], [ 8.6978331, 49.4290689 ], [ 8.697799, 49.4290113 ], [ 8.6977635, 49.4289402 ], [ 8.6976961, 49.428764 ], [ 8.6975888, 49.4284982 ], [ 8.6975008, 49.4282502 ], [ 8.6974264, 49.4281126 ] ] } },
{ "type": "Feature", "properties": { "osm_id": 32825224, "name": "Bismarckstraße", "highway": "primary", "klass": "primary", "lanes": 2.0, "maxspeed": 30.0, "surface": "asphalt", "oneway": "yes" }, "geometry": { "type": "LineString", "coordinates": [ [ 8.6925549, 49.4092056 ], [ 8.6924831, 49.4091235 ] ] } },
{ "type": "Feature", "properties": { "osm_id": 32825225, "name": "Rohrbacher Straße", "highway": "primary", "klass": "primary", "lanes": 2.0, "maxspeed": 30.0, "surface": "asphalt", "oneway": "yes" }, "geometry": { "type": "LineString", "coordinates": [ [ 8.6923951, 49.4089336 ], [ 8.6923992, 49.4088969 ], [ 8.6924098, 49.4088043 ], [ 8.69242, 49.4087147 ], [ 8.6924313, 49.4086146 ], [ 8.6924402, 49.4085366 ] ] } },
{ "type": "Feature", "properties": { "osm_id": 32913379, "name": "Hasenbühler Weg", "highway": "residential", "klass": "residential", "lanes": null, "maxspeed": 30.0, "surface": "paving_stones", "oneway": null }, "geometry": { "type": "LineString", "coordinates": [ [ 8.6921067, 49.3993099 ], [ 8.6924941, 49.3994677 ], [ 8.6927248, 49.3995533 ], [ 8.6927906, 49.3995675 ], [ 8.6928448, 49.3995724 ], [ 8.6933919, 49.3995889 ], [ 8.6935901, 49.399576 ], [ 8.6939525, 49.3995223 ], [ 8.6941092, 49.399498 ], [ 8.6941899, 49.3994757 ], [ 8.6942969, 49.3994434 ] ] } },
{ "type": "Feature", "properties": { "osm_id": 32917431, "name": "Eppelheimer Straße", "highway": "secondary", "klass": "secondary", "lanes": 1.0, "maxspeed": 50.0, "surface": "asphalt", "oneway": "yes" }, "geometry": { "type": "LineString", "coordinates": [ [ 8.650906, 49.4053435 ], [ 8.6506734, 49.4052478 ], [ 8.650317, 49.4050849 ], [ 8.6500993, 49.404986 ], [ 8.6499296, 49.4049097 ], [ 8.6496983, 49.4047872 ], [ 8.6495931, 49.4047371 ], [ 8.6495466, 49.4047143 ], [ 8.64951, 49.4046961 ], [ 8.6494039, 49.4046332 ], [ 8.6493631, 49.4046075 ], [ 8.649101, 49.4044256 ], [ 8.6487672, 49.4042291 ], [ 8.6484292, 49.4040281 ], [ 8.648358, 49.4039898 ], [ 8.6482465, 49.4039376 ], [ 8.6482194, 49.4039249 ], [ 8.647953, 49.4038289 ], [ 8.6477813, 49.4037728 ], [ 8.6476396, 49.4037243 ], [ 8.6475315, 49.4036815 ], [ 8.6472501, 49.4035873 ], [ 8.6470556, 49.4035205 ], [ 8.6470051, 49.4035025 ], [ 8.6468341, 49.4034482 ] ] } },
{ "type": "Feature", "properties": { "osm_id": 32917588, "name": "Mannheimer Straße", "highway": "tertiary", "klass": "tertiary", "lanes": null, "maxspeed": 30.0, "surface": "asphalt", "oneway": null }, "geometry": { "type": "LineString", "coordinates": [ [ 8.6493348, 49.423796 ], [ 8.6494435, 49.4236503 ], [ 8.6496383, 49.4233663 ], [ 8.6496758, 49.4233152 ], [ 8.6501671, 49.4228252 ], [ 8.6504596, 49.4224034 ] ] } },
{ "type": "Feature", "properties": { "osm_id": 33057411, "name": "Bergheimer Straße", "highway": "tertiary", "klass": "tertiary", "lanes": 1.0, "maxspeed": 30.0, "surface": "asphalt", "oneway": "yes" }, "geometry": { "type": "LineString", "coordinates": [ [ 8.6746331, 49.4078224 ], [ 8.6746614, 49.4078221 ], [ 8.675056, 49.4078165 ], [ 8.6750974, 49.4078158 ] ] } },
{ "type": "Feature", "properties": { "osm_id": 33057413, "name": "Bergheimer Straße", "highway": "tertiary", "klass": "tertiary", "lanes": 2.0, "maxspeed": 30.0, "surface": "asphalt", "oneway": "yes" }, "geometry": { "type": "LineString", "coordinates": [ [ 8.6745047, 49.407968 ], [ 8.6743749, 49.4079765 ] ] } },
{ "type": "Feature", "properties": { "osm_id": 33057892, "name": "Römerkreis", "highway": "secondary", "klass": "secondary", "lanes": 3.0, "maxspeed": 50.0, "surface": "asphalt", "oneway": "yes" }, "geometry": { "type": "LineString", "coordinates": [ [ 8.6851009, 49.4054894 ], [ 8.6851209, 49.405571 ], [ 8.6851234, 49.40559 ], [ 8.6851242, 49.4056182 ], [ 8.6851212, 49.4056454 ], [ 8.6851124, 49.4056714 ], [ 8.6851039, 49.405692 ], [ 8.6850872, 49.4057224 ], [ 8.6850736, 49.4057384 ], [ 8.6850617, 49.4057519 ], [ 8.6850443, 49.4057688 ], [ 8.6850223, 49.4057854 ], [ 8.6849988, 49.4058006 ], [ 8.6849873, 49.4058069 ], [ 8.6849679, 49.4058176 ], [ 8.6849478, 49.405827 ], [ 8.6849261, 49.405837 ] ] } },
{ "type": "Feature", "properties": { "osm_id": 33057893, "name": "Römerkreis", "highway": "primary", "klass": "primary", "lanes": 3.0, "maxspeed": 50.0, "surface": "asphalt", "oneway": "yes" }, "geometry": { "type": "LineString", "coordinates": [ [ 8.6847147, 49.4059208 ], [ 8.6846464, 49.4059026 ], [ 8.6845278, 49.4058676 ], [ 8.6844336, 49.4058392 ], [ 8.684307, 49.4058001 ] ] } },
{ "type": "Feature", "properties": { "osm_id": 33058422, "name": "Rohrbacher Straße", "highway": "secondary", "klass": "secondary", "lanes": 3.0, "maxspeed": 50.0, "surface": "asphalt", "oneway": "yes" }, "geometry": { "type": "LineString", "coordinates": [ [ 8.6926107, 49.4073566 ], [ 8.6926209, 49.4073286 ], [ 8.692631, 49.4073064 ], [ 8.6926403, 49.4072819 ], [ 8.692676, 49.4071883 ] ] } },
{ "type": "Feature", "properties": { "osm_id": 33092625, "name": "Czernyring", "highway": "secondary", "klass": "secondary", "lanes": 2.0, "maxspeed": 50.0, "surface": "asphalt", "oneway": null }, "geometry": { "type": "LineString", "coordinates": [ [ 8.6813993, 49.3987735 ], [ 8.6811375, 49.3989234 ], [ 8.6808665, 49.3990867 ], [ 8.6806516, 49.3992143 ], [ 8.6804512, 49.399329 ], [ 8.6802641, 49.399433 ], [ 8.6801725, 49.3994851 ], [ 8.6798576, 49.3996429 ], [ 8.679495, 49.399806 ], [ 8.6793296, 49.399876 ] ] } },
{ "type": "Feature", "properties": { "osm_id": 33092627, "name": "Hebelstraße", "highway": "secondary", "klass": "secondary", "lanes": 3.0, "maxspeed": 50.0, "surface": "asphalt", "oneway": null }, "geometry": { "type": "LineString", "coordinates": [ [ 8.6826359, 49.3972719 ], [ 8.6819378, 49.3972417 ] ] } },
{ "type": "Feature", "properties": { "osm_id": 33093821, "name": "Czernyring", "highway": "secondary", "klass": "secondary", "lanes": 4.0, "maxspeed": 50.0, "surface": "asphalt", "oneway": null }, "geometry": { "type": "LineString", "coordinates": [ [ 8.6744588, 49.4018403 ], [ 8.6744823, 49.4018301 ], [ 8.6745733, 49.4017842 ], [ 8.6747566, 49.4016897 ] ] } },
{ "type": "Feature", "properties": { "osm_id": 33093824, "name": "Eppelheimer Straße", "highway": "secondary", "klass": "secondary", "lanes": 2.0, "maxspeed": 50.0, "surface": "asphalt", "oneway": "yes" }, "geometry": { "type": "LineString", "coordinates": [ [ 8.669401, 49.4051015 ], [ 8.6694053, 49.4051033 ], [ 8.6694246, 49.4051114 ], [ 8.6694371, 49.4051171 ], [ 8.6694413, 49.4051191 ], [ 8.6694789, 49.405139 ], [ 8.6695315, 49.40517 ], [ 8.6695707, 49.4051953 ], [ 8.6696137, 49.4052248 ], [ 8.6696676, 49.4052676 ] ] } },
{ "type": "Feature", "properties": { "osm_id": 33093826, "name": "Czernyring", "highway": "secondary", "klass": "secondary", "lanes": 2.0, "maxspeed": 30.0, "surface": "asphalt", "oneway": "yes" }, "geometry": { "type": "LineString", "coordinates": [ [ 8.6711578, 49.4066263 ], [ 8.6715138, 49.4069251 ], [ 8.6718728, 49.4072279 ], [ 8.671912, 49.4072609 ] ] } },
{ "type": "Feature", "properties": { "osm_id": 33093831, "name": "Lessingstraße", "highway": "primary", "klass": "primary", "lanes": 2.0, "maxspeed": 50.0, "surface": "asphalt", "oneway": "yes" }, "geometry": { "type": "LineString", "coordinates": [ [ 8.6780464, 49.4031914 ], [ 8.6785308, 49.4028502 ], [ 8.6789991, 49.4025537 ] ] } },
{ "type": "Feature", "properties": { "osm_id": 33093833, "name": "Speyerer Straße", "highway": "primary", "klass": "primary", "lanes": 3.0, "maxspeed": 50.0, "surface": "asphalt", "oneway": "yes" }, "geometry": { "type": "LineString", "coordinates": [ [ 8.6795937, 49.4016286 ], [ 8.6791307, 49.4012409 ] ] } },
{ "type": "Feature", "properties": { "osm_id": 33095688, "name": "Am Hackteufel", "highway": "primary", "klass": "primary", "lanes": 2.0, "maxspeed": 50.0, "surface": "asphalt", "oneway": null }, "geometry": { "type": "LineString", "coordinates": [ [ 8.7117958, 49.4136735 ], [ 8.7131556, 49.4137738 ], [ 8.7134104, 49.4137926 ], [ 8.7139159, 49.4138504 ], [ 8.7144543, 49.4139191 ] ] } },
{ "type": "Feature", "properties": { "osm_id": 33095928, "name": "Am Karlstor", "highway": "secondary", "klass": "secondary", "lanes": 1.0, "maxspeed": 50.0, "surface": "asphalt", "oneway": "yes" }, "geometry": { "type": "LineString", "coordinates": [ [ 8.717659, 49.413944 ], [ 8.7176919, 49.413921 ], [ 8.7177306, 49.4139032 ] ] } },
{ "type": "Feature", "properties": { "osm_id": 33097750, "name": "Schlierbacher Landstraße", "highway": "primary", "klass": "primary", "lanes": 3.0, "maxspeed": 50.0, "surface": "asphalt", "oneway": "yes" }, "geometry": { "type": "LineString", "coordinates": [ [ 8.7178994, 49.4144053 ], [ 8.7180436, 49.4144442 ], [ 8.7182357, 49.4144999 ], [ 8.7184067, 49.414562 ], [ 8.7185418, 49.4146211 ], [ 8.7186813, 49.4146899 ] ] } },
{ "type": "Feature", "properties": { "osm_id": 33170077, "name": "Römerkreis", "highway": "primary", "klass": "primary", "lanes": 4.0, "maxspeed": 50.0, "surface": "asphalt", "oneway": "yes" }, "geometry": { "type": "LineString", "coordinates": [ [ 8.6845283, 49.4051411 ], [ 8.6845676, 49.4051492 ], [ 8.6845752, 49.4051507 ], [ 8.6845871, 49.405154 ], [ 8.6846067, 49.4051598 ], [ 8.6846176, 49.4051632 ], [ 8.6846487, 49.4051729 ], [ 8.6846937, 49.4051906 ] ] } },
{ "type": "Feature", "properties": { "osm_id": 33171088, "name": "Tiergartenstraße", "highway": "residential", "klass": "residential", "lanes": 2.0, "maxspeed": 30.0, "surface": "asphalt", "oneway": null }, "geometry": { "type": "LineString", "coordinates": [ [ 8.659321, 49.4205741 ], [ 8.6593598, 49.4204987 ] ] } },
{ "type": "Feature", "properties": { "osm_id": 33171089, "name": "Berliner Straße", "highway": "primary", "klass": "primary", "lanes": 2.0, "maxspeed": 50.0, "surface": "asphalt", "oneway": "yes" }, "geometry": { "type": "LineString", "coordinates": [ [ 8.6761881, 49.4169143 ], [ 8.6761959, 49.4168376 ], [ 8.6763411, 49.4150928 ], [ 8.6763467, 49.4150355 ], [ 8.6764419, 49.4140628 ], [ 8.6764572, 49.4137982 ], [ 8.6765025, 49.4131795 ], [ 8.6765141, 49.4129502 ], [ 8.676515, 49.412811 ], [ 8.6765162, 49.4127748 ], [ 8.6765255, 49.4127021 ], [ 8.6765279, 49.4126753 ] ] } },
{ "type": "Feature", "properties": { "osm_id": 33171091, "name": "Mittermaierstraße", "highway": "primary", "klass": "primary", "lanes": 2.0, "maxspeed": 50.0, "surface": "asphalt", "oneway": "yes" }, "geometry": { "type": "LineString", "coordinates": [ [ 8.6767519, 49.4079599 ], [ 8.6767617, 49.407948 ], [ 8.6767879, 49.407909 ], [ 8.6767984, 49.4078948 ], [ 8.6768083, 49.407881 ], [ 8.6768539, 49.4078237 ] ] } },
{ "type": "Feature", "properties": { "osm_id": 33171093, "name": "Bergheimer Straße", "highway": "tertiary", "klass": "tertiary", "lanes": 1.0, "maxspeed": 30.0, "surface": "asphalt", "oneway": "yes" }, "geometry": { "type": "LineString", "coordinates": [ [ 8.6750974, 49.4078158 ], [ 8.6751349, 49.4078155 ], [ 8.6755254, 49.4078125 ], [ 8.675704, 49.4078135 ], [ 8.6765476, 49.4078209 ], [ 8.6765894, 49.4078213 ], [ 8.6766471, 49.4078233 ], [ 8.6767364, 49.4078232 ], [ 8.6768539, 49.4078237 ] ] } },
{ "type": "Feature", "properties": { "osm_id": 33171097, "name": "Bergheimer Straße", "highway": "tertiary", "klass": "tertiary", "lanes": 2.0, "maxspeed": 30.0, "surface": "asphalt", "oneway": "yes" }, "geometry": { "type": "LineString", "coordinates": [ [ 8.6749138, 49.4079513 ], [ 8.6748139, 49.4079533 ], [ 8.6747096, 49.4079577 ], [ 8.6745047, 49.407968 ] ] } },
{ "type": "Feature", "properties": { "osm_id": 33171102, "name": "Römerstraße", "highway": "tertiary", "klass": "tertiary", "lanes": null, "maxspeed": 30.0, "surface": "asphalt", "oneway": "yes" }, "geometry": { "type": "LineString", "coordinates": [ [ 8.6843508, 49.4077556 ], [ 8.6843473, 49.407813 ] ] } },
{ "type": "Feature", "properties": { "osm_id": 33171372, "name": "Schlierbacher Landstraße", "highway": "primary", "klass": "primary", "lanes": 2.0, "maxspeed": 50.0, "surface": "asphalt", "oneway": "yes" }, "geometry": { "type": "LineString", "coordinates": [ [ 8.7186813, 49.4146899 ], [ 8.7187872, 49.4147423 ], [ 8.7188877, 49.4147877 ], [ 8.7189985, 49.4148327 ], [ 8.7192749, 49.4149448 ], [ 8.7193199, 49.4149628 ], [ 8.7193905, 49.414991 ] ] } },
{ "type": "Feature", "properties": { "osm_id": 33171373, "name": "Bergheimer Straße", "highway": "tertiary", "klass": "tertiary", "lanes": 2.0, "maxspeed": 30.0, "surface": "asphalt", "oneway": "yes" }, "geometry": { "type": "LineString", "coordinates": [ [ 8.6769357, 49.4079532 ], [ 8.6769131, 49.4079538 ], [ 8.6768793, 49.4079546 ] ] } },
{ "type": "Feature", "properties": { "osm_id": 33830324, "name": "Oberer Gaisbergweg", "highway": "residential", "klass": "residential", "lanes": null, "maxspeed": 30.0, "surface": "asphalt", "oneway": null }, "geometry": { "type": "LineString", "coordinates": [ [ 8.6937757, 49.3976059 ], [ 8.6938319, 49.3976528 ], [ 8.6938791, 49.3976985 ], [ 8.6939205, 49.3977559 ], [ 8.6939422, 49.3978065 ], [ 8.6939563, 49.3978908 ], [ 8.6939779, 49.3980001 ], [ 8.6940482, 49.3984474 ], [ 8.6940738, 49.3986898 ], [ 8.6940863, 49.3987412 ], [ 8.6941143, 49.3988306 ], [ 8.6941432, 49.3988962 ], [ 8.6942352, 49.3990294 ], [ 8.6943734, 49.3992137 ], [ 8.6944269, 49.3992851 ], [ 8.6945014, 49.3993824 ], [ 8.6945571, 49.3994593 ], [ 8.694595, 49.3995246 ], [ 8.6946308, 49.3996035 ], [ 8.6946828, 49.399765 ], [ 8.6947003, 49.3998458 ], [ 8.694728, 49.399983 ], [ 8.6947337, 49.4000476 ], [ 8.6947305, 49.4001073 ], [ 8.6947211, 49.4001718 ], [ 8.6947086, 49.4002134 ], [ 8.6946289, 49.4004252 ], [ 8.6945351, 49.40069 ], [ 8.6945238, 49.4007377 ], [ 8.6945181, 49.400798 ], [ 8.6945247, 49.4008791 ], [ 8.6945379, 49.4009655 ], [ 8.6945684, 49.4011615 ], [ 8.6946059, 49.4013887 ], [ 8.6946285, 49.4015046 ], [ 8.6946785, 49.4016117 ], [ 8.6947198, 49.4016923 ], [ 8.6948272, 49.4018529 ], [ 8.6949121, 49.4020005 ], [ 8.6950106, 49.4021971 ], [ 8.6950567, 49.4023084 ], [ 8.6950974, 49.4024392 ], [ 8.6951717, 49.4027262 ], [ 8.6952802, 49.4030569 ] ] } },
{ "type": "Feature", "properties": { "osm_id": 34100621, "name": "Bergstraße", "highway": "residential", "klass": "residential", "lanes": 2.0, "maxspeed": 30.0, "surface": "asphalt", "oneway": null }, "geometry": { "type": "LineString", "coordinates": [ [ 8.6910269, 49.4278312 ], [ 8.6910081, 49.4279608 ] ] } },
{ "type": "Feature", "properties": { "osm_id": 34100622, "name": "Bergstraße", "highway": "residential", "klass": "residential", "lanes": 2.0, "maxspeed": 30.0, "surface": "asphalt", "oneway": null }, "geometry": { "type": "LineString", "coordinates": [ [ 8.6910081, 49.4279608 ], [ 8.6909955, 49.4280407 ], [ 8.69096, 49.4282076 ], [ 8.6909073, 49.4283447 ], [ 8.690878, 49.4284043 ], [ 8.6907099, 49.4286284 ], [ 8.6906517, 49.4287215 ], [ 8.6905496, 49.4288786 ], [ 8.6905022, 49.4290381 ], [ 8.6904896, 49.4292483 ], [ 8.6905126, 49.4294934 ], [ 8.6905389, 49.4296097 ], [ 8.6905752, 49.4297247 ], [ 8.690628, 49.4298506 ], [ 8.6907157, 49.4299989 ], [ 8.6907475, 49.430036 ], [ 8.6908144, 49.4300941 ], [ 8.6909096, 49.4301737 ] ] } },
{ "type": "Feature", "properties": { "osm_id": 34126010, "name": "Berliner Straße", "highway": "primary", "klass": "primary", "lanes": 2.0, "maxspeed": 50.0, "surface": "asphalt", "oneway": "yes" }, "geometry": { "type": "LineString", "coordinates": [ [ 8.6761326, 49.4195939 ], [ 8.6761307, 49.4194808 ], [ 8.6761206, 49.4193076 ] ] } },
{ "type": "Feature", "properties": { "osm_id": 34239128, "name": "Berliner Straße", "highway": "primary", "klass": "primary", "lanes": 1.0, "maxspeed": 50.0, "surface": "asphalt", "oneway": "yes" }, "geometry": { "type": "LineString", "coordinates": [ [ 8.677634, 49.4225559 ], [ 8.6774522, 49.4224504 ], [ 8.6773558, 49.4223941 ], [ 8.677043, 49.4221979 ], [ 8.6768364, 49.4220321 ], [ 8.6766799, 49.4218755 ], [ 8.6765366, 49.4217025 ], [ 8.6764362, 49.4215564 ], [ 8.6763352, 49.4213588 ], [ 8.6762671, 49.4211605 ], [ 8.6762171, 49.4209774 ] ] } },
{ "type": "Feature", "properties": { "osm_id": 34239130, "name": "Berliner Straße", "highway": "primary", "klass": "primary", "lanes": 1.0, "maxspeed": 50.0, "surface": "asphalt", "oneway": "yes" }, "geometry": { "type": "LineString", "coordinates": [ [ 8.677779, 49.4224498 ], [ 8.6780515, 49.4225981 ], [ 8.6783426, 49.4227581 ], [ 8.6792438, 49.4233226 ], [ 8.6795117, 49.4234993 ], [ 8.6797906, 49.4236928 ], [ 8.6799576, 49.4238064 ] ] } },
{ "type": "Feature", "properties": { "osm_id": 34333672, "name": "Guido-Schmitt-Weg", "highway": "residential", "klass": "residential", "lanes": null, "maxspeed": 30.0, "surface": "asphalt", "oneway": null }, "geometry": { "type": "LineString", "coordinates": [ [ 8.6859685, 49.3948569 ], [ 8.6861763, 49.3948736 ], [ 8.6863126, 49.3948892 ], [ 8.6867007, 49.3949536 ], [ 8.6869851, 49.3950179 ], [ 8.6874058, 49.3951399 ], [ 8.6877693, 49.3952512 ] ] } },
{ "type": "Feature", "properties": { "osm_id": 34333673, "name": "Slevogtstraße", "highway": "residential", "klass": "residential", "lanes": null, "maxspeed": 30.0, "surface": "asphalt", "oneway": null }, "geometry": { "type": "LineString", "coordinates": [ [ 8.6889133, 49.3936425 ], [ 8.6889037, 49.3937763 ], [ 8.6888954, 49.3938939 ], [ 8.6889061, 49.3939492 ], [ 8.6888927, 49.3942578 ] ] } },
{ "type": "Feature", "properties": { "osm_id": 34386119, "name": "Römerstraße", "highway": "living_street", "klass": "living_street", "lanes": null, "maxspeed": null, "surface": "asphalt", "oneway": null }, "geometry": { "type": "LineString", "coordinates": [ [ 8.684406, 49.4018711 ], [ 8.684457, 49.4017293 ], [ 8.684519, 49.4016569 ], [ 8.6846051, 49.4016022 ], [ 8.6847474, 49.4015627 ], [ 8.6848804, 49.4015425 ], [ 8.6849608, 49.4015365 ] ] } },
{ "type": "Feature", "properties": { "osm_id": 34386120, "name": "Schillerstraße", "highway": "residential", "klass": "residential", "lanes": null, "maxspeed": 30.0, "surface": "asphalt", "oneway": null }, "geometry": { "type": "LineString", "coordinates": [ [ 8.6853958, 49.4015504 ], [ 8.6867407, 49.4005569 ], [ 8.6868114, 49.4005039 ] ] } },
{ "type": "Feature", "properties": { "osm_id": 34386121, "name": "Blumenstraße", "highway": "living_street", "klass": "living_street", "lanes": null, "maxspeed": null, "surface": "asphalt", "oneway": "yes" }, "geometry": { "type": "LineString", "coordinates": [ [ 8.6846556, 49.4043531 ], [ 8.6846295, 49.4043525 ], [ 8.6835556, 49.4043113 ] ] } },
{ "type": "Feature", "properties": { "osm_id": 34386122, "name": "Zähringerstraße", "highway": "living_street", "klass": "living_street", "lanes": null, "maxspeed": null, "surface": "paving_stones", "oneway": "yes" }, "geometry": { "type": "LineString", "coordinates": [ [ 8.6828514, 49.4018111 ], [ 8.6835629, 49.401847 ], [ 8.6839909, 49.4018658 ], [ 8.6842763, 49.4018783 ], [ 8.684406, 49.4018711 ], [ 8.6845959, 49.4018779 ], [ 8.6847183, 49.4018822 ], [ 8.6848627, 49.4018851 ] ] } },
{ "type": "Feature", "properties": { "osm_id": 34386123, "name": "Kaiserstraße", "highway": "living_street", "klass": "living_street", "lanes": null, "maxspeed": null, "surface": "asphalt", "oneway": null }, "geometry": { "type": "LineString", "coordinates": [ [ 8.6871029, 49.4034786 ], [ 8.6858656, 49.4034301 ], [ 8.6847934, 49.4033834 ], [ 8.6847617, 49.4033822 ], [ 8.6847325, 49.4033812 ], [ 8.6827111, 49.4032978 ] ] } },
{ "type": "Feature", "properties": { "osm_id": 34386124, "name": "Zähringerstraße", "highway": "living_street", "klass": "living_street", "lanes": null, "maxspeed": null, "surface": "asphalt", "oneway": null }, "geometry": { "type": "LineString", "coordinates": [ [ 8.6813556, 49.4017096 ], [ 8.6813049, 49.4017115 ], [ 8.6811839, 49.4017124 ], [ 8.6810571, 49.4016993 ] ] } },
{ "type": "Feature", "properties": { "osm_id": 34386125, "name": "Blumenstraße", "highway": "residential", "klass": "residential", "lanes": null, "maxspeed": 30.0, "surface": "asphalt", "oneway": "yes" }, "geometry": { "type": "LineString", "coordinates": [ [ 8.6931609, 49.4037177 ], [ 8.6922493, 49.4038612 ], [ 8.6921475, 49.4038765 ] ] } },
{ "type": "Feature", "properties": { "osm_id": 34748469, "name": "Speyererhofweg", "highway": "unclassified", "klass": "unclassified", "lanes": null, "maxspeed": 50.0, "surface": "asphalt", "oneway": null }, "geometry": { "type": "LineString", "coordinates": [ [ 8.7063645, 49.3918718 ], [ 8.7068334, 49.3923479 ], [ 8.7069168, 49.3924255 ], [ 8.7069586, 49.3924585 ], [ 8.7070011, 49.3924897 ], [ 8.7070371, 49.3925119 ], [ 8.7070792, 49.3925351 ], [ 8.7071189, 49.3925547 ], [ 8.7071654, 49.3925753 ], [ 8.7072241, 49.3925983 ], [ 8.7072845, 49.3926189 ], [ 8.7073769, 49.3926484 ], [ 8.7074428, 49.392671 ], [ 8.7075167, 49.3927003 ], [ 8.7075752, 49.3927268 ], [ 8.7076198, 49.3927493 ], [ 8.7076608, 49.3927748 ], [ 8.7076968, 49.3928035 ], [ 8.707751, 49.3928486 ], [ 8.7078367, 49.3929274 ], [ 8.7079304, 49.3930192 ], [ 8.7082577, 49.3933408 ], [ 8.708346, 49.3934331 ], [ 8.7084149, 49.3935093 ], [ 8.7084756, 49.3935823 ], [ 8.7085077, 49.3936278 ], [ 8.7085318, 49.3936668 ], [ 8.7085593, 49.3937155 ], [ 8.7085948, 49.3938023 ], [ 8.7086705, 49.3939806 ], [ 8.7086873, 49.3940211 ], [ 8.7087042, 49.3940514 ], [ 8.7087138, 49.3940651 ] ] } },
{ "type": "Feature", "properties": { "osm_id": 35010599, "name": "Schlosserstraße", "highway": "residential", "klass": "residential", "lanes": null, "maxspeed": 30.0, "surface": "asphalt", "oneway": "yes" }, "geometry": { "type": "LineString", "coordinates": [ [ 8.6916271, 49.402454 ], [ 8.6925636, 49.4022965 ], [ 8.6926834, 49.4022767 ] ] } },
{ "type": "Feature", "properties": { "osm_id": 35010600, "name": null, "highway": "residential", "klass": "residential", "lanes": 2.0, "maxspeed": 50.0, "surface": "asphalt", "oneway": "yes" }, "geometry": { "type": "LineString", "coordinates": [ [ 8.707208, 49.4091954 ], [ 8.7069847, 49.4091653 ], [ 8.7068377, 49.4091446 ] ] } },
{ "type": "Feature", "properties": { "osm_id": 35010601, "name": "Grabengasse", "highway": "residential", "klass": "residential", "lanes": null, "maxspeed": 50.0, "surface": "asphalt", "oneway": "yes" }, "geometry": { "type": "LineString", "coordinates": [ [ 8.7068148, 49.4090622 ], [ 8.7068293, 49.4091092 ] ] } },
{ "type": "Feature", "properties": { "osm_id": 35010602, "name": "Friedrich-Ebert-Anlage", "highway": "residential", "klass": "residential", "lanes": 1.0, "maxspeed": 30.0, "surface": "asphalt", "oneway": "yes" }, "geometry": { "type": "LineString", "coordinates": [ [ 8.7018187, 49.4088871 ], [ 8.7017021, 49.4088409 ], [ 8.7016469, 49.4088289 ], [ 8.7015977, 49.4088138 ], [ 8.7015759, 49.4088055 ], [ 8.7015549, 49.408794 ], [ 8.7015359, 49.4087806 ], [ 8.701517, 49.4087621 ], [ 8.7015019, 49.4087391 ], [ 8.701497, 49.4087262 ], [ 8.7014933, 49.40871 ], [ 8.701492, 49.4086905 ], [ 8.7014928, 49.4086623 ], [ 8.7014986, 49.4085972 ], [ 8.7015104, 49.40856 ], [ 8.7015241, 49.4085396 ], [ 8.7015299, 49.4085309 ], [ 8.7015497, 49.4085134 ], [ 8.7015973, 49.4084886 ] ] } },
{ "type": "Feature", "properties": { "osm_id": 35017902, "name": null, "highway": "residential", "klass": "residential", "lanes": 1.0, "maxspeed": 30.0, "surface": "sett", "oneway": "yes" }, "geometry": { "type": "LineString", "coordinates": [ [ 8.7063814, 49.4088166 ], [ 8.7064151, 49.4088764 ], [ 8.7064339, 49.4088995 ], [ 8.7064556, 49.4089136 ], [ 8.7064846, 49.4089272 ], [ 8.7065152, 49.4089352 ], [ 8.7066066, 49.4089505 ], [ 8.7066889, 49.408964 ], [ 8.7067277, 49.4089743 ], [ 8.706752, 49.4089869 ], [ 8.7067744, 49.4090027 ], [ 8.7067884, 49.4090191 ], [ 8.7067973, 49.4090326 ], [ 8.7068148, 49.4090622 ] ] } },
{ "type": "Feature", "properties": { "osm_id": 35074191, "name": "Unter der Schanz", "highway": "residential", "klass": "residential", "lanes": null, "maxspeed": null, "surface": "asphalt", "oneway": null }, "geometry": { "type": "LineString", "coordinates": [ [ 8.7092296, 49.4063997 ], [ 8.7093386, 49.406462 ], [ 8.7093681, 49.406483 ], [ 8.7093809, 49.4064957 ], [ 8.7093876, 49.4065071 ], [ 8.709391, 49.4065196 ], [ 8.7093923, 49.4065338 ], [ 8.7093913, 49.4065453 ], [ 8.7093891, 49.4065567 ], [ 8.709387, 49.406566 ], [ 8.7093829, 49.4065759 ], [ 8.7093033, 49.4067099 ], [ 8.7091748, 49.4069357 ], [ 8.7091401, 49.4070006 ], [ 8.7091255, 49.4070338 ], [ 8.7091085, 49.4070774 ], [ 8.7090945, 49.407123 ], [ 8.7090853, 49.4071583 ], [ 8.7090839, 49.4071788 ], [ 8.7090877, 49.4071959 ], [ 8.7090918, 49.4072081 ], [ 8.7090993, 49.4072202 ], [ 8.7091106, 49.4072312 ], [ 8.709122, 49.4072382 ], [ 8.7091379, 49.4072456 ], [ 8.7091629, 49.4072528 ], [ 8.7091928, 49.4072572 ], [ 8.709217, 49.4072576 ], [ 8.7092423, 49.4072545 ], [ 8.7092633, 49.4072479 ], [ 8.709286, 49.407237 ], [ 8.7093118, 49.4072175 ], [ 8.7093556, 49.4071746 ], [ 8.7094907, 49.4070538 ], [ 8.7096208, 49.4069358 ], [ 8.7096675, 49.4068964 ] ] } },
{ "type": "Feature", "properties": { "osm_id": 35193993, "name": null, "highway": "tertiary", "klass": "tertiary", "lanes": null, "maxspeed": null, "surface": "asphalt", "oneway": null }, "geometry": { "type": "LineString", "coordinates": [ [ 8.7039732, 49.3904329 ], [ 8.7039248, 49.3904367 ], [ 8.7038729, 49.3904367 ], [ 8.7038218, 49.3904316 ], [ 8.7037785, 49.3904232 ], [ 8.7037393, 49.3904087 ], [ 8.703705, 49.3903879 ], [ 8.7036722, 49.3903595 ], [ 8.7036382, 49.3903246 ], [ 8.7036075, 49.3902894 ] ] } },
{ "type": "Feature", "properties": { "osm_id": 35223802, "name": "Chaisenweg", "highway": "unclassified", "klass": "unclassified", "lanes": null, "maxspeed": 30.0, "surface": "asphalt", "oneway": null }, "geometry": { "type": "LineString", "coordinates": [ [ 8.7036366, 49.419385 ], [ 8.7035635, 49.4193641 ], [ 8.7034911, 49.4193481 ], [ 8.703421, 49.4193401 ], [ 8.7033399, 49.4193368 ], [ 8.7032421, 49.4193477 ], [ 8.7031134, 49.4193699 ], [ 8.7029701, 49.4194164 ], [ 8.7028489, 49.4194724 ], [ 8.7027522, 49.4195265 ], [ 8.7027217, 49.4195551 ], [ 8.7026971, 49.4195876 ], [ 8.7026839, 49.419619 ], [ 8.7026798, 49.4196479 ], [ 8.7026835, 49.419681 ], [ 8.702698, 49.4197097 ], [ 8.7027196, 49.419744 ], [ 8.7027896, 49.4198222 ], [ 8.7031859, 49.4201828 ], [ 8.7035491, 49.4204996 ], [ 8.7036002, 49.4205503 ], [ 8.7036412, 49.420597 ], [ 8.7036878, 49.420655 ] ] } },
{ "type": "Feature", "properties": { "osm_id": 35593870, "name": "Neckarstaden", "highway": "primary", "klass": "primary", "lanes": 1.0, "maxspeed": 50.0, "surface": "asphalt", "oneway": "yes" }, "geometry": { "type": "LineString", "coordinates": [ [ 8.7093325, 49.4134877 ], [ 8.7092342, 49.4134914 ], [ 8.7091241, 49.4134979 ], [ 8.7089323, 49.4135022 ] ] } },
{ "type": "Feature", "properties": { "osm_id": 35593872, "name": "Am Hackteufel", "highway": "primary", "klass": "primary", "lanes": 2.0, "maxspeed": 50.0, "surface": "asphalt", "oneway": null }, "geometry": { "type": "LineString", "coordinates": [ [ 8.7104076, 49.4135554 ], [ 8.7105407, 49.4135708 ], [ 8.7107579, 49.4135895 ], [ 8.7113685, 49.4136421 ], [ 8.7115081, 49.4136517 ] ] } },
{ "type": "Feature", "properties": { "osm_id": 35842576, "name": "Thibautstraße", "highway": "residential", "klass": "residential", "lanes": null, "maxspeed": 30.0, "surface": "asphalt", "oneway": "yes" }, "geometry": { "type": "LineString", "coordinates": [ [ 8.6866968, 49.4102535 ], [ 8.6868744, 49.4102472 ], [ 8.6869729, 49.4102228 ], [ 8.6871358, 49.4101294 ] ] } },
{ "type": "Feature", "properties": { "osm_id": 35960170, "name": "Fahrbachweg", "highway": "residential", "klass": "residential", "lanes": null, "maxspeed": 30.0, "surface": "asphalt", "oneway": null }, "geometry": { "type": "LineString", "coordinates": [ [ 8.6859874, 49.3943784 ], [ 8.6863453, 49.3943777 ], [ 8.687854, 49.3943747 ] ] } },
{ "type": "Feature", "properties": { "osm_id": 36186411, "name": "Handschuhsheimer Landstraße", "highway": "living_street", "klass": "living_street", "lanes": null, "maxspeed": null, "surface": "asphalt", "oneway": "yes" }, "geometry": { "type": "LineString", "coordinates": [ [ 8.6888309, 49.4264719 ], [ 8.6888275, 49.4266275 ], [ 8.6888229, 49.4268438 ], [ 8.6888227, 49.4268523 ], [ 8.6887999, 49.4270253 ], [ 8.6887558, 49.4271929 ], [ 8.6883829, 49.4277545 ], [ 8.6882758, 49.4278672 ], [ 8.6881419, 49.4279905 ], [ 8.6879509, 49.428135 ] ] } },
{ "type": "Feature", "properties": { "osm_id": 36186523, "name": "Handschuhsheimer Landstraße", "highway": "residential", "klass": "residential", "lanes": null, "maxspeed": 30.0, "surface": "asphalt", "oneway": "yes" }, "geometry": { "type": "LineString", "coordinates": [ [ 8.6892633, 49.4214192 ], [ 8.6892641, 49.4214365 ], [ 8.6892685, 49.4214764 ], [ 8.689281, 49.4215907 ] ] } },
{ "type": "Feature", "properties": { "osm_id": 36862309, "name": "Im Neuenheimer Feld", "highway": "residential", "klass": "residential", "lanes": null, "maxspeed": 30.0, "surface": "asphalt", "oneway": "yes" }, "geometry": { "type": "LineString", "coordinates": [ [ 8.6749653, 49.4196395 ], [ 8.6749553, 49.4197727 ], [ 8.6749487, 49.4198206 ], [ 8.6749244, 49.419869 ], [ 8.674899, 49.4198957 ], [ 8.6748594, 49.4199406 ], [ 8.6748343, 49.4199805 ], [ 8.6748251, 49.4200301 ], [ 8.6748232, 49.4200928 ], [ 8.6748236, 49.4201696 ], [ 8.6748238, 49.4204945 ], [ 8.6748288, 49.4207217 ], [ 8.6748306, 49.4208134 ], [ 8.6748448, 49.4209883 ] ] } },
{ "type": "Feature", "properties": { "osm_id": 36862310, "name": "Im Neuenheimer Feld", "highway": "residential", "klass": "residential", "lanes": null, "maxspeed": 30.0, "surface": "asphalt", "oneway": null }, "geometry": { "type": "LineString", "coordinates": [ [ 8.6749302, 49.4219344 ], [ 8.6748099, 49.4221228 ], [ 8.6747772, 49.4221705 ], [ 8.6746385, 49.4223481 ], [ 8.6744233, 49.4226255 ] ] } },
{ "type": "Feature", "properties": { "osm_id": 37103038, "name": "Werrgasse", "highway": "residential", "klass": "residential", "lanes": null, "maxspeed": 30.0, "surface": "asphalt", "oneway": null }, "geometry": { "type": "LineString", "coordinates": [ [ 8.7100328, 49.4153407 ], [ 8.7100241, 49.4153869 ], [ 8.7100206, 49.4154481 ], [ 8.7100187, 49.4154822 ], [ 8.7100143, 49.4155637 ], [ 8.7100151, 49.4155825 ], [ 8.7100169, 49.4155983 ], [ 8.7100248, 49.4156472 ], [ 8.7100383, 49.4157674 ], [ 8.7100457, 49.4158332 ], [ 8.7100996, 49.4159734 ], [ 8.7101347, 49.4160448 ], [ 8.7101545, 49.4161056 ] ] } },
{ "type": "Feature", "properties": { "osm_id": 37103041, "name": "Hölderlinweg", "highway": "residential", "klass": "residential", "lanes": null, "maxspeed": 30.0, "surface": "asphalt", "oneway": null }, "geometry": { "type": "LineString", "coordinates": [ [ 8.7101545, 49.4161056 ], [ 8.710239, 49.4161039 ], [ 8.7104463, 49.4160998 ], [ 8.7106924, 49.4160931 ], [ 8.7108423, 49.4160948 ], [ 8.7109931, 49.4160981 ], [ 8.7116037, 49.4161159 ], [ 8.712274, 49.416136 ], [ 8.7123833, 49.4161436 ], [ 8.7124764, 49.4161544 ], [ 8.7125586, 49.4161696 ], [ 8.7126813, 49.4162014 ], [ 8.7127552, 49.4162265 ], [ 8.71284, 49.4162613 ], [ 8.7129029, 49.4162911 ], [ 8.7129482, 49.4163195 ], [ 8.7130126, 49.4163672 ], [ 8.7130832, 49.4164196 ], [ 8.7131089, 49.4164345 ], [ 8.7131956, 49.4164766 ], [ 8.7132483, 49.4165046 ] ] } },
{ "type": "Feature", "properties": { "osm_id": 37103042, "name": "Scheffelstraße", "highway": "residential", "klass": "residential", "lanes": null, "maxspeed": 30.0, "surface": "asphalt", "oneway": null }, "geometry": { "type": "LineString", "coordinates": [ [ 8.7132483, 49.4165046 ], [ 8.7132859, 49.4164927 ], [ 8.7133194, 49.4164877 ], [ 8.7136117, 49.4164802 ], [ 8.7137213, 49.4164813 ], [ 8.7138934, 49.4164904 ], [ 8.7141306, 49.4165122 ], [ 8.7147321, 49.4165767 ], [ 8.7147652, 49.416577 ], [ 8.7147929, 49.4165706 ], [ 8.7148123, 49.4165577 ], [ 8.7149011, 49.4162902 ], [ 8.7148982, 49.4162562 ], [ 8.7148739, 49.4162307 ], [ 8.7148439, 49.4162155 ], [ 8.7144672, 49.41613 ], [ 8.714287, 49.416087 ], [ 8.7141903, 49.4160668 ], [ 8.7140933, 49.4160552 ], [ 8.7139713, 49.416049 ], [ 8.7137732, 49.4160407 ], [ 8.7137135, 49.4160357 ], [ 8.7136551, 49.4160224 ], [ 8.7135781, 49.4159975 ], [ 8.7135051, 49.4159617 ], [ 8.7134593, 49.4159227 ], [ 8.7134257, 49.4158768 ], [ 8.7134038, 49.4158275 ], [ 8.7133898, 49.4157671 ], [ 8.7134025, 49.4156809 ], [ 8.7134239, 49.4155423 ] ] } },
{ "type": "Feature", "properties": { "osm_id": 37565651, "name": "Neuenheimer Landstraße", "highway": "secondary", "klass": "secondary", "lanes": 2.0, "maxspeed": 30.0, "surface": "asphalt", "oneway": null }, "geometry": { "type": "LineString", "coordinates": [ [ 8.7092132, 49.4152464 ], [ 8.7092647, 49.4152517 ], [ 8.7094926, 49.4152735 ] ] } },
{ "type": "Feature", "properties": { "osm_id": 37685272, "name": "Gaisbergstraße", "highway": "residential", "klass": "residential", "lanes": 1.0, "maxspeed": 30.0, "surface": "asphalt", "oneway": "yes" }, "geometry": { "type": "LineString", "coordinates": [ [ 8.6922649, 49.4014149 ], [ 8.692402, 49.4016915 ], [ 8.6926834, 49.4022767 ], [ 8.6931609, 49.4037177 ], [ 8.6933275, 49.4042105 ], [ 8.6934282, 49.404504 ], [ 8.693542, 49.4047992 ], [ 8.693953, 49.4056744 ], [ 8.6940754, 49.405936 ] ] } },
{ "type": "Feature", "properties": { "osm_id": 37783096, "name": "Kriegsstraße", "highway": "residential", "klass": "residential", "lanes": null, "maxspeed": 30.0, "surface": "asphalt", "oneway": null }, "geometry": { "type": "LineString", "coordinates": [ [ 8.6857364, 49.4291566 ], [ 8.685837, 49.429162 ], [ 8.6864615, 49.4291489 ], [ 8.6870084, 49.4291374 ], [ 8.6874876, 49.4291273 ] ] } },
{ "type": "Feature", "properties": { "osm_id": 37813567, "name": "Gaisbergstraße", "highway": "residential", "klass": "residential", "lanes": 1.0, "maxspeed": 30.0, "surface": "asphalt", "oneway": null }, "geometry": { "type": "LineString", "coordinates": [ [ 8.6940925, 49.4060017 ], [ 8.6941496, 49.4062939 ], [ 8.6941873, 49.4065426 ], [ 8.6941948, 49.4066154 ], [ 8.6942057, 49.4068051 ] ] } },
{ "type": "Feature", "properties": { "osm_id": 37831084, "name": "An der Tiefburg", "highway": "residential", "klass": "residential", "lanes": null, "maxspeed": 30.0, "surface": "asphalt", "oneway": "yes" }, "geometry": { "type": "LineString", "coordinates": [ [ 8.6859546, 49.4286308 ], [ 8.6859192, 49.4286244 ], [ 8.6858789, 49.4286092 ], [ 8.6858472, 49.4285909 ], [ 8.6858167, 49.4285681 ], [ 8.6857821, 49.4285397 ], [ 8.6857527, 49.4285068 ], [ 8.6857094, 49.4284055 ], [ 8.6857661, 49.4281248 ], [ 8.6858435, 49.4278732 ] ] } },
{ "type": "Feature", "properties": { "osm_id": 37844895, "name": "Fischergasse", "highway": "living_street", "klass": "living_street", "lanes": null, "maxspeed": null, "surface": "sett", "oneway": "yes" }, "geometry": { "type": "LineString", "coordinates": [ [ 8.7104555, 49.4132749 ], [ 8.7104628, 49.413308 ], [ 8.7104625, 49.4133391 ] ] } },
{ "type": "Feature", "properties": { "osm_id": 37855163, "name": "Rollossweg", "highway": "living_street", "klass": "living_street", "lanes": null, "maxspeed": null, "surface": "asphalt", "oneway": "no" }, "geometry": { "type": "LineString", "coordinates": [ [ 8.6895158, 49.4293884 ], [ 8.6895093, 49.429315 ], [ 8.6894873, 49.4291251 ], [ 8.6894786, 49.4289605 ], [ 8.689444, 49.4287954 ], [ 8.6894068, 49.4286714 ], [ 8.6893614, 49.4285054 ], [ 8.6893253, 49.4283873 ], [ 8.689261, 49.4282689 ], [ 8.6892259, 49.4282178 ], [ 8.6891664, 49.428156 ], [ 8.6890692, 49.4280813 ], [ 8.6888822, 49.4279805 ], [ 8.6888186, 49.4279494 ], [ 8.6885217, 49.4278244 ], [ 8.6884482, 49.4277874 ], [ 8.6883829, 49.4277545 ] ] } },
{ "type": "Feature", "properties": { "osm_id": 37879150, "name": "Karlstraße", "highway": "residential", "klass": "residential", "lanes": null, "maxspeed": 30.0, "surface": "sett", "oneway": "yes" }, "geometry": { "type": "LineString", "coordinates": [ [ 8.7123734, 49.411851 ], [ 8.7119456, 49.4117147 ], [ 8.7119051, 49.4117028 ] ] } },
{ "type": "Feature", "properties": { "osm_id": 37879151, "name": "Am Hackteufel", "highway": "primary", "klass": "primary", "lanes": 2.0, "maxspeed": 50.0, "surface": "asphalt", "oneway": null }, "geometry": { "type": "LineString", "coordinates": [ [ 8.7144543, 49.4139191 ], [ 8.7150105, 49.4139963 ] ] } },
{ "type": "Feature", "properties": { "osm_id": 38040875, "name": "Richard-Wagner-Straße", "highway": "residential", "klass": "residential", "lanes": 2.0, "maxspeed": 30.0, "surface": "asphalt", "oneway": null }, "geometry": { "type": "LineString", "coordinates": [ [ 8.6860632, 49.4241634 ], [ 8.686747, 49.4242827 ], [ 8.6873681, 49.424391 ] ] } },
{ "type": "Feature", "properties": { "osm_id": 38098360, "name": "Untere Neckarstraße", "highway": "residential", "klass": "residential", "lanes": 2.0, "maxspeed": null, "surface": "asphalt", "oneway": "yes" }, "geometry": { "type": "LineString", "coordinates": [ [ 8.6994427, 49.4120061 ], [ 8.6994255, 49.4120104 ], [ 8.6994107, 49.4120164 ], [ 8.6993972, 49.4120235 ], [ 8.6993869, 49.4120309 ], [ 8.6993757, 49.4120398 ], [ 8.699366, 49.4120507 ], [ 8.699358, 49.412062 ], [ 8.6993442, 49.4120918 ], [ 8.6992859, 49.4122581 ], [ 8.69928, 49.4122772 ], [ 8.699275, 49.4122933 ], [ 8.6992587, 49.4123409 ] ] } },
{ "type": "Feature", "properties": { "osm_id": 38525992, "name": "Blumenstraße", "highway": "living_street", "klass": "living_street", "lanes": null, "maxspeed": null, "surface": "asphalt", "oneway": null }, "geometry": { "type": "LineString", "coordinates": [ [ 8.6871129, 49.4044437 ], [ 8.6876992, 49.4044184 ], [ 8.6879015, 49.4044076 ] ] } },
{ "type": "Feature", "properties": { "osm_id": 38861537, "name": "Lessingstraße", "highway": "primary_link", "klass": "primary", "lanes": 3.0, "maxspeed": 50.0, "surface": "asphalt", "oneway": "yes" }, "geometry": { "type": "LineString", "coordinates": [ [ 8.6806867, 49.4016513 ], [ 8.6804349, 49.4018463 ], [ 8.680425, 49.4018528 ], [ 8.6803517, 49.4018965 ], [ 8.6802756, 49.40194 ] ] } },
{ "type": "Feature", "properties": { "osm_id": 38886298, "name": "Sofienstraße", "highway": "primary", "klass": "primary", "lanes": 2.0, "maxspeed": 30.0, "surface": "asphalt", "oneway": "yes" }, "geometry": { "type": "LineString", "coordinates": [ [ 8.6938647, 49.4087655 ], [ 8.6938358, 49.4088432 ], [ 8.6937769, 49.409005 ], [ 8.6936506, 49.4093617 ], [ 8.6935587, 49.4096042 ] ] } },
{ "type": "Feature", "properties": { "osm_id": 38886300, "name": "Bismarckstraße", "highway": "primary", "klass": "primary", "lanes": 3.0, "maxspeed": 30.0, "surface": "asphalt", "oneway": "yes" }, "geometry": { "type": "LineString", "coordinates": [ [ 8.6924536, 49.4102421 ], [ 8.6927056, 49.4098102 ], [ 8.692728, 49.409761 ] ] } },
{ "type": "Feature", "properties": { "osm_id": 38886301, "name": "Rohrbacher Straße", "highway": "primary", "klass": "primary", "lanes": 4.0, "maxspeed": 30.0, "surface": "asphalt", "oneway": "yes" }, "geometry": { "type": "LineString", "coordinates": [ [ 8.6924775, 49.4082086 ], [ 8.6924983, 49.4080263 ], [ 8.6925025, 49.4079891 ], [ 8.6925053, 49.4079648 ], [ 8.6925079, 49.4079418 ], [ 8.6925512, 49.4075611 ], [ 8.6925565, 49.4075162 ] ] } },
{ "type": "Feature", "properties": { "osm_id": 39035878, "name": "Theodor-Heuss-Brücke", "highway": "secondary", "klass": "secondary", "lanes": 2.0, "maxspeed": 50.0, "surface": "asphalt", "oneway": "yes" }, "geometry": { "type": "LineString", "coordinates": [ [ 8.6928696, 49.4115257 ], [ 8.692846, 49.4116671 ], [ 8.6927471, 49.4120387 ] ] } },
{ "type": "Feature", "properties": { "osm_id": 39037718, "name": "Friedrich-Ebert-Anlage", "highway": "secondary", "klass": "secondary", "lanes": 1.0, "maxspeed": 50.0, "surface": "asphalt", "oneway": "yes" }, "geometry": { "type": "LineString", "coordinates": [ [ 8.7069899, 49.4090855 ], [ 8.7069418, 49.4090917 ], [ 8.7068861, 49.4090976 ], [ 8.7068293, 49.4091092 ] ] } },
{ "type": "Feature", "properties": { "osm_id": 39270702, "name": "Kirschgartenstraße", "highway": "residential", "klass": "residential", "lanes": null, "maxspeed": 30.0, "surface": "asphalt", "oneway": null }, "geometry": { "type": "LineString", "coordinates": [ [ 8.6871529, 49.3928317 ], [ 8.6871509, 49.3928526 ], [ 8.6871238, 49.393089 ] ] } },
{ "type": "Feature", "properties": { "osm_id": 39500196, "name": null, "highway": "primary_link", "klass": "primary", "lanes": 1.0, "maxspeed": 50.0, "surface": "asphalt", "oneway": "yes" }, "geometry": { "type": "LineString", "coordinates": [ [ 8.6929205, 49.4111709 ], [ 8.692801, 49.411243 ], [ 8.6927453, 49.4112706 ] ] } },
{ "type": "Feature", "properties": { "osm_id": 39500197, "name": null, "highway": "primary_link", "klass": "primary", "lanes": 1.0, "maxspeed": 50.0, "surface": "asphalt", "oneway": "yes" }, "geometry": { "type": "LineString", "coordinates": [ [ 8.6912704, 49.4110547 ], [ 8.6912327, 49.4110511 ], [ 8.6911982, 49.4110507 ], [ 8.6911674, 49.4110546 ], [ 8.6911398, 49.4110612 ], [ 8.6910857, 49.4110813 ], [ 8.6910462, 49.4110988 ], [ 8.6909832, 49.4111281 ], [ 8.6909149, 49.4111485 ] ] } },
{ "type": "Feature", "properties": { "osm_id": 39500198, "name": null, "highway": "primary_link", "klass": "primary", "lanes": 1.0, "maxspeed": 50.0, "surface": "asphalt", "oneway": "yes" }, "geometry": { "type": "LineString", "coordinates": [ [ 8.6901963, 49.4109197 ], [ 8.6906088, 49.4109691 ], [ 8.6907179, 49.4109814 ], [ 8.6908205, 49.4109902 ], [ 8.6909246, 49.4109951 ], [ 8.691035, 49.4109987 ], [ 8.6913008, 49.4110093 ], [ 8.6913226, 49.4110116 ], [ 8.6913411, 49.4110166 ], [ 8.6913575, 49.4110227 ], [ 8.6913696, 49.4110289 ], [ 8.6914089, 49.4110505 ], [ 8.6914261, 49.4110638 ], [ 8.6914891, 49.4111147 ], [ 8.6915354, 49.4111647 ] ] } },
{ "type": "Feature", "properties": { "osm_id": 39500199, "name": null, "highway": "primary_link", "klass": "primary", "lanes": 1.0, "maxspeed": 50.0, "surface": "asphalt", "oneway": "yes" }, "geometry": { "type": "LineString", "coordinates": [ [ 8.6915354, 49.4111647 ], [ 8.6914436, 49.4111368 ], [ 8.6914299, 49.4111309 ], [ 8.6914144, 49.4111225 ], [ 8.6913739, 49.4110952 ], [ 8.6913166, 49.4110669 ], [ 8.6912962, 49.4110601 ], [ 8.6912704, 49.4110547 ] ] } },
{ "type": "Feature", "properties": { "osm_id": 39502290, "name": "Fehrentzstraße", "highway": "residential", "klass": "residential", "lanes": null, "maxspeed": 30.0, "surface": "asphalt", "oneway": null }, "geometry": { "type": "LineString", "coordinates": [ [ 8.6828265, 49.4091931 ], [ 8.6828309, 49.4088738 ], [ 8.6828374, 49.4087736 ] ] } },
{ "type": "Feature", "properties": { "osm_id": 39502291, "name": "Am Hackteufel", "highway": "primary", "klass": "primary", "lanes": 2.0, "maxspeed": 50.0, "surface": "asphalt", "oneway": null }, "geometry": { "type": "LineString", "coordinates": [ [ 8.7095323, 49.4134908 ], [ 8.7096814, 49.4134949 ], [ 8.7098074, 49.4134979 ], [ 8.7099047, 49.413503 ], [ 8.7100024, 49.41351 ], [ 8.7101208, 49.4135219 ], [ 8.7102638, 49.4135379 ], [ 8.7104076, 49.4135554 ] ] } },
{ "type": "Feature", "properties": { "osm_id": 39529997, "name": null, "highway": "residential", "klass": "residential", "lanes": null, "maxspeed": 30.0, "surface": "asphalt", "oneway": "yes" }, "geometry": { "type": "LineString", "coordinates": [ [ 8.6915368, 49.3998385 ], [ 8.6917278, 49.3998827 ], [ 8.6917716, 49.3998929 ], [ 8.6918106, 49.3999027 ] ] } },
{ "type": "Feature", "properties": { "osm_id": 39595007, "name": "Uferstraße", "highway": "tertiary", "klass": "tertiary", "lanes": 2.0, "maxspeed": 30.0, "surface": "asphalt", "oneway": null }, "geometry": { "type": "LineString", "coordinates": [ [ 8.6928656, 49.4133677 ], [ 8.6933126, 49.4133808 ], [ 8.6933539, 49.4133817 ], [ 8.6934986, 49.4133844 ] ] } },
{ "type": "Feature", "properties": { "osm_id": 39703186, "name": "Baumschulenweg", "highway": "tertiary", "klass": "tertiary", "lanes": 1.0, "maxspeed": 50.0, "surface": "asphalt", "oneway": "yes" }, "geometry": { "type": "LineString", "coordinates": [ [ 8.671753, 49.396988 ], [ 8.6712548, 49.3969243 ], [ 8.671211, 49.3969185 ] ] } },
{ "type": "Feature", "properties": { "osm_id": 39784254, "name": "Baumschulenweg", "highway": "tertiary", "klass": "tertiary", "lanes": 2.0, "maxspeed": 50.0, "surface": "asphalt", "oneway": null }, "geometry": { "type": "LineString", "coordinates": [ [ 8.6671864, 49.396402 ], [ 8.6685647, 49.3965853 ], [ 8.6694965, 49.3966972 ], [ 8.6696549, 49.3967162 ] ] } },
{ "type": "Feature", "properties": { "osm_id": 39800001, "name": "Speyerer Straße", "highway": "primary", "klass": "primary", "lanes": 3.0, "maxspeed": 50.0, "surface": "asphalt", "oneway": "yes" }, "geometry": { "type": "LineString", "coordinates": [ [ 8.6798027, 49.4015499 ], [ 8.6801659, 49.4018422 ], [ 8.6801874, 49.4018597 ] ] } },
{ "type": "Feature", "properties": { "osm_id": 40012679, "name": "Ladenburger Straße", "highway": "residential", "klass": "residential", "lanes": 1.0, "maxspeed": 30.0, "surface": "asphalt", "oneway": "yes" }, "geometry": { "type": "LineString", "coordinates": [ [ 8.6901681, 49.414491 ], [ 8.6891215, 49.41437 ], [ 8.6880224, 49.4142563 ], [ 8.6878793, 49.41424 ] ] } },
{ "type": "Feature", "properties": { "osm_id": 40138700, "name": "Steubenstraße", "highway": "secondary", "klass": "secondary", "lanes": 2.0, "maxspeed": 50.0, "surface": "asphalt", "oneway": null }, "geometry": { "type": "LineString", "coordinates": [ [ 8.6888562, 49.4222009 ], [ 8.6885065, 49.4229765 ], [ 8.6881514, 49.4237755 ], [ 8.687949, 49.4242043 ], [ 8.6878989, 49.4242766 ], [ 8.6878477, 49.4243354 ] ] } },
{ "type": "Feature", "properties": { "osm_id": 40138702, "name": "Mozartstraße", "highway": "residential", "klass": "residential", "lanes": 1.0, "maxspeed": 30.0, "surface": "asphalt", "oneway": "yes" }, "geometry": { "type": "LineString", "coordinates": [ [ 8.6888562, 49.4222009 ], [ 8.688832, 49.4221985 ], [ 8.6887465, 49.4221894 ], [ 8.6872836, 49.4219151 ], [ 8.6858105, 49.4216398 ], [ 8.6843715, 49.4213526 ], [ 8.6824621, 49.4210202 ] ] } },
{ "type": "Feature", "properties": { "osm_id": 40148453, "name": "Kurfürsten-Anlage", "highway": "tertiary", "klass": "tertiary", "lanes": 2.0, "maxspeed": null, "surface": "asphalt", "oneway": null }, "geometry": { "type": "LineString", "coordinates": [ [ 8.681188, 49.404775 ], [ 8.6811562, 49.4048555 ], [ 8.6811428, 49.4048855 ], [ 8.6810983, 49.4049944 ], [ 8.6810853, 49.4050262 ] ] } },
{ "type": "Feature", "properties": { "osm_id": 40509334, "name": "Angelweg", "highway": "residential", "klass": "residential", "lanes": 2.0, "maxspeed": 30.0, "surface": "asphalt", "oneway": null }, "geometry": { "type": "LineString", "coordinates": [ [ 8.6808251, 49.4278797 ], [ 8.6820274, 49.4281211 ] ] } },
{ "type": "Feature", "properties": { "osm_id": 40509336, "name": "Zeppelinstraße", "highway": "residential", "klass": "residential", "lanes": 2.0, "maxspeed": 30.0, "surface": "asphalt", "oneway": null }, "geometry": { "type": "LineString", "coordinates": [ [ 8.6808251, 49.4278797 ], [ 8.6810036, 49.4276693 ], [ 8.6816662, 49.4268887 ], [ 8.682118, 49.4264003 ], [ 8.6824073, 49.4260696 ], [ 8.6824759, 49.4259997 ], [ 8.6825126, 49.425962 ] ] } },
{ "type": "Feature", "properties": { "osm_id": 41082533, "name": "Hauptstraße", "highway": "residential", "klass": "residential", "lanes": null, "maxspeed": 30.0, "surface": "sett", "oneway": null }, "geometry": { "type": "LineString", "coordinates": [ [ 8.7120673, 49.4122415 ], [ 8.7121661, 49.4122744 ], [ 8.7122243, 49.4122937 ], [ 8.7123099, 49.4123222 ], [ 8.7126873, 49.4124477 ], [ 8.7129705, 49.4125418 ] ] } },
{ "type": "Feature", "properties": { "osm_id": 41082535, "name": "Neue Schlossstraße", "highway": "residential", "klass": "residential", "lanes": null, "maxspeed": 30.0, "surface": "asphalt", "oneway": null }, "geometry": { "type": "LineString", "coordinates": [ [ 8.7119993, 49.4089321 ], [ 8.7117719, 49.408926 ], [ 8.7116386, 49.4089234 ], [ 8.7115, 49.4089196 ], [ 8.7114273, 49.4089147 ], [ 8.7113659, 49.4089099 ], [ 8.7113323, 49.4089058 ], [ 8.7112461, 49.408897 ], [ 8.7111529, 49.4088841 ], [ 8.7110638, 49.4088724 ], [ 8.7109846, 49.4088587 ], [ 8.710932, 49.408848 ], [ 8.7108443, 49.4088234 ], [ 8.7107175, 49.4087832 ], [ 8.7106457, 49.4087547 ], [ 8.7105208, 49.4087052 ], [ 8.7104679, 49.4086828 ], [ 8.710426, 49.4086625 ], [ 8.7103786, 49.4086351 ] ] } },
{ "type": "Feature", "properties": { "osm_id": 41082536, "name": "Schloss-Wolfsbrunnenweg", "highway": "residential", "klass": "residential", "lanes": null, "maxspeed": 30.0, "surface": "asphalt", "oneway": null }, "geometry": { "type": "LineString", "coordinates": [ [ 8.7166267, 49.4094159 ], [ 8.7162991, 49.4094096 ], [ 8.7161823, 49.4094042 ], [ 8.7160396, 49.4093936 ], [ 8.7159068, 49.4093803 ], [ 8.7158317, 49.4093704 ], [ 8.7155732, 49.4093278 ], [ 8.7152988, 49.4092816 ], [ 8.7151466, 49.4092554 ] ] } },
{ "type": "Feature", "properties": { "osm_id": 41082537, "name": "Neue Schlossstraße", "highway": "residential", "klass": "residential", "lanes": null, "maxspeed": 30.0, "surface": "asphalt", "oneway": null }, "geometry": { "type": "LineString", "coordinates": [ [ 8.7119993, 49.4089321 ], [ 8.7121516, 49.4089483 ], [ 8.7123564, 49.4089657 ], [ 8.7124286, 49.4089729 ], [ 8.7125013, 49.4089836 ], [ 8.7125927, 49.4090017 ], [ 8.7126851, 49.4090241 ], [ 8.7127632, 49.4090462 ], [ 8.7128295, 49.409067 ], [ 8.712893, 49.4090816 ], [ 8.7129576, 49.4090963 ] ] } },
{ "type": "Feature", "properties": { "osm_id": 41084829, "name": "Johannes-Hoops-Weg", "highway": "unclassified", "klass": "unclassified", "lanes": null, "maxspeed": 30.0, "surface": "asphalt", "oneway": null }, "geometry": { "type": "LineString", "coordinates": [ [ 8.7091647, 49.3957384 ], [ 8.7089788, 49.395907 ], [ 8.7089497, 49.3959409 ], [ 8.7089179, 49.3959859 ], [ 8.7088858, 49.396047 ], [ 8.7088274, 49.3961679 ], [ 8.7086828, 49.3964855 ], [ 8.7085687, 49.3967227 ], [ 8.708523, 49.3968175 ], [ 8.708436, 49.3969581 ], [ 8.7084035, 49.3970036 ] ] } },
{ "type": "Feature", "properties": { "osm_id": 41084830, "name": "Johannes-Hoops-Weg", "highway": "unclassified", "klass": "unclassified", "lanes": null, "maxspeed": 30.0, "surface": "asphalt", "oneway": null }, "geometry": { "type": "LineString", "coordinates": [ [ 8.7087138, 49.3940651 ], [ 8.7087474, 49.394099 ], [ 8.7087978, 49.3941377 ], [ 8.708859, 49.3941733 ], [ 8.7089257, 49.394209 ], [ 8.7089519, 49.3942268 ], [ 8.7089762, 49.3942455 ], [ 8.709002, 49.3942698 ], [ 8.7090291, 49.3942986 ], [ 8.7090479, 49.3943255 ], [ 8.7090645, 49.3943547 ], [ 8.7090766, 49.394381 ], [ 8.7090818, 49.3943921 ], [ 8.7091478, 49.3945494 ], [ 8.7093337, 49.3949736 ], [ 8.7093745, 49.3950821 ], [ 8.7094269, 49.3952389 ], [ 8.7094315, 49.3952798 ], [ 8.709431, 49.3953235 ], [ 8.7094249, 49.3953596 ], [ 8.7094131, 49.3953957 ], [ 8.7093805, 49.3954568 ], [ 8.7093409, 49.3955274 ], [ 8.7093261, 49.3955481 ], [ 8.7093228, 49.3955527 ], [ 8.7092849, 49.395605 ] ] } },
{ "type": "Feature", "properties": { "osm_id": 41182872, "name": "Gottlieb-Daimler-Straße", "highway": "residential", "klass": "residential", "lanes": null, "maxspeed": null, "surface": "asphalt", "oneway": null }, "geometry": { "type": "LineString", "coordinates": [ [ 8.6757352, 49.3989927 ], [ 8.6755898, 49.3990841 ] ] } },
{ "type": "Feature", "properties": { "osm_id": 41212163, "name": "Ringstraße", "highway": "primary", "klass": "primary", "lanes": 3.0, "maxspeed": 30.0, "surface": "asphalt", "oneway": "yes" }, "geometry": { "type": "LineString", "coordinates": [ [ 8.6842915, 49.4050659 ], [ 8.6843926, 49.405104 ], [ 8.6844379, 49.4051185 ], [ 8.684489, 49.4051321 ], [ 8.6845283, 49.4051411 ] ] } },
{ "type": "Feature", "properties": { "osm_id": 41212164, "name": "Ringstraße", "highway": "primary", "klass": "primary", "lanes": 2.0, "maxspeed": 30.0, "surface": "asphalt", "oneway": "yes" }, "geometry": { "type": "LineString", "coordinates": [ [ 8.6839225, 49.405141 ], [ 8.6839061, 49.4051022 ], [ 8.6838958, 49.4050814 ], [ 8.6838872, 49.4050643 ], [ 8.683865, 49.4050314 ], [ 8.6838345, 49.4049953 ], [ 8.6838142, 49.4049734 ], [ 8.6837899, 49.4049499 ], [ 8.6837658, 49.4049289 ], [ 8.6837364, 49.4049062 ], [ 8.6836845, 49.4048692 ], [ 8.6836225, 49.4048288 ], [ 8.683479, 49.4047407 ] ] } },
{ "type": "Feature", "properties": { "osm_id": 41216624, "name": "Rohrbacher Straße", "highway": "primary", "klass": "primary", "lanes": 2.0, "maxspeed": 30.0, "surface": "asphalt", "oneway": "yes" }, "geometry": { "type": "LineString", "coordinates": [ [ 8.6924509, 49.4084424 ], [ 8.6924672, 49.4082997 ], [ 8.6924727, 49.4082508 ] ] } },
{ "type": "Feature", "properties": { "osm_id": 42258577, "name": "Landhausstraße", "highway": "living_street", "klass": "living_street", "lanes": null, "maxspeed": null, "surface": "paving_stones", "oneway": "yes" }, "geometry": { "type": "LineString", "coordinates": [ [ 8.688714, 49.4034927 ], [ 8.6888311, 49.4040379 ], [ 8.688894, 49.4043575 ] ] } },
{ "type": "Feature", "properties": { "osm_id": 42258578, "name": "Landhausstraße", "highway": "living_street", "klass": "living_street", "lanes": null, "maxspeed": null, "surface": "asphalt", "oneway": null }, "geometry": { "type": "LineString", "coordinates": [ [ 8.6885552, 49.402654 ], [ 8.6885651, 49.4027034 ], [ 8.6885898, 49.4028259 ], [ 8.6886597, 49.4031732 ], [ 8.688714, 49.4034927 ] ] } },
{ "type": "Feature", "properties": { "osm_id": 42258579, "name": "Landhausstraße", "highway": "living_street", "klass": "living_street", "lanes": null, "maxspeed": null, "surface": "paving_stones", "oneway": "yes" }, "geometry": { "type": "LineString", "coordinates": [ [ 8.689079, 49.4054515 ], [ 8.688894, 49.4043575 ] ] } },
{ "type": "Feature", "properties": { "osm_id": 42258580, "name": "Häusserstraße", "highway": "living_street", "klass": "living_street", "lanes": null, "maxspeed": null, "surface": "asphalt", "oneway": "yes" }, "geometry": { "type": "LineString", "coordinates": [ [ 8.6903368, 49.4041448 ], [ 8.6904887, 49.4046112 ], [ 8.6904992, 49.4046435 ], [ 8.6905413, 49.4047708 ] ] } },
{ "type": "Feature", "properties": { "osm_id": 42258581, "name": "Häusserstraße", "highway": "living_street", "klass": "living_street", "lanes": null, "maxspeed": null, "surface": "asphalt", "oneway": null }, "geometry": { "type": "LineString", "coordinates": [ [ 8.6903368, 49.4041448 ], [ 8.6901787, 49.403687 ], [ 8.690058, 49.4033373 ] ] } },
{ "type": "Feature", "properties": { "osm_id": 42258582, "name": "Kleinschmidtstraße", "highway": "living_street", "klass": "living_street", "lanes": null, "maxspeed": null, "surface": "asphalt", "oneway": null }, "geometry": { "type": "LineString", "coordinates": [ [ 8.6871253, 49.4019572 ], [ 8.6871002, 49.4027025 ] ] } },
{ "type": "Feature", "properties": { "osm_id": 42258583, "name": "Kleinschmidtstraße", "highway": "living_street", "klass": "living_street", "lanes": null, "maxspeed": null, "surface": "paving_stones", "oneway": null }, "geometry": { "type": "LineString", "coordinates": [ [ 8.6871002, 49.4027025 ], [ 8.6871029, 49.4034786 ] ] } },
{ "type": "Feature", "properties": { "osm_id": 42440422, "name": "Plöck", "highway": "residential", "klass": "residential", "lanes": 1.0, "maxspeed": 15.0, "surface": "asphalt", "oneway": "yes" }, "geometry": { "type": "LineString", "coordinates": [ [ 8.6939341, 49.4087745 ], [ 8.6940482, 49.4087857 ], [ 8.6941685, 49.4087937 ], [ 8.6946448, 49.4088205 ], [ 8.6948063, 49.4088296 ], [ 8.6948732, 49.408833 ], [ 8.695086, 49.4088492 ], [ 8.6954569, 49.4088695 ] ] } },
{ "type": "Feature", "properties": { "osm_id": 42723393, "name": "Eisengreinweg", "highway": "residential", "klass": "residential", "lanes": 1.0, "maxspeed": null, "surface": "asphalt", "oneway": null }, "geometry": { "type": "LineString", "coordinates": [ [ 8.69181, 49.3995983 ], [ 8.6906372, 49.3990789 ] ] } },
{ "type": "Feature", "properties": { "osm_id": 42723395, "name": "Rohrbacher Straße", "highway": "secondary", "klass": "secondary", "lanes": 2.0, "maxspeed": 50.0, "surface": "asphalt", "oneway": null }, "geometry": { "type": "LineString", "coordinates": [ [ 8.6896254, 49.3970068 ], [ 8.689624, 49.3970129 ] ] } },
{ "type": "Feature", "properties": { "osm_id": 42723396, "name": "Dantestraße", "highway": "living_street", "klass": "living_street", "lanes": null, "maxspeed": null, "surface": "asphalt", "oneway": "yes" }, "geometry": { "type": "LineString", "coordinates": [ [ 8.6891159, 49.4005663 ], [ 8.6893016, 49.400535 ], [ 8.6896438, 49.4004773 ], [ 8.6898468, 49.4004432 ], [ 8.6899296, 49.4004292 ], [ 8.6900756, 49.4004046 ], [ 8.6900874, 49.4004026 ], [ 8.6901617, 49.4003901 ], [ 8.6903622, 49.4003563 ], [ 8.6903896, 49.4003517 ], [ 8.6904928, 49.4003343 ], [ 8.6906373, 49.40031 ], [ 8.6907072, 49.4002982 ] ] } },
{ "type": "Feature", "properties": { "osm_id": 42723397, "name": "Dantestraße", "highway": "living_street", "klass": "living_street", "lanes": null, "maxspeed": null, "surface": "paving_stones", "oneway": null }, "geometry": { "type": "LineString", "coordinates": [ [ 8.6865636, 49.40018 ], [ 8.6871419, 49.400198 ] ] } },
{ "type": "Feature", "properties": { "osm_id": 42723398, "name": "Kleinschmidtstraße", "highway": "living_street", "klass": "living_street", "lanes": null, "maxspeed": null, "surface": "asphalt", "oneway": "no" }, "geometry": { "type": "LineString", "coordinates": [ [ 8.6872888, 49.4005113 ], [ 8.6872097, 49.4011182 ], [ 8.6871355, 49.4017885 ], [ 8.6871253, 49.4019572 ] ] } },
{ "type": "Feature", "properties": { "osm_id": 42806216, "name": "Dossenheimer Landstraße", "highway": "residential", "klass": "residential", "lanes": 2.0, "maxspeed": 30.0, "surface": "asphalt", "oneway": null }, "geometry": { "type": "LineString", "coordinates": [ [ 8.6858958, 49.4277199 ], [ 8.6862631, 49.4277721 ], [ 8.6863554, 49.427788 ] ] } },
{ "type": "Feature", "properties": { "osm_id": 42806217, "name": "Dossenheimer Landstraße", "highway": "residential", "klass": "residential", "lanes": 2.0, "maxspeed": 30.0, "surface": "asphalt", "oneway": null }, "geometry": { "type": "LineString", "coordinates": [ [ 8.687425, 49.4280735 ], [ 8.6875133, 49.4281171 ], [ 8.687534, 49.4281326 ], [ 8.6875716, 49.4281761 ], [ 8.6875798, 49.4282133 ] ] } },
{ "type": "Feature", "properties": { "osm_id": 42806218, "name": "Dossenheimer Landstraße", "highway": "residential", "klass": "residential", "lanes": 2.0, "maxspeed": 30.0, "surface": "asphalt", "oneway": null }, "geometry": { "type": "LineString", "coordinates": [ [ 8.6867415, 49.4278825 ], [ 8.6864335, 49.4278037 ], [ 8.6863554, 49.427788 ] ] } },
{ "type": "Feature", "properties": { "osm_id": 42811785, "name": "Uferstraße", "highway": "tertiary", "klass": "tertiary", "lanes": null, "maxspeed": 30.0, "surface": "asphalt", "oneway": "no" }, "geometry": { "type": "LineString", "coordinates": [ [ 8.6863267, 49.4127703 ], [ 8.6864443, 49.412782 ], [ 8.686678, 49.4128056 ], [ 8.6867566, 49.4128192 ], [ 8.6881723, 49.4131638 ], [ 8.6885382, 49.4132143 ], [ 8.6888656, 49.4132595 ], [ 8.6894095, 49.4132826 ], [ 8.6898698, 49.413309 ], [ 8.690203, 49.4133239 ], [ 8.690372, 49.4133273 ], [ 8.6907282, 49.41334 ], [ 8.6909717, 49.4133481 ], [ 8.691248, 49.4133521 ], [ 8.6913327, 49.4133509 ], [ 8.6913967, 49.4133478 ], [ 8.6914682, 49.4133422 ], [ 8.6915174, 49.4133396 ], [ 8.691579, 49.4133385 ] ] } },
{ "type": "Feature", "properties": { "osm_id": 43091753, "name": "Eisengreinweg", "highway": "residential", "klass": "residential", "lanes": null, "maxspeed": null, "surface": "asphalt", "oneway": "yes" }, "geometry": { "type": "LineString", "coordinates": [ [ 8.6903854, 49.3990475 ], [ 8.6902939, 49.3990986 ], [ 8.6902371, 49.3991678 ], [ 8.6902166, 49.3992537 ], [ 8.6902473, 49.3993565 ] ] } },
{ "type": "Feature", "properties": { "osm_id": 43091754, "name": "Kaiserstraße", "highway": "living_street", "klass": "living_street", "lanes": null, "maxspeed": null, "surface": "paving_stones", "oneway": null }, "geometry": { "type": "LineString", "coordinates": [ [ 8.6872585, 49.4034816 ], [ 8.6871029, 49.4034786 ] ] } },
{ "type": "Feature", "properties": { "osm_id": 43114322, "name": "Lutherstraße", "highway": "living_street", "klass": "living_street", "lanes": null, "maxspeed": null, "surface": "paving_stones", "oneway": "yes" }, "geometry": { "type": "LineString", "coordinates": [ [ 8.6901681, 49.414491 ], [ 8.6902018, 49.414556 ], [ 8.690206, 49.4146845 ], [ 8.6902118, 49.4148622 ], [ 8.6902131, 49.4149039 ], [ 8.6902276, 49.4151208 ] ] } },
{ "type": "Feature", "properties": { "osm_id": 43119559, "name": "Mönchhofstraße", "highway": "tertiary", "klass": "tertiary", "lanes": 2.0, "maxspeed": 30.0, "surface": "asphalt", "oneway": null }, "geometry": { "type": "LineString", "coordinates": [ [ 8.6835954, 49.4173723 ], [ 8.6833802, 49.4173804 ], [ 8.6830234, 49.4173839 ], [ 8.6827807, 49.4173863 ], [ 8.6826759, 49.4173873 ], [ 8.6824606, 49.4173894 ], [ 8.6821071, 49.4173905 ], [ 8.6820568, 49.4173928 ], [ 8.6818807, 49.4173918 ] ] } },
{ "type": "Feature", "properties": { "osm_id": 43119561, "name": "Wielandtstraße", "highway": "residential", "klass": "residential", "lanes": null, "maxspeed": 30.0, "surface": "asphalt", "oneway": null }, "geometry": { "type": "LineString", "coordinates": [ [ 8.6812146, 49.4190642 ], [ 8.681241, 49.4190852 ], [ 8.6812464, 49.4191022 ], [ 8.6812431, 49.4191253 ], [ 8.681235, 49.419151 ], [ 8.6810064, 49.4197717 ], [ 8.6809947, 49.4198211 ], [ 8.68092, 49.420045 ], [ 8.680902, 49.4200979 ] ] } },
{ "type": "Feature", "properties": { "osm_id": 43126311, "name": "Römerstraße", "highway": "primary", "klass": "primary", "lanes": 2.0, "maxspeed": 50.0, "surface": "asphalt", "oneway": "yes" }, "geometry": { "type": "LineString", "coordinates": [ [ 8.684322, 49.398841 ], [ 8.684748, 49.3986795 ], [ 8.6849495, 49.3986179 ], [ 8.6849929, 49.3986031 ], [ 8.6850484, 49.3985841 ], [ 8.68517, 49.3985063 ] ] } },
{ "type": "Feature", "properties": { "osm_id": 43126312, "name": "Römerstraße", "highway": "primary", "klass": "primary", "lanes": 2.0, "maxspeed": 50.0, "surface": "asphalt", "oneway": "yes" }, "geometry": { "type": "LineString", "coordinates": [ [ 8.6851724, 49.398498 ], [ 8.6851967, 49.3983766 ] ] } },
{ "type": "Feature", "properties": { "osm_id": 43126313, "name": "Römerstraße", "highway": "primary", "klass": "primary", "lanes": 2.0, "maxspeed": 50.0, "surface": "asphalt", "oneway": "yes" }, "geometry": { "type": "LineString", "coordinates": [ [ 8.6852357, 49.3981664 ], [ 8.6853181, 49.3975286 ], [ 8.6853212, 49.3975044 ], [ 8.6853459, 49.3973456 ] ] } },
{ "type": "Feature", "properties": { "osm_id": 43126315, "name": "Römerstraße", "highway": "secondary_link", "klass": "secondary", "lanes": 2.0, "maxspeed": null, "surface": "asphalt", "oneway": "yes" }, "geometry": { "type": "LineString", "coordinates": [ [ 8.6852059, 49.3987348 ], [ 8.6851664, 49.398657 ] ] } },
{ "type": "Feature", "properties": { "osm_id": 43377804, "name": null, "highway": "primary_link", "klass": "primary", "lanes": 2.0, "maxspeed": null, "surface": "asphalt", "oneway": "yes" }, "geometry": { "type": "LineString", "coordinates": [ [ 8.6786388, 49.4026405 ], [ 8.6792655, 49.4021237 ], [ 8.6794745, 49.4019458 ] ] } },
{ "type": "Feature", "properties": { "osm_id": 43377805, "name": null, "highway": "primary_link", "klass": "primary", "lanes": 1.0, "maxspeed": 50.0, "surface": "asphalt", "oneway": "yes" }, "geometry": { "type": "LineString", "coordinates": [ [ 8.6813664, 49.400611 ], [ 8.6818759, 49.4002737 ], [ 8.6821045, 49.4001682 ] ] } },
{ "type": "Feature", "properties": { "osm_id": 44829786, "name": "Zwingerstraße", "highway": "residential", "klass": "residential", "lanes": null, "maxspeed": 30.0, "surface": "asphalt", "oneway": null }, "geometry": { "type": "LineString", "coordinates": [ [ 8.7119514, 49.4115079 ], [ 8.7119503, 49.4115301 ], [ 8.7119457, 49.4115509 ], [ 8.7119374, 49.4115758 ], [ 8.71191, 49.4116276 ], [ 8.7118701, 49.4116918 ] ] } },
{ "type": "Feature", "properties": { "osm_id": 48163929, "name": "Schneidmühlstraße", "highway": "residential", "klass": "residential", "lanes": null, "maxspeed": null, "surface": "asphalt", "oneway": "no" }, "geometry": { "type": "LineString", "coordinates": [ [ 8.6914989, 49.4110289 ], [ 8.6914891, 49.4111147 ] ] } },
{ "type": "Feature", "properties": { "osm_id": 48966381, "name": "Alte Eppelheimer Straße", "highway": "secondary", "klass": "secondary", "lanes": 3.0, "maxspeed": 50.0, "surface": "asphalt", "oneway": null }, "geometry": { "type": "LineString", "coordinates": [ [ 8.6718195, 49.406136 ], [ 8.6723688, 49.4060522 ], [ 8.6725147, 49.4060299 ], [ 8.6726028, 49.4060164 ] ] } },
{ "type": "Feature", "properties": { "osm_id": 49077230, "name": "Jahnstraße", "highway": "residential", "klass": "residential", "lanes": 2.0, "maxspeed": 30.0, "surface": "asphalt", "oneway": null }, "geometry": { "type": "LineString", "coordinates": [ [ 8.6808735, 49.4133771 ], [ 8.6810595, 49.4134198 ], [ 8.6812105, 49.4134545 ], [ 8.681303, 49.4134766 ] ] } },
{ "type": "Feature", "properties": { "osm_id": 49771549, "name": "Tiergartenstraße", "highway": "residential", "klass": "residential", "lanes": null, "maxspeed": 30.0, "surface": "asphalt", "oneway": null }, "geometry": { "type": "LineString", "coordinates": [ [ 8.6567264, 49.4256039 ], [ 8.6568135, 49.4256506 ], [ 8.6572545, 49.4257478 ], [ 8.657377, 49.4257728 ], [ 8.6584136, 49.4260068 ] ] } },
{ "type": "Feature", "properties": { "osm_id": 49771551, "name": "Berliner Straße", "highway": "primary", "klass": "primary", "lanes": 3.0, "maxspeed": 50.0, "surface": "asphalt", "oneway": "yes" }, "geometry": { "type": "LineString", "coordinates": [ [ 8.6764525, 49.4176915 ], [ 8.6764487, 49.4177537 ], [ 8.6764528, 49.4180549 ], [ 8.6764528, 49.4180905 ] ] } },
{ "type": "Feature", "properties": { "osm_id": 49771553, "name": "Grabengasse", "highway": "residential", "klass": "residential", "lanes": 2.0, "maxspeed": 20.0, "surface": "asphalt", "oneway": null }, "geometry": { "type": "LineString", "coordinates": [ [ 8.7064442, 49.4095738 ], [ 8.7064009, 49.4096687 ] ] } },
{ "type": "Feature", "properties": { "osm_id": 49809253, "name": "Oberer Gaisbergweg", "highway": "unclassified", "klass": "unclassified", "lanes": 1.0, "maxspeed": null, "surface": "asphalt", "oneway": null }, "geometry": { "type": "LineString", "coordinates": [ [ 8.6961079, 49.403978 ], [ 8.6962363, 49.4040723 ], [ 8.6963867, 49.4041902 ], [ 8.6964773, 49.4042514 ] ] } },
{ "type": "Feature", "properties": { "osm_id": 49809254, "name": "Oberer Gaisbergweg", "highway": "unclassified", "klass": "unclassified", "lanes": 1.0, "maxspeed": null, "surface": "asphalt", "oneway": null }, "geometry": { "type": "LineString", "coordinates": [ [ 8.6958221, 49.4037338 ], [ 8.6960025, 49.4038912 ], [ 8.6961079, 49.403978 ] ] } },
{ "type": "Feature", "properties": { "osm_id": 49870847, "name": "Neuenheimer Landstraße", "highway": "secondary", "klass": "secondary", "lanes": 2.0, "maxspeed": 30.0, "surface": "asphalt", "oneway": "no" }, "geometry": { "type": "LineString", "coordinates": [ [ 8.6933271, 49.4138627 ], [ 8.6933912, 49.4138602 ], [ 8.6934689, 49.4138487 ] ] } },
{ "type": "Feature", "properties": { "osm_id": 49872945, "name": "Bergstraße", "highway": "residential", "klass": "residential", "lanes": 1.0, "maxspeed": 30.0, "surface": "asphalt", "oneway": "yes" }, "geometry": { "type": "LineString", "coordinates": [ [ 8.6933506, 49.4140367 ], [ 8.6933488, 49.4139654 ], [ 8.6933455, 49.4139378 ], [ 8.6933271, 49.4138627 ] ] } },
{ "type": "Feature", "properties": { "osm_id": 50028256, "name": "Hutzelwaldweg", "highway": "residential", "klass": "residential", "lanes": null, "maxspeed": 30.0, "surface": "paving_stones", "oneway": null }, "geometry": { "type": "LineString", "coordinates": [ [ 8.6918298, 49.3999709 ], [ 8.6918685, 49.3999629 ], [ 8.6919011, 49.3999593 ], [ 8.6919473, 49.3999573 ], [ 8.6920125, 49.3999558 ], [ 8.6922197, 49.3999526 ], [ 8.6928689, 49.3999536 ], [ 8.6929255, 49.3999556 ], [ 8.6929448, 49.3999575 ], [ 8.6935301, 49.4000336 ], [ 8.6936234, 49.4000452 ], [ 8.6936838, 49.4000611 ] ] } },
{ "type": "Feature", "properties": { "osm_id": 50028257, "name": "Mittlerer Gaisbergweg", "highway": "residential", "klass": "residential", "lanes": null, "maxspeed": 30.0, "surface": "paving_stones", "oneway": "no" }, "geometry": { "type": "LineString", "coordinates": [ [ 8.6936013, 49.4017393 ], [ 8.6935662, 49.4016214 ], [ 8.6935455, 49.4015287 ], [ 8.6934749, 49.4011384 ], [ 8.6934699, 49.4010614 ], [ 8.6934704, 49.4009789 ], [ 8.6934772, 49.4008844 ], [ 8.6935302, 49.4005234 ], [ 8.6935335, 49.4004827 ], [ 8.6935333, 49.4004471 ], [ 8.6935343, 49.4002633 ], [ 8.6935301, 49.4000336 ] ] } },
{ "type": "Feature", "properties": { "osm_id": 50345414, "name": "Rohrbacher Straße", "highway": "secondary", "klass": "secondary", "lanes": 1.0, "maxspeed": 50.0, "surface": "asphalt", "oneway": "yes" }, "geometry": { "type": "LineString", "coordinates": [ [ 8.6895024, 49.3981375 ], [ 8.6894675, 49.398105 ], [ 8.6894424, 49.3979601 ], [ 8.6894406, 49.397867 ], [ 8.6894512, 49.397745 ] ] } },
{ "type": "Feature", "properties": { "osm_id": 50345415, "name": "Rohrbacher Straße", "highway": "secondary", "klass": "secondary", "lanes": 1.0, "maxspeed": 50.0, "surface": "asphalt", "oneway": "yes" }, "geometry": { "type": "LineString", "coordinates": [ [ 8.689624, 49.3970129 ], [ 8.6896149, 49.3972302 ], [ 8.6896028, 49.3973327 ], [ 8.6896019, 49.3974017 ], [ 8.6895663, 49.3976911 ], [ 8.689525, 49.3981122 ], [ 8.6895024, 49.3981375 ] ] } },
{ "type": "Feature", "properties": { "osm_id": 50365401, "name": "Franz-Knauff-Straße", "highway": "secondary", "klass": "secondary", "lanes": 2.0, "maxspeed": 30.0, "surface": "asphalt", "oneway": "no" }, "geometry": { "type": "LineString", "coordinates": [ [ 8.6867133, 49.3988717 ], [ 8.6869071, 49.3988917 ], [ 8.6869574, 49.3988976 ], [ 8.6869999, 49.3989027 ], [ 8.6873182, 49.3989403 ], [ 8.6880297, 49.3990245 ], [ 8.6881127, 49.3990343 ] ] } },
{ "type": "Feature", "properties": { "osm_id": 50365402, "name": "Römerstraße", "highway": "secondary_link", "klass": "secondary", "lanes": 1.0, "maxspeed": 50.0, "surface": "asphalt", "oneway": "yes" }, "geometry": { "type": "LineString", "coordinates": [ [ 8.6853715, 49.3983831 ], [ 8.6854194, 49.3984727 ] ] } },
{ "type": "Feature", "properties": { "osm_id": 50701878, "name": "Kuno-Fischer-Straße", "highway": "residential", "klass": "residential", "lanes": null, "maxspeed": 30.0, "surface": "asphalt", "oneway": "yes" }, "geometry": { "type": "LineString", "coordinates": [ [ 8.6906672, 49.4189931 ], [ 8.6919279, 49.4192716 ] ] } },
{ "type": "Feature", "properties": { "osm_id": 50702355, "name": "Iqbal-Ufer", "highway": "primary", "klass": "primary", "lanes": 3.0, "maxspeed": 50.0, "surface": "asphalt", "oneway": "no" }, "geometry": { "type": "LineString", "coordinates": [ [ 8.6788027, 49.4097849 ], [ 8.6794635, 49.4098321 ] ] } },
{ "type": "Feature", "properties": { "osm_id": 50702358, "name": null, "highway": "primary_link", "klass": "primary", "lanes": 1.0, "maxspeed": 50.0, "surface": "asphalt", "oneway": "yes" }, "geometry": { "type": "LineString", "coordinates": [ [ 8.6778902, 49.409743 ], [ 8.6781471, 49.4096775 ], [ 8.67821, 49.409653 ], [ 8.6782846, 49.4096115 ], [ 8.6783715, 49.4095327 ], [ 8.6784211, 49.4094207 ], [ 8.6784649, 49.4092956 ] ] } },
{ "type": "Feature", "properties": { "osm_id": 50702359, "name": null, "highway": "primary_link", "klass": "primary", "lanes": 2.0, "maxspeed": 50.0, "surface": "asphalt", "oneway": "yes" }, "geometry": { "type": "LineString", "coordinates": [ [ 8.6784649, 49.4092956 ], [ 8.6785062, 49.4094948 ] ] } },
{ "type": "Feature", "properties": { "osm_id": 50702360, "name": "Iqbal-Ufer", "highway": "primary", "klass": "primary", "lanes": 3.0, "maxspeed": 50.0, "surface": "asphalt", "oneway": "no" }, "geometry": { "type": "LineString", "coordinates": [ [ 8.6784787, 49.4097666 ], [ 8.6785795, 49.4097719 ], [ 8.6788027, 49.4097849 ] ] } },
{ "type": "Feature", "properties": { "osm_id": 50702361, "name": "Iqbal-Ufer", "highway": "primary", "klass": "primary", "lanes": 2.0, "maxspeed": 50.0, "surface": "asphalt", "oneway": null }, "geometry": { "type": "LineString", "coordinates": [ [ 8.6778902, 49.409743 ], [ 8.6782646, 49.4097567 ], [ 8.6783909, 49.4097613 ] ] } },
{ "type": "Feature", "properties": { "osm_id": 50702362, "name": null, "highway": "primary_link", "klass": "primary", "lanes": 1.0, "maxspeed": 50.0, "surface": "asphalt", "oneway": "yes" }, "geometry": { "type": "LineString", "coordinates": [ [ 8.6783909, 49.4097613 ], [ 8.6783722, 49.4097095 ], [ 8.678365, 49.4096617 ], [ 8.6783572, 49.4096101 ], [ 8.6783715, 49.4095327 ] ] } },
{ "type": "Feature", "properties": { "osm_id": 50702363, "name": null, "highway": "primary_link", "klass": "primary", "lanes": 1.0, "maxspeed": 50.0, "surface": "asphalt", "oneway": "yes" }, "geometry": { "type": "LineString", "coordinates": [ [ 8.6785062, 49.4094948 ], [ 8.6784988, 49.4096677 ], [ 8.6784949, 49.4096949 ], [ 8.6784787, 49.4097666 ] ] } },
{ "type": "Feature", "properties": { "osm_id": 51096629, "name": "Diebsweg", "highway": "secondary", "klass": "secondary", "lanes": 2.0, "maxspeed": 50.0, "surface": "asphalt", "oneway": null }, "geometry": { "type": "LineString", "coordinates": [ [ 8.6612806, 49.3892836 ], [ 8.6612137, 49.389381 ], [ 8.6608341, 49.3899332 ], [ 8.6607268, 49.3900892 ] ] } },
{ "type": "Feature", "properties": { "osm_id": 51096630, "name": "Oftersheimer Weg", "highway": "residential", "klass": "residential", "lanes": null, "maxspeed": 30.0, "surface": "asphalt", "oneway": null }, "geometry": { "type": "LineString", "coordinates": [ [ 8.663676, 49.3910109 ], [ 8.6623599, 49.3906573 ], [ 8.6617816, 49.3904921 ] ] } },
{ "type": "Feature", "properties": { "osm_id": 51528073, "name": "Steigerweg", "highway": "tertiary", "klass": "tertiary", "lanes": 2.0, "maxspeed": null, "surface": "asphalt", "oneway": null }, "geometry": { "type": "LineString", "coordinates": [ [ 8.6982892, 49.3967113 ], [ 8.6983309, 49.3967043 ], [ 8.6983844, 49.3966926 ], [ 8.6984248, 49.3966823 ], [ 8.6984815, 49.3966653 ], [ 8.6985333, 49.396645 ], [ 8.6985929, 49.3966191 ], [ 8.6986588, 49.3965857 ], [ 8.6987251, 49.3965444 ], [ 8.6988021, 49.3964838 ], [ 8.6988649, 49.3964212 ], [ 8.6988816, 49.3964035 ], [ 8.6988928, 49.3963896 ], [ 8.6989012, 49.3963771 ], [ 8.6989107, 49.396359 ], [ 8.6989144, 49.3963492 ] ] } },
{ "type": "Feature", "properties": { "osm_id": 52009654, "name": "Franz-Knauff-Straße", "highway": "secondary", "klass": "secondary", "lanes": 2.0, "maxspeed": 50.0, "surface": "asphalt", "oneway": "yes" }, "geometry": { "type": "LineString", "coordinates": [ [ 8.6852615, 49.3986513 ], [ 8.6853909, 49.3986453 ], [ 8.6854845, 49.3986573 ], [ 8.6856496, 49.3986847 ] ] } },
{ "type": "Feature", "properties": { "osm_id": 52009655, "name": "Römerstraße", "highway": "primary", "klass": "primary", "lanes": 3.0, "maxspeed": 50.0, "surface": "asphalt", "oneway": "yes" }, "geometry": { "type": "LineString", "coordinates": [ [ 8.6854243, 49.3982277 ], [ 8.6853797, 49.3983548 ] ] } },
{ "type": "Feature", "properties": { "osm_id": 52011690, "name": "Römerstraße", "highway": "primary", "klass": "primary", "lanes": 2.0, "maxspeed": 50.0, "surface": "asphalt", "oneway": "yes" }, "geometry": { "type": "LineString", "coordinates": [ [ 8.6853715, 49.3983831 ], [ 8.6853306, 49.3984818 ] ] } },
{ "type": "Feature", "properties": { "osm_id": 52040563, "name": "Iqbal-Ufer", "highway": "primary", "klass": "primary", "lanes": 5.0, "maxspeed": 50.0, "surface": "asphalt", "oneway": null }, "geometry": { "type": "LineString", "coordinates": [ [ 8.6750607, 49.4091827 ], [ 8.6753314, 49.4094028 ] ] } },
{ "type": "Feature", "properties": { "osm_id": 52040565, "name": "Schurmanstraße", "highway": "primary", "klass": "primary", "lanes": 2.0, "maxspeed": 50.0, "surface": "asphalt", "oneway": null }, "geometry": { "type": "LineString", "coordinates": [ [ 8.6901963, 49.4109197 ], [ 8.690777, 49.4111056 ], [ 8.6909149, 49.4111485 ] ] } },
{ "type": "Feature", "properties": { "osm_id": 52875636, "name": "Voßstraße", "highway": "residential", "klass": "residential", "lanes": null, "maxspeed": 30.0, "surface": "asphalt", "oneway": "no" }, "geometry": { "type": "LineString", "coordinates": [ [ 8.6828421, 49.4087501 ], [ 8.6830022, 49.4087528 ], [ 8.6833881, 49.4087575 ], [ 8.6835673, 49.4087605 ], [ 8.6842086, 49.4088258 ], [ 8.6845047, 49.4088559 ], [ 8.6847869, 49.4088847 ], [ 8.6848277, 49.4088903 ], [ 8.6848641, 49.4088951 ], [ 8.6849193, 49.4089024 ], [ 8.6849892, 49.408915 ], [ 8.6852175, 49.4089591 ], [ 8.6854321, 49.4090006 ], [ 8.6855458, 49.4090226 ], [ 8.6856554, 49.4090438 ], [ 8.6859525, 49.4090922 ], [ 8.6861415, 49.409123 ], [ 8.6861633, 49.4091266 ], [ 8.6868637, 49.4092528 ], [ 8.6874513, 49.4093609 ], [ 8.6876077, 49.4093882 ], [ 8.6880378, 49.4094634 ], [ 8.6880839, 49.4094716 ], [ 8.6891016, 49.4096412 ], [ 8.6891458, 49.4096485 ], [ 8.689527, 49.4097118 ] ] } },
{ "type": "Feature", "properties": { "osm_id": 52879878, "name": "Römerstraße", "highway": "living_street", "klass": "living_street", "lanes": null, "maxspeed": null, "surface": "paving_stones", "oneway": "no" }, "geometry": { "type": "LineString", "coordinates": [ [ 8.6849608, 49.4015365 ], [ 8.6849778, 49.4014178 ], [ 8.6849777, 49.4013552 ], [ 8.6850615, 49.4004411 ], [ 8.6850667, 49.4004042 ], [ 8.6850638, 49.4001272 ], [ 8.685154, 49.399605 ], [ 8.6851668, 49.3994375 ], [ 8.6852084, 49.3988855 ], [ 8.6852124, 49.3988325 ], [ 8.6852059, 49.3987348 ] ] } },
{ "type": "Feature", "properties": { "osm_id": 52956623, "name": "An der Tiefburg", "highway": "residential", "klass": "residential", "lanes": null, "maxspeed": 30.0, "surface": "asphalt", "oneway": null }, "geometry": { "type": "LineString", "coordinates": [ [ 8.6858435, 49.4278732 ], [ 8.6858958, 49.4277199 ] ] } },
{ "type": "Feature", "properties": { "osm_id": 52956624, "name": "Handschuhsheimer Landstraße", "highway": "living_street", "klass": "living_street", "lanes": null, "maxspeed": null, "surface": "sett", "oneway": null }, "geometry": { "type": "LineString", "coordinates": [ [ 8.6878949, 49.4281726 ], [ 8.6878229, 49.4282051 ], [ 8.6877699, 49.4282238 ], [ 8.6875798, 49.4282133 ] ] } },
{ "type": "Feature", "properties": { "osm_id": 52956625, "name": "An der Tiefburg", "highway": "residential", "klass": "residential", "lanes": null, "maxspeed": 30.0, "surface": "asphalt", "oneway": "yes" }, "geometry": { "type": "LineString", "coordinates": [ [ 8.6866992, 49.4279973 ], [ 8.6866406, 49.4281624 ], [ 8.6865576, 49.4283449 ], [ 8.6864551, 49.4285119 ], [ 8.686424, 49.428537 ], [ 8.6863932, 49.428554 ], [ 8.6863522, 49.4285673 ], [ 8.6863075, 49.4285763 ], [ 8.6862294, 49.4285917 ], [ 8.6861585, 49.4286071 ], [ 8.6860851, 49.4286222 ], [ 8.686031, 49.4286306 ], [ 8.686006, 49.4286321 ], [ 8.6859915, 49.428633 ], [ 8.6859546, 49.4286308 ] ] } },
{ "type": "Feature", "properties": { "osm_id": 52977975, "name": "Werderplatz", "highway": "residential", "klass": "residential", "lanes": null, "maxspeed": 30.0, "surface": "asphalt", "oneway": "yes" }, "geometry": { "type": "LineString", "coordinates": [ [ 8.6869836, 49.4202468 ], [ 8.687013, 49.4200783 ], [ 8.6870931, 49.4195986 ], [ 8.6871019, 49.4195331 ], [ 8.6871101, 49.4194837 ] ] } },
{ "type": "Feature", "properties": { "osm_id": 52977976, "name": "Bachstraße", "highway": "residential", "klass": "residential", "lanes": 1.0, "maxspeed": 30.0, "surface": "asphalt", "oneway": "yes" }, "geometry": { "type": "LineString", "coordinates": [ [ 8.6853774, 49.4223605 ], [ 8.686068, 49.4225009 ], [ 8.6860971, 49.4225068 ], [ 8.6868713, 49.4226645 ], [ 8.6877405, 49.4228412 ], [ 8.6884795, 49.422972 ], [ 8.6885065, 49.4229765 ] ] } },
{ "type": "Feature", "properties": { "osm_id": 53247705, "name": "Schillerstraße", "highway": "residential", "klass": "residential", "lanes": null, "maxspeed": 30.0, "surface": "asphalt", "oneway": "yes" }, "geometry": { "type": "LineString", "coordinates": [ [ 8.6882807, 49.3994034 ], [ 8.6883004, 49.3993742 ], [ 8.6883642, 49.3992957 ], [ 8.6884374, 49.3992144 ], [ 8.6884408, 49.3991754 ], [ 8.6884372, 49.399156 ] ] } },
{ "type": "Feature", "properties": { "osm_id": 53738852, "name": "Fehrentzstraße", "highway": "residential", "klass": "residential", "lanes": null, "maxspeed": 30.0, "surface": "asphalt", "oneway": "yes" }, "geometry": { "type": "LineString", "coordinates": [ [ 8.6828421, 49.4087501 ], [ 8.6830601, 49.4078724 ] ] } },
{ "type": "Feature", "properties": { "osm_id": 53738855, "name": "Fehrentzstraße", "highway": "residential", "klass": "residential", "lanes": null, "maxspeed": null, "surface": "paving_stones", "oneway": null }, "geometry": { "type": "LineString", "coordinates": [ [ 8.6830601, 49.4078724 ], [ 8.6830618, 49.4078266 ], [ 8.6830625, 49.4078093 ], [ 8.6830629, 49.4077972 ], [ 8.6830645, 49.4077569 ] ] } },
{ "type": "Feature", "properties": { "osm_id": 53747679, "name": "Bonhoefferstraße", "highway": "living_street", "klass": "living_street", "lanes": null, "maxspeed": null, "surface": "asphalt", "oneway": null }, "geometry": { "type": "LineString", "coordinates": [ [ 8.6521886, 49.4129324 ], [ 8.6513433, 49.4129249 ] ] } },
{ "type": "Feature", "properties": { "osm_id": 53747680, "name": "Bonhoefferstraße", "highway": "living_street", "klass": "living_street", "lanes": null, "maxspeed": null, "surface": "asphalt", "oneway": null }, "geometry": { "type": "LineString", "coordinates": [ [ 8.656369, 49.4125185 ], [ 8.6563099, 49.412493 ], [ 8.6560148, 49.4124875 ] ] } },
{ "type": "Feature", "properties": { "osm_id": 53747681, "name": "Bonhoefferstraße", "highway": "living_street", "klass": "living_street", "lanes": null, "maxspeed": null, "surface": "asphalt", "oneway": null }, "geometry": { "type": "LineString", "coordinates": [ [ 8.6560148, 49.4124875 ], [ 8.6556901, 49.412516 ], [ 8.6551524, 49.4125653 ], [ 8.6550971, 49.4125704 ], [ 8.6545527, 49.4126374 ], [ 8.654489, 49.4126452 ], [ 8.6536535, 49.412748 ], [ 8.6536465, 49.4127489 ], [ 8.6536088, 49.4127542 ], [ 8.6535244, 49.4127662 ] ] } },
{ "type": "Feature", "properties": { "osm_id": 54036808, "name": "Eckenerstraße", "highway": "residential", "klass": "residential", "lanes": 2.0, "maxspeed": 30.0, "surface": "asphalt", "oneway": "no" }, "geometry": { "type": "LineString", "coordinates": [ [ 8.6847432, 49.4207335 ], [ 8.6847206, 49.4207871 ] ] } },
{ "type": "Feature", "properties": { "osm_id": 55487310, "name": "Emil-Henk-Straße", "highway": "living_street", "klass": "living_street", "lanes": null, "maxspeed": null, "surface": "asphalt", "oneway": "yes" }, "geometry": { "type": "LineString", "coordinates": [ [ 8.6846051, 49.4016022 ], [ 8.6844825, 49.4015219 ], [ 8.6840376, 49.4012353 ], [ 8.6828087, 49.4004436 ] ] } },
{ "type": "Feature", "properties": { "osm_id": 55487739, "name": "Häusserstraße", "highway": "living_street", "klass": "living_street", "lanes": null, "maxspeed": null, "surface": "asphalt", "oneway": null }, "geometry": { "type": "LineString", "coordinates": [ [ 8.6895539, 49.4018651 ], [ 8.6894985, 49.4016981 ], [ 8.6894747, 49.4016261 ], [ 8.6894666, 49.4016023 ], [ 8.6894353, 49.4015072 ], [ 8.6894002, 49.4014015 ], [ 8.6893425, 49.4012282 ] ] } },
{ "type": "Feature", "properties": { "osm_id": 55969348, "name": "Am Hackteufel", "highway": "primary", "klass": "primary", "lanes": 3.0, "maxspeed": 50.0, "surface": "asphalt", "oneway": "yes" }, "geometry": { "type": "LineString", "coordinates": [ [ 8.7170922, 49.4142606 ], [ 8.717429, 49.4143144 ], [ 8.7176565, 49.4143578 ] ] } },
{ "type": "Feature", "properties": { "osm_id": 55969361, "name": "Am Karlstor", "highway": "secondary", "klass": "secondary", "lanes": 1.0, "maxspeed": 50.0, "surface": "asphalt", "oneway": "yes" }, "geometry": { "type": "LineString", "coordinates": [ [ 8.7175389, 49.4140992 ], [ 8.7175619, 49.4140565 ], [ 8.7176025, 49.4139996 ], [ 8.7176161, 49.4139812 ], [ 8.717659, 49.413944 ] ] } },
{ "type": "Feature", "properties": { "osm_id": 56328324, "name": "Am Karlstor", "highway": "secondary_link", "klass": "secondary", "lanes": 1.0, "maxspeed": 50.0, "surface": "asphalt", "oneway": "yes" }, "geometry": { "type": "LineString", "coordinates": [ [ 8.7182141, 49.4142751 ], [ 8.7181028, 49.4142956 ], [ 8.718028, 49.4143055 ], [ 8.717962, 49.4143105 ], [ 8.7179036, 49.414312 ], [ 8.7178494, 49.4143084 ], [ 8.7177864, 49.4142973 ], [ 8.7177402, 49.4142812 ], [ 8.717688, 49.4142578 ], [ 8.7176463, 49.4142313 ], [ 8.7176001, 49.4141943 ], [ 8.7175389, 49.4140992 ] ] } },
{ "type": "Feature", "properties": { "osm_id": 57357728, "name": "Rahmengasse", "highway": "residential", "klass": "residential", "lanes": null, "maxspeed": 30.0, "surface": "paving_stones", "oneway": "yes" }, "geometry": { "type": "LineString", "coordinates": [ [ 8.6932985, 49.4151496 ], [ 8.69226, 49.4151431 ], [ 8.6921624, 49.4151425 ], [ 8.6921216, 49.4151422 ] ] } },
{ "type": "Feature", "properties": { "osm_id": 59227112, "name": "Plöck", "highway": "residential", "klass": "residential", "lanes": 1.0, "maxspeed": 15.0, "surface": "asphalt", "oneway": null }, "geometry": { "type": "LineString", "coordinates": [ [ 8.7017749, 49.4094193 ], [ 8.7019032, 49.4094242 ], [ 8.7023098, 49.4094379 ], [ 8.7026367, 49.4094486 ], [ 8.702673, 49.4094498 ], [ 8.702772, 49.409453 ], [ 8.7029455, 49.4094577 ], [ 8.703174, 49.4094638 ] ] } },
{ "type": "Feature", "properties": { "osm_id": 59355033, "name": "Molkenkurweg", "highway": "unclassified", "klass": "unclassified", "lanes": null, "maxspeed": null, "surface": "asphalt", "oneway": null }, "geometry": { "type": "LineString", "coordinates": [ [ 8.715008, 49.4070382 ], [ 8.7150299, 49.4070747 ], [ 8.7150569, 49.4071087 ], [ 8.7150971, 49.4071393 ], [ 8.715168, 49.4071743 ], [ 8.7152282, 49.4072065 ], [ 8.7154882, 49.4073458 ], [ 8.715861, 49.4075852 ], [ 8.7164238, 49.4079676 ], [ 8.7164894, 49.4080084 ], [ 8.7166079, 49.4080753 ], [ 8.7167922, 49.4081676 ], [ 8.7169092, 49.4082207 ], [ 8.7170439, 49.408277 ], [ 8.7171546, 49.4083183 ], [ 8.7172067, 49.4083362 ], [ 8.7172524, 49.4083506 ], [ 8.7173084, 49.4083656 ], [ 8.7173676, 49.4083787 ], [ 8.7174339, 49.4083908 ], [ 8.7175255, 49.4084033 ], [ 8.7176179, 49.4084138 ], [ 8.7177023, 49.4084201 ], [ 8.7179066, 49.4084297 ], [ 8.7182404, 49.4084401 ], [ 8.7185805, 49.4084537 ], [ 8.7191856, 49.4084584 ] ] } },
{ "type": "Feature", "properties": { "osm_id": 59355036, "name": "Molkenkurweg", "highway": "unclassified", "klass": "unclassified", "lanes": null, "maxspeed": 30.0, "surface": "asphalt", "oneway": null }, "geometry": { "type": "LineString", "coordinates": [ [ 8.7186219, 49.4090286 ], [ 8.7185219, 49.4090611 ], [ 8.7182989, 49.409138 ], [ 8.7180184, 49.4092408 ], [ 8.7177661, 49.4093269 ], [ 8.717664, 49.4093527 ], [ 8.7175911, 49.4093644 ], [ 8.7175297, 49.4093698 ], [ 8.7174505, 49.4093728 ], [ 8.7173279, 49.4093746 ], [ 8.7171872, 49.409374 ], [ 8.7169711, 49.4093725 ], [ 8.7167682, 49.4093683 ], [ 8.7167107, 49.4093704 ], [ 8.7166875, 49.4093732 ], [ 8.716668, 49.4093773 ], [ 8.7166547, 49.409382 ], [ 8.7166415, 49.4093888 ], [ 8.7166322, 49.4093996 ], [ 8.7166267, 49.4094159 ] ] } },
{ "type": "Feature", "properties": { "osm_id": 60711320, "name": "Philosophenweg", "highway": "residential", "klass": "residential", "lanes": null, "maxspeed": 30.0, "surface": "asphalt", "oneway": "yes" }, "geometry": { "type": "LineString", "coordinates": [ [ 8.6942635, 49.4147665 ], [ 8.6940577, 49.4147447 ] ] } },
{ "type": "Feature", "properties": { "osm_id": 60711642, "name": "Ziegelhäuser Landstraße", "highway": "secondary", "klass": "secondary", "lanes": null, "maxspeed": 30.0, "surface": "asphalt", "oneway": null }, "geometry": { "type": "LineString", "coordinates": [ [ 8.7094926, 49.4152735 ], [ 8.7097065, 49.4153006 ], [ 8.7100328, 49.4153407 ], [ 8.7102714, 49.4153644 ], [ 8.7104648, 49.415379 ], [ 8.7106479, 49.4153896 ], [ 8.7110212, 49.4154097 ], [ 8.7119474, 49.4154559 ], [ 8.7121906, 49.415468 ], [ 8.7127468, 49.4154958 ], [ 8.7129433, 49.4155059 ], [ 8.7134239, 49.4155423 ] ] } },
{ "type": "Feature", "properties": { "osm_id": 60741673, "name": "Kurfürsten-Anlage", "highway": "secondary", "klass": "secondary", "lanes": 2.0, "maxspeed": 50.0, "surface": "asphalt", "oneway": "yes" }, "geometry": { "type": "LineString", "coordinates": [ [ 8.6787264, 49.4043622 ], [ 8.6788539, 49.4043731 ], [ 8.6789706, 49.4043854 ], [ 8.6791375, 49.4044085 ], [ 8.6793302, 49.404442 ], [ 8.6796721, 49.4045025 ] ] } },
{ "type": "Feature", "properties": { "osm_id": 60741678, "name": "Lessingstraße", "highway": "primary", "klass": "primary", "lanes": 5.0, "maxspeed": 50.0, "surface": "asphalt", "oneway": "yes" }, "geometry": { "type": "LineString", "coordinates": [ [ 8.6769701, 49.404575 ], [ 8.6769934, 49.4045175 ], [ 8.6770407, 49.4044187 ], [ 8.6770645, 49.4043675 ], [ 8.6771173, 49.4042568 ], [ 8.6771349, 49.4042197 ] ] } },
{ "type": "Feature", "properties": { "osm_id": 60741682, "name": "Kurfürsten-Anlage", "highway": "primary", "klass": "primary", "lanes": 3.0, "maxspeed": 30.0, "surface": "asphalt", "oneway": "yes" }, "geometry": { "type": "LineString", "coordinates": [ [ 8.6891549, 49.4065494 ], [ 8.6893885, 49.4065912 ] ] } },
{ "type": "Feature", "properties": { "osm_id": 60741687, "name": "Kurfürsten-Anlage", "highway": "primary", "klass": "primary", "lanes": 2.0, "maxspeed": 30.0, "surface": "asphalt", "oneway": "yes" }, "geometry": { "type": "LineString", "coordinates": [ [ 8.6864232, 49.406084 ], [ 8.6866145, 49.4061119 ], [ 8.6868803, 49.4061576 ], [ 8.6869327, 49.4061666 ], [ 8.6870979, 49.4061942 ] ] } },
{ "type": "Feature", "properties": { "osm_id": 61513843, "name": "Bismarckstraße", "highway": "primary", "klass": "primary", "lanes": 2.0, "maxspeed": 30.0, "surface": "asphalt", "oneway": "yes" }, "geometry": { "type": "LineString", "coordinates": [ [ 8.6922942, 49.4112652 ], [ 8.6921987, 49.4112284 ], [ 8.6921325, 49.4111976 ], [ 8.6920949, 49.411174 ], [ 8.6920461, 49.411125 ] ] } },
{ "type": "Feature", "properties": { "osm_id": 61651761, "name": null, "highway": "primary", "klass": "primary", "lanes": 2.0, "maxspeed": 50.0, "surface": "asphalt", "oneway": "yes" }, "geometry": { "type": "LineString", "coordinates": [ [ 8.6692044, 49.4081424 ], [ 8.6692736, 49.4081954 ], [ 8.6693411, 49.4082731 ], [ 8.669411, 49.4083883 ] ] } },
{ "type": "Feature", "properties": { "osm_id": 62003993, "name": "Neckarstaden", "highway": "primary", "klass": "primary", "lanes": 3.0, "maxspeed": 50.0, "surface": "asphalt", "oneway": "yes" }, "geometry": { "type": "LineString", "coordinates": [ [ 8.6931712, 49.4114402 ], [ 8.6930382, 49.4114133 ], [ 8.692998, 49.4114052 ], [ 8.6928834, 49.411382 ] ] } },
{ "type": "Feature", "properties": { "osm_id": 62234091, "name": "Römerstraße", "highway": "tertiary", "klass": "tertiary", "lanes": 2.0, "maxspeed": 30.0, "surface": "asphalt", "oneway": "yes" }, "geometry": { "type": "LineString", "coordinates": [ [ 8.6843387, 49.4078592 ], [ 8.6842413, 49.4078213 ], [ 8.6842299, 49.4078048 ] ] } },
{ "type": "Feature", "properties": { "osm_id": 62234094, "name": "Kurfürsten-Anlage", "highway": "primary", "klass": "primary", "lanes": 3.0, "maxspeed": 30.0, "surface": "asphalt", "oneway": "yes" }, "geometry": { "type": "LineString", "coordinates": [ [ 8.6850637, 49.4059958 ], [ 8.6849538, 49.4059756 ], [ 8.6848428, 49.4059538 ], [ 8.6848036, 49.4059435 ], [ 8.6847147, 49.4059208 ] ] } },
{ "type": "Feature", "properties": { "osm_id": 62286151, "name": "Römerstraße", "highway": "residential", "klass": "residential", "lanes": null, "maxspeed": 30.0, "surface": "asphalt", "oneway": null }, "geometry": { "type": "LineString", "coordinates": [ [ 8.6848293, 49.402642 ], [ 8.6848391, 49.4025324 ], [ 8.6848608, 49.402293 ], [ 8.6848817, 49.402104 ], [ 8.6848915, 49.402058 ], [ 8.6849098, 49.4020029 ], [ 8.6849256, 49.401969 ] ] } },
{ "type": "Feature", "properties": { "osm_id": 62286152, "name": "Römerstraße", "highway": "residential", "klass": "residential", "lanes": null, "maxspeed": 30.0, "surface": "asphalt", "oneway": null }, "geometry": { "type": "LineString", "coordinates": [ [ 8.6848293, 49.402642 ], [ 8.6847617, 49.4033822 ] ] } },
{ "type": "Feature", "properties": { "osm_id": 62286153, "name": "Zähringerstraße", "highway": "residential", "klass": "residential", "lanes": null, "maxspeed": 50.0, "surface": "asphalt", "oneway": "yes" }, "geometry": { "type": "LineString", "coordinates": [ [ 8.6808233, 49.4016551 ], [ 8.6806867, 49.4016513 ] ] } },
{ "type": "Feature", "properties": { "osm_id": 62293930, "name": "Neckarstaden", "highway": "primary", "klass": "primary", "lanes": 3.0, "maxspeed": 50.0, "surface": "asphalt", "oneway": null }, "geometry": { "type": "LineString", "coordinates": [ [ 8.6945425, 49.4116493 ], [ 8.6947865, 49.4116653 ] ] } },
{ "type": "Feature", "properties": { "osm_id": 62293940, "name": "Louise-Ebert-Weg", "highway": "residential", "klass": "residential", "lanes": null, "maxspeed": 20.0, "surface": "sett", "oneway": null }, "geometry": { "type": "LineString", "coordinates": [ [ 8.7054631, 49.4095624 ], [ 8.7054622, 49.4095228 ], [ 8.7054598, 49.4094171 ], [ 8.7054555, 49.4092324 ], [ 8.7054549, 49.4092064 ] ] } },
{ "type": "Feature", "properties": { "osm_id": 62623901, "name": "Rottmannstraße", "highway": "secondary", "klass": "secondary", "lanes": 1.0, "maxspeed": 50.0, "surface": "paving_stones", "oneway": "yes" }, "geometry": { "type": "LineString", "coordinates": [ [ 8.6832002, 49.4263863 ], [ 8.6832306, 49.4263462 ], [ 8.6832628, 49.4263154 ], [ 8.6832775, 49.4263048 ], [ 8.6832973, 49.4262906 ], [ 8.6833454, 49.4262822 ], [ 8.6833828, 49.4262727 ], [ 8.683418, 49.4262621 ], [ 8.6834306, 49.4262572 ], [ 8.6835067, 49.4262234 ] ] } },
{ "type": "Feature", "properties": { "osm_id": 63549209, "name": "Klausenpfad", "highway": "unclassified", "klass": "unclassified", "lanes": null, "maxspeed": null, "surface": "asphalt", "oneway": "yes" }, "geometry": { "type": "LineString", "coordinates": [ [ 8.6769769, 49.4230466 ], [ 8.6770317, 49.4230807 ], [ 8.6771231, 49.4231375 ], [ 8.6783092, 49.4233657 ], [ 8.6785918, 49.4234147 ] ] } },
{ "type": "Feature", "properties": { "osm_id": 65155450, "name": "Klingentorstraße", "highway": "residential", "klass": "residential", "lanes": null, "maxspeed": 30.0, "surface": "asphalt", "oneway": "no" }, "geometry": { "type": "LineString", "coordinates": [ [ 8.706818, 49.4087422 ], [ 8.7067886, 49.4087435 ], [ 8.7067537, 49.4087466 ], [ 8.7067269, 49.4087501 ], [ 8.7066843, 49.4087564 ], [ 8.7066155, 49.4087687 ], [ 8.7063814, 49.4088166 ] ] } },
{ "type": "Feature", "properties": { "osm_id": 67367831, "name": null, "highway": "primary_link", "klass": "primary", "lanes": 1.0, "maxspeed": 50.0, "surface": "asphalt", "oneway": "yes" }, "geometry": { "type": "LineString", "coordinates": [ [ 8.6917882, 49.4112136 ], [ 8.6918934, 49.4112018 ], [ 8.6919546, 49.4111858 ], [ 8.6919909, 49.4111674 ], [ 8.6920461, 49.411125 ] ] } },
{ "type": "Feature", "properties": { "osm_id": 67367836, "name": "Philipp-Otto-Runge-Straße", "highway": "residential", "klass": "residential", "lanes": null, "maxspeed": 30.0, "surface": "asphalt", "oneway": null }, "geometry": { "type": "LineString", "coordinates": [ [ 8.6860027, 49.3937035 ], [ 8.6859745, 49.3938864 ], [ 8.6859874, 49.3943784 ], [ 8.6859685, 49.3948569 ], [ 8.6859584, 49.3951712 ], [ 8.685959, 49.3952062 ] ] } },
{ "type": "Feature", "properties": { "osm_id": 67367838, "name": "Römerstraße", "highway": "primary", "klass": "primary", "lanes": 2.0, "maxspeed": 50.0, "surface": "asphalt", "oneway": "yes" }, "geometry": { "type": "LineString", "coordinates": [ [ 8.6853459, 49.3973456 ], [ 8.6853609, 49.3971255 ] ] } },
{ "type": "Feature", "properties": { "osm_id": 67367839, "name": null, "highway": "primary_link", "klass": "primary", "lanes": 2.0, "maxspeed": 50.0, "surface": "asphalt", "oneway": "no" }, "geometry": { "type": "LineString", "coordinates": [ [ 8.6917882, 49.4112136 ], [ 8.6915354, 49.4111647 ] ] } },
{ "type": "Feature", "properties": { "osm_id": 67367841, "name": "Römerstraße", "highway": "primary", "klass": "primary", "lanes": 3.0, "maxspeed": 50.0, "surface": "asphalt", "oneway": "yes" }, "geometry": { "type": "LineString", "coordinates": [ [ 8.6856647, 49.3938005 ], [ 8.6856771, 49.3936673 ], [ 8.6856835, 49.3936373 ], [ 8.6857633, 49.3935248 ] ] } },
{ "type": "Feature", "properties": { "osm_id": 67386023, "name": "Chaisenweg", "highway": "unclassified", "klass": "unclassified", "lanes": null, "maxspeed": 30.0, "surface": "asphalt", "oneway": null }, "geometry": { "type": "LineString", "coordinates": [ [ 8.7036878, 49.420655 ], [ 8.7037825, 49.4207995 ], [ 8.7038627, 49.4209463 ], [ 8.7039404, 49.4211025 ], [ 8.7040127, 49.4212568 ], [ 8.7040815, 49.4213856 ], [ 8.7041253, 49.4214869 ], [ 8.7041439, 49.4215501 ], [ 8.7041524, 49.4216093 ], [ 8.7041526, 49.421704 ], [ 8.7041431, 49.4218239 ], [ 8.7041334, 49.4219005 ], [ 8.704123, 49.4219647 ], [ 8.7041042, 49.4220494 ], [ 8.7040676, 49.4221409 ], [ 8.7040243, 49.4222214 ], [ 8.7039336, 49.4223802 ], [ 8.70385, 49.4225178 ], [ 8.7037874, 49.4226285 ], [ 8.7036479, 49.4228405 ], [ 8.7035397, 49.4229854 ], [ 8.7034528, 49.4230895 ], [ 8.7033241, 49.4232273 ], [ 8.703197, 49.4233448 ], [ 8.7029571, 49.4235537 ], [ 8.7027223, 49.423718 ], [ 8.7026037, 49.4237915 ], [ 8.7024886, 49.4238473 ], [ 8.7024067, 49.4238816 ], [ 8.7022994, 49.4239121 ], [ 8.702167, 49.4239458 ], [ 8.7019966, 49.4239774 ], [ 8.7017772, 49.4240082 ], [ 8.7015336, 49.424036 ], [ 8.7011911, 49.4240665 ], [ 8.7008782, 49.4240817 ], [ 8.7002747, 49.4241092 ], [ 8.699853, 49.4241274 ], [ 8.6996535, 49.4241424 ], [ 8.6994976, 49.424157 ], [ 8.6993529, 49.424176 ], [ 8.6992245, 49.4241974 ], [ 8.6988877, 49.4242624 ], [ 8.6987421, 49.4242916 ], [ 8.6986493, 49.4243175 ], [ 8.69856, 49.4243521 ], [ 8.6985162, 49.4243727 ], [ 8.6984707, 49.4244061 ], [ 8.6984253, 49.4244447 ], [ 8.6983954, 49.4244802 ], [ 8.6983724, 49.4245165 ], [ 8.6983437, 49.4245931 ], [ 8.6983166, 49.4247042 ], [ 8.6982626, 49.4249366 ], [ 8.6982219, 49.4251121 ], [ 8.6981675, 49.4253642 ], [ 8.6981531, 49.425446 ], [ 8.6981528, 49.4254862 ], [ 8.6981553, 49.4255136 ], [ 8.6981569, 49.4255256 ], [ 8.6981605, 49.4255457 ], [ 8.6981685, 49.4255856 ], [ 8.6981787, 49.4256296 ], [ 8.6981901, 49.4256641 ], [ 8.6982144, 49.4257153 ], [ 8.6982513, 49.4257718 ], [ 8.6983464, 49.4258941 ], [ 8.6985303, 49.4261115 ], [ 8.6986783, 49.4262895 ], [ 8.6988156, 49.4264591 ], [ 8.6988845, 49.4265565 ], [ 8.6989477, 49.4266597 ], [ 8.6991279, 49.426996 ], [ 8.6995847, 49.4279021 ] ] } },
{ "type": "Feature", "properties": { "osm_id": 67415411, "name": "Rudolf-Diesel-Straße", "highway": "residential", "klass": "residential", "lanes": null, "maxspeed": 50.0, "surface": "asphalt", "oneway": null }, "geometry": { "type": "LineString", "coordinates": [ [ 8.6775824, 49.3958399 ], [ 8.6776285, 49.3958151 ], [ 8.6776499, 49.3958037 ], [ 8.6776919, 49.395781 ] ] } },
{ "type": "Feature", "properties": { "osm_id": 67415413, "name": "Rudolf-Diesel-Straße", "highway": "residential", "klass": "residential", "lanes": null, "maxspeed": 30.0, "surface": "asphalt", "oneway": null }, "geometry": { "type": "LineString", "coordinates": [ [ 8.6813154, 49.3948139 ], [ 8.6802829, 49.3949448 ], [ 8.6799043, 49.3950129 ], [ 8.6794865, 49.3951085 ], [ 8.678762, 49.3953275 ], [ 8.6783289, 49.3954945 ], [ 8.6777901, 49.3957377 ], [ 8.6777172, 49.3957698 ], [ 8.6776919, 49.395781 ] ] } },
{ "type": "Feature", "properties": { "osm_id": 68165235, "name": "Römerkreis", "highway": "secondary", "klass": "secondary", "lanes": 4.0, "maxspeed": 50.0, "surface": "asphalt", "oneway": "yes" }, "geometry": { "type": "LineString", "coordinates": [ [ 8.68412, 49.4051845 ], [ 8.6841579, 49.4051766 ], [ 8.6841794, 49.4051721 ], [ 8.6842025, 49.4051664 ], [ 8.6842579, 49.4051529 ], [ 8.6842841, 49.4051459 ], [ 8.6843227, 49.4051382 ], [ 8.6843663, 49.4051337 ], [ 8.6844062, 49.405132 ], [ 8.6844464, 49.4051328 ], [ 8.6844885, 49.4051362 ], [ 8.6845283, 49.4051411 ] ] } },
{ "type": "Feature", "properties": { "osm_id": 69260624, "name": "Am Karlstor", "highway": "secondary", "klass": "secondary", "lanes": 1.0, "maxspeed": 50.0, "surface": "asphalt", "oneway": "yes" }, "geometry": { "type": "LineString", "coordinates": [ [ 8.7177306, 49.4139032 ], [ 8.7178171, 49.4138298 ], [ 8.7178547, 49.4137873 ], [ 8.7178711, 49.4137554 ], [ 8.7178711, 49.4137209 ], [ 8.7178544, 49.4136683 ], [ 8.7178131, 49.4136186 ], [ 8.7176912, 49.4135277 ] ] } },
{ "type": "Feature", "properties": { "osm_id": 69283762, "name": "Klingentorstraße", "highway": "residential", "klass": "residential", "lanes": null, "maxspeed": 30.0, "surface": "asphalt", "oneway": "no" }, "geometry": { "type": "LineString", "coordinates": [ [ 8.7063814, 49.4088166 ], [ 8.7060645, 49.4088804 ], [ 8.7059864, 49.4088962 ], [ 8.7059445, 49.4089048 ], [ 8.7059214, 49.4089104 ], [ 8.7059083, 49.4089145 ], [ 8.7058948, 49.4089202 ], [ 8.7058763, 49.4089298 ], [ 8.7058541, 49.4089423 ], [ 8.7058221, 49.4089654 ] ] } },
{ "type": "Feature", "properties": { "osm_id": 69607432, "name": "Rohrbacher Straße", "highway": "secondary", "klass": "secondary", "lanes": 3.0, "maxspeed": 50.0, "surface": "asphalt", "oneway": null }, "geometry": { "type": "LineString", "coordinates": [ [ 8.6927658, 49.4062184 ], [ 8.6927929, 49.406451 ], [ 8.6927964, 49.4065666 ] ] } },
{ "type": "Feature", "properties": { "osm_id": 76844641, "name": "Newtonstraße", "highway": "residential", "klass": "residential", "lanes": null, "maxspeed": null, "surface": null, "oneway": null }, "geometry": { "type": "LineString", "coordinates": [ [ 8.6752916, 49.3989361 ], [ 8.6751988, 49.3989869 ], [ 8.6728554, 49.4000453 ] ] } },
{ "type": "Feature", "properties": { "osm_id": 76844686, "name": "Darwinstraße", "highway": "residential", "klass": "residential", "lanes": 2.0, "maxspeed": 30.0, "surface": "asphalt", "oneway": null }, "geometry": { "type": "LineString", "coordinates": [ [ 8.6691791, 49.4013382 ], [ 8.6696856, 49.4011756 ], [ 8.6702065, 49.4010225 ], [ 8.6705402, 49.4009195 ], [ 8.6715335, 49.4006171 ], [ 8.6719557, 49.4004853 ] ] } },
{ "type": "Feature", "properties": { "osm_id": 76844690, "name": "Galileistraße", "highway": "residential", "klass": "residential", "lanes": null, "maxspeed": 30.0, "surface": "asphalt", "oneway": null }, "geometry": { "type": "LineString", "coordinates": [ [ 8.6662961, 49.4022868 ], [ 8.6663796, 49.4023576 ], [ 8.6665718, 49.4025401 ] ] } },
{ "type": "Feature", "properties": { "osm_id": 76844713, "name": "Einsteinstraße", "highway": "residential", "klass": "residential", "lanes": null, "maxspeed": 30.0, "surface": "asphalt", "oneway": "no" }, "geometry": { "type": "LineString", "coordinates": [ [ 8.6719178, 49.3992332 ], [ 8.6725505, 49.3997814 ], [ 8.6725854, 49.3998117 ], [ 8.6728554, 49.4000453 ] ] } },
{ "type": "Feature", "properties": { "osm_id": 77277696, "name": "Schloss-Wolfsbrunnenweg", "highway": "residential", "klass": "residential", "lanes": null, "maxspeed": 30.0, "surface": "asphalt", "oneway": null }, "geometry": { "type": "LineString", "coordinates": [ [ 8.7151466, 49.4092554 ], [ 8.7146127, 49.4091593 ], [ 8.7145887, 49.409155 ], [ 8.7139188, 49.409045 ], [ 8.713752, 49.4090147 ], [ 8.7136472, 49.4089985 ], [ 8.7135889, 49.4089912 ], [ 8.7135483, 49.4089872 ], [ 8.7134992, 49.4089844 ], [ 8.7134282, 49.4089844 ], [ 8.7133798, 49.4089854 ], [ 8.7133294, 49.4089878 ] ] } },
{ "type": "Feature", "properties": { "osm_id": 79190169, "name": "Czernyring", "highway": "secondary", "klass": "secondary", "lanes": 2.0, "maxspeed": 30.0, "surface": "asphalt", "oneway": "yes" }, "geometry": { "type": "LineString", "coordinates": [ [ 8.6725894, 49.407844 ], [ 8.6725928, 49.4078654 ], [ 8.672594, 49.4078767 ], [ 8.6725951, 49.4078948 ], [ 8.6725953, 49.4078973 ], [ 8.6725965, 49.4079293 ], [ 8.6725994, 49.4080076 ] ] } },
{ "type": "Feature", "properties": { "osm_id": 79190170, "name": "Czernyring", "highway": "secondary_link", "klass": "secondary", "lanes": 2.0, "maxspeed": 30.0, "surface": "asphalt", "oneway": "yes" }, "geometry": { "type": "LineString", "coordinates": [ [ 8.6723421, 49.4078882 ], [ 8.6722989, 49.4078645 ], [ 8.6722664, 49.4078435 ], [ 8.6721972, 49.4077905 ], [ 8.6720891, 49.4076713 ] ] } },
{ "type": "Feature", "properties": { "osm_id": 79190171, "name": "Czernyring", "highway": "secondary", "klass": "secondary", "lanes": 2.0, "maxspeed": 30.0, "surface": "asphalt", "oneway": "yes" }, "geometry": { "type": "LineString", "coordinates": [ [ 8.672461, 49.40795 ], [ 8.6723813, 49.4079885 ], [ 8.6722905, 49.4080237 ] ] } },
{ "type": "Feature", "properties": { "osm_id": 79368601, "name": "Römerstraße", "highway": "primary", "klass": "primary", "lanes": 2.0, "maxspeed": null, "surface": "asphalt", "oneway": "yes" }, "geometry": { "type": "LineString", "coordinates": [ [ 8.68517, 49.3985063 ], [ 8.6851724, 49.398498 ] ] } },
{ "type": "Feature", "properties": { "osm_id": 79368604, "name": "Franz-Knauff-Straße", "highway": "secondary", "klass": "secondary", "lanes": 2.0, "maxspeed": 50.0, "surface": "asphalt", "oneway": "yes" }, "geometry": { "type": "LineString", "coordinates": [ [ 8.6856496, 49.3986847 ], [ 8.6858753, 49.3987397 ], [ 8.6859824, 49.398762 ], [ 8.6860534, 49.3987983 ] ] } },
{ "type": "Feature", "properties": { "osm_id": 79509565, "name": "Brückenstraße", "highway": "secondary", "klass": "secondary", "lanes": 2.0, "maxspeed": 50.0, "surface": "asphalt", "oneway": "yes" }, "geometry": { "type": "LineString", "coordinates": [ [ 8.6923596, 49.4134954 ], [ 8.6922652, 49.4136768 ], [ 8.6922215, 49.4137681 ] ] } },
{ "type": "Feature", "properties": { "osm_id": 79509566, "name": "Neckarstaden", "highway": "primary", "klass": "primary", "lanes": 4.0, "maxspeed": 50.0, "surface": "asphalt", "oneway": null }, "geometry": { "type": "LineString", "coordinates": [ [ 8.6932516, 49.4114564 ], [ 8.6934496, 49.4114962 ], [ 8.6939022, 49.4115656 ] ] } },
{ "type": "Feature", "properties": { "osm_id": 79509567, "name": "Theodor-Heuss-Brücke", "highway": "secondary", "klass": "secondary", "lanes": 2.0, "maxspeed": 50.0, "surface": "asphalt", "oneway": "yes" }, "geometry": { "type": "LineString", "coordinates": [ [ 8.6921876, 49.4134871 ], [ 8.692215, 49.4133358 ] ] } },
{ "type": "Feature", "properties": { "osm_id": 79569936, "name": "Neckarstaden", "highway": "primary", "klass": "primary", "lanes": 4.0, "maxspeed": 50.0, "surface": "asphalt", "oneway": null }, "geometry": { "type": "LineString", "coordinates": [ [ 8.6932516, 49.4114564 ], [ 8.6931712, 49.4114402 ] ] } },
{ "type": "Feature", "properties": { "osm_id": 80262119, "name": "Brückenstraße", "highway": "secondary", "klass": "secondary", "lanes": 4.0, "maxspeed": 30.0, "surface": "asphalt", "oneway": null }, "geometry": { "type": "LineString", "coordinates": [ [ 8.692218, 49.4138488 ], [ 8.6922215, 49.4137681 ] ] } },
{ "type": "Feature", "properties": { "osm_id": 80277569, "name": "Max-Jarecki-Straße", "highway": "residential", "klass": "residential", "lanes": 3.0, "maxspeed": 30.0, "surface": "asphalt", "oneway": null }, "geometry": { "type": "LineString", "coordinates": [ [ 8.6729279, 49.4019388 ], [ 8.6730366, 49.402108 ], [ 8.6731015, 49.4021966 ], [ 8.6731499, 49.4022476 ] ] } },
{ "type": "Feature", "properties": { "osm_id": 80277584, "name": "Max-Jarecki-Straße", "highway": "residential", "klass": "residential", "lanes": 1.0, "maxspeed": 30.0, "surface": "asphalt", "oneway": "yes" }, "geometry": { "type": "LineString", "coordinates": [ [ 8.6726264, 49.4015384 ], [ 8.6725832, 49.4014757 ], [ 8.6725436, 49.4014116 ], [ 8.6725039, 49.4013504 ], [ 8.6725054, 49.4012998 ] ] } },
{ "type": "Feature", "properties": { "osm_id": 80745640, "name": "Plöck", "highway": "residential", "klass": "residential", "lanes": null, "maxspeed": 20.0, "surface": "sett", "oneway": null }, "geometry": { "type": "LineString", "coordinates": [ [ 8.7054631, 49.4095624 ], [ 8.7055483, 49.4095647 ], [ 8.7055965, 49.4095666 ], [ 8.7059137, 49.4095714 ], [ 8.7062153, 49.4095714 ], [ 8.7063707, 49.4095732 ], [ 8.7064442, 49.4095738 ] ] } },
{ "type": "Feature", "properties": { "osm_id": 82898425, "name": "Hans-Bunte-Straße", "highway": "residential", "klass": "residential", "lanes": 2.0, "maxspeed": null, "surface": "asphalt", "oneway": null }, "geometry": { "type": "LineString", "coordinates": [ [ 8.6504516, 49.4078667 ], [ 8.6505606, 49.4078873 ], [ 8.6506507, 49.407912 ], [ 8.6507061, 49.4079383 ], [ 8.6507422, 49.4079723 ], [ 8.6508095, 49.408052 ] ] } },
{ "type": "Feature", "properties": { "osm_id": 83188867, "name": "Plöck", "highway": "residential", "klass": "residential", "lanes": 1.0, "maxspeed": 15.0, "surface": "asphalt", "oneway": "yes" }, "geometry": { "type": "LineString", "coordinates": [ [ 8.6965968, 49.4089175 ], [ 8.6969649, 49.4089363 ], [ 8.6970299, 49.4089396 ] ] } },
{ "type": "Feature", "properties": { "osm_id": 83188868, "name": "Plöck", "highway": "residential", "klass": "residential", "lanes": null, "maxspeed": 15.0, "surface": "asphalt", "oneway": "yes" }, "geometry": { "type": "LineString", "coordinates": [ [ 8.6981255, 49.4090752 ], [ 8.6983472, 49.4091135 ], [ 8.6985255, 49.4091421 ], [ 8.6985997, 49.4091544 ], [ 8.6986467, 49.4091628 ] ] } },
{ "type": "Feature", "properties": { "osm_id": 83188869, "name": "Plöck", "highway": "residential", "klass": "residential", "lanes": 1.0, "maxspeed": 15.0, "surface": "asphalt", "oneway": "yes" }, "geometry": { "type": "LineString", "coordinates": [ [ 8.6955811, 49.4088755 ], [ 8.6959995, 49.4088971 ], [ 8.6961981, 49.4089064 ], [ 8.6962989, 49.4089104 ], [ 8.696457, 49.4089129 ], [ 8.6965968, 49.4089175 ] ] } },
{ "type": "Feature", "properties": { "osm_id": 83188871, "name": "Plöck", "highway": "residential", "klass": "residential", "lanes": 1.0, "maxspeed": 15.0, "surface": "asphalt", "oneway": "yes" }, "geometry": { "type": "LineString", "coordinates": [ [ 8.6954569, 49.4088695 ], [ 8.6955811, 49.4088755 ] ] } },
{ "type": "Feature", "properties": { "osm_id": 83188872, "name": "Plöck", "highway": "residential", "klass": "residential", "lanes": 1.0, "maxspeed": 15.0, "surface": "asphalt", "oneway": "yes" }, "geometry": { "type": "LineString", "coordinates": [ [ 8.6972032, 49.4089538 ], [ 8.6972158, 49.408955 ], [ 8.6973526, 49.4089674 ], [ 8.6974624, 49.4089793 ], [ 8.6975579, 49.4089899 ], [ 8.6975972, 49.4089948 ], [ 8.6978124, 49.4090249 ], [ 8.6978793, 49.4090342 ], [ 8.6980606, 49.4090635 ], [ 8.6981255, 49.4090752 ] ] } },
{ "type": "Feature", "properties": { "osm_id": 83188874, "name": "Plöck", "highway": "residential", "klass": "residential", "lanes": null, "maxspeed": 15.0, "surface": "asphalt", "oneway": "yes" }, "geometry": { "type": "LineString", "coordinates": [ [ 8.6938647, 49.4087655 ], [ 8.6939341, 49.4087745 ] ] } },
{ "type": "Feature", "properties": { "osm_id": 84908658, "name": "Fahrtgasse", "highway": "residential", "klass": "residential", "lanes": null, "maxspeed": null, "surface": "asphalt", "oneway": null }, "geometry": { "type": "LineString", "coordinates": [ [ 8.6946753, 49.4107083 ], [ 8.6946628, 49.4108051 ], [ 8.6946601, 49.4108264 ] ] } },
{ "type": "Feature", "properties": { "osm_id": 84908671, "name": "Fahrtgasse", "highway": "residential", "klass": "residential", "lanes": null, "maxspeed": null, "surface": "asphalt", "oneway": null }, "geometry": { "type": "LineString", "coordinates": [ [ 8.6946601, 49.4108264 ], [ 8.6946495, 49.4109084 ], [ 8.6946332, 49.4110353 ], [ 8.6946196, 49.4111408 ], [ 8.6945768, 49.4114773 ], [ 8.6945553, 49.4115847 ], [ 8.6945425, 49.4116493 ] ] } },
{ "type": "Feature", "properties": { "osm_id": 87355207, "name": "Obere Neckarstraße", "highway": "living_street", "klass": "living_street", "lanes": null, "maxspeed": null, "surface": "sett", "oneway": "yes" }, "geometry": { "type": "LineString", "coordinates": [ [ 8.7095828, 49.4132083 ], [ 8.7099652, 49.4132311 ] ] } },
{ "type": "Feature", "properties": { "osm_id": 87358586, "name": "Neue Schlossstraße", "highway": "residential", "klass": "residential", "lanes": null, "maxspeed": 30.0, "surface": "sett", "oneway": null }, "geometry": { "type": "LineString", "coordinates": [ [ 8.7134165, 49.4091913 ], [ 8.7135979, 49.409228 ], [ 8.7137072, 49.4092566 ], [ 8.713742, 49.4092667 ], [ 8.7137633, 49.4092745 ], [ 8.713773, 49.4092801 ], [ 8.7137787, 49.4092864 ], [ 8.7137805, 49.4092969 ], [ 8.7137796, 49.4093057 ], [ 8.7137752, 49.4093167 ], [ 8.7137648, 49.4093355 ] ] } },
{ "type": "Feature", "properties": { "osm_id": 87358592, "name": "Schloss-Wolfsbrunnenweg", "highway": "residential", "klass": "residential", "lanes": null, "maxspeed": 30.0, "surface": "asphalt", "oneway": null }, "geometry": { "type": "LineString", "coordinates": [ [ 8.712647, 49.4089159 ], [ 8.7125953, 49.4089065 ], [ 8.7125477, 49.4088997 ], [ 8.7124991, 49.4088938 ], [ 8.7124273, 49.4088888 ], [ 8.7123826, 49.4088879 ], [ 8.7123356, 49.4088887 ], [ 8.712245, 49.4088947 ], [ 8.7121873, 49.408901 ], [ 8.7121067, 49.4089132 ], [ 8.7119993, 49.4089321 ] ] } },
{ "type": "Feature", "properties": { "osm_id": 87358594, "name": "Schlossberg", "highway": "residential", "klass": "residential", "lanes": null, "maxspeed": 30.0, "surface": "sett", "oneway": null }, "geometry": { "type": "LineString", "coordinates": [ [ 8.7137648, 49.4093355 ], [ 8.7136692, 49.4093139 ], [ 8.7135971, 49.4093015 ], [ 8.713503, 49.409279 ], [ 8.7134154, 49.4092614 ], [ 8.7133437, 49.4092511 ], [ 8.713266, 49.4092429 ], [ 8.7132158, 49.4092391 ], [ 8.7131692, 49.4092376 ], [ 8.7131175, 49.4092372 ], [ 8.7130543, 49.4092415 ], [ 8.7130114, 49.4092466 ], [ 8.7129642, 49.4092556 ], [ 8.7129444, 49.4092595 ], [ 8.712914, 49.4092665 ], [ 8.7128335, 49.4092862 ], [ 8.7127153, 49.4093096 ], [ 8.7126479, 49.4093212 ], [ 8.7125919, 49.4093275 ], [ 8.712408, 49.4093458 ], [ 8.7121893, 49.409362 ], [ 8.7120403, 49.4093696 ], [ 8.7119472, 49.4093775 ], [ 8.711876, 49.4093873 ], [ 8.7117789, 49.4094037 ] ] } },
{ "type": "Feature", "properties": { "osm_id": 88660521, "name": "Obere Neckarstraße", "highway": "living_street", "klass": "living_street", "lanes": null, "maxspeed": null, "surface": "sett", "oneway": "yes" }, "geometry": { "type": "LineString", "coordinates": [ [ 8.7099652, 49.4132311 ], [ 8.7102155, 49.4132475 ], [ 8.7103744, 49.4132651 ], [ 8.7104555, 49.4132749 ] ] } },
{ "type": "Feature", "properties": { "osm_id": 88660525, "name": "Am Brückentor", "highway": "living_street", "klass": "living_street", "lanes": null, "maxspeed": null, "surface": "sett", "oneway": null }, "geometry": { "type": "LineString", "coordinates": [ [ 8.7089641, 49.4132961 ], [ 8.7090841, 49.4132876 ], [ 8.7094029, 49.4132348 ] ] } },
{ "type": "Feature", "properties": { "osm_id": 88660527, "name": "Mönchgasse", "highway": "residential", "klass": "residential", "lanes": 2.0, "maxspeed": 50.0, "surface": "asphalt", "oneway": "no" }, "geometry": { "type": "LineString", "coordinates": [ [ 8.7115971, 49.4133666 ], [ 8.711591, 49.4134089 ] ] } },
{ "type": "Feature", "properties": { "osm_id": 88675611, "name": "Plöck", "highway": "residential", "klass": "residential", "lanes": null, "maxspeed": null, "surface": "asphalt", "oneway": "yes" }, "geometry": { "type": "LineString", "coordinates": [ [ 8.7042012, 49.4095041 ], [ 8.7048397, 49.4095306 ], [ 8.705394, 49.4095595 ], [ 8.7054631, 49.4095624 ] ] } },
{ "type": "Feature", "properties": { "osm_id": 93785359, "name": "Kurfürsten-Anlage", "highway": "primary", "klass": "primary", "lanes": 3.0, "maxspeed": 30.0, "surface": "asphalt", "oneway": "yes" }, "geometry": { "type": "LineString", "coordinates": [ [ 8.6889358, 49.4065124 ], [ 8.6891549, 49.4065494 ] ] } },
{ "type": "Feature", "properties": { "osm_id": 93785378, "name": "Speyerer Straße", "highway": "primary", "klass": "primary", "lanes": 4.0, "maxspeed": 50.0, "surface": "asphalt", "oneway": "yes" }, "geometry": { "type": "LineString", "coordinates": [ [ 8.6792554, 49.4010948 ], [ 8.6795022, 49.4013005 ], [ 8.6796364, 49.4014127 ] ] } },
{ "type": "Feature", "properties": { "osm_id": 93785387, "name": "Ringstraße", "highway": "primary", "klass": "primary", "lanes": 2.0, "maxspeed": 30.0, "surface": "asphalt", "oneway": "yes" }, "geometry": { "type": "LineString", "coordinates": [ [ 8.6826522, 49.4040188 ], [ 8.6831736, 49.4043849 ], [ 8.6832875, 49.4044526 ] ] } },
{ "type": "Feature", "properties": { "osm_id": 93785402, "name": "Kurfürsten-Anlage", "highway": "primary", "klass": "primary", "lanes": 2.0, "maxspeed": 30.0, "surface": "asphalt", "oneway": "yes" }, "geometry": { "type": "LineString", "coordinates": [ [ 8.6896528, 49.4066457 ], [ 8.6898776, 49.4066891 ], [ 8.6901016, 49.4067311 ], [ 8.6905378, 49.4068069 ], [ 8.6908098, 49.4068539 ], [ 8.6910035, 49.4068869 ], [ 8.6910139, 49.4068888 ], [ 8.6911336, 49.4069079 ], [ 8.6912172, 49.4069202 ], [ 8.691335, 49.406936 ] ] } },
{ "type": "Feature", "properties": { "osm_id": 93785407, "name": "Römerkreis", "highway": "primary", "klass": "primary", "lanes": 3.0, "maxspeed": 50.0, "surface": "asphalt", "oneway": "yes" }, "geometry": { "type": "LineString", "coordinates": [ [ 8.6850226, 49.4054088 ], [ 8.6850689, 49.4054564 ], [ 8.6851009, 49.4054894 ] ] } },
{ "type": "Feature", "properties": { "osm_id": 93785412, "name": "Poststraße", "highway": "residential", "klass": "residential", "lanes": 1.0, "maxspeed": null, "surface": "asphalt", "oneway": "yes" }, "geometry": { "type": "LineString", "coordinates": [ [ 8.6895156, 49.4066152 ], [ 8.6895594, 49.4066498 ] ] } },
{ "type": "Feature", "properties": { "osm_id": 93785454, "name": "Ringstraße", "highway": "primary", "klass": "primary", "lanes": 2.0, "maxspeed": 30.0, "surface": "asphalt", "oneway": "yes" }, "geometry": { "type": "LineString", "coordinates": [ [ 8.6832875, 49.4044526 ], [ 8.6834251, 49.4045346 ], [ 8.6836497, 49.404669 ] ] } },
{ "type": "Feature", "properties": { "osm_id": 93785468, "name": "Speyerer Straße", "highway": "primary", "klass": "primary", "lanes": 2.0, "maxspeed": 70.0, "surface": "asphalt", "oneway": "yes" }, "geometry": { "type": "LineString", "coordinates": [ [ 8.6668391, 49.3933251 ], [ 8.6668288, 49.3933164 ], [ 8.6659987, 49.3926141 ], [ 8.6652941, 49.3920168 ] ] } },
{ "type": "Feature", "properties": { "osm_id": 93785479, "name": "Kurfürsten-Anlage", "highway": "primary", "klass": "primary", "lanes": 2.0, "maxspeed": 30.0, "surface": "asphalt", "oneway": "yes" }, "geometry": { "type": "LineString", "coordinates": [ [ 8.6872292, 49.4063772 ], [ 8.6871882, 49.406371 ], [ 8.6871171, 49.4063609 ], [ 8.6868967, 49.406329 ], [ 8.6868584, 49.4063233 ], [ 8.6864977, 49.4062624 ], [ 8.6857752, 49.4061325 ] ] } },
{ "type": "Feature", "properties": { "osm_id": 93949730, "name": "Kaiserstraße", "highway": "living_street", "klass": "living_street", "lanes": null, "maxspeed": null, "surface": "asphalt", "oneway": "yes" }, "geometry": { "type": "LineString", "coordinates": [ [ 8.6817002, 49.4032777 ], [ 8.6817587, 49.4032592 ], [ 8.681888, 49.4032511 ], [ 8.6827111, 49.4032978 ] ] } },
{ "type": "Feature", "properties": { "osm_id": 93949731, "name": "Hildastraße", "highway": "living_street", "klass": "living_street", "lanes": null, "maxspeed": null, "surface": "asphalt", "oneway": null }, "geometry": { "type": "LineString", "coordinates": [ [ 8.6827111, 49.4032978 ], [ 8.6827683, 49.4026589 ], [ 8.6827726, 49.4026116 ], [ 8.6827761, 49.4025731 ], [ 8.6828016, 49.4022923 ], [ 8.682805, 49.402259 ], [ 8.6828514, 49.4018111 ], [ 8.6828456, 49.4017082 ], [ 8.6828204, 49.4016082 ], [ 8.6826311, 49.4005954 ], [ 8.682704, 49.4005175 ], [ 8.6828087, 49.4004436 ], [ 8.6827599, 49.4003564 ] ] } },
{ "type": "Feature", "properties": { "osm_id": 95554187, "name": "Märzgasse", "highway": "residential", "klass": "residential", "lanes": 1.0, "maxspeed": 50.0, "surface": "asphalt", "oneway": "yes" }, "geometry": { "type": "LineString", "coordinates": [ [ 8.7001884, 49.4093695 ], [ 8.7004521, 49.4086668 ] ] } },
{ "type": "Feature", "properties": { "osm_id": 96258573, "name": "Römerstraße", "highway": "tertiary", "klass": "tertiary", "lanes": 3.0, "maxspeed": null, "surface": "asphalt", "oneway": null }, "geometry": { "type": "LineString", "coordinates": [ [ 8.684365, 49.4069594 ], [ 8.6843828, 49.4067435 ], [ 8.6844106, 49.4064833 ], [ 8.6844377, 49.4062397 ] ] } },
{ "type": "Feature", "properties": { "osm_id": 96258582, "name": "Bergheimer Straße", "highway": "tertiary", "klass": "tertiary", "lanes": 2.0, "maxspeed": 30.0, "surface": "asphalt", "oneway": "yes" }, "geometry": { "type": "LineString", "coordinates": [ [ 8.677065, 49.4079532 ], [ 8.6769916, 49.4079531 ], [ 8.6769357, 49.4079532 ] ] } },
{ "type": "Feature", "properties": { "osm_id": 96258585, "name": "Häusserstraße", "highway": "living_street", "klass": "living_street", "lanes": null, "maxspeed": null, "surface": "asphalt", "oneway": "yes" }, "geometry": { "type": "LineString", "coordinates": [ [ 8.6885681, 49.3992195 ], [ 8.6885898, 49.3992344 ], [ 8.6886512, 49.3992846 ], [ 8.6886989, 49.3993402 ], [ 8.6887105, 49.3993716 ], [ 8.6887225, 49.3994072 ], [ 8.6887262, 49.3994181 ], [ 8.6887583, 49.3995126 ], [ 8.6888503, 49.3997837 ] ] } },
{ "type": "Feature", "properties": { "osm_id": 97417576, "name": "Czernyring", "highway": "secondary", "klass": "secondary", "lanes": 6.0, "maxspeed": 50.0, "surface": "asphalt", "oneway": null }, "geometry": { "type": "LineString", "coordinates": [ [ 8.6724393, 49.4028437 ], [ 8.6727159, 49.4026937 ], [ 8.6731248, 49.4024982 ], [ 8.6732075, 49.4024587 ], [ 8.6733069, 49.4024112 ] ] } },
{ "type": "Feature", "properties": { "osm_id": 99556787, "name": "Römerstraße", "highway": "residential", "klass": "residential", "lanes": null, "maxspeed": null, "surface": "asphalt", "oneway": "yes" }, "geometry": { "type": "LineString", "coordinates": [ [ 8.6851967, 49.3983766 ], [ 8.6851592, 49.3983398 ], [ 8.6851179, 49.3982959 ] ] } },
{ "type": "Feature", "properties": { "osm_id": 99556794, "name": "Gleisdreieck", "highway": "residential", "klass": "residential", "lanes": null, "maxspeed": null, "surface": "asphalt", "oneway": "yes" }, "geometry": { "type": "LineString", "coordinates": [ [ 8.685083, 49.3982653 ], [ 8.685029, 49.3982453 ], [ 8.6849461, 49.3982276 ] ] } },
{ "type": "Feature", "properties": { "osm_id": 100305858, "name": "Hebelstraße", "highway": "secondary_link", "klass": "secondary", "lanes": 2.0, "maxspeed": 50.0, "surface": "asphalt", "oneway": "yes" }, "geometry": { "type": "LineString", "coordinates": [ [ 8.6849575, 49.3973359 ], [ 8.6851408, 49.3972717 ], [ 8.6852075, 49.3972423 ], [ 8.6853609, 49.3971255 ] ] } },
{ "type": "Feature", "properties": { "osm_id": 102515287, "name": "Kurfürsten-Anlage", "highway": "secondary", "klass": "secondary", "lanes": 4.0, "maxspeed": 50.0, "surface": "asphalt", "oneway": null }, "geometry": { "type": "LineString", "coordinates": [ [ 8.6749204, 49.4052176 ], [ 8.6748617, 49.4052233 ], [ 8.6748028, 49.405228 ], [ 8.6747387, 49.4052331 ], [ 8.674528, 49.405243 ], [ 8.6744591, 49.4052462 ], [ 8.6743626, 49.4052523 ] ] } },
{ "type": "Feature", "properties": { "osm_id": 105079372, "name": "Furtwänglerstraße", "highway": "residential", "klass": "residential", "lanes": 1.0, "maxspeed": null, "surface": "asphalt", "oneway": "yes" }, "geometry": { "type": "LineString", "coordinates": [ [ 8.6799576, 49.4238064 ], [ 8.6798966, 49.4238392 ], [ 8.6798486, 49.4238497 ], [ 8.6796965, 49.423839 ] ] } },
{ "type": "Feature", "properties": { "osm_id": 106078207, "name": "Gleisdreieck", "highway": "residential", "klass": "residential", "lanes": 1.0, "maxspeed": null, "surface": "asphalt", "oneway": "yes" }, "geometry": { "type": "LineString", "coordinates": [ [ 8.6854615, 49.3980773 ], [ 8.6852357, 49.3981664 ] ] } },
{ "type": "Feature", "properties": { "osm_id": 106467293, "name": "Schneidmühlstraße", "highway": "residential", "klass": "residential", "lanes": null, "maxspeed": null, "surface": "paving_stones", "oneway": "yes" }, "geometry": { "type": "LineString", "coordinates": [ [ 8.6916059, 49.4105594 ], [ 8.6915862, 49.4106397 ], [ 8.6915643, 49.4107293 ], [ 8.6915325, 49.4108587 ], [ 8.6915238, 49.4108878 ], [ 8.6914989, 49.4110289 ] ] } },
{ "type": "Feature", "properties": { "osm_id": 106467295, "name": "Rahmengasse", "highway": "living_street", "klass": "living_street", "lanes": null, "maxspeed": null, "surface": "sett", "oneway": null }, "geometry": { "type": "LineString", "coordinates": [ [ 8.6909814, 49.4151356 ], [ 8.690983, 49.4151552 ], [ 8.6909838, 49.4153158 ], [ 8.6909849, 49.4154911 ] ] } },
{ "type": "Feature", "properties": { "osm_id": 106467299, "name": "Luisenstraße", "highway": "residential", "klass": "residential", "lanes": null, "maxspeed": 30.0, "surface": "paving_stones", "oneway": "no" }, "geometry": { "type": "LineString", "coordinates": [ [ 8.6916836, 49.4100816 ], [ 8.6917331, 49.4100902 ] ] } },
{ "type": "Feature", "properties": { "osm_id": 107236135, "name": "Wieblinger Weg", "highway": "residential", "klass": "residential", "lanes": null, "maxspeed": 10.0, "surface": "asphalt", "oneway": "yes" }, "geometry": { "type": "LineString", "coordinates": [ [ 8.6617609, 49.4091191 ], [ 8.6617713, 49.4090601 ] ] } },
{ "type": "Feature", "properties": { "osm_id": 107236141, "name": "Wieblinger Weg", "highway": "residential", "klass": "residential", "lanes": null, "maxspeed": 10.0, "surface": "asphalt", "oneway": "yes" }, "geometry": { "type": "LineString", "coordinates": [ [ 8.6619168, 49.4092981 ], [ 8.6617609, 49.4091191 ] ] } },
{ "type": "Feature", "properties": { "osm_id": 108047446, "name": "Mannheimer Straße", "highway": "tertiary", "klass": "tertiary", "lanes": 2.0, "maxspeed": 30.0, "surface": "asphalt", "oneway": null }, "geometry": { "type": "LineString", "coordinates": [ [ 8.6516579, 49.4201537 ], [ 8.6517084, 49.4200469 ], [ 8.6517635, 49.4199328 ], [ 8.6518533, 49.4197203 ], [ 8.6520695, 49.4192733 ], [ 8.6521218, 49.4191542 ], [ 8.6522648, 49.4188273 ], [ 8.6524233, 49.418496 ] ] } },
{ "type": "Feature", "properties": { "osm_id": 108947342, "name": "Margot-Becke-Ring", "highway": "residential", "klass": "residential", "lanes": null, "maxspeed": 30.0, "surface": "asphalt", "oneway": null }, "geometry": { "type": "LineString", "coordinates": [ [ 8.6766009, 49.3946046 ], [ 8.6767541, 49.3945813 ], [ 8.6769266, 49.3945521 ] ] } },
{ "type": "Feature", "properties": { "osm_id": 108955308, "name": "Elsa-Brändström-Straße", "highway": "residential", "klass": "residential", "lanes": null, "maxspeed": 30.0, "surface": "asphalt", "oneway": null }, "geometry": { "type": "LineString", "coordinates": [ [ 8.6845745, 49.3902673 ], [ 8.6850997, 49.3902862 ], [ 8.6854058, 49.3902972 ], [ 8.685475, 49.3902997 ], [ 8.6857438, 49.3903097 ], [ 8.6858076, 49.3903117 ], [ 8.6860581, 49.3903207 ] ] } },
{ "type": "Feature", "properties": { "osm_id": 108955321, "name": "Elsa-Brändström-Straße", "highway": "residential", "klass": "residential", "lanes": null, "maxspeed": 30.0, "surface": "asphalt", "oneway": null }, "geometry": { "type": "LineString", "coordinates": [ [ 8.6846515, 49.3895385 ], [ 8.6846331, 49.3897028 ], [ 8.6846121, 49.3898907 ], [ 8.68461, 49.3899116 ], [ 8.6846079, 49.389933 ], [ 8.6845745, 49.3902673 ], [ 8.6845534, 49.3904766 ], [ 8.6845079, 49.3909275 ], [ 8.6844709, 49.3912945 ], [ 8.6844683, 49.3913199 ] ] } },
{ "type": "Feature", "properties": { "osm_id": 108955323, "name": "Mark-Twain-Straße", "highway": "residential", "klass": "residential", "lanes": null, "maxspeed": 30.0, "surface": "asphalt", "oneway": null }, "geometry": { "type": "LineString", "coordinates": [ [ 8.6845534, 49.3904766 ], [ 8.6841136, 49.3904592 ], [ 8.6837412, 49.3904445 ], [ 8.6832222, 49.3904236 ], [ 8.6829914, 49.3904145 ], [ 8.6826723, 49.3904018 ], [ 8.6821645, 49.3903788 ], [ 8.6820999, 49.3903769 ], [ 8.6820303, 49.3903749 ], [ 8.6819752, 49.3903752 ] ] } },
{ "type": "Feature", "properties": { "osm_id": 108955328, "name": "Columbusstraße", "highway": "residential", "klass": "residential", "lanes": null, "maxspeed": 30.0, "surface": "asphalt", "oneway": null }, "geometry": { "type": "LineString", "coordinates": [ [ 8.6844683, 49.3913199 ], [ 8.6846167, 49.3913264 ], [ 8.6848452, 49.3913366 ], [ 8.6857087, 49.391375 ], [ 8.6859478, 49.3913826 ] ] } },
{ "type": "Feature", "properties": { "osm_id": 108955335, "name": "Roeblingstraße", "highway": "residential", "klass": "residential", "lanes": null, "maxspeed": 30.0, "surface": "asphalt", "oneway": null }, "geometry": { "type": "LineString", "coordinates": [ [ 8.6833147, 49.3895075 ], [ 8.683299, 49.3896484 ], [ 8.6832766, 49.3898501 ], [ 8.6832222, 49.3904236 ] ] } },
{ "type": "Feature", "properties": { "osm_id": 109096910, "name": "Margot-Becke-Ring", "highway": "residential", "klass": "residential", "lanes": null, "maxspeed": 30.0, "surface": "asphalt", "oneway": null }, "geometry": { "type": "LineString", "coordinates": [ [ 8.6738134, 49.3949784 ], [ 8.673757, 49.3949687 ], [ 8.6737134, 49.3949482 ], [ 8.6736845, 49.3949242 ], [ 8.6736647, 49.3948899 ], [ 8.6736246, 49.3947626 ] ] } },
{ "type": "Feature", "properties": { "osm_id": 109096915, "name": "Salomon-Calvi-Straße", "highway": "residential", "klass": "residential", "lanes": null, "maxspeed": 20.0, "surface": "asphalt", "oneway": null }, "geometry": { "type": "LineString", "coordinates": [ [ 8.6742883, 49.3951943 ], [ 8.6743136, 49.3952188 ], [ 8.6743598, 49.3952336 ], [ 8.6744124, 49.3952449 ], [ 8.6747091, 49.3952042 ], [ 8.6750715, 49.3951544 ], [ 8.6751443, 49.3951444 ], [ 8.6762159, 49.3949972 ], [ 8.6762628, 49.3949867 ], [ 8.6763018, 49.3949665 ], [ 8.6763225, 49.3949464 ], [ 8.6763346, 49.3949181 ], [ 8.6763346, 49.394888 ], [ 8.6763274, 49.3948462 ], [ 8.676267, 49.3946509 ] ] } },
{ "type": "Feature", "properties": { "osm_id": 109096921, "name": "Palo-Alto-Platz", "highway": "living_street", "klass": "living_street", "lanes": null, "maxspeed": null, "surface": "paving_stones", "oneway": null }, "geometry": { "type": "LineString", "coordinates": [ [ 8.6734703, 49.3942898 ], [ 8.6736116, 49.3942726 ], [ 8.6739647, 49.3942232 ], [ 8.6739879, 49.3942201 ], [ 8.6742127, 49.394188 ], [ 8.6742499, 49.3941827 ], [ 8.6743867, 49.3941634 ], [ 8.6747429, 49.394113 ], [ 8.6750912, 49.3940639 ], [ 8.6751715, 49.3940539 ], [ 8.6757198, 49.3939906 ], [ 8.6758004, 49.3939867 ], [ 8.6758512, 49.3939932 ], [ 8.675911, 49.3940226 ] ] } },
{ "type": "Feature", "properties": { "osm_id": 110308463, "name": "Gneisenaustraße", "highway": "tertiary", "klass": "tertiary", "lanes": 1.0, "maxspeed": 30.0, "surface": "asphalt", "oneway": "yes" }, "geometry": { "type": "LineString", "coordinates": [ [ 8.6677943, 49.4081057 ], [ 8.6678785, 49.4080808 ], [ 8.6679562, 49.4080512 ], [ 8.668036, 49.4080116 ], [ 8.6681069, 49.4079662 ], [ 8.6681434, 49.4079337 ], [ 8.6681852, 49.4078908 ], [ 8.6682133, 49.4078373 ], [ 8.668228, 49.4077815 ] ] } },
{ "type": "Feature", "properties": { "osm_id": 111114200, "name": null, "highway": "primary_link", "klass": "primary", "lanes": 1.0, "maxspeed": 50.0, "surface": "asphalt", "oneway": "yes" }, "geometry": { "type": "LineString", "coordinates": [ [ 8.6775229, 49.3999627 ], [ 8.6775859, 49.4000276 ], [ 8.6776081, 49.4000543 ], [ 8.6776895, 49.40013 ], [ 8.6777072, 49.4001428 ], [ 8.6777547, 49.4001849 ], [ 8.6778019, 49.4002255 ], [ 8.6779132, 49.4003581 ] ] } },
{ "type": "Feature", "properties": { "osm_id": 112855103, "name": "Schwalbenweg", "highway": "residential", "klass": "residential", "lanes": null, "maxspeed": 30.0, "surface": "asphalt", "oneway": null }, "geometry": { "type": "LineString", "coordinates": [ [ 8.6523939, 49.3990552 ], [ 8.6520297, 49.3990078 ], [ 8.6515934, 49.3989493 ] ] } },
{ "type": "Feature", "properties": { "osm_id": 116408286, "name": "Handschuhsheimer Landstraße", "highway": "secondary", "klass": "secondary", "lanes": 2.0, "maxspeed": 50.0, "surface": "asphalt", "oneway": null }, "geometry": { "type": "LineString", "coordinates": [ [ 8.6910726, 49.4180512 ], [ 8.6910135, 49.4181032 ], [ 8.6909358, 49.4181878 ] ] } },
{ "type": "Feature", "properties": { "osm_id": 116412896, "name": "Hauptstraße", "highway": "residential", "klass": "residential", "lanes": 1.0, "maxspeed": 30.0, "surface": "paving_stones", "oneway": "yes" }, "geometry": { "type": "LineString", "coordinates": [ [ 8.7173505, 49.4139139 ], [ 8.7172561, 49.4138667 ], [ 8.7171429, 49.4138163 ], [ 8.7169909, 49.413761 ], [ 8.7169464, 49.4137462 ], [ 8.7168179, 49.4137033 ], [ 8.7167656, 49.4136859 ], [ 8.7163457, 49.4135517 ], [ 8.7159549, 49.4134185 ], [ 8.7158764, 49.4133847 ], [ 8.7155464, 49.4132606 ] ] } },
{ "type": "Feature", "properties": { "osm_id": 117349165, "name": "Friedrich-Ebert-Anlage", "highway": "secondary", "klass": "secondary", "lanes": 1.0, "maxspeed": 50.0, "surface": "asphalt", "oneway": "yes" }, "geometry": { "type": "LineString", "coordinates": [ [ 8.7068148, 49.4090622 ], [ 8.7069899, 49.4090855 ] ] } },
{ "type": "Feature", "properties": { "osm_id": 117430883, "name": "Schillerstraße", "highway": "residential", "klass": "residential", "lanes": null, "maxspeed": 30.0, "surface": "asphalt", "oneway": null }, "geometry": { "type": "LineString", "coordinates": [ [ 8.6868114, 49.4005039 ], [ 8.6872149, 49.400203 ] ] } },
{ "type": "Feature", "properties": { "osm_id": 117430884, "name": "Schillerstraße", "highway": "residential", "klass": "residential", "lanes": null, "maxspeed": 30.0, "surface": "asphalt", "oneway": null }, "geometry": { "type": "LineString", "coordinates": [ [ 8.6872149, 49.400203 ], [ 8.6882109, 49.3994534 ], [ 8.688262, 49.399418 ], [ 8.6882807, 49.3994034 ] ] } },
{ "type": "Feature", "properties": { "osm_id": 121207435, "name": "Vangerowstraße", "highway": "primary", "klass": "primary", "lanes": 3.0, "maxspeed": 50.0, "surface": "asphalt", "oneway": null }, "geometry": { "type": "LineString", "coordinates": [ [ 8.6780893, 49.408915 ], [ 8.6779567, 49.4088974 ], [ 8.6777888, 49.4088941 ] ] } },
{ "type": "Feature", "properties": { "osm_id": 121207838, "name": "Vangerowstraße", "highway": "primary", "klass": "primary", "lanes": 4.0, "maxspeed": 50.0, "surface": "asphalt", "oneway": null }, "geometry": { "type": "LineString", "coordinates": [ [ 8.6737564, 49.4088256 ], [ 8.6739973, 49.40884 ], [ 8.6741513, 49.4088561 ] ] } },
{ "type": "Feature", "properties": { "osm_id": 121207839, "name": "Iqbal-Ufer", "highway": "primary", "klass": "primary", "lanes": 3.0, "maxspeed": 50.0, "surface": "asphalt", "oneway": "no" }, "geometry": { "type": "LineString", "coordinates": [ [ 8.6783909, 49.4097613 ], [ 8.6784787, 49.4097666 ] ] } },
{ "type": "Feature", "properties": { "osm_id": 121208040, "name": "Vangerowstraße", "highway": "tertiary", "klass": "tertiary", "lanes": 3.0, "maxspeed": 50.0, "surface": "asphalt", "oneway": "yes" }, "geometry": { "type": "LineString", "coordinates": [ [ 8.6691286, 49.4092286 ], [ 8.6694519, 49.4091817 ], [ 8.6694701, 49.4091791 ], [ 8.6695009, 49.4091746 ] ] } },
{ "type": "Feature", "properties": { "osm_id": 121208794, "name": "Kurfürsten-Anlage", "highway": "secondary", "klass": "secondary", "lanes": 3.0, "maxspeed": null, "surface": "asphalt", "oneway": "yes" }, "geometry": { "type": "LineString", "coordinates": [ [ 8.6839441, 49.4052024 ], [ 8.6839926, 49.4051996 ], [ 8.6840397, 49.4051955 ], [ 8.68412, 49.4051845 ] ] } },
{ "type": "Feature", "properties": { "osm_id": 121208795, "name": "Ringstraße", "highway": "primary", "klass": "primary", "lanes": 2.0, "maxspeed": 30.0, "surface": "asphalt", "oneway": "yes" }, "geometry": { "type": "LineString", "coordinates": [ [ 8.6839441, 49.4052024 ], [ 8.6839315, 49.4051646 ], [ 8.6839225, 49.405141 ] ] } },
{ "type": "Feature", "properties": { "osm_id": 121672140, "name": "Czernyring", "highway": "secondary", "klass": "secondary", "lanes": 1.0, "maxspeed": 50.0, "surface": "asphalt", "oneway": "yes" }, "geometry": { "type": "LineString", "coordinates": [ [ 8.6773977, 49.4000511 ], [ 8.6775229, 49.3999627 ] ] } },
{ "type": "Feature", "properties": { "osm_id": 121672172, "name": "Lessingstraße", "highway": "secondary", "klass": "secondary", "lanes": 2.0, "maxspeed": 50.0, "surface": "asphalt", "oneway": "yes" }, "geometry": { "type": "LineString", "coordinates": [ [ 8.6851664, 49.398657 ], [ 8.6852615, 49.3986513 ] ] } },
{ "type": "Feature", "properties": { "osm_id": 121672177, "name": "Römerstraße", "highway": "secondary_link", "klass": "secondary", "lanes": 2.0, "maxspeed": null, "surface": "asphalt", "oneway": "yes" }, "geometry": { "type": "LineString", "coordinates": [ [ 8.6851664, 49.398657 ], [ 8.6851598, 49.3985922 ], [ 8.68517, 49.3985063 ] ] } },
{ "type": "Feature", "properties": { "osm_id": 121672179, "name": "Römerstraße", "highway": "primary", "klass": "primary", "lanes": 2.0, "maxspeed": 50.0, "surface": "asphalt", "oneway": "yes" }, "geometry": { "type": "LineString", "coordinates": [ [ 8.6852615, 49.3986513 ], [ 8.6852059, 49.3987348 ] ] } },
{ "type": "Feature", "properties": { "osm_id": 121672190, "name": "Speyerer Straße", "highway": "primary", "klass": "primary", "lanes": 2.0, "maxspeed": 50.0, "surface": "asphalt", "oneway": "yes" }, "geometry": { "type": "LineString", "coordinates": [ [ 8.6773977, 49.4000511 ], [ 8.6773401, 49.4000165 ], [ 8.6772781, 49.3999799 ], [ 8.6770694, 49.3998657 ] ] } },
{ "type": "Feature", "properties": { "osm_id": 121908285, "name": "Eisengreinweg", "highway": "residential", "klass": "residential", "lanes": 1.0, "maxspeed": null, "surface": "asphalt", "oneway": null }, "geometry": { "type": "LineString", "coordinates": [ [ 8.6904458, 49.3990408 ], [ 8.6905807, 49.3990548 ] ] } },
{ "type": "Feature", "properties": { "osm_id": 121908286, "name": "Eisengreinweg", "highway": "residential", "klass": "residential", "lanes": 1.0, "maxspeed": null, "surface": "asphalt", "oneway": null }, "geometry": { "type": "LineString", "coordinates": [ [ 8.6906372, 49.3990789 ], [ 8.6905807, 49.3990548 ] ] } },
{ "type": "Feature", "properties": { "osm_id": 123222077, "name": "Einsteinstraße", "highway": "residential", "klass": "residential", "lanes": null, "maxspeed": 30.0, "surface": "asphalt", "oneway": null }, "geometry": { "type": "LineString", "coordinates": [ [ 8.6728554, 49.4000453 ], [ 8.6733951, 49.4005133 ], [ 8.6737842, 49.4008707 ], [ 8.6738758, 49.4009558 ], [ 8.6742374, 49.4012754 ], [ 8.6744304, 49.4014459 ] ] } },
{ "type": "Feature", "properties": { "osm_id": 124068012, "name": "Adenauerplatz", "highway": "secondary", "klass": "secondary", "lanes": 4.0, "maxspeed": 50.0, "surface": "asphalt", "oneway": "yes" }, "geometry": { "type": "LineString", "coordinates": [ [ 8.6939577, 49.4075473 ], [ 8.6938011, 49.4075227 ], [ 8.6932802, 49.4074357 ], [ 8.6932164, 49.4074249 ] ] } },
{ "type": "Feature", "properties": { "osm_id": 124068013, "name": "Friedrich-Ebert-Anlage", "highway": "secondary", "klass": "secondary", "lanes": 4.0, "maxspeed": 50.0, "surface": "asphalt", "oneway": "yes" }, "geometry": { "type": "LineString", "coordinates": [ [ 8.6958401, 49.4078408 ], [ 8.6957291, 49.407818 ], [ 8.6953276, 49.4077518 ], [ 8.6952067, 49.4077312 ] ] } },
{ "type": "Feature", "properties": { "osm_id": 124068016, "name": "Adenauerplatz", "highway": "secondary", "klass": "secondary", "lanes": 2.0, "maxspeed": 50.0, "surface": "asphalt", "oneway": "yes" }, "geometry": { "type": "LineString", "coordinates": [ [ 8.6932164, 49.4074249 ], [ 8.6930956, 49.4073749 ], [ 8.6930521, 49.4073665 ], [ 8.6929533, 49.4073474 ], [ 8.6928876, 49.4073261 ], [ 8.6928608, 49.4073128 ], [ 8.6928292, 49.407295 ], [ 8.6928056, 49.4072727 ], [ 8.6927852, 49.4072496 ], [ 8.6927729, 49.4072261 ], [ 8.6927604, 49.4071882 ], [ 8.6927502, 49.4071251 ], [ 8.6927294, 49.4070509 ] ] } },
{ "type": "Feature", "properties": { "osm_id": 124068020, "name": "Rohrbacher Straße", "highway": "secondary", "klass": "secondary", "lanes": 2.0, "maxspeed": 50.0, "surface": "asphalt", "oneway": "yes" }, "geometry": { "type": "LineString", "coordinates": [ [ 8.6927964, 49.4065666 ], [ 8.6928327, 49.4066442 ], [ 8.6928362, 49.4067528 ], [ 8.6928448, 49.4068109 ], [ 8.6928534, 49.4068398 ], [ 8.6928669, 49.4068645 ], [ 8.6928817, 49.4068839 ], [ 8.6929195, 49.4069148 ], [ 8.6929547, 49.4069358 ], [ 8.6930674, 49.4069979 ] ] } },
{ "type": "Feature", "properties": { "osm_id": 124068021, "name": "Adenauerplatz", "highway": "secondary", "klass": "secondary", "lanes": 2.0, "maxspeed": 50.0, "surface": "asphalt", "oneway": "yes" }, "geometry": { "type": "LineString", "coordinates": [ [ 8.6932164, 49.4074249 ], [ 8.693073, 49.4074271 ], [ 8.6930292, 49.4074207 ], [ 8.6928741, 49.4073973 ], [ 8.6927323, 49.4073758 ] ] } },
{ "type": "Feature", "properties": { "osm_id": 124068022, "name": "Kurfürsten-Anlage", "highway": "primary", "klass": "primary", "lanes": 4.0, "maxspeed": 30.0, "surface": "asphalt", "oneway": "yes" }, "geometry": { "type": "LineString", "coordinates": [ [ 8.691335, 49.406936 ], [ 8.6918656, 49.4070018 ], [ 8.6919266, 49.407008 ], [ 8.6921624, 49.4070324 ], [ 8.6922227, 49.4070383 ] ] } },
{ "type": "Feature", "properties": { "osm_id": 124068024, "name": "Rohrbacher Straße", "highway": "secondary", "klass": "secondary", "lanes": 2.0, "maxspeed": 50.0, "surface": "asphalt", "oneway": "yes" }, "geometry": { "type": "LineString", "coordinates": [ [ 8.6927294, 49.4070509 ], [ 8.6927483, 49.4069492 ] ] } },
{ "type": "Feature", "properties": { "osm_id": 127991580, "name": "Plöck", "highway": "residential", "klass": "residential", "lanes": null, "maxspeed": 50.0, "surface": "asphalt", "oneway": "no" }, "geometry": { "type": "LineString", "coordinates": [ [ 8.6924402, 49.4085366 ], [ 8.6925155, 49.4085479 ], [ 8.6925559, 49.408554 ] ] } },
{ "type": "Feature", "properties": { "osm_id": 130533343, "name": "Henkel-Teroson-Straße", "highway": "tertiary", "klass": "tertiary", "lanes": 1.0, "maxspeed": 50.0, "surface": "asphalt", "oneway": "yes" }, "geometry": { "type": "LineString", "coordinates": [ [ 8.651548, 49.407778 ], [ 8.6514909, 49.4077205 ], [ 8.6514781, 49.4076586 ], [ 8.6514792, 49.4075977 ], [ 8.651484, 49.4075024 ] ] } },
{ "type": "Feature", "properties": { "osm_id": 132613359, "name": "Sofienstraße", "highway": "primary", "klass": "primary", "lanes": 2.0, "maxspeed": 30.0, "surface": "asphalt", "oneway": "yes" }, "geometry": { "type": "LineString", "coordinates": [ [ 8.6933902, 49.4100238 ], [ 8.6933586, 49.4101083 ], [ 8.6933194, 49.4102132 ], [ 8.6931207, 49.4107098 ] ] } },
{ "type": "Feature", "properties": { "osm_id": 133431639, "name": "Friedrich-Ebert-Anlage", "highway": "secondary", "klass": "secondary", "lanes": 1.0, "maxspeed": 50.0, "surface": "asphalt", "oneway": "yes" }, "geometry": { "type": "LineString", "coordinates": [ [ 8.7066326, 49.4090391 ], [ 8.7068148, 49.4090622 ] ] } },
{ "type": "Feature", "properties": { "osm_id": 133431640, "name": "Friedrich-Ebert-Anlage", "highway": "secondary", "klass": "secondary", "lanes": 2.0, "maxspeed": 50.0, "surface": "asphalt", "oneway": "yes" }, "geometry": { "type": "LineString", "coordinates": [ [ 8.7049782, 49.4088976 ], [ 8.7053799, 49.4089299 ], [ 8.7055715, 49.4089452 ], [ 8.7056092, 49.4089483 ], [ 8.7058221, 49.4089654 ] ] } },
{ "type": "Feature", "properties": { "osm_id": 133431644, "name": "Klingenteichstraße", "highway": "tertiary", "klass": "tertiary", "lanes": null, "maxspeed": 50.0, "surface": "asphalt", "oneway": "yes" }, "geometry": { "type": "LineString", "coordinates": [ [ 8.7052809, 49.4087607 ], [ 8.7050218, 49.4088187 ], [ 8.7049611, 49.4088298 ] ] } },
{ "type": "Feature", "properties": { "osm_id": 133431645, "name": "Klingenteichstraße", "highway": "tertiary", "klass": "tertiary", "lanes": 2.0, "maxspeed": 30.0, "surface": "asphalt", "oneway": "yes" }, "geometry": { "type": "LineString", "coordinates": [ [ 8.7042899, 49.4088433 ], [ 8.7046894, 49.4087992 ] ] } },
{ "type": "Feature", "properties": { "osm_id": 133431654, "name": "Grabengasse", "highway": "secondary_link", "klass": "secondary", "lanes": 1.0, "maxspeed": 50.0, "surface": "asphalt", "oneway": "yes" }, "geometry": { "type": "LineString", "coordinates": [ [ 8.7066326, 49.4090391 ], [ 8.7067737, 49.4090817 ], [ 8.7068293, 49.4091092 ] ] } },
{ "type": "Feature", "properties": { "osm_id": 133433682, "name": "Sofienstraße", "highway": "primary", "klass": "primary", "lanes": 2.0, "maxspeed": 30.0, "surface": "asphalt", "oneway": "yes" }, "geometry": { "type": "LineString", "coordinates": [ [ 8.6935587, 49.4096042 ], [ 8.6933902, 49.4100238 ] ] } },
{ "type": "Feature", "properties": { "osm_id": 133520581, "name": "Bahnhofstraße", "highway": "residential", "klass": "residential", "lanes": 2.0, "maxspeed": 20.0, "surface": "asphalt", "oneway": "yes" }, "geometry": { "type": "LineString", "coordinates": [ [ 8.6854239, 49.4051346 ], [ 8.6853124, 49.405149 ], [ 8.6852283, 49.4051726 ] ] } },
{ "type": "Feature", "properties": { "osm_id": 133520583, "name": "Kurfürsten-Anlage", "highway": "secondary", "klass": "secondary", "lanes": 1.0, "maxspeed": 50.0, "surface": "asphalt", "oneway": "yes" }, "geometry": { "type": "LineString", "coordinates": [ [ 8.681188, 49.404775 ], [ 8.6812922, 49.4047927 ], [ 8.6814751, 49.4048226 ] ] } },
{ "type": "Feature", "properties": { "osm_id": 133520587, "name": "Ringstraße", "highway": "primary", "klass": "primary", "lanes": 3.0, "maxspeed": 30.0, "surface": "asphalt", "oneway": "yes" }, "geometry": { "type": "LineString", "coordinates": [ [ 8.6838963, 49.4048339 ], [ 8.6840115, 49.4049187 ], [ 8.6840645, 49.4049536 ], [ 8.6840971, 49.4049719 ], [ 8.6841333, 49.4049912 ], [ 8.6842077, 49.4050259 ], [ 8.6842915, 49.4050659 ] ] } },
{ "type": "Feature", "properties": { "osm_id": 133520590, "name": "Römerkreis", "highway": "primary", "klass": "primary", "lanes": 3.0, "maxspeed": 50.0, "surface": "asphalt", "oneway": "yes" }, "geometry": { "type": "LineString", "coordinates": [ [ 8.6846937, 49.4051906 ], [ 8.6847543, 49.4052159 ], [ 8.6848186, 49.4052467 ], [ 8.6848588, 49.4052681 ], [ 8.684911, 49.405303 ], [ 8.684936, 49.4053244 ], [ 8.6849616, 49.4053485 ], [ 8.6850226, 49.4054088 ] ] } },
{ "type": "Feature", "properties": { "osm_id": 133616222, "name": "Friedrich-Ebert-Anlage", "highway": "secondary", "klass": "secondary", "lanes": 1.0, "maxspeed": 50.0, "surface": "asphalt", "oneway": "yes" }, "geometry": { "type": "LineString", "coordinates": [ [ 8.6981827, 49.4082713 ], [ 8.6969585, 49.4080612 ], [ 8.696859, 49.408043 ] ] } },
{ "type": "Feature", "properties": { "osm_id": 133616223, "name": "Friedrich-Ebert-Anlage", "highway": "secondary", "klass": "secondary", "lanes": 2.0, "maxspeed": 30.0, "surface": "asphalt", "oneway": "yes" }, "geometry": { "type": "LineString", "coordinates": [ [ 8.6995872, 49.4085161 ], [ 8.6989632, 49.4084078 ], [ 8.6988662, 49.4083904 ], [ 8.6986631, 49.4083556 ], [ 8.6985798, 49.4083413 ], [ 8.6984374, 49.408315 ] ] } },
{ "type": "Feature", "properties": { "osm_id": 133616224, "name": "Kettengasse", "highway": "residential", "klass": "residential", "lanes": null, "maxspeed": 30.0, "surface": "asphalt", "oneway": "yes" }, "geometry": { "type": "LineString", "coordinates": [ [ 8.7085968, 49.4102997 ], [ 8.7085581, 49.4102873 ], [ 8.7085329, 49.4102667 ], [ 8.7085223, 49.4102435 ], [ 8.7085217, 49.410222 ], [ 8.708525, 49.4102025 ], [ 8.7085331, 49.4101789 ], [ 8.7085859, 49.4100916 ] ] } },
{ "type": "Feature", "properties": { "osm_id": 133616225, "name": "Kettengasse", "highway": "residential", "klass": "residential", "lanes": null, "maxspeed": 50.0, "surface": "asphalt", "oneway": "yes" }, "geometry": { "type": "LineString", "coordinates": [ [ 8.7086913, 49.4097051 ], [ 8.7086918, 49.4096915 ], [ 8.7086935, 49.4096495 ], [ 8.7086819, 49.4096075 ], [ 8.7086554, 49.4095538 ], [ 8.7086349, 49.4095322 ], [ 8.7086033, 49.4094987 ], [ 8.7085648, 49.409478 ], [ 8.7085294, 49.4094649 ] ] } },
{ "type": "Feature", "properties": { "osm_id": 133616226, "name": "Klingenteichstraße", "highway": "tertiary", "klass": "tertiary", "lanes": 2.0, "maxspeed": 30.0, "surface": "asphalt", "oneway": null }, "geometry": { "type": "LineString", "coordinates": [ [ 8.7069215, 49.4082634 ], [ 8.7069049, 49.408279 ], [ 8.7068449, 49.4083308 ], [ 8.7068087, 49.4083584 ], [ 8.7067826, 49.4083747 ], [ 8.7067769, 49.4083783 ], [ 8.7067309, 49.4084058 ], [ 8.7066694, 49.4084397 ], [ 8.7066041, 49.4084736 ], [ 8.7065118, 49.4085208 ], [ 8.7064393, 49.4085539 ], [ 8.7063945, 49.4085713 ], [ 8.706357, 49.4085849 ], [ 8.7063267, 49.4085953 ], [ 8.7062997, 49.408604 ], [ 8.7062657, 49.4086128 ], [ 8.7062201, 49.4086228 ], [ 8.7061479, 49.4086354 ], [ 8.7052809, 49.4087607 ] ] } },
{ "type": "Feature", "properties": { "osm_id": 133616227, "name": "Klingenteichstraße", "highway": "tertiary", "klass": "tertiary", "lanes": null, "maxspeed": 50.0, "surface": "asphalt", "oneway": "yes" }, "geometry": { "type": "LineString", "coordinates": [ [ 8.7047493, 49.4088792 ], [ 8.7046574, 49.408931 ] ] } },
{ "type": "Feature", "properties": { "osm_id": 133616229, "name": "Schlossberg", "highway": "residential", "klass": "residential", "lanes": null, "maxspeed": 30.0, "surface": "paving_stones", "oneway": "yes" }, "geometry": { "type": "LineString", "coordinates": [ [ 8.7117789, 49.4094037 ], [ 8.7116271, 49.4094178 ], [ 8.7115867, 49.409416 ], [ 8.7115444, 49.4094114 ], [ 8.7115038, 49.4094039 ], [ 8.711463, 49.4093904 ], [ 8.7112849, 49.4093151 ], [ 8.7111546, 49.4092682 ], [ 8.7110689, 49.4092431 ], [ 8.711003, 49.4092281 ], [ 8.7108211, 49.4092068 ], [ 8.710547, 49.4091837 ], [ 8.7102978, 49.4091553 ], [ 8.7099968, 49.4090967 ], [ 8.7097665, 49.4090599 ], [ 8.7094842, 49.4090392 ], [ 8.7092955, 49.409038 ] ] } },
{ "type": "Feature", "properties": { "osm_id": 133616230, "name": "Schlossberg", "highway": "residential", "klass": "residential", "lanes": null, "maxspeed": 30.0, "surface": "asphalt", "oneway": null }, "geometry": { "type": "LineString", "coordinates": [ [ 8.7078031, 49.4089531 ], [ 8.7077804, 49.4089403 ], [ 8.7077528, 49.4089268 ], [ 8.7077092, 49.4089099 ], [ 8.7076601, 49.4088941 ], [ 8.707601, 49.4088792 ], [ 8.7074575, 49.4088488 ], [ 8.7072745, 49.408812 ], [ 8.7070557, 49.4087686 ], [ 8.7070028, 49.4087593 ], [ 8.706943, 49.4087498 ], [ 8.7069088, 49.4087465 ], [ 8.7068716, 49.4087436 ], [ 8.7068433, 49.4087425 ], [ 8.706818, 49.4087422 ] ] } },
{ "type": "Feature", "properties": { "osm_id": 133616231, "name": "Schlossberg", "highway": "residential", "klass": "residential", "lanes": null, "maxspeed": 30.0, "surface": "asphalt", "oneway": null }, "geometry": { "type": "LineString", "coordinates": [ [ 8.7088591, 49.4090273 ], [ 8.7087633, 49.4090189 ], [ 8.7085656, 49.4089973 ], [ 8.7084103, 49.4089808 ], [ 8.7080904, 49.4089486 ], [ 8.7080004, 49.4089414 ], [ 8.7079347, 49.4089396 ], [ 8.707867, 49.4089409 ], [ 8.7078031, 49.4089531 ] ] } },
{ "type": "Feature", "properties": { "osm_id": 133632662, "name": "Am Karlstor", "highway": "secondary", "klass": "secondary", "lanes": 2.0, "maxspeed": 50.0, "surface": "asphalt", "oneway": "yes" }, "geometry": { "type": "LineString", "coordinates": [ [ 8.7183244, 49.4140907 ], [ 8.7183869, 49.4141919 ], [ 8.71841, 49.4142364 ], [ 8.7184713, 49.414352 ], [ 8.7185285, 49.4144535 ], [ 8.7185607, 49.4145136 ], [ 8.718614, 49.4145925 ], [ 8.7186813, 49.4146899 ] ] } },
{ "type": "Feature", "properties": { "osm_id": 133845943, "name": "Lessingstraße", "highway": "primary", "klass": "primary", "lanes": 4.0, "maxspeed": 50.0, "surface": "asphalt", "oneway": "yes" }, "geometry": { "type": "LineString", "coordinates": [ [ 8.6781397, 49.4033067 ], [ 8.6778691, 49.4035663 ] ] } },
{ "type": "Feature", "properties": { "osm_id": 134240698, "name": "Speyerer Straße", "highway": "primary", "klass": "primary", "lanes": 2.0, "maxspeed": 50.0, "surface": "asphalt", "oneway": "yes" }, "geometry": { "type": "LineString", "coordinates": [ [ 8.6721562, 49.3971898 ], [ 8.6719354, 49.3970792 ], [ 8.671753, 49.396988 ] ] } },
{ "type": "Feature", "properties": { "osm_id": 134375555, "name": "Hebelstraße", "highway": "secondary", "klass": "secondary", "lanes": 3.0, "maxspeed": 50.0, "surface": "asphalt", "oneway": null }, "geometry": { "type": "LineString", "coordinates": [ [ 8.6829107, 49.3972795 ], [ 8.6832283, 49.3972943 ] ] } },
{ "type": "Feature", "properties": { "osm_id": 135548604, "name": "Montpellierstraße", "highway": "living_street", "klass": "living_street", "lanes": null, "maxspeed": null, "surface": "asphalt", "oneway": null }, "geometry": { "type": "LineString", "coordinates": [ [ 8.6705832, 49.3999963 ], [ 8.6703695, 49.3998211 ], [ 8.6701376, 49.3996458 ], [ 8.6701162, 49.399627 ], [ 8.6698324, 49.3994015 ], [ 8.6697536, 49.3993367 ] ] } },
{ "type": "Feature", "properties": { "osm_id": 135548605, "name": "Nightingalestraße", "highway": "residential", "klass": "residential", "lanes": 2.0, "maxspeed": 30.0, "surface": "asphalt", "oneway": null }, "geometry": { "type": "LineString", "coordinates": [ [ 8.6694733, 49.4019108 ], [ 8.6694429, 49.40185 ], [ 8.6692218, 49.401421 ], [ 8.6691791, 49.4013382 ], [ 8.6690866, 49.401143 ], [ 8.6690603, 49.4010874 ], [ 8.6689679, 49.4008923 ] ] } },
{ "type": "Feature", "properties": { "osm_id": 135548606, "name": "Kosselstraße", "highway": "residential", "klass": "residential", "lanes": null, "maxspeed": 30.0, "surface": "asphalt", "oneway": null }, "geometry": { "type": "LineString", "coordinates": [ [ 8.6683714, 49.4021467 ], [ 8.6681282, 49.4016499 ], [ 8.6681117, 49.4016168 ], [ 8.6680051, 49.4014094 ] ] } },
{ "type": "Feature", "properties": { "osm_id": 135548607, "name": "Zollhofgarten", "highway": "living_street", "klass": "living_street", "lanes": null, "maxspeed": null, "surface": "sett", "oneway": null }, "geometry": { "type": "LineString", "coordinates": [ [ 8.6724841, 49.4012663 ], [ 8.6723578, 49.4012948 ], [ 8.6719886, 49.4013762 ], [ 8.671895, 49.4013957 ], [ 8.6718866, 49.4013975 ], [ 8.6717917, 49.4014173 ], [ 8.6711048, 49.4015635 ], [ 8.6709136, 49.4016041 ], [ 8.6708832, 49.4016106 ], [ 8.6700294, 49.4017964 ], [ 8.6699926, 49.4018039 ], [ 8.669902, 49.4018215 ], [ 8.6696003, 49.401884 ], [ 8.6694733, 49.4019108 ] ] } },
{ "type": "Feature", "properties": { "osm_id": 135548609, "name": "Langer Anger", "highway": "residential", "klass": "residential", "lanes": 2.0, "maxspeed": 30.0, "surface": "asphalt", "oneway": null }, "geometry": { "type": "LineString", "coordinates": [ [ 8.6719178, 49.3992332 ], [ 8.6719237, 49.3992297 ], [ 8.6719822, 49.3991922 ], [ 8.6727143, 49.3987571 ], [ 8.6731277, 49.3985003 ], [ 8.6731344, 49.398494 ] ] } },
{ "type": "Feature", "properties": { "osm_id": 135548612, "name": "Cambridgestraße", "highway": "living_street", "klass": "living_street", "lanes": null, "maxspeed": null, "surface": "asphalt", "oneway": null }, "geometry": { "type": "LineString", "coordinates": [ [ 8.668906, 49.4009229 ], [ 8.6686514, 49.4007281 ], [ 8.6684833, 49.4005908 ], [ 8.6684413, 49.4005566 ], [ 8.6684149, 49.4005333 ], [ 8.6684135, 49.4005339 ], [ 8.6680738, 49.4002572 ], [ 8.6679963, 49.4001924 ] ] } },
{ "type": "Feature", "properties": { "osm_id": 135548614, "name": "Noetherstraße", "highway": "residential", "klass": "residential", "lanes": 2.0, "maxspeed": 30.0, "surface": "asphalt", "oneway": null }, "geometry": { "type": "LineString", "coordinates": [ [ 8.6665718, 49.4025401 ], [ 8.6672926, 49.4023825 ], [ 8.6676877, 49.4022962 ], [ 8.6683714, 49.4021467 ] ] } },
{ "type": "Feature", "properties": { "osm_id": 135548617, "name": "Robert-Koch-Straße", "highway": "residential", "klass": "residential", "lanes": 2.0, "maxspeed": 30.0, "surface": "asphalt", "oneway": null }, "geometry": { "type": "LineString", "coordinates": [ [ 8.670178, 49.4002182 ], [ 8.6702917, 49.4004384 ], [ 8.6705402, 49.4009195 ], [ 8.6708528, 49.4015488 ], [ 8.6708832, 49.4016106 ] ] } },
{ "type": "Feature", "properties": { "osm_id": 137589238, "name": "Kirchheimer Weg", "highway": "tertiary", "klass": "tertiary", "lanes": 1.0, "maxspeed": 30.0, "surface": "asphalt", "oneway": "yes" }, "geometry": { "type": "LineString", "coordinates": [ [ 8.6769266, 49.3945521 ], [ 8.6768709, 49.3944369 ] ] } },
{ "type": "Feature", "properties": { "osm_id": 145797324, "name": "Mönchbergweg", "highway": "residential", "klass": "residential", "lanes": null, "maxspeed": null, "surface": "asphalt", "oneway": null }, "geometry": { "type": "LineString", "coordinates": [ [ 8.6974067, 49.4280747 ], [ 8.6973868, 49.4280338 ], [ 8.6973274, 49.4278997 ], [ 8.6972581, 49.4277569 ], [ 8.6971723, 49.4275899 ], [ 8.6970687, 49.4274117 ] ] } },
{ "type": "Feature", "properties": { "osm_id": 146978078, "name": "Steubenstraße", "highway": "residential", "klass": "residential", "lanes": 2.0, "maxspeed": 30.0, "surface": "asphalt", "oneway": null }, "geometry": { "type": "LineString", "coordinates": [ [ 8.6871178, 49.4261369 ], [ 8.6873636, 49.4256123 ], [ 8.6875375, 49.4252413 ], [ 8.6875488, 49.4252173 ], [ 8.6875912, 49.4251267 ], [ 8.6877525, 49.4247825 ], [ 8.6877646, 49.4247439 ] ] } },
{ "type": "Feature", "properties": { "osm_id": 147609387, "name": "Promenadenweg", "highway": "unclassified", "klass": "unclassified", "lanes": null, "maxspeed": null, "surface": "asphalt", "oneway": "no" }, "geometry": { "type": "LineString", "coordinates": [ [ 8.7014443, 49.3906303 ], [ 8.7012403, 49.3903887 ], [ 8.7008761, 49.3899986 ], [ 8.7007603, 49.3898778 ], [ 8.7005723, 49.3896725 ], [ 8.7001833, 49.3892296 ], [ 8.6997439, 49.388734 ], [ 8.6994477, 49.3883989 ], [ 8.6988942, 49.3877575 ], [ 8.6987029, 49.3875339 ], [ 8.6984426, 49.3872002 ], [ 8.6984087, 49.3871601 ], [ 8.6983748, 49.3871192 ], [ 8.6983359, 49.3870773 ], [ 8.6983209, 49.3870632 ], [ 8.6983143, 49.387057 ], [ 8.6982982, 49.3870453 ], [ 8.6982735, 49.3870296 ], [ 8.6982457, 49.3870112 ], [ 8.6982133, 49.3869911 ], [ 8.6981718, 49.3869663 ], [ 8.6981275, 49.3869411 ], [ 8.6980624, 49.386905 ], [ 8.6979722, 49.3868578 ], [ 8.697948, 49.3868434 ], [ 8.6979324, 49.3868287 ], [ 8.6979171, 49.3868086 ] ] } },
{ "type": "Feature", "properties": { "osm_id": 149813185, "name": "Lessingstraße", "highway": "secondary", "klass": "secondary", "lanes": 2.0, "maxspeed": 50.0, "surface": "asphalt", "oneway": "yes" }, "geometry": { "type": "LineString", "coordinates": [ [ 8.684322, 49.398841 ], [ 8.684776, 49.398736 ], [ 8.6849541, 49.398698 ], [ 8.6850015, 49.398689 ], [ 8.6851664, 49.398657 ] ] } },
{ "type": "Feature", "properties": { "osm_id": 150005265, "name": "Zähringerstraße", "highway": "living_street", "klass": "living_street", "lanes": null, "maxspeed": null, "surface": "paving_stones", "oneway": null }, "geometry": { "type": "LineString", "coordinates": [ [ 8.6856098, 49.4017564 ], [ 8.6855631, 49.4017132 ], [ 8.6855307, 49.4016708 ], [ 8.68548, 49.4016159 ], [ 8.6854493, 49.4015891 ], [ 8.6854283, 49.4015727 ], [ 8.685414, 49.4015629 ], [ 8.6853958, 49.4015504 ] ] } },
{ "type": "Feature", "properties": { "osm_id": 150375572, "name": "Bergstraße", "highway": "residential", "klass": "residential", "lanes": 2.0, "maxspeed": 30.0, "surface": "asphalt", "oneway": null }, "geometry": { "type": "LineString", "coordinates": [ [ 8.6933191, 49.4147594 ], [ 8.6933225, 49.4146994 ] ] } },
{ "type": "Feature", "properties": { "osm_id": 150375577, "name": "Zwingerstraße", "highway": "residential", "klass": "residential", "lanes": null, "maxspeed": 30.0, "surface": "asphalt", "oneway": null }, "geometry": { "type": "LineString", "coordinates": [ [ 8.7119514, 49.4115079 ], [ 8.7119478, 49.4114896 ], [ 8.711938, 49.4114712 ], [ 8.7119251, 49.4114546 ], [ 8.7119091, 49.411439 ], [ 8.7118826, 49.4114187 ], [ 8.7118724, 49.4114132 ], [ 8.7117917, 49.4113649 ] ] } },
{ "type": "Feature", "properties": { "osm_id": 150549938, "name": "Berliner Straße", "highway": "primary", "klass": "primary", "lanes": 3.0, "maxspeed": 50.0, "surface": "asphalt", "oneway": "yes" }, "geometry": { "type": "LineString", "coordinates": [ [ 8.6760972, 49.4181246 ], [ 8.6761621, 49.4171445 ], [ 8.6761666, 49.4170631 ], [ 8.6761752, 49.4170106 ] ] } },
{ "type": "Feature", "properties": { "osm_id": 150549939, "name": "Bremeneckgasse", "highway": "residential", "klass": "residential", "lanes": null, "maxspeed": 30.0, "surface": "paving_stones", "oneway": null }, "geometry": { "type": "LineString", "coordinates": [ [ 8.7112543, 49.4106758 ], [ 8.7112613, 49.4106863 ], [ 8.711264, 49.4106969 ], [ 8.7112646, 49.4107113 ], [ 8.7112623, 49.4107213 ], [ 8.7112592, 49.4107372 ], [ 8.7112591, 49.410755 ], [ 8.7112636, 49.4107754 ], [ 8.7112749, 49.410802 ], [ 8.711357, 49.4109952 ], [ 8.7113849, 49.4110634 ], [ 8.7114144, 49.4111219 ], [ 8.7114311, 49.4111448 ], [ 8.7114609, 49.4111787 ] ] } },
{ "type": "Feature", "properties": { "osm_id": 150549941, "name": "Harbigweg", "highway": "residential", "klass": "residential", "lanes": null, "maxspeed": 30.0, "surface": "asphalt", "oneway": null }, "geometry": { "type": "LineString", "coordinates": [ [ 8.6685643, 49.39209 ], [ 8.6686798, 49.3920818 ], [ 8.6697906, 49.3919328 ], [ 8.6699842, 49.3919068 ], [ 8.6700365, 49.3919 ], [ 8.6703406, 49.3918581 ], [ 8.670717, 49.3918039 ], [ 8.6710322, 49.3917596 ], [ 8.6715369, 49.3916883 ], [ 8.6727181, 49.3915289 ], [ 8.6728671, 49.3915047 ], [ 8.6734029, 49.3914314 ] ] } },
{ "type": "Feature", "properties": { "osm_id": 150549942, "name": "Hebelstraße", "highway": "secondary", "klass": "secondary", "lanes": 2.0, "maxspeed": 50.0, "surface": "asphalt", "oneway": "yes" }, "geometry": { "type": "LineString", "coordinates": [ [ 8.6794339, 49.3972578 ], [ 8.6793726, 49.3972437 ], [ 8.6793403, 49.3972326 ], [ 8.6793085, 49.3972149 ], [ 8.6792873, 49.3971913 ] ] } },
{ "type": "Feature", "properties": { "osm_id": 150549943, "name": "Hebelstraße", "highway": "secondary", "klass": "secondary", "lanes": 2.0, "maxspeed": 50.0, "surface": "asphalt", "oneway": "yes" }, "geometry": { "type": "LineString", "coordinates": [ [ 8.679558, 49.3972288 ], [ 8.6795355, 49.3972386 ], [ 8.679513, 49.3972484 ], [ 8.6794695, 49.397254 ], [ 8.6794339, 49.3972578 ] ] } },
{ "type": "Feature", "properties": { "osm_id": 150549945, "name": "Hebelstraße", "highway": "secondary", "klass": "secondary", "lanes": 1.0, "maxspeed": 50.0, "surface": "asphalt", "oneway": "yes" }, "geometry": { "type": "LineString", "coordinates": [ [ 8.6792873, 49.3971913 ], [ 8.6792865, 49.3971487 ], [ 8.6792895, 49.3971138 ], [ 8.6792953, 49.3970889 ] ] } },
{ "type": "Feature", "properties": { "osm_id": 150549946, "name": "Im Neuenheimer Feld", "highway": "residential", "klass": "residential", "lanes": 1.0, "maxspeed": 50.0, "surface": "asphalt", "oneway": "yes" }, "geometry": { "type": "LineString", "coordinates": [ [ 8.6756132, 49.4195557 ], [ 8.6757563, 49.4195954 ], [ 8.6759665, 49.4195951 ], [ 8.6760112, 49.4195951 ], [ 8.676078, 49.4195951 ], [ 8.6761326, 49.4195939 ] ] } },
{ "type": "Feature", "properties": { "osm_id": 150549947, "name": "Klingentorstraße", "highway": "residential", "klass": "residential", "lanes": null, "maxspeed": 50.0, "surface": "asphalt", "oneway": "no" }, "geometry": { "type": "LineString", "coordinates": [ [ 8.7058221, 49.4089654 ], [ 8.7058046, 49.4090416 ] ] } },
{ "type": "Feature", "properties": { "osm_id": 150549948, "name": "Neue Schlossstraße", "highway": "residential", "klass": "residential", "lanes": null, "maxspeed": 30.0, "surface": "asphalt", "oneway": null }, "geometry": { "type": "LineString", "coordinates": [ [ 8.7125328, 49.4108957 ], [ 8.7125366, 49.4108902 ], [ 8.7125467, 49.4108737 ], [ 8.7125553, 49.4108557 ], [ 8.7125586, 49.4108388 ], [ 8.7125567, 49.4108185 ], [ 8.7125528, 49.4108042 ], [ 8.7125441, 49.4107877 ], [ 8.7125335, 49.4107729 ], [ 8.7125171, 49.410759 ], [ 8.7124969, 49.4107445 ], [ 8.7124766, 49.4107333 ], [ 8.7119331, 49.4104732 ], [ 8.7116854, 49.4103597 ], [ 8.7114797, 49.410261 ], [ 8.7113397, 49.4101537 ], [ 8.7112825, 49.4101087 ], [ 8.7110751, 49.4099572 ], [ 8.7108382, 49.4098127 ], [ 8.7105849, 49.4096795 ], [ 8.7103257, 49.4095693 ], [ 8.7101232, 49.4095047 ], [ 8.7100299, 49.4094764 ], [ 8.7099917, 49.4094648 ], [ 8.7099684, 49.4094533 ], [ 8.7099516, 49.4094421 ], [ 8.7099362, 49.4094246 ], [ 8.7099269, 49.4094012 ], [ 8.7099217, 49.409371 ] ] } },
{ "type": "Feature", "properties": { "osm_id": 150549950, "name": "Tiergartenstraße", "highway": "residential", "klass": "residential", "lanes": 2.0, "maxspeed": 30.0, "surface": "asphalt", "oneway": null }, "geometry": { "type": "LineString", "coordinates": [ [ 8.6633222, 49.4152987 ], [ 8.6635271, 49.4152547 ], [ 8.6637173, 49.4152139 ], [ 8.6638931, 49.4151924 ] ] } },
{ "type": "Feature", "properties": { "osm_id": 150894375, "name": "Alte Eppelheimer Straße", "highway": "residential", "klass": "residential", "lanes": null, "maxspeed": 30.0, "surface": "asphalt", "oneway": null }, "geometry": { "type": "LineString", "coordinates": [ [ 8.6790656, 49.4063011 ], [ 8.6795413, 49.4063478 ], [ 8.6799087, 49.4063938 ], [ 8.6800038, 49.4064025 ], [ 8.6800548, 49.4063999 ], [ 8.6801133, 49.4063883 ], [ 8.6801796, 49.4063752 ] ] } },
{ "type": "Feature", "properties": { "osm_id": 152548384, "name": "Alte Eppelheimer Straße", "highway": "residential", "klass": "residential", "lanes": null, "maxspeed": 30.0, "surface": "asphalt", "oneway": null }, "geometry": { "type": "LineString", "coordinates": [ [ 8.6769388, 49.4060928 ], [ 8.6770311, 49.4060993 ] ] } },
{ "type": "Feature", "properties": { "osm_id": 152548387, "name": "Bergheimer Straße", "highway": "tertiary", "klass": "tertiary", "lanes": 1.0, "maxspeed": 30.0, "surface": "asphalt", "oneway": "yes" }, "geometry": { "type": "LineString", "coordinates": [ [ 8.6768793, 49.4079546 ], [ 8.676777, 49.4079593 ], [ 8.6767519, 49.4079599 ] ] } },
{ "type": "Feature", "properties": { "osm_id": 152548395, "name": "Mittermaierstraße", "highway": "primary", "klass": "primary", "lanes": 2.0, "maxspeed": 30.0, "surface": "asphalt", "oneway": null }, "geometry": { "type": "LineString", "coordinates": [ [ 8.6769479, 49.4057279 ], [ 8.6769492, 49.4056218 ] ] } },
{ "type": "Feature", "properties": { "osm_id": 154934575, "name": "Berliner Straße", "highway": "primary", "klass": "primary", "lanes": 1.0, "maxspeed": 50.0, "surface": "asphalt", "oneway": "yes" }, "geometry": { "type": "LineString", "coordinates": [ [ 8.6829927, 49.4266609 ], [ 8.6830327, 49.426543 ], [ 8.6830365, 49.4264862 ], [ 8.6830216, 49.4264104 ], [ 8.6829956, 49.4263517 ], [ 8.6829337, 49.4262763 ], [ 8.6827532, 49.4261199 ] ] } },
{ "type": "Feature", "properties": { "osm_id": 154934579, "name": "Hans-Thoma-Platz", "highway": "primary", "klass": "primary", "lanes": 2.0, "maxspeed": 50.0, "surface": "asphalt", "oneway": "yes" }, "geometry": { "type": "LineString", "coordinates": [ [ 8.6832768, 49.4265592 ], [ 8.6832453, 49.4266212 ], [ 8.6832051, 49.4267024 ], [ 8.6831625, 49.4268229 ], [ 8.6831375, 49.4269203 ], [ 8.6831175, 49.4270145 ], [ 8.6831102, 49.4270757 ], [ 8.6831153, 49.4271462 ], [ 8.6831202, 49.4272024 ], [ 8.6831307, 49.4272558 ], [ 8.6831465, 49.4273016 ], [ 8.6831834, 49.4273759 ], [ 8.6832266, 49.427459 ], [ 8.6832372, 49.4274773 ] ] } },
{ "type": "Feature", "properties": { "osm_id": 154935260, "name": "Berliner Straße", "highway": "primary", "klass": "primary", "lanes": 1.0, "maxspeed": 50.0, "surface": "asphalt", "oneway": "yes" }, "geometry": { "type": "LineString", "coordinates": [ [ 8.6765218, 49.4211404 ], [ 8.6765805, 49.4213132 ], [ 8.6766737, 49.4214967 ], [ 8.6767725, 49.4216726 ], [ 8.6768804, 49.4218067 ] ] } },
{ "type": "Feature", "properties": { "osm_id": 154935680, "name": "Andreas-Hofer-Weg", "highway": "living_street", "klass": "living_street", "lanes": null, "maxspeed": null, "surface": "paving_stones", "oneway": null }, "geometry": { "type": "LineString", "coordinates": [ [ 8.6788899, 49.428979 ], [ 8.6789066, 49.4289345 ], [ 8.6789707, 49.4287352 ], [ 8.6789675, 49.4286443 ], [ 8.678849, 49.4284841 ], [ 8.6787142, 49.4282973 ], [ 8.6786666, 49.4282314 ], [ 8.6784376, 49.4281745 ], [ 8.6782825, 49.4279403 ], [ 8.6782558, 49.4278561 ], [ 8.678446, 49.4273965 ] ] } },
{ "type": "Feature", "properties": { "osm_id": 154935683, "name": "Hans-Thoma-Straße", "highway": "residential", "klass": "residential", "lanes": 1.0, "maxspeed": 30.0, "surface": "asphalt", "oneway": "-1" }, "geometry": { "type": "LineString", "coordinates": [ [ 8.6815901, 49.4296355 ], [ 8.6816737, 49.4292645 ], [ 8.6820274, 49.4281211 ] ] } },
{ "type": "Feature", "properties": { "osm_id": 154935684, "name": "Mühlingstraße", "highway": "residential", "klass": "residential", "lanes": 2.0, "maxspeed": 30.0, "surface": "asphalt", "oneway": null }, "geometry": { "type": "LineString", "coordinates": [ [ 8.6798587, 49.4300765 ], [ 8.6806031, 49.4298668 ], [ 8.6806611, 49.4298505 ], [ 8.6808545, 49.4298057 ], [ 8.6815901, 49.4296355 ], [ 8.682273, 49.4295218 ], [ 8.6824364, 49.4294946 ], [ 8.6825894, 49.429499 ], [ 8.6826116, 49.4295035 ] ] } },
{ "type": "Feature", "properties": { "osm_id": 154936584, "name": "Haydnstraße", "highway": "residential", "klass": "residential", "lanes": 1.0, "maxspeed": 30.0, "surface": "asphalt", "oneway": "yes" }, "geometry": { "type": "LineString", "coordinates": [ [ 8.6881514, 49.4237755 ], [ 8.6881269, 49.4237706 ], [ 8.6873787, 49.4236349 ], [ 8.6870835, 49.4235756 ], [ 8.6864493, 49.4234501 ], [ 8.685121, 49.4231887 ] ] } },
{ "type": "Feature", "properties": { "osm_id": 154936588, "name": "Richard-Wagner-Straße", "highway": "residential", "klass": "residential", "lanes": 2.0, "maxspeed": 30.0, "surface": "asphalt", "oneway": null }, "geometry": { "type": "LineString", "coordinates": [ [ 8.6826373, 49.4235661 ], [ 8.6827199, 49.4235805 ], [ 8.683114, 49.4236492 ], [ 8.6834457, 49.423707 ], [ 8.6843971, 49.4238729 ] ] } },
{ "type": "Feature", "properties": { "osm_id": 154937897, "name": "Ladenburger Straße", "highway": "residential", "klass": "residential", "lanes": null, "maxspeed": 30.0, "surface": "asphalt", "oneway": "yes" }, "geometry": { "type": "LineString", "coordinates": [ [ 8.6921472, 49.4147183 ], [ 8.692171, 49.4147191 ], [ 8.6922256, 49.4147211 ], [ 8.6922956, 49.4147236 ], [ 8.6933191, 49.4147594 ] ] } },
{ "type": "Feature", "properties": { "osm_id": 154938177, "name": "Moltkestraße", "highway": "residential", "klass": "residential", "lanes": null, "maxspeed": 30.0, "surface": "asphalt", "oneway": "yes" }, "geometry": { "type": "LineString", "coordinates": [ [ 8.6831655, 49.4190591 ], [ 8.6832375, 49.4190671 ], [ 8.6849293, 49.419256 ], [ 8.6850255, 49.4192646 ], [ 8.6851097, 49.4192746 ], [ 8.6864086, 49.4194204 ], [ 8.6864934, 49.4194274 ] ] } },
{ "type": "Feature", "properties": { "osm_id": 154938448, "name": "Handschuhsheimer Landstraße", "highway": "secondary", "klass": "secondary", "lanes": 2.0, "maxspeed": 50.0, "surface": "asphalt", "oneway": null }, "geometry": { "type": "LineString", "coordinates": [ [ 8.6919307, 49.4172347 ], [ 8.691879, 49.4173065 ], [ 8.6918173, 49.4173689 ], [ 8.6914276, 49.4177259 ] ] } },
{ "type": "Feature", "properties": { "osm_id": 154938450, "name": "Mönchhofplatz", "highway": "residential", "klass": "residential", "lanes": 2.0, "maxspeed": 50.0, "surface": "asphalt", "oneway": null }, "geometry": { "type": "LineString", "coordinates": [ [ 8.6919797, 49.4171209 ], [ 8.6920052, 49.4171269 ], [ 8.6921804, 49.4171675 ] ] } },
{ "type": "Feature", "properties": { "osm_id": 154942463, "name": "Neckarstaden", "highway": "primary", "klass": "primary", "lanes": 2.0, "maxspeed": 50.0, "surface": "asphalt", "oneway": null }, "geometry": { "type": "LineString", "coordinates": [ [ 8.6911974, 49.4112361 ], [ 8.6917932, 49.4114061 ], [ 8.6921349, 49.4114906 ] ] } },
{ "type": "Feature", "properties": { "osm_id": 155055407, "name": "Vangerowstraße", "highway": "primary", "klass": "primary", "lanes": 2.0, "maxspeed": 50.0, "surface": "asphalt", "oneway": "yes" }, "geometry": { "type": "LineString", "coordinates": [ [ 8.6706438, 49.4090397 ], [ 8.6700349, 49.4091595 ], [ 8.6698495, 49.4091927 ] ] } },
{ "type": "Feature", "properties": { "osm_id": 155055408, "name": "Bergheimer Straße", "highway": "secondary", "klass": "secondary", "lanes": 1.0, "maxspeed": 30.0, "surface": "asphalt", "oneway": "yes" }, "geometry": { "type": "LineString", "coordinates": [ [ 8.6688608, 49.4080449 ], [ 8.6690329, 49.4080331 ], [ 8.669181, 49.4080252 ] ] } },
{ "type": "Feature", "properties": { "osm_id": 155055409, "name": "Bergheimer Straße", "highway": "secondary", "klass": "secondary", "lanes": 2.0, "maxspeed": 30.0, "surface": "asphalt", "oneway": "yes" }, "geometry": { "type": "LineString", "coordinates": [ [ 8.6722905, 49.4080237 ], [ 8.6722467, 49.4080271 ], [ 8.6717752, 49.40804 ], [ 8.6706573, 49.4080605 ], [ 8.6704034, 49.4080651 ] ] } },
{ "type": "Feature", "properties": { "osm_id": 155055410, "name": "Berliner Straße", "highway": "primary", "klass": "primary", "lanes": 2.0, "maxspeed": 50.0, "surface": "asphalt", "oneway": "yes" }, "geometry": { "type": "LineString", "coordinates": [ [ 8.6767669, 49.4116708 ], [ 8.6767668, 49.4118234 ], [ 8.6767815, 49.4119706 ] ] } },
{ "type": "Feature", "properties": { "osm_id": 155055411, "name": "Brückenkopfstraße", "highway": "secondary", "klass": "secondary", "lanes": 3.0, "maxspeed": 30.0, "surface": "asphalt", "oneway": null }, "geometry": { "type": "LineString", "coordinates": [ [ 8.692218, 49.4138488 ], [ 8.6922388, 49.4138499 ], [ 8.692423, 49.4138621 ], [ 8.6924666, 49.4138646 ], [ 8.6929136, 49.4138646 ], [ 8.693057, 49.4138651 ], [ 8.6932158, 49.4138657 ], [ 8.6932662, 49.4138646 ], [ 8.6933271, 49.4138627 ] ] } },
{ "type": "Feature", "properties": { "osm_id": 155055412, "name": "Friedrich-Ebert-Anlage", "highway": "secondary", "klass": "secondary", "lanes": 2.0, "maxspeed": 50.0, "surface": "asphalt", "oneway": "yes" }, "geometry": { "type": "LineString", "coordinates": [ [ 8.7030245, 49.4086894 ], [ 8.7036294, 49.4087741 ], [ 8.7038024, 49.4087958 ], [ 8.7039829, 49.4088158 ], [ 8.7042899, 49.4088433 ], [ 8.7045803, 49.4088655 ], [ 8.7046714, 49.408873 ] ] } },
{ "type": "Feature", "properties": { "osm_id": 155055414, "name": "Friedrich-Ebert-Anlage", "highway": "secondary", "klass": "secondary", "lanes": 2.0, "maxspeed": 50.0, "surface": "asphalt", "oneway": "yes" }, "geometry": { "type": "LineString", "coordinates": [ [ 8.6994053, 49.407945 ], [ 8.6997059, 49.4080448 ], [ 8.6998904, 49.4081082 ], [ 8.6999271, 49.4081208 ], [ 8.7001133, 49.4081842 ], [ 8.7002334, 49.4082237 ], [ 8.7003276, 49.4082501 ], [ 8.7005792, 49.4083144 ], [ 8.7007477, 49.4083525 ], [ 8.7009435, 49.408391 ], [ 8.701106, 49.4084182 ], [ 8.7012529, 49.4084405 ], [ 8.7015973, 49.4084886 ] ] } },
{ "type": "Feature", "properties": { "osm_id": 155055415, "name": "Gneisenaustraße", "highway": "tertiary", "klass": "tertiary", "lanes": 2.0, "maxspeed": 30.0, "surface": "asphalt", "oneway": null }, "geometry": { "type": "LineString", "coordinates": [ [ 8.6700703, 49.4060334 ], [ 8.6698125, 49.4060889 ], [ 8.6693556, 49.406212 ], [ 8.6690648, 49.4063125 ], [ 8.6688357, 49.4064172 ], [ 8.6686185, 49.406548 ], [ 8.6684934, 49.4066403 ], [ 8.6684042, 49.4067356 ], [ 8.6683352, 49.4068469 ], [ 8.6682919, 49.4069262 ] ] } },
{ "type": "Feature", "properties": { "osm_id": 155055423, "name": "Humboldtstraße", "highway": "residential", "klass": "residential", "lanes": 1.0, "maxspeed": 30.0, "surface": "asphalt", "oneway": "yes" }, "geometry": { "type": "LineString", "coordinates": [ [ 8.6779899, 49.4169706 ], [ 8.6779852, 49.4168467 ], [ 8.6779936, 49.4167082 ], [ 8.6779944, 49.4165371 ], [ 8.6780284, 49.416118 ], [ 8.6780298, 49.4159099 ], [ 8.6780266, 49.4157812 ], [ 8.6780206, 49.4157117 ] ] } },
{ "type": "Feature", "properties": { "osm_id": 155055432, "name": "Jahnstraße", "highway": "residential", "klass": "residential", "lanes": 1.0, "maxspeed": 30.0, "surface": "asphalt", "oneway": "yes" }, "geometry": { "type": "LineString", "coordinates": [ [ 8.6790751, 49.4127649 ], [ 8.6791181, 49.4127776 ], [ 8.6791985, 49.4128199 ], [ 8.6793736, 49.412902 ], [ 8.679435, 49.4129519 ] ] } },
{ "type": "Feature", "properties": { "osm_id": 155055433, "name": "Keplerstraße", "highway": "residential", "klass": "residential", "lanes": 1.0, "maxspeed": 30.0, "surface": "asphalt", "oneway": "no" }, "geometry": { "type": "LineString", "coordinates": [ [ 8.6853595, 49.417365 ], [ 8.6853498, 49.4174098 ], [ 8.6853444, 49.417457 ], [ 8.6852987, 49.4177257 ], [ 8.6852129, 49.4182421 ], [ 8.6851289, 49.4187087 ], [ 8.6850987, 49.4188653 ], [ 8.685035, 49.4192107 ] ] } },
{ "type": "Feature", "properties": { "osm_id": 155055435, "name": "Mittermaierstraße", "highway": "primary", "klass": "primary", "lanes": 2.0, "maxspeed": 50.0, "surface": "asphalt", "oneway": "yes" }, "geometry": { "type": "LineString", "coordinates": [ [ 8.6766893, 49.4096589 ], [ 8.676693, 49.4094612 ] ] } },
{ "type": "Feature", "properties": { "osm_id": 155055444, "name": "Quinckestraße", "highway": "residential", "klass": "residential", "lanes": 2.0, "maxspeed": 30.0, "surface": "asphalt", "oneway": null }, "geometry": { "type": "LineString", "coordinates": [ [ 8.6835954, 49.4173723 ], [ 8.6836155, 49.4173219 ], [ 8.6836196, 49.4173114 ], [ 8.6836793, 49.417011 ], [ 8.6837408, 49.4166817 ], [ 8.6837556, 49.4165781 ], [ 8.6837606, 49.4165476 ], [ 8.6837648, 49.4164967 ], [ 8.683798, 49.4161839 ], [ 8.6837982, 49.4161149 ], [ 8.6837926, 49.4157701 ], [ 8.6837959, 49.4157241 ], [ 8.6837978, 49.4156884 ], [ 8.6837704, 49.4154071 ], [ 8.6837424, 49.415249 ], [ 8.6836707, 49.415002 ], [ 8.6836561, 49.4149577 ], [ 8.6836419, 49.4149144 ], [ 8.6835498, 49.4146925 ], [ 8.683384, 49.4143945 ], [ 8.6833566, 49.4143501 ], [ 8.6833356, 49.4143133 ], [ 8.6832217, 49.414087 ], [ 8.6831607, 49.4140026 ], [ 8.683084, 49.4138019 ], [ 8.6830627, 49.4137481 ], [ 8.6829887, 49.4134356 ], [ 8.6829479, 49.413122 ], [ 8.6829376, 49.4130504 ], [ 8.6829333, 49.4129758 ] ] } },
{ "type": "Feature", "properties": { "osm_id": 155055446, "name": "Vangerowstraße", "highway": "primary", "klass": "primary", "lanes": 2.0, "maxspeed": 50.0, "surface": "asphalt", "oneway": "yes" }, "geometry": { "type": "LineString", "coordinates": [ [ 8.6766994, 49.4091148 ], [ 8.6766616, 49.4090514 ], [ 8.6766429, 49.409019 ], [ 8.6765932, 49.4089767 ] ] } },
{ "type": "Feature", "properties": { "osm_id": 155055447, "name": "Yorckstraße", "highway": "residential", "klass": "residential", "lanes": 2.0, "maxspeed": 50.0, "surface": "asphalt", "oneway": "yes" }, "geometry": { "type": "LineString", "coordinates": [ [ 8.6703788, 49.4090597 ], [ 8.6703796, 49.4089767 ], [ 8.6704011, 49.4081763 ], [ 8.6704022, 49.4081349 ], [ 8.6704034, 49.4080651 ] ] } },
{ "type": "Feature", "properties": { "osm_id": 155058411, "name": null, "highway": "primary", "klass": "primary", "lanes": 1.0, "maxspeed": 50.0, "surface": "asphalt", "oneway": "yes" }, "geometry": { "type": "LineString", "coordinates": [ [ 8.6697052, 49.408873 ], [ 8.6697605, 49.4089955 ], [ 8.6697831, 49.4090456 ], [ 8.6698171, 49.409121 ] ] } },
{ "type": "Feature", "properties": { "osm_id": 155060902, "name": "Kurfürsten-Anlage", "highway": "secondary", "klass": "secondary", "lanes": 2.0, "maxspeed": 50.0, "surface": "asphalt", "oneway": null }, "geometry": { "type": "LineString", "coordinates": [ [ 8.6726735, 49.4057376 ], [ 8.6726144, 49.4059147 ] ] } },
{ "type": "Feature", "properties": { "osm_id": 155060903, "name": "Alte Eppelheimer Straße", "highway": "secondary", "klass": "secondary", "lanes": 1.0, "maxspeed": 30.0, "surface": "asphalt", "oneway": "yes" }, "geometry": { "type": "LineString", "coordinates": [ [ 8.6705645, 49.406123 ], [ 8.670689, 49.4061611 ], [ 8.6708398, 49.4062012 ], [ 8.6709259, 49.4062124 ], [ 8.6710178, 49.4062185 ], [ 8.6711568, 49.4062269 ] ] } },
{ "type": "Feature", "properties": { "osm_id": 155060904, "name": "Alte Eppelheimer Straße", "highway": "secondary", "klass": "secondary", "lanes": 1.0, "maxspeed": 50.0, "surface": "asphalt", "oneway": "yes" }, "geometry": { "type": "LineString", "coordinates": [ [ 8.6711568, 49.4062269 ], [ 8.6710537, 49.4062657 ], [ 8.6710199, 49.4062869 ], [ 8.6709928, 49.406309 ], [ 8.6709761, 49.4063333 ], [ 8.6709615, 49.4063519 ], [ 8.6709528, 49.4063755 ], [ 8.6709492, 49.4063998 ], [ 8.6709475, 49.4064218 ], [ 8.6709516, 49.4064575 ] ] } },
{ "type": "Feature", "properties": { "osm_id": 155060905, "name": "Bergheimer Straße", "highway": "tertiary", "klass": "tertiary", "lanes": 2.0, "maxspeed": 30.0, "surface": "asphalt", "oneway": "yes" }, "geometry": { "type": "LineString", "coordinates": [ [ 8.6725894, 49.407844 ], [ 8.6727062, 49.4078355 ] ] } },
{ "type": "Feature", "properties": { "osm_id": 155060908, "name": "Kurfürsten-Anlage", "highway": "secondary", "klass": "secondary", "lanes": 1.0, "maxspeed": 50.0, "surface": "asphalt", "oneway": "yes" }, "geometry": { "type": "LineString", "coordinates": [ [ 8.672928, 49.4054787 ], [ 8.6728418, 49.4055305 ], [ 8.672772, 49.4055819 ], [ 8.6727259, 49.4056345 ], [ 8.6726955, 49.4056884 ], [ 8.6726735, 49.4057376 ] ] } },
{ "type": "Feature", "properties": { "osm_id": 155060909, "name": "Kurfürsten-Anlage", "highway": "secondary", "klass": "secondary", "lanes": 2.0, "maxspeed": 50.0, "surface": "asphalt", "oneway": null }, "geometry": { "type": "LineString", "coordinates": [ [ 8.6727282, 49.4055182 ], [ 8.672928, 49.4054787 ] ] } },
{ "type": "Feature", "properties": { "osm_id": 155060910, "name": "Kurfürsten-Anlage", "highway": "secondary", "klass": "secondary", "lanes": 3.0, "maxspeed": 50.0, "surface": "asphalt", "oneway": null }, "geometry": { "type": "LineString", "coordinates": [ [ 8.672928, 49.4054787 ], [ 8.6735258, 49.405378 ] ] } },
{ "type": "Feature", "properties": { "osm_id": 155061702, "name": "Kirchstraße", "highway": "residential", "klass": "residential", "lanes": null, "maxspeed": 30.0, "surface": "asphalt", "oneway": null }, "geometry": { "type": "LineString", "coordinates": [ [ 8.6790154, 49.4078061 ], [ 8.6790145, 49.4078505 ], [ 8.6790142, 49.4078662 ], [ 8.6790139, 49.4078818 ], [ 8.6790128, 49.4079335 ] ] } },
{ "type": "Feature", "properties": { "osm_id": 155061709, "name": "Bergheimer Straße", "highway": "tertiary", "klass": "tertiary", "lanes": 2.0, "maxspeed": 50.0, "surface": "asphalt", "oneway": "yes" }, "geometry": { "type": "LineString", "coordinates": [ [ 8.6767171, 49.408258 ], [ 8.6766483, 49.408179 ] ] } },
{ "type": "Feature", "properties": { "osm_id": 155061714, "name": "Bergheimer Straße", "highway": "tertiary", "klass": "tertiary", "lanes": null, "maxspeed": 50.0, "surface": "asphalt", "oneway": "yes" }, "geometry": { "type": "LineString", "coordinates": [ [ 8.6766483, 49.408179 ], [ 8.6765608, 49.408075 ], [ 8.6765387, 49.4080537 ] ] } },
{ "type": "Feature", "properties": { "osm_id": 155062795, "name": "Eppelheimer Straße", "highway": "secondary", "klass": "secondary", "lanes": 1.0, "maxspeed": 50.0, "surface": "asphalt", "oneway": "yes" }, "geometry": { "type": "LineString", "coordinates": [ [ 8.6694784, 49.4053222 ], [ 8.6694469, 49.4053021 ], [ 8.6694126, 49.4052796 ], [ 8.6693891, 49.4052659 ], [ 8.6693696, 49.4052554 ], [ 8.6693221, 49.4052349 ], [ 8.6692839, 49.4052196 ], [ 8.6692417, 49.4052052 ], [ 8.6692087, 49.4051945 ], [ 8.6691714, 49.4051826 ] ] } },
{ "type": "Feature", "properties": { "osm_id": 155063250, "name": "Fehrentzstraße", "highway": "residential", "klass": "residential", "lanes": null, "maxspeed": 30.0, "surface": "asphalt", "oneway": "no" }, "geometry": { "type": "LineString", "coordinates": [ [ 8.6844259, 49.409811 ], [ 8.6838983, 49.4097119 ], [ 8.6836326, 49.409662 ], [ 8.6832754, 49.4095838 ], [ 8.6831023, 49.4095411 ], [ 8.683082, 49.4095355 ] ] } },
{ "type": "Feature", "properties": { "osm_id": 155063251, "name": "Schurmanstraße", "highway": "primary", "klass": "primary", "lanes": 3.0, "maxspeed": 50.0, "surface": "asphalt", "oneway": "no" }, "geometry": { "type": "LineString", "coordinates": [ [ 8.6847209, 49.4099064 ], [ 8.6849914, 49.4099399 ], [ 8.685287, 49.4099864 ] ] } },
{ "type": "Feature", "properties": { "osm_id": 155202179, "name": "Bergheimer Straße", "highway": "tertiary", "klass": "tertiary", "lanes": null, "maxspeed": 30.0, "surface": "asphalt", "oneway": "yes" }, "geometry": { "type": "LineString", "coordinates": [ [ 8.6811112, 49.4077867 ], [ 8.6816947, 49.4077797 ], [ 8.6821589, 49.4077735 ], [ 8.6826366, 49.4077671 ], [ 8.6830645, 49.4077569 ] ] } },
{ "type": "Feature", "properties": { "osm_id": 155202180, "name": "Bergheimer Straße", "highway": "tertiary", "klass": "tertiary", "lanes": 2.0, "maxspeed": 30.0, "surface": "asphalt", "oneway": "yes" }, "geometry": { "type": "LineString", "coordinates": [ [ 8.6790128, 49.4079335 ], [ 8.6788516, 49.4079354 ], [ 8.6785672, 49.4079391 ], [ 8.6781345, 49.4079447 ], [ 8.677981, 49.4079486 ] ] } },
{ "type": "Feature", "properties": { "osm_id": 155202181, "name": "Bergheimer Straße", "highway": "tertiary", "klass": "tertiary", "lanes": null, "maxspeed": 30.0, "surface": "asphalt", "oneway": "yes" }, "geometry": { "type": "LineString", "coordinates": [ [ 8.6830601, 49.4078724 ], [ 8.6818322, 49.407884 ], [ 8.6811142, 49.4078871 ] ] } },
{ "type": "Feature", "properties": { "osm_id": 155203300, "name": "Bergheimer Straße", "highway": "tertiary", "klass": "tertiary", "lanes": 1.0, "maxspeed": 30.0, "surface": "asphalt", "oneway": "yes" }, "geometry": { "type": "LineString", "coordinates": [ [ 8.6843508, 49.4077556 ], [ 8.6844483, 49.407765 ], [ 8.684935, 49.407822 ], [ 8.6850666, 49.4078384 ], [ 8.6851316, 49.4078402 ], [ 8.6851698, 49.4078419 ], [ 8.6852121, 49.4078528 ], [ 8.6852536, 49.407869 ], [ 8.6854176, 49.4078923 ], [ 8.6860416, 49.407974 ], [ 8.686532, 49.4080426 ], [ 8.6868882, 49.4081016 ], [ 8.6869772, 49.4081163 ], [ 8.6874507, 49.4081948 ], [ 8.6879072, 49.4082779 ], [ 8.6879751, 49.4082908 ], [ 8.6881559, 49.4083245 ], [ 8.688243, 49.4083376 ], [ 8.6883281, 49.4083406 ], [ 8.6883818, 49.4083476 ], [ 8.6884294, 49.4083611 ], [ 8.6884814, 49.408376 ], [ 8.6885374, 49.4083869 ], [ 8.6896242, 49.4085704 ], [ 8.6899154, 49.4086196 ], [ 8.6901395, 49.4086575 ], [ 8.6904872, 49.4087162 ], [ 8.6913663, 49.408863 ], [ 8.6914736, 49.4088809 ] ] } },
{ "type": "Feature", "properties": { "osm_id": 155203304, "name": "Gartenstraße", "highway": "residential", "klass": "residential", "lanes": null, "maxspeed": 30.0, "surface": "asphalt", "oneway": null }, "geometry": { "type": "LineString", "coordinates": [ [ 8.6860056, 49.4080735 ], [ 8.6859114, 49.4083319 ] ] } },
{ "type": "Feature", "properties": { "osm_id": 155203311, "name": "Römerstraße", "highway": "tertiary", "klass": "tertiary", "lanes": 2.0, "maxspeed": 30.0, "surface": "asphalt", "oneway": "yes" }, "geometry": { "type": "LineString", "coordinates": [ [ 8.6843262, 49.4075474 ], [ 8.6843473, 49.4076832 ], [ 8.6843491, 49.4077197 ], [ 8.6843508, 49.4077556 ] ] } },
{ "type": "Feature", "properties": { "osm_id": 155203313, "name": "Thibautstraße", "highway": "residential", "klass": "residential", "lanes": 1.0, "maxspeed": 30.0, "surface": "asphalt", "oneway": null }, "geometry": { "type": "LineString", "coordinates": [ [ 8.6879072, 49.4082779 ], [ 8.6878835, 49.4083359 ], [ 8.6878623, 49.4083861 ] ] } },
{ "type": "Feature", "properties": { "osm_id": 155203511, "name": "Kurfürsten-Anlage", "highway": "primary", "klass": "primary", "lanes": 2.0, "maxspeed": 30.0, "surface": "asphalt", "oneway": "yes" }, "geometry": { "type": "LineString", "coordinates": [ [ 8.6926107, 49.4073566 ], [ 8.6925119, 49.4073355 ], [ 8.6923883, 49.4073107 ] ] } },
{ "type": "Feature", "properties": { "osm_id": 155204300, "name": "Bergheimer Straße", "highway": "tertiary", "klass": "tertiary", "lanes": null, "maxspeed": 30.0, "surface": "asphalt", "oneway": "yes" }, "geometry": { "type": "LineString", "coordinates": [ [ 8.6925549, 49.4092056 ], [ 8.6924911, 49.4091902 ], [ 8.6924258, 49.409176 ], [ 8.6922631, 49.4091424 ], [ 8.6920761, 49.4091129 ], [ 8.6919806, 49.4090978 ] ] } },
{ "type": "Feature", "properties": { "osm_id": 155204820, "name": "Fahrtgasse", "highway": "residential", "klass": "residential", "lanes": null, "maxspeed": null, "surface": "paving_stones", "oneway": null }, "geometry": { "type": "LineString", "coordinates": [ [ 8.6946925, 49.4105582 ], [ 8.6946899, 49.4105941 ], [ 8.6946825, 49.4106523 ], [ 8.6946753, 49.4107083 ] ] } },
{ "type": "Feature", "properties": { "osm_id": 155204824, "name": "Kurfürsten-Anlage", "highway": "secondary", "klass": "secondary", "lanes": 2.0, "maxspeed": 50.0, "surface": "asphalt", "oneway": "yes" }, "geometry": { "type": "LineString", "coordinates": [ [ 8.684307, 49.4058001 ], [ 8.6842102, 49.405771 ], [ 8.684153, 49.4057537 ], [ 8.6840886, 49.4057348 ], [ 8.6840293, 49.4057186 ], [ 8.683919, 49.4056947 ] ] } },
{ "type": "Feature", "properties": { "osm_id": 155204827, "name": "Sofienstraße", "highway": "primary", "klass": "primary", "lanes": 2.0, "maxspeed": 30.0, "surface": "asphalt", "oneway": "yes" }, "geometry": { "type": "LineString", "coordinates": [ [ 8.6943269, 49.407586 ], [ 8.6942847, 49.4077233 ], [ 8.6942272, 49.4078933 ], [ 8.6941921, 49.4079791 ], [ 8.6940696, 49.4082639 ], [ 8.6939701, 49.4085065 ], [ 8.6938651, 49.4087647 ], [ 8.6938647, 49.4087655 ] ] } },
{ "type": "Feature", "properties": { "osm_id": 155204830, "name": "Römerstraße", "highway": "tertiary", "klass": "tertiary", "lanes": 1.0, "maxspeed": null, "surface": "asphalt", "oneway": "yes" }, "geometry": { "type": "LineString", "coordinates": [ [ 8.6847147, 49.4059208 ], [ 8.6846992, 49.4059275 ], [ 8.6846466, 49.4059565 ], [ 8.6845843, 49.405996 ], [ 8.6845612, 49.4060133 ], [ 8.6845317, 49.4060451 ], [ 8.6845056, 49.4060862 ], [ 8.6844915, 49.406126 ], [ 8.6844377, 49.4062397 ] ] } },
{ "type": "Feature", "properties": { "osm_id": 155204831, "name": "Bismarckstraße", "highway": "secondary", "klass": "secondary", "lanes": 2.0, "maxspeed": 50.0, "surface": "asphalt", "oneway": "yes" }, "geometry": { "type": "LineString", "coordinates": [ [ 8.6926665, 49.4115029 ], [ 8.692656, 49.411483 ], [ 8.6926428, 49.4114655 ], [ 8.6926222, 49.4114413 ], [ 8.692561, 49.4113845 ], [ 8.6924957, 49.4113385 ] ] } },
{ "type": "Feature", "properties": { "osm_id": 155204833, "name": "Theodor-Heuss-Brücke", "highway": "secondary", "klass": "secondary", "lanes": 2.0, "maxspeed": 30.0, "surface": "asphalt", "oneway": "yes" }, "geometry": { "type": "LineString", "coordinates": [ [ 8.6928834, 49.411382 ], [ 8.6928701, 49.4115075 ], [ 8.6928696, 49.4115257 ] ] } },
{ "type": "Feature", "properties": { "osm_id": 155219831, "name": "Gottlieb-Daimler-Straße", "highway": "residential", "klass": "residential", "lanes": null, "maxspeed": null, "surface": "asphalt", "oneway": null }, "geometry": { "type": "LineString", "coordinates": [ [ 8.6789435, 49.3970908 ], [ 8.6779758, 49.3976523 ], [ 8.6774176, 49.3979894 ], [ 8.6772802, 49.3980782 ] ] } },
{ "type": "Feature", "properties": { "osm_id": 155219832, "name": "Hebelstraße", "highway": "tertiary", "klass": "tertiary", "lanes": 1.0, "maxspeed": 50.0, "surface": "asphalt", "oneway": "yes" }, "geometry": { "type": "LineString", "coordinates": [ [ 8.6792873, 49.3971913 ], [ 8.6792653, 49.3971643 ], [ 8.6792507, 49.397137 ], [ 8.6792297, 49.3970955 ], [ 8.6792054, 49.3970551 ], [ 8.6791279, 49.3969941 ] ] } },
{ "type": "Feature", "properties": { "osm_id": 155219833, "name": "In der Vogelstang", "highway": "residential", "klass": "residential", "lanes": null, "maxspeed": 30.0, "surface": "asphalt", "oneway": "yes" }, "geometry": { "type": "LineString", "coordinates": [ [ 8.6813138, 49.3966532 ], [ 8.6833053, 49.3967349 ] ] } },
{ "type": "Feature", "properties": { "osm_id": 155219835, "name": "Rudolf-Diesel-Straße", "highway": "residential", "klass": "residential", "lanes": 4.0, "maxspeed": 50.0, "surface": "asphalt", "oneway": null }, "geometry": { "type": "LineString", "coordinates": [ [ 8.6737032, 49.3981086 ], [ 8.6737533, 49.3980747 ], [ 8.6738138, 49.3980337 ] ] } },
{ "type": "Feature", "properties": { "osm_id": 155219836, "name": "Speyerer Straße", "highway": "primary", "klass": "primary", "lanes": 3.0, "maxspeed": 50.0, "surface": "asphalt", "oneway": "yes" }, "geometry": { "type": "LineString", "coordinates": [ [ 8.676893, 49.3997713 ], [ 8.6764982, 49.3995601 ], [ 8.6762329, 49.3994182 ] ] } },
{ "type": "Feature", "properties": { "osm_id": 155222652, "name": "Neue Schlossstraße", "highway": "residential", "klass": "residential", "lanes": null, "maxspeed": 30.0, "surface": "asphalt", "oneway": null }, "geometry": { "type": "LineString", "coordinates": [ [ 8.7088591, 49.4090273 ], [ 8.7088736, 49.4090431 ], [ 8.7089053, 49.4090764 ], [ 8.7089527, 49.4091178 ], [ 8.7089854, 49.4091429 ], [ 8.7090223, 49.4091662 ], [ 8.7090515, 49.4091812 ], [ 8.7090836, 49.4091956 ], [ 8.709126, 49.4092131 ], [ 8.7091832, 49.4092334 ], [ 8.7092455, 49.4092527 ], [ 8.7093236, 49.4092745 ], [ 8.7094154, 49.4092949 ], [ 8.7094994, 49.4093112 ], [ 8.7096072, 49.4093307 ], [ 8.7097095, 49.4093449 ], [ 8.7098039, 49.4093567 ], [ 8.7099217, 49.409371 ] ] } },
{ "type": "Feature", "properties": { "osm_id": 155222655, "name": null, "highway": "secondary", "klass": "secondary", "lanes": 2.0, "maxspeed": 50.0, "surface": "asphalt", "oneway": "no" }, "geometry": { "type": "LineString", "coordinates": [ [ 8.70725, 49.4091223 ], [ 8.7090192, 49.4094674 ], [ 8.7103739, 49.4098092 ], [ 8.7112223, 49.4101564 ], [ 8.7145407, 49.4118136 ], [ 8.7176912, 49.4135277 ] ] } },
{ "type": "Feature", "properties": { "osm_id": 155474271, "name": "Rehovotstraße", "highway": "living_street", "klass": "living_street", "lanes": null, "maxspeed": null, "surface": "asphalt", "oneway": null }, "geometry": { "type": "LineString", "coordinates": [ [ 8.6671989, 49.401819 ], [ 8.6669728, 49.4016145 ], [ 8.6667948, 49.4014751 ], [ 8.6667257, 49.4014182 ], [ 8.6663167, 49.4010945 ], [ 8.6662499, 49.4010395 ] ] } },
{ "type": "Feature", "properties": { "osm_id": 156193325, "name": null, "highway": "trunk", "klass": "trunk", "lanes": 2.0, "maxspeed": 50.0, "surface": "concrete", "oneway": "yes" }, "geometry": { "type": "LineString", "coordinates": [ [ 8.662706, 49.4089275 ], [ 8.6636021, 49.4086916 ], [ 8.6644339, 49.4085041 ], [ 8.6649272, 49.4084122 ], [ 8.6654172, 49.4083291 ], [ 8.6663274, 49.4082123 ], [ 8.6667554, 49.4081755 ] ] } },
{ "type": "Feature", "properties": { "osm_id": 156193326, "name": null, "highway": "trunk", "klass": "trunk", "lanes": 2.0, "maxspeed": 70.0, "surface": "paved", "oneway": "yes" }, "geometry": { "type": "LineString", "coordinates": [ [ 8.6678718, 49.4082234 ], [ 8.6674015, 49.4082411 ], [ 8.6669321, 49.4082658 ], [ 8.6663814, 49.4083161 ], [ 8.665452, 49.4084285 ], [ 8.6645759, 49.4085944 ], [ 8.6636782, 49.4087915 ], [ 8.6630948, 49.4089356 ], [ 8.6607723, 49.4095481 ], [ 8.6582571, 49.4102113 ], [ 8.6524132, 49.4117609 ] ] } },
{ "type": "Feature", "properties": { "osm_id": 156193338, "name": "Gneisenaustraße", "highway": "residential", "klass": "residential", "lanes": null, "maxspeed": 30.0, "surface": "asphalt", "oneway": null }, "geometry": { "type": "LineString", "coordinates": [ [ 8.668215, 49.4093967 ], [ 8.6681706, 49.4092369 ], [ 8.6681808, 49.4085623 ], [ 8.6681692, 49.4084782 ], [ 8.6681407, 49.4084164 ], [ 8.668085, 49.4083627 ] ] } },
{ "type": "Feature", "properties": { "osm_id": 156193341, "name": "Mannheimer Straße", "highway": "residential", "klass": "residential", "lanes": null, "maxspeed": 30.0, "surface": "asphalt", "oneway": "yes" }, "geometry": { "type": "LineString", "coordinates": [ [ 8.6688553, 49.4081784 ], [ 8.6684723, 49.408256 ], [ 8.6683047, 49.4082995 ] ] } },
{ "type": "Feature", "properties": { "osm_id": 156194364, "name": "Im Neuenheimer Feld", "highway": "residential", "klass": "residential", "lanes": null, "maxspeed": null, "surface": "asphalt", "oneway": "no" }, "geometry": { "type": "LineString", "coordinates": [ [ 8.667806, 49.4181225 ], [ 8.667803, 49.4180416 ], [ 8.667799, 49.4179281 ], [ 8.667798, 49.4179156 ], [ 8.6677944, 49.4178462 ], [ 8.6677942, 49.4177316 ], [ 8.6677937, 49.4175693 ] ] } },
{ "type": "Feature", "properties": { "osm_id": 156194367, "name": "Mannheimer Straße", "highway": "tertiary", "klass": "tertiary", "lanes": 2.0, "maxspeed": 50.0, "surface": "asphalt", "oneway": null }, "geometry": { "type": "LineString", "coordinates": [ [ 8.6536686, 49.4161498 ], [ 8.6540897, 49.4155785 ], [ 8.6543775, 49.4152707 ], [ 8.6544323, 49.4152043 ], [ 8.6545655, 49.4150566 ], [ 8.6549285, 49.4146744 ], [ 8.6551384, 49.4144533 ] ] } },
{ "type": "Feature", "properties": { "osm_id": 156194368, "name": "Mannheimer Straße", "highway": "tertiary", "klass": "tertiary", "lanes": 2.0, "maxspeed": 50.0, "surface": "asphalt", "oneway": null }, "geometry": { "type": "LineString", "coordinates": [ [ 8.6627523, 49.4104441 ], [ 8.6631014, 49.4103375 ], [ 8.6634522, 49.4102454 ], [ 8.6637899, 49.4101687 ], [ 8.664085, 49.4101207 ], [ 8.6641985, 49.4101 ] ] } },
{ "type": "Feature", "properties": { "osm_id": 156194372, "name": "Wieblinger Weg", "highway": "residential", "klass": "residential", "lanes": null, "maxspeed": 10.0, "surface": "asphalt", "oneway": "yes" }, "geometry": { "type": "LineString", "coordinates": [ [ 8.6619801, 49.409337 ], [ 8.6619465, 49.4093238 ], [ 8.6619168, 49.4092981 ] ] } },
{ "type": "Feature", "properties": { "osm_id": 156194373, "name": "Wieblinger Weg", "highway": "residential", "klass": "residential", "lanes": null, "maxspeed": 10.0, "surface": "asphalt", "oneway": "yes" }, "geometry": { "type": "LineString", "coordinates": [ [ 8.6618546, 49.4090958 ], [ 8.6620044, 49.4092713 ] ] } },
{ "type": "Feature", "properties": { "osm_id": 156194374, "name": "Wieblinger Weg", "highway": "residential", "klass": "residential", "lanes": null, "maxspeed": 30.0, "surface": "asphalt", "oneway": null }, "geometry": { "type": "LineString", "coordinates": [ [ 8.668085, 49.4083627 ], [ 8.6680191, 49.4083419 ], [ 8.667931, 49.4083284 ], [ 8.6678807, 49.4083257 ], [ 8.6673479, 49.4083665 ], [ 8.6660911, 49.4085217 ], [ 8.6650535, 49.4086593 ], [ 8.6648978, 49.4086907 ], [ 8.6643871, 49.4087787 ], [ 8.664302, 49.4087941 ], [ 8.6628753, 49.409105 ], [ 8.6624771, 49.4091925 ], [ 8.6624039, 49.4092129 ], [ 8.6620637, 49.4093306 ], [ 8.6620218, 49.4093381 ], [ 8.6619801, 49.409337 ] ] } },
{ "type": "Feature", "properties": { "osm_id": 156202482, "name": "Klappergasse", "highway": "residential", "klass": "residential", "lanes": null, "maxspeed": 30.0, "surface": "asphalt", "oneway": null }, "geometry": { "type": "LineString", "coordinates": [ [ 8.64856, 49.4270204 ], [ 8.648877, 49.4269522 ], [ 8.6489987, 49.426951 ], [ 8.6495763, 49.4270163 ], [ 8.6498377, 49.427076 ], [ 8.6502427, 49.4272192 ], [ 8.6507349, 49.4273917 ] ] } },
{ "type": "Feature", "properties": { "osm_id": 156313256, "name": "Kaiserstraße", "highway": "living_street", "klass": "living_street", "lanes": null, "maxspeed": null, "surface": "asphalt", "oneway": null }, "geometry": { "type": "LineString", "coordinates": [ [ 8.690058, 49.4033373 ], [ 8.688714, 49.4034927 ] ] } },
{ "type": "Feature", "properties": { "osm_id": 156313257, "name": "Kleinschmidtstraße", "highway": "living_street", "klass": "living_street", "lanes": null, "maxspeed": null, "surface": "paving_stones", "oneway": "yes" }, "geometry": { "type": "LineString", "coordinates": [ [ 8.6871029, 49.4034786 ], [ 8.6871149, 49.40417 ], [ 8.6871129, 49.4044437 ] ] } },
{ "type": "Feature", "properties": { "osm_id": 156313258, "name": "Zähringerstraße", "highway": "living_street", "klass": "living_street", "lanes": null, "maxspeed": null, "surface": "asphalt", "oneway": "yes" }, "geometry": { "type": "LineString", "coordinates": [ [ 8.6871253, 49.4019572 ], [ 8.6856363, 49.4019115 ], [ 8.6856001, 49.4019137 ], [ 8.6856098, 49.4017564 ], [ 8.6864505, 49.4017693 ], [ 8.6867573, 49.4017779 ], [ 8.6871355, 49.4017885 ] ] } },
{ "type": "Feature", "properties": { "osm_id": 157319413, "name": "Johannes-Hoops-Weg", "highway": "unclassified", "klass": "unclassified", "lanes": null, "maxspeed": 30.0, "surface": "asphalt", "oneway": null }, "geometry": { "type": "LineString", "coordinates": [ [ 8.7092849, 49.395605 ], [ 8.7092602, 49.3956328 ], [ 8.7091904, 49.3957099 ] ] } },
{ "type": "Feature", "properties": { "osm_id": 158685128, "name": "Mittermaierstraße", "highway": "primary", "klass": "primary", "lanes": 2.0, "maxspeed": 50.0, "surface": "asphalt", "oneway": "yes" }, "geometry": { "type": "LineString", "coordinates": [ [ 8.6767318, 49.4083943 ], [ 8.6767279, 49.4083249 ], [ 8.6767171, 49.408258 ] ] } },
{ "type": "Feature", "properties": { "osm_id": 159626322, "name": "Berliner Straße", "highway": "primary", "klass": "primary", "lanes": 2.0, "maxspeed": 50.0, "surface": "asphalt", "oneway": "yes" }, "geometry": { "type": "LineString", "coordinates": [ [ 8.6761328, 49.4196633 ], [ 8.6761326, 49.4195939 ] ] } },
{ "type": "Feature", "properties": { "osm_id": 159981539, "name": "Philosophenweg", "highway": "residential", "klass": "residential", "lanes": 1.0, "maxspeed": 30.0, "surface": "asphalt", "oneway": null }, "geometry": { "type": "LineString", "coordinates": [ [ 8.6992256, 49.4147745 ], [ 8.6990979, 49.4147839 ], [ 8.6988923, 49.414799 ], [ 8.698689, 49.4148289 ], [ 8.6985024, 49.4148588 ], [ 8.6983153, 49.4148744 ], [ 8.698153, 49.4148807 ], [ 8.6974546, 49.4149283 ] ] } },
{ "type": "Feature", "properties": { "osm_id": 160687234, "name": "Alte Eppelheimer Straße", "highway": "residential", "klass": "residential", "lanes": null, "maxspeed": 50.0, "surface": "asphalt", "oneway": "no" }, "geometry": { "type": "LineString", "coordinates": [ [ 8.6749378, 49.4060616 ], [ 8.6749792, 49.4060626 ], [ 8.6755057, 49.4060679 ], [ 8.6757688, 49.4060716 ], [ 8.6758198, 49.4060728 ], [ 8.6758672, 49.4060735 ], [ 8.6768401, 49.4060893 ], [ 8.6769388, 49.4060928 ] ] } },
{ "type": "Feature", "properties": { "osm_id": 160807656, "name": "Am Brückentor", "highway": "living_street", "klass": "living_street", "lanes": null, "maxspeed": null, "surface": "sett", "oneway": null }, "geometry": { "type": "LineString", "coordinates": [ [ 8.7077, 49.4133714 ], [ 8.707707, 49.4133603 ], [ 8.7077225, 49.4133474 ], [ 8.7077395, 49.4133378 ], [ 8.707763, 49.4133293 ], [ 8.707781, 49.4133256 ], [ 8.7078034, 49.413322 ], [ 8.7078372, 49.4133192 ], [ 8.707892, 49.4133164 ] ] } },
{ "type": "Feature", "properties": { "osm_id": 160807659, "name": "Neckarstaden", "highway": "primary", "klass": "primary", "lanes": 2.0, "maxspeed": 50.0, "surface": "asphalt", "oneway": "no" }, "geometry": { "type": "LineString", "coordinates": [ [ 8.7058915, 49.4133309 ], [ 8.7059623, 49.4133413 ], [ 8.706441, 49.4134108 ], [ 8.7067916, 49.4134588 ], [ 8.7069869, 49.4134808 ] ] } },
{ "type": "Feature", "properties": { "osm_id": 164767022, "name": "Speyerer Straße", "highway": "primary", "klass": "primary", "lanes": 3.0, "maxspeed": 50.0, "surface": "asphalt", "oneway": "yes" }, "geometry": { "type": "LineString", "coordinates": [ [ 8.6790135, 49.4008934 ], [ 8.6792554, 49.4010948 ] ] } },
{ "type": "Feature", "properties": { "osm_id": 165747011, "name": "Landhausstraße", "highway": "residential", "klass": "residential", "lanes": null, "maxspeed": 20.0, "surface": "asphalt", "oneway": null }, "geometry": { "type": "LineString", "coordinates": [ [ 8.6889154, 49.4064479 ], [ 8.6889217, 49.4064681 ], [ 8.6889358, 49.4065124 ] ] } },
{ "type": "Feature", "properties": { "osm_id": 165806699, "name": "Speyerer Straße", "highway": "primary", "klass": "primary", "lanes": 2.0, "maxspeed": 50.0, "surface": "asphalt", "oneway": "yes" }, "geometry": { "type": "LineString", "coordinates": [ [ 8.6714432, 49.396731 ], [ 8.6718489, 49.3969236 ], [ 8.6722396, 49.3971197 ], [ 8.6724354, 49.3972213 ], [ 8.6726119, 49.3973235 ], [ 8.6727599, 49.3974244 ] ] } },
{ "type": "Feature", "properties": { "osm_id": 166514518, "name": "Bergstraße", "highway": "residential", "klass": "residential", "lanes": null, "maxspeed": 50.0, "surface": "asphalt", "oneway": null }, "geometry": { "type": "LineString", "coordinates": [ [ 8.6934689, 49.4138487 ], [ 8.6934511, 49.4137913 ] ] } },
{ "type": "Feature", "properties": { "osm_id": 166514523, "name": "Neuenheimer Landstraße", "highway": "secondary", "klass": "secondary", "lanes": 1.0, "maxspeed": 30.0, "surface": "asphalt", "oneway": "yes" }, "geometry": { "type": "LineString", "coordinates": [ [ 8.6954467, 49.4135871 ], [ 8.6954964, 49.4135772 ], [ 8.6955328, 49.4135744 ], [ 8.6956522, 49.4135722 ], [ 8.69568, 49.4135705 ], [ 8.695708, 49.4135662 ], [ 8.6957441, 49.4135589 ], [ 8.6957757, 49.4135493 ], [ 8.6958024, 49.4135378 ], [ 8.6958331, 49.4135206 ] ] } },
{ "type": "Feature", "properties": { "osm_id": 166514524, "name": "Neuenheimer Landstraße", "highway": "secondary", "klass": "secondary", "lanes": 1.0, "maxspeed": 30.0, "surface": "asphalt", "oneway": "yes" }, "geometry": { "type": "LineString", "coordinates": [ [ 8.6961338, 49.4135765 ], [ 8.6961015, 49.4135879 ], [ 8.6960631, 49.4135969 ], [ 8.6960408, 49.4135991 ], [ 8.6960038, 49.4135999 ], [ 8.6956254, 49.4136003 ], [ 8.6955307, 49.4135989 ], [ 8.6954944, 49.4135968 ], [ 8.6954467, 49.4135871 ] ] } },
{ "type": "Feature", "properties": { "osm_id": 166547864, "name": "Römerstraße", "highway": "residential", "klass": "residential", "lanes": null, "maxspeed": 30.0, "surface": "asphalt", "oneway": "yes" }, "geometry": { "type": "LineString", "coordinates": [ [ 8.6849256, 49.401969 ], [ 8.6849485, 49.4019293 ], [ 8.684971, 49.4018962 ] ] } },
{ "type": "Feature", "properties": { "osm_id": 167014594, "name": "Uferstraße", "highway": "secondary", "klass": "secondary", "lanes": 2.0, "maxspeed": 30.0, "surface": "asphalt", "oneway": null }, "geometry": { "type": "LineString", "coordinates": [ [ 8.6958331, 49.4135206 ], [ 8.6960312, 49.4135604 ], [ 8.6961338, 49.4135765 ] ] } },
{ "type": "Feature", "properties": { "osm_id": 168617856, "name": "Lessingstraße", "highway": "primary_link", "klass": "primary", "lanes": 2.0, "maxspeed": 50.0, "surface": "asphalt", "oneway": "yes" }, "geometry": { "type": "LineString", "coordinates": [ [ 8.680197, 49.4019886 ], [ 8.6801615, 49.4020106 ], [ 8.6800947, 49.4020518 ] ] } },
{ "type": "Feature", "properties": { "osm_id": 168617858, "name": "Lessingstraße", "highway": "primary", "klass": "primary", "lanes": 3.0, "maxspeed": 50.0, "surface": "asphalt", "oneway": "yes" }, "geometry": { "type": "LineString", "coordinates": [ [ 8.6773983, 49.4041388 ], [ 8.677323, 49.4042577 ], [ 8.6772345, 49.4044111 ], [ 8.677209, 49.4044607 ], [ 8.6771993, 49.4044849 ] ] } },
{ "type": "Feature", "properties": { "osm_id": 168617861, "name": "Speyerer Straße", "highway": "primary", "klass": "primary", "lanes": 3.0, "maxspeed": 50.0, "surface": "asphalt", "oneway": "yes" }, "geometry": { "type": "LineString", "coordinates": [ [ 8.6791307, 49.4012409 ], [ 8.6786905, 49.4008931 ], [ 8.6781448, 49.4005031 ], [ 8.6780545, 49.4004453 ] ] } },
{ "type": "Feature", "properties": { "osm_id": 168617865, "name": "Kurfürsten-Anlage", "highway": "secondary", "klass": "secondary", "lanes": 2.0, "maxspeed": 50.0, "surface": "asphalt", "oneway": "yes" }, "geometry": { "type": "LineString", "coordinates": [ [ 8.677192, 49.4041181 ], [ 8.6773983, 49.4041388 ] ] } },
{ "type": "Feature", "properties": { "osm_id": 171661579, "name": "Tiergartenstraße", "highway": "residential", "klass": "residential", "lanes": 2.0, "maxspeed": 30.0, "surface": "asphalt", "oneway": null }, "geometry": { "type": "LineString", "coordinates": [ [ 8.6602814, 49.4189107 ], [ 8.6603713, 49.4187245 ], [ 8.6605824, 49.4183571 ], [ 8.660637, 49.41826 ], [ 8.6606565, 49.4182219 ] ] } },
{ "type": "Feature", "properties": { "osm_id": 171691940, "name": "Neckarstaden", "highway": "primary", "klass": "primary", "lanes": 2.0, "maxspeed": 50.0, "surface": "asphalt", "oneway": "yes" }, "geometry": { "type": "LineString", "coordinates": [ [ 8.7089323, 49.4135022 ], [ 8.708174, 49.4135136 ], [ 8.7079095, 49.4135211 ] ] } },
{ "type": "Feature", "properties": { "osm_id": 171691941, "name": "Neckarstaden", "highway": "primary", "klass": "primary", "lanes": 2.0, "maxspeed": 50.0, "surface": "asphalt", "oneway": null }, "geometry": { "type": "LineString", "coordinates": [ [ 8.7093325, 49.4134877 ], [ 8.7095323, 49.4134908 ] ] } },
{ "type": "Feature", "properties": { "osm_id": 171691943, "name": "Neckarstaden", "highway": "primary", "klass": "primary", "lanes": 1.0, "maxspeed": 50.0, "surface": "asphalt", "oneway": "yes" }, "geometry": { "type": "LineString", "coordinates": [ [ 8.7069869, 49.4134808 ], [ 8.7070751, 49.413469 ], [ 8.7072246, 49.4134713 ], [ 8.7073471, 49.4134717 ], [ 8.7074395, 49.4134685 ], [ 8.7075277, 49.413465 ], [ 8.7076928, 49.4134551 ] ] } },
{ "type": "Feature", "properties": { "osm_id": 172374552, "name": "Rottmannstraße", "highway": "secondary", "klass": "secondary", "lanes": 2.0, "maxspeed": 50.0, "surface": "asphalt", "oneway": null }, "geometry": { "type": "LineString", "coordinates": [ [ 8.6862527, 49.4250694 ], [ 8.6853627, 49.4254366 ], [ 8.6850873, 49.4255523 ], [ 8.6842957, 49.425878 ], [ 8.683832, 49.4260715 ], [ 8.6837308, 49.4261169 ], [ 8.6836049, 49.4261752 ], [ 8.6835067, 49.4262234 ] ] } },
{ "type": "Feature", "properties": { "osm_id": 172374557, "name": "Rottmannstraße", "highway": "secondary", "klass": "secondary", "lanes": 2.0, "maxspeed": 50.0, "surface": "asphalt", "oneway": null }, "geometry": { "type": "LineString", "coordinates": [ [ 8.6873544, 49.4246172 ], [ 8.6870556, 49.4247389 ], [ 8.68658, 49.4249355 ], [ 8.6862527, 49.4250694 ] ] } },
{ "type": "Feature", "properties": { "osm_id": 172510852, "name": "Oftersheimer Weg", "highway": "residential", "klass": "residential", "lanes": 2.0, "maxspeed": 30.0, "surface": "asphalt", "oneway": null }, "geometry": { "type": "LineString", "coordinates": [ [ 8.6606694, 49.3901644 ], [ 8.6605895, 49.3901412 ], [ 8.6605082, 49.3901163 ], [ 8.6601837, 49.3900322 ], [ 8.6599469, 49.3899703 ], [ 8.659769, 49.3899238 ], [ 8.6592629, 49.389806 ], [ 8.6590527, 49.3897572 ], [ 8.658404, 49.3896324 ], [ 8.6579925, 49.3895619 ], [ 8.6576061, 49.389523 ], [ 8.6568709, 49.389476 ], [ 8.656117, 49.3894484 ], [ 8.6554485, 49.3894526 ] ] } },
{ "type": "Feature", "properties": { "osm_id": 173597687, "name": "Bonhoefferstraße", "highway": "living_street", "klass": "living_street", "lanes": null, "maxspeed": null, "surface": "asphalt", "oneway": null }, "geometry": { "type": "LineString", "coordinates": [ [ 8.6535244, 49.4127662 ], [ 8.6531505, 49.4128108 ], [ 8.6527688, 49.4128595 ], [ 8.6526908, 49.4128692 ], [ 8.6521886, 49.4129324 ] ] } },
{ "type": "Feature", "properties": { "osm_id": 174071740, "name": "Römerstraße", "highway": "residential", "klass": "residential", "lanes": null, "maxspeed": 30.0, "surface": "asphalt", "oneway": "yes" }, "geometry": { "type": "LineString", "coordinates": [ [ 8.6846614, 49.4042907 ], [ 8.6846556, 49.4043531 ] ] } },
{ "type": "Feature", "properties": { "osm_id": 174071741, "name": "Römerstraße", "highway": "residential", "klass": "residential", "lanes": null, "maxspeed": 30.0, "surface": "asphalt", "oneway": null }, "geometry": { "type": "LineString", "coordinates": [ [ 8.6847617, 49.4033822 ], [ 8.6846893, 49.404029 ], [ 8.6846614, 49.4042907 ] ] } },
{ "type": "Feature", "properties": { "osm_id": 174071742, "name": "Römerstraße", "highway": "residential", "klass": "residential", "lanes": null, "maxspeed": 30.0, "surface": "asphalt", "oneway": null }, "geometry": { "type": "LineString", "coordinates": [ [ 8.6846556, 49.4043531 ], [ 8.6846279, 49.4047241 ], [ 8.684623, 49.4048087 ], [ 8.6846132, 49.4049784 ] ] } },
{ "type": "Feature", "properties": { "osm_id": 174376622, "name": "Saupfercheckweg", "highway": "tertiary", "klass": "tertiary", "lanes": null, "maxspeed": 30.0, "surface": "asphalt", "oneway": null }, "geometry": { "type": "LineString", "coordinates": [ [ 8.712181, 49.3908289 ], [ 8.7121617, 49.390825 ], [ 8.7121464, 49.3908193 ], [ 8.7121312, 49.3908115 ], [ 8.7121151, 49.3907971 ], [ 8.712105, 49.3907825 ], [ 8.7120957, 49.3907601 ], [ 8.7120942, 49.3907192 ], [ 8.7121061, 49.3906565 ], [ 8.7121233, 49.3905768 ], [ 8.7121347, 49.3905273 ], [ 8.7121432, 49.3904565 ], [ 8.7121445, 49.3903868 ], [ 8.7121334, 49.3903171 ], [ 8.7121112, 49.3902557 ], [ 8.7120837, 49.3901971 ], [ 8.71202, 49.3900541 ], [ 8.7119748, 49.3899621 ], [ 8.7119296, 49.3898701 ], [ 8.7117929, 49.3896222 ], [ 8.711739, 49.3895098 ], [ 8.7116779, 49.3893779 ], [ 8.7115572, 49.3891344 ], [ 8.7114662, 49.3889423 ], [ 8.7114332, 49.3888684 ], [ 8.7114221, 49.3888435 ], [ 8.7114107, 49.388823 ], [ 8.7113702, 49.3887622 ], [ 8.7113492, 49.3887326 ], [ 8.7113261, 49.3887043 ], [ 8.7112908, 49.3886678 ], [ 8.7112554, 49.3886354 ], [ 8.7112237, 49.3886112 ], [ 8.7111909, 49.3885882 ], [ 8.7111557, 49.3885653 ], [ 8.7111093, 49.3885392 ], [ 8.7110563, 49.388514 ], [ 8.710997, 49.3884907 ], [ 8.7109341, 49.3884704 ], [ 8.7108708, 49.3884536 ], [ 8.7108043, 49.3884399 ], [ 8.7107341, 49.3884289 ], [ 8.7106448, 49.3884186 ], [ 8.7105865, 49.3884124 ], [ 8.7105157, 49.3884072 ], [ 8.7104332, 49.3884048 ] ] } },
{ "type": "Feature", "properties": { "osm_id": 174659402, "name": "Tiergartenstraße", "highway": "residential", "klass": "residential", "lanes": null, "maxspeed": 30.0, "surface": "asphalt", "oneway": null }, "geometry": { "type": "LineString", "coordinates": [ [ 8.6644971, 49.4140086 ], [ 8.6644913, 49.4139587 ], [ 8.664397, 49.4137995 ], [ 8.6643213, 49.4136696 ], [ 8.6643014, 49.4136227 ], [ 8.66431, 49.4135921 ], [ 8.6643687, 49.4135566 ], [ 8.6646861, 49.413471 ] ] } },
{ "type": "Feature", "properties": { "osm_id": 174703492, "name": "Eisengreinweg", "highway": "residential", "klass": "residential", "lanes": null, "maxspeed": null, "surface": "asphalt", "oneway": null }, "geometry": { "type": "LineString", "coordinates": [ [ 8.6903854, 49.3990475 ], [ 8.6904458, 49.3990408 ] ] } },
{ "type": "Feature", "properties": { "osm_id": 174703493, "name": "Johannes-Hoops-Weg", "highway": "unclassified", "klass": "unclassified", "lanes": null, "maxspeed": null, "surface": "asphalt", "oneway": null }, "geometry": { "type": "LineString", "coordinates": [ [ 8.7081089, 49.3982998 ], [ 8.7080928, 49.3983082 ], [ 8.7080489, 49.3983262 ], [ 8.708014, 49.398338 ] ] } },
{ "type": "Feature", "properties": { "osm_id": 174703496, "name": "Laumanns Brücke", "highway": "unclassified", "klass": "unclassified", "lanes": null, "maxspeed": null, "surface": "asphalt", "oneway": null }, "geometry": { "type": "LineString", "coordinates": [ [ 8.7082075, 49.3982077 ], [ 8.7081979, 49.3982218 ], [ 8.708186, 49.3982367 ], [ 8.7081685, 49.3982553 ], [ 8.708148, 49.3982729 ], [ 8.7081241, 49.3982907 ], [ 8.7081089, 49.3982998 ] ] } },
{ "type": "Feature", "properties": { "osm_id": 175444363, "name": "Gaiberger Weg", "highway": "tertiary", "klass": "tertiary", "lanes": 2.0, "maxspeed": 50.0, "surface": "asphalt", "oneway": null }, "geometry": { "type": "LineString", "coordinates": [ [ 8.7177096, 49.4046347 ], [ 8.7177765, 49.4045866 ], [ 8.7179978, 49.4044307 ], [ 8.7181737, 49.404317 ], [ 8.7184109, 49.4041736 ], [ 8.7185046, 49.4041163 ], [ 8.7186206, 49.4040453 ], [ 8.7187305, 49.4039676 ], [ 8.7188252, 49.4038889 ], [ 8.7189081, 49.4038089 ], [ 8.7189983, 49.4037122 ], [ 8.7190698, 49.4036353 ], [ 8.7191532, 49.4035536 ], [ 8.7192323, 49.4034826 ], [ 8.7193234, 49.4034073 ], [ 8.7194018, 49.4033512 ], [ 8.7195342, 49.403264 ] ] } },
{ "type": "Feature", "properties": { "osm_id": 175848414, "name": "Bierhelderhofweg", "highway": "tertiary", "klass": "tertiary", "lanes": 2.0, "maxspeed": 50.0, "surface": "asphalt", "oneway": null }, "geometry": { "type": "LineString", "coordinates": [ [ 8.7033567, 49.3907707 ], [ 8.7033904, 49.3907218 ], [ 8.7034197, 49.3906732 ], [ 8.7034603, 49.3905934 ] ] } },
{ "type": "Feature", "properties": { "osm_id": 175904319, "name": "Bahnhofstraße", "highway": "residential", "klass": "residential", "lanes": 1.0, "maxspeed": 20.0, "surface": "asphalt", "oneway": "yes" }, "geometry": { "type": "LineString", "coordinates": [ [ 8.6915121, 49.4062326 ], [ 8.6909752, 49.4061385 ], [ 8.6902554, 49.4060137 ], [ 8.6900815, 49.4059836 ], [ 8.6892886, 49.4058431 ], [ 8.6892344, 49.4057958 ] ] } },
{ "type": "Feature", "properties": { "osm_id": 176355550, "name": "Wieblinger Weg", "highway": "residential", "klass": "residential", "lanes": null, "maxspeed": 10.0, "surface": "asphalt", "oneway": "yes" }, "geometry": { "type": "LineString", "coordinates": [ [ 8.6620044, 49.4092713 ], [ 8.6620637, 49.4093306 ] ] } },
{ "type": "Feature", "properties": { "osm_id": 177228565, "name": "Steubenstraße", "highway": "residential", "klass": "residential", "lanes": null, "maxspeed": 30.0, "surface": "asphalt", "oneway": null }, "geometry": { "type": "LineString", "coordinates": [ [ 8.6878309, 49.4244998 ], [ 8.6877466, 49.4244406 ], [ 8.6877288, 49.4244271 ] ] } },
{ "type": "Feature", "properties": { "osm_id": 177562931, "name": "Lessingstraße", "highway": "primary", "klass": "primary", "lanes": 3.0, "maxspeed": 50.0, "surface": "asphalt", "oneway": "yes" }, "geometry": { "type": "LineString", "coordinates": [ [ 8.6771993, 49.4044849 ], [ 8.6771927, 49.4045009 ], [ 8.6771722, 49.4045398 ] ] } },
{ "type": "Feature", "properties": { "osm_id": 178554736, "name": "Blumenstraße", "highway": "living_street", "klass": "living_street", "lanes": null, "maxspeed": null, "surface": "asphalt", "oneway": null }, "geometry": { "type": "LineString", "coordinates": [ [ 8.6879015, 49.4044076 ], [ 8.6884716, 49.4043788 ], [ 8.6885655, 49.4043741 ], [ 8.688894, 49.4043575 ] ] } },
{ "type": "Feature", "properties": { "osm_id": 178554738, "name": "Blumenstraße", "highway": "living_street", "klass": "living_street", "lanes": null, "maxspeed": null, "surface": "asphalt", "oneway": "yes" }, "geometry": { "type": "LineString", "coordinates": [ [ 8.6894731, 49.404278 ], [ 8.6895114, 49.4042713 ] ] } },
{ "type": "Feature", "properties": { "osm_id": 178555099, "name": "Blumenstraße", "highway": "living_street", "klass": "living_street", "lanes": null, "maxspeed": null, "surface": "asphalt", "oneway": null }, "geometry": { "type": "LineString", "coordinates": [ [ 8.6895114, 49.4042713 ], [ 8.6897574, 49.4042348 ], [ 8.6903368, 49.4041448 ] ] } },
{ "type": "Feature", "properties": { "osm_id": 179383591, "name": "Friedrich-Ebert-Anlage", "highway": "secondary", "klass": "secondary", "lanes": 2.0, "maxspeed": 50.0, "surface": "asphalt", "oneway": "yes" }, "geometry": { "type": "LineString", "coordinates": [ [ 8.7058046, 49.4090416 ], [ 8.7056, 49.4090256 ], [ 8.7054334, 49.4090118 ], [ 8.7050082, 49.4089835 ], [ 8.7049686, 49.4089809 ], [ 8.7046496, 49.4089639 ] ] } },
{ "type": "Feature", "properties": { "osm_id": 179383593, "name": "Klingenteichstraße", "highway": "tertiary", "klass": "tertiary", "lanes": 2.0, "maxspeed": 30.0, "surface": "asphalt", "oneway": null }, "geometry": { "type": "LineString", "coordinates": [ [ 8.7086072, 49.4056735 ], [ 8.708571, 49.4056839 ], [ 8.7085369, 49.405695 ], [ 8.7084669, 49.4057217 ], [ 8.7084073, 49.4057469 ], [ 8.7083052, 49.4057922 ], [ 8.7082069, 49.4058378 ], [ 8.7081618, 49.4058575 ], [ 8.7081446, 49.4058639 ], [ 8.7081309, 49.4058671 ] ] } },
{ "type": "Feature", "properties": { "osm_id": 179383594, "name": "Klingenteichstraße", "highway": "tertiary", "klass": "tertiary", "lanes": 2.0, "maxspeed": 30.0, "surface": "asphalt", "oneway": null }, "geometry": { "type": "LineString", "coordinates": [ [ 8.7101522, 49.4058805 ], [ 8.7101559, 49.405878 ], [ 8.7101666, 49.4058688 ], [ 8.7101765, 49.4058582 ], [ 8.7101823, 49.4058508 ], [ 8.7101863, 49.4058435 ], [ 8.710189, 49.4058365 ], [ 8.7101903, 49.4058284 ], [ 8.7101893, 49.405819 ], [ 8.710186, 49.4058111 ], [ 8.710181, 49.4058054 ], [ 8.7101736, 49.4058002 ], [ 8.7101661, 49.4057968 ], [ 8.7101579, 49.4057939 ], [ 8.7101389, 49.4057891 ], [ 8.71012, 49.4057858 ], [ 8.7100875, 49.4057811 ], [ 8.7100382, 49.4057777 ], [ 8.7099248, 49.4057747 ], [ 8.7098563, 49.4057744 ], [ 8.7097595, 49.4057739 ] ] } },
{ "type": "Feature", "properties": { "osm_id": 179383595, "name": "Klingenteichstraße", "highway": "tertiary", "klass": "tertiary", "lanes": 2.0, "maxspeed": 30.0, "surface": "asphalt", "oneway": null }, "geometry": { "type": "LineString", "coordinates": [ [ 8.708058, 49.4058627 ], [ 8.7080474, 49.4058595 ], [ 8.7080349, 49.4058545 ], [ 8.7080212, 49.4058467 ], [ 8.7080132, 49.4058402 ], [ 8.7080053, 49.405831 ], [ 8.7080007, 49.4058223 ], [ 8.7079985, 49.4058146 ], [ 8.707998, 49.4058052 ], [ 8.707999, 49.4057965 ], [ 8.7080021, 49.4057884 ], [ 8.7080073, 49.4057807 ], [ 8.7080165, 49.4057721 ], [ 8.7080268, 49.4057639 ], [ 8.7080539, 49.4057459 ], [ 8.7080842, 49.4057273 ], [ 8.7081112, 49.4057133 ], [ 8.7081694, 49.4056831 ], [ 8.7082636, 49.405637 ] ] } },
{ "type": "Feature", "properties": { "osm_id": 179383596, "name": "Klingenteichstraße", "highway": "tertiary", "klass": "tertiary", "lanes": 2.0, "maxspeed": 50.0, "surface": "asphalt", "oneway": null }, "geometry": { "type": "LineString", "coordinates": [ [ 8.7095117, 49.4052043 ], [ 8.7095461, 49.4051928 ], [ 8.7096987, 49.4051437 ], [ 8.7098873, 49.4050905 ], [ 8.7099559, 49.4050717 ], [ 8.7100202, 49.4050579 ], [ 8.7100884, 49.4050473 ], [ 8.7101472, 49.4050384 ], [ 8.710247, 49.4050294 ], [ 8.7103133, 49.4050256 ], [ 8.7103852, 49.405022 ], [ 8.7105956, 49.4050154 ], [ 8.7107076, 49.4050136 ], [ 8.7107899, 49.4050137 ], [ 8.710914, 49.4050172 ], [ 8.7109858, 49.4050214 ], [ 8.7111835, 49.4050367 ], [ 8.7113101, 49.4050441 ], [ 8.7114545, 49.405048 ] ] } },
{ "type": "Feature", "properties": { "osm_id": 179383597, "name": "Klingenteichstraße", "highway": "tertiary", "klass": "tertiary", "lanes": 2.0, "maxspeed": 50.0, "surface": "asphalt", "oneway": null }, "geometry": { "type": "LineString", "coordinates": [ [ 8.7141866, 49.4044523 ], [ 8.7143733, 49.4044121 ], [ 8.7145502, 49.4043728 ], [ 8.7147024, 49.4043379 ], [ 8.714802, 49.4043105 ], [ 8.7148635, 49.40429 ], [ 8.7150752, 49.4042125 ], [ 8.7151346, 49.404199 ], [ 8.7151868, 49.4041959 ], [ 8.7152336, 49.4041946 ], [ 8.715284, 49.404199 ], [ 8.7153469, 49.4042164 ], [ 8.7153857, 49.404232 ] ] } },
{ "type": "Feature", "properties": { "osm_id": 179383598, "name": "Klingenteichstraße", "highway": "tertiary", "klass": "tertiary", "lanes": 2.0, "maxspeed": 30.0, "surface": "asphalt", "oneway": null }, "geometry": { "type": "LineString", "coordinates": [ [ 8.7083389, 49.4073261 ], [ 8.7083341, 49.4073252 ], [ 8.7083287, 49.407323 ], [ 8.708324, 49.4073202 ], [ 8.708318, 49.407315 ], [ 8.708312, 49.4073077 ], [ 8.7083068, 49.4072993 ], [ 8.7083032, 49.4072912 ], [ 8.7083014, 49.407283 ], [ 8.7082999, 49.4072733 ], [ 8.7082994, 49.4072618 ], [ 8.7083008, 49.4072402 ], [ 8.7083235, 49.4070726 ], [ 8.7083248, 49.4070631 ], [ 8.7083418, 49.4069542 ], [ 8.7083661, 49.4068289 ], [ 8.7083859, 49.4067432 ], [ 8.7083972, 49.406697 ], [ 8.7084043, 49.4066706 ], [ 8.7084069, 49.4066583 ], [ 8.7084075, 49.4066523 ], [ 8.7084072, 49.4066469 ], [ 8.7084057, 49.406641 ], [ 8.7084029, 49.4066356 ], [ 8.7083972, 49.406629 ], [ 8.7083886, 49.4066216 ], [ 8.7083815, 49.4066169 ], [ 8.7083692, 49.4066098 ], [ 8.7083547, 49.4066035 ], [ 8.708341, 49.406599 ], [ 8.7083296, 49.4065963 ], [ 8.7083153, 49.4065942 ], [ 8.7083046, 49.406593 ], [ 8.7082925, 49.4065921 ], [ 8.7082841, 49.4065917 ], [ 8.7082754, 49.4065919 ], [ 8.7082648, 49.406593 ], [ 8.7082538, 49.4065952 ], [ 8.7082432, 49.4065984 ], [ 8.7082303, 49.406603 ], [ 8.7082108, 49.4066119 ], [ 8.7081864, 49.406625 ], [ 8.7081707, 49.4066347 ], [ 8.7081482, 49.4066523 ], [ 8.7081294, 49.406668 ], [ 8.7081042, 49.40669 ], [ 8.7080545, 49.4067387 ], [ 8.7080318, 49.4067638 ], [ 8.7080084, 49.4067921 ], [ 8.7079939, 49.4068111 ], [ 8.7079537, 49.4068645 ], [ 8.707926, 49.4069045 ], [ 8.7079034, 49.4069406 ], [ 8.7078864, 49.406971 ], [ 8.7078644, 49.4070151 ], [ 8.7078115, 49.4071381 ], [ 8.7077714, 49.4072305 ] ] } },
{ "type": "Feature", "properties": { "osm_id": 179383611, "name": "Grabengasse", "highway": "residential", "klass": "residential", "lanes": null, "maxspeed": 50.0, "surface": "asphalt", "oneway": "yes" }, "geometry": { "type": "LineString", "coordinates": [ [ 8.7068293, 49.4091092 ], [ 8.7068377, 49.4091446 ] ] } },
{ "type": "Feature", "properties": { "osm_id": 179383615, "name": "Friedrich-Ebert-Anlage", "highway": "residential", "klass": "residential", "lanes": 2.0, "maxspeed": 50.0, "surface": "asphalt", "oneway": "yes" }, "geometry": { "type": "LineString", "coordinates": [ [ 8.7068377, 49.4091446 ], [ 8.7067265, 49.4091313 ] ] } },
{ "type": "Feature", "properties": { "osm_id": 179552476, "name": "Klingenteichstraße", "highway": "tertiary", "klass": "tertiary", "lanes": 2.0, "maxspeed": 50.0, "surface": "asphalt", "oneway": null }, "geometry": { "type": "LineString", "coordinates": [ [ 8.7146492, 49.4061564 ], [ 8.7146495, 49.406193 ], [ 8.7146642, 49.4062221 ], [ 8.7146875, 49.4062453 ], [ 8.7147166, 49.4062568 ], [ 8.7147522, 49.4062633 ] ] } },
{ "type": "Feature", "properties": { "osm_id": 179552477, "name": "Klingenteichstraße", "highway": "tertiary", "klass": "tertiary", "lanes": 2.0, "maxspeed": 30.0, "surface": "asphalt", "oneway": null }, "geometry": { "type": "LineString", "coordinates": [ [ 8.7077714, 49.4072305 ], [ 8.7077466, 49.4072849 ], [ 8.7077243, 49.4073256 ], [ 8.7076965, 49.4073715 ], [ 8.7076695, 49.4074145 ], [ 8.7075971, 49.4075302 ], [ 8.7075657, 49.4075807 ], [ 8.7075352, 49.4076224 ], [ 8.707499, 49.4076652 ], [ 8.7074114, 49.4077613 ], [ 8.7072871, 49.4078859 ], [ 8.7071964, 49.4079757 ], [ 8.7071705, 49.4080014 ], [ 8.7070806, 49.4080952 ], [ 8.7069215, 49.4082634 ] ] } },
{ "type": "Feature", "properties": { "osm_id": 179552479, "name": "Neue Schlossstraße", "highway": "residential", "klass": "residential", "lanes": null, "maxspeed": 30.0, "surface": "asphalt", "oneway": "yes" }, "geometry": { "type": "LineString", "coordinates": [ [ 8.7103283, 49.4087765 ], [ 8.7103117, 49.4087605 ], [ 8.7103018, 49.4087461 ], [ 8.7102989, 49.4087311 ], [ 8.7103049, 49.4087137 ], [ 8.7103202, 49.4086934 ], [ 8.7103435, 49.4086669 ], [ 8.7103786, 49.4086351 ] ] } },
{ "type": "Feature", "properties": { "osm_id": 179552480, "name": "Neue Schlossstraße", "highway": "residential", "klass": "residential", "lanes": null, "maxspeed": 30.0, "surface": "asphalt", "oneway": "yes" }, "geometry": { "type": "LineString", "coordinates": [ [ 8.7117789, 49.4094037 ], [ 8.7117351, 49.4093671 ], [ 8.7116641, 49.4093085 ], [ 8.7116093, 49.4092748 ], [ 8.7115619, 49.4092446 ], [ 8.7114816, 49.4092007 ], [ 8.7114127, 49.4091659 ], [ 8.7113494, 49.4091382 ], [ 8.7112603, 49.4091043 ], [ 8.7111115, 49.4090548 ], [ 8.7106995, 49.4089157 ], [ 8.7103886, 49.4088056 ], [ 8.7103491, 49.4087882 ], [ 8.7103283, 49.4087765 ] ] } },
{ "type": "Feature", "properties": { "osm_id": 179552481, "name": "Neue Schlossstraße", "highway": "residential", "klass": "residential", "lanes": null, "maxspeed": 30.0, "surface": "asphalt", "oneway": "yes" }, "geometry": { "type": "LineString", "coordinates": [ [ 8.713065, 49.4100188 ], [ 8.7130733, 49.4100141 ], [ 8.713082, 49.4100086 ], [ 8.7130879, 49.4100023 ], [ 8.7130959, 49.4099924 ], [ 8.7131025, 49.4099787 ], [ 8.7131055, 49.4099664 ], [ 8.713105, 49.4099489 ], [ 8.7130982, 49.4099312 ], [ 8.7130888, 49.4099169 ], [ 8.7130726, 49.4099003 ], [ 8.7130527, 49.409887 ], [ 8.7130411, 49.4098818 ], [ 8.7130291, 49.4098775 ], [ 8.7130072, 49.4098728 ], [ 8.7129812, 49.4098697 ], [ 8.7129437, 49.4098673 ], [ 8.7128693, 49.4098657 ], [ 8.712771, 49.4098667 ], [ 8.7127345, 49.4098657 ], [ 8.7127264, 49.4098653 ], [ 8.7126951, 49.4098626 ], [ 8.7126824, 49.4098611 ], [ 8.7126218, 49.4098521 ], [ 8.7125533, 49.4098406 ], [ 8.7124832, 49.4098245 ], [ 8.7124244, 49.409808 ], [ 8.7123107, 49.409773 ], [ 8.7122012, 49.4097317 ], [ 8.7121104, 49.4096935 ], [ 8.712041, 49.4096579 ], [ 8.7119955, 49.4096301 ], [ 8.7119522, 49.4095967 ], [ 8.7119024, 49.4095506 ], [ 8.7118112, 49.4094552 ], [ 8.7117789, 49.4094037 ] ] } },
{ "type": "Feature", "properties": { "osm_id": 180070491, "name": "Gaiberger Weg", "highway": "tertiary", "klass": "tertiary", "lanes": 2.0, "maxspeed": 50.0, "surface": "asphalt", "oneway": null }, "geometry": { "type": "LineString", "coordinates": [ [ 8.7167496, 49.4055033 ], [ 8.7168524, 49.4054357 ], [ 8.7169844, 49.4053432 ], [ 8.7170617, 49.405286 ], [ 8.717135, 49.4052222 ], [ 8.7171753, 49.4051817 ], [ 8.7172887, 49.4050369 ], [ 8.7173521, 49.4049634 ], [ 8.7173913, 49.4049197 ], [ 8.7174456, 49.4048608 ], [ 8.7175065, 49.4048041 ], [ 8.7175725, 49.4047466 ], [ 8.717673, 49.4046627 ], [ 8.7177096, 49.4046347 ] ] } },
{ "type": "Feature", "properties": { "osm_id": 180280958, "name": "Franz-Knauff-Straße", "highway": "secondary", "klass": "secondary", "lanes": 3.0, "maxspeed": 50.0, "surface": "asphalt", "oneway": "yes" }, "geometry": { "type": "LineString", "coordinates": [ [ 8.6854146, 49.3987373 ], [ 8.6853709, 49.3987336 ], [ 8.6852901, 49.3987316 ], [ 8.6852059, 49.3987348 ] ] } },
{ "type": "Feature", "properties": { "osm_id": 180397559, "name": "Friedrich-Ebert-Anlage", "highway": "secondary", "klass": "secondary", "lanes": 2.0, "maxspeed": 50.0, "surface": "asphalt", "oneway": "yes" }, "geometry": { "type": "LineString", "coordinates": [ [ 8.7046714, 49.408873 ], [ 8.7047493, 49.4088792 ] ] } },
{ "type": "Feature", "properties": { "osm_id": 180397578, "name": "Klingenteichstraße", "highway": "tertiary", "klass": "tertiary", "lanes": null, "maxspeed": 50.0, "surface": "asphalt", "oneway": null }, "geometry": { "type": "LineString", "coordinates": [ [ 8.7046574, 49.408931 ], [ 8.7046496, 49.4089639 ] ] } },
{ "type": "Feature", "properties": { "osm_id": 180397579, "name": "Klingenteichstraße", "highway": "tertiary", "klass": "tertiary", "lanes": null, "maxspeed": 50.0, "surface": "asphalt", "oneway": "yes" }, "geometry": { "type": "LineString", "coordinates": [ [ 8.7046574, 49.408931 ], [ 8.7046714, 49.408873 ] ] } },
{ "type": "Feature", "properties": { "osm_id": 180397580, "name": "Klingenteichstraße", "highway": "tertiary", "klass": "tertiary", "lanes": null, "maxspeed": 50.0, "surface": "asphalt", "oneway": "yes" }, "geometry": { "type": "LineString", "coordinates": [ [ 8.7046714, 49.408873 ], [ 8.7046894, 49.4087992 ] ] } },
{ "type": "Feature", "properties": { "osm_id": 180397581, "name": "Klingenteichstraße", "highway": "tertiary", "klass": "tertiary", "lanes": 2.0, "maxspeed": 30.0, "surface": "asphalt", "oneway": "yes" }, "geometry": { "type": "LineString", "coordinates": [ [ 8.7046894, 49.4087992 ], [ 8.7048542, 49.4087868 ], [ 8.7049108, 49.4087826 ], [ 8.7052809, 49.4087607 ] ] } },
{ "type": "Feature", "properties": { "osm_id": 182767887, "name": "Kaiserstraße", "highway": "residential", "klass": "residential", "lanes": 2.0, "maxspeed": null, "surface": "asphalt", "oneway": null }, "geometry": { "type": "LineString", "coordinates": [ [ 8.6814458, 49.4033559 ], [ 8.6814558, 49.4033528 ], [ 8.6815506, 49.4033236 ], [ 8.6815919, 49.403311 ], [ 8.6817002, 49.4032777 ] ] } },
{ "type": "Feature", "properties": { "osm_id": 182767888, "name": "Ringstraße", "highway": "primary", "klass": "primary", "lanes": 2.0, "maxspeed": 30.0, "surface": "asphalt", "oneway": "yes" }, "geometry": { "type": "LineString", "coordinates": [ [ 8.6813067, 49.4032272 ], [ 8.6811793, 49.4031098 ], [ 8.6810077, 49.4029477 ], [ 8.6809718, 49.4029114 ], [ 8.6809186, 49.4028576 ], [ 8.680837, 49.4027683 ] ] } },
{ "type": "Feature", "properties": { "osm_id": 182932158, "name": "Lessingstraße", "highway": "primary_link", "klass": "primary", "lanes": 2.0, "maxspeed": 50.0, "surface": "asphalt", "oneway": "yes" }, "geometry": { "type": "LineString", "coordinates": [ [ 8.6802756, 49.40194 ], [ 8.680197, 49.4019886 ] ] } },
{ "type": "Feature", "properties": { "osm_id": 182932159, "name": "Lessingstraße", "highway": "primary_link", "klass": "primary", "lanes": 2.0, "maxspeed": 50.0, "surface": "asphalt", "oneway": "yes" }, "geometry": { "type": "LineString", "coordinates": [ [ 8.6800947, 49.4020518 ], [ 8.680028, 49.4020936 ], [ 8.6787108, 49.4029491 ], [ 8.6784989, 49.403087 ] ] } },
{ "type": "Feature", "properties": { "osm_id": 184132396, "name": "Molkenkurweg", "highway": "unclassified", "klass": "unclassified", "lanes": null, "maxspeed": 30.0, "surface": "asphalt", "oneway": null }, "geometry": { "type": "LineString", "coordinates": [ [ 8.7203892, 49.4086832 ], [ 8.7202787, 49.4086817 ], [ 8.7202033, 49.408684 ], [ 8.7201377, 49.4086892 ], [ 8.7200176, 49.4087071 ], [ 8.7199123, 49.4087272 ], [ 8.7188617, 49.4089731 ], [ 8.7186219, 49.4090286 ] ] } },
{ "type": "Feature", "properties": { "osm_id": 184725322, "name": "Im Neuenheimer Feld", "highway": "residential", "klass": "residential", "lanes": null, "maxspeed": 30.0, "surface": "asphalt", "oneway": null }, "geometry": { "type": "LineString", "coordinates": [ [ 8.6750425, 49.4181476 ], [ 8.6750417, 49.4179388 ], [ 8.6750414, 49.4178581 ], [ 8.675041, 49.417746 ], [ 8.6750406, 49.4176332 ], [ 8.6750398, 49.4174359 ], [ 8.6750402, 49.4172552 ], [ 8.6750425, 49.4171147 ], [ 8.6750425, 49.4170906 ], [ 8.6750428, 49.4170749 ], [ 8.6750414, 49.417046 ], [ 8.6750403, 49.4169646 ] ] } },
{ "type": "Feature", "properties": { "osm_id": 188213434, "name": "Hauptstraße", "highway": "residential", "klass": "residential", "lanes": 1.0, "maxspeed": 30.0, "surface": "paving_stones", "oneway": "yes" }, "geometry": { "type": "LineString", "coordinates": [ [ 8.7153897, 49.4132033 ], [ 8.7152881, 49.4131751 ], [ 8.7151915, 49.413156 ], [ 8.7151334, 49.4131465 ], [ 8.715024, 49.4131286 ], [ 8.7149613, 49.4131183 ], [ 8.714725, 49.4130738 ], [ 8.7144969, 49.4130268 ], [ 8.7141358, 49.4129412 ], [ 8.7139933, 49.4129016 ], [ 8.713714, 49.4128085 ] ] } },
{ "type": "Feature", "properties": { "osm_id": 188439354, "name": "Neuenheimer Landstraße", "highway": "secondary", "klass": "secondary", "lanes": 2.0, "maxspeed": 30.0, "surface": "asphalt", "oneway": "no" }, "geometry": { "type": "LineString", "coordinates": [ [ 8.6941915, 49.4137459 ], [ 8.6942681, 49.413736 ], [ 8.6951168, 49.4136128 ], [ 8.6952171, 49.4136012 ], [ 8.6953193, 49.4135927 ], [ 8.6954467, 49.4135871 ] ] } },
{ "type": "Feature", "properties": { "osm_id": 188439356, "name": "Uferstraße", "highway": "residential", "klass": "residential", "lanes": null, "maxspeed": 50.0, "surface": "asphalt", "oneway": "yes" }, "geometry": { "type": "LineString", "coordinates": [ [ 8.6928288, 49.4135044 ], [ 8.6925994, 49.4134245 ] ] } },
{ "type": "Feature", "properties": { "osm_id": 188768355, "name": "Johannes-Hoops-Weg", "highway": "unclassified", "klass": "unclassified", "lanes": null, "maxspeed": null, "surface": "asphalt", "oneway": null }, "geometry": { "type": "LineString", "coordinates": [ [ 8.708014, 49.398338 ], [ 8.7079794, 49.3983471 ], [ 8.7079299, 49.3983568 ], [ 8.707893, 49.3983621 ], [ 8.7078375, 49.3983653 ], [ 8.7077496, 49.3983633 ], [ 8.7076848, 49.3983594 ], [ 8.7076075, 49.3983507 ], [ 8.7075267, 49.3983399 ], [ 8.7074563, 49.3983289 ], [ 8.7073763, 49.3983136 ], [ 8.7072871, 49.3982907 ], [ 8.7072298, 49.3982721 ], [ 8.7071846, 49.3982547 ], [ 8.7070005, 49.3981725 ], [ 8.7068293, 49.3980898 ], [ 8.7064145, 49.3978888 ], [ 8.7061532, 49.3977645 ], [ 8.7058963, 49.3976335 ], [ 8.7057341, 49.3975382 ], [ 8.7055615, 49.3973997 ], [ 8.7053402, 49.3972065 ], [ 8.705225, 49.3971358 ], [ 8.7050406, 49.3970472 ], [ 8.7048204, 49.3969751 ], [ 8.7046346, 49.3969313 ], [ 8.7044322, 49.3968909 ], [ 8.7041938, 49.3968589 ], [ 8.7039703, 49.3968457 ], [ 8.7037688, 49.3968443 ], [ 8.7035623, 49.3968465 ], [ 8.7034098, 49.3968474 ], [ 8.7032316, 49.3968567 ], [ 8.7030598, 49.3968781 ], [ 8.7029199, 49.3969037 ], [ 8.7027843, 49.3969336 ], [ 8.7026854, 49.3969605 ], [ 8.702581, 49.3969958 ], [ 8.7024939, 49.3970327 ], [ 8.7024252, 49.3970711 ], [ 8.7023816, 49.3970978 ], [ 8.7023279, 49.3971416 ], [ 8.7022938, 49.3971862 ], [ 8.7022662, 49.3972304 ], [ 8.7022457, 49.3972724 ], [ 8.7021713, 49.3975067 ], [ 8.7020735, 49.3978742 ], [ 8.702013, 49.3982862 ], [ 8.7019766, 49.3985814 ], [ 8.7019446, 49.3989108 ], [ 8.7019108, 49.3991634 ], [ 8.701881, 49.39926 ], [ 8.7018263, 49.3993467 ], [ 8.7017279, 49.3994447 ], [ 8.7016278, 49.3995169 ], [ 8.701456, 49.3995988 ], [ 8.7010662, 49.3997491 ], [ 8.7005569, 49.3999152 ], [ 8.6998957, 49.4000972 ], [ 8.6995217, 49.4001964 ], [ 8.6990786, 49.400291 ], [ 8.6989785, 49.4003189 ], [ 8.6988875, 49.4003516 ], [ 8.6987677, 49.4004068 ], [ 8.6987129, 49.4004397 ] ] } },
{ "type": "Feature", "properties": { "osm_id": 188768359, "name": "Steigerweg", "highway": "tertiary", "klass": "tertiary", "lanes": 2.0, "maxspeed": null, "surface": "asphalt", "oneway": null }, "geometry": { "type": "LineString", "coordinates": [ [ 8.6989144, 49.3963492 ], [ 8.6989173, 49.3963374 ], [ 8.6989182, 49.3963208 ], [ 8.6989145, 49.3963017 ], [ 8.698906, 49.3962842 ], [ 8.6988899, 49.3962648 ], [ 8.6988756, 49.396252 ], [ 8.6988534, 49.3962384 ], [ 8.6988311, 49.3962283 ], [ 8.6988012, 49.3962202 ], [ 8.6987689, 49.3962161 ], [ 8.6987305, 49.396217 ], [ 8.6986792, 49.3962211 ], [ 8.6985843, 49.3962347 ], [ 8.6984721, 49.3962534 ], [ 8.6983904, 49.3962668 ], [ 8.6982712, 49.396278 ], [ 8.6981851, 49.3962828 ], [ 8.6980876, 49.3962856 ], [ 8.6979855, 49.3962859 ] ] } },
{ "type": "Feature", "properties": { "osm_id": 188863356, "name": "Bergheimer Straße", "highway": "tertiary", "klass": "tertiary", "lanes": 1.0, "maxspeed": 30.0, "surface": "asphalt", "oneway": "yes" }, "geometry": { "type": "LineString", "coordinates": [ [ 8.6768539, 49.4078237 ], [ 8.6769427, 49.4078257 ] ] } },
{ "type": "Feature", "properties": { "osm_id": 188863357, "name": "Mittermaierstraße", "highway": "primary", "klass": "primary", "lanes": 2.0, "maxspeed": 50.0, "surface": "asphalt", "oneway": "yes" }, "geometry": { "type": "LineString", "coordinates": [ [ 8.6768539, 49.4078237 ], [ 8.6768856, 49.4078808 ], [ 8.6768849, 49.4078944 ], [ 8.6768842, 49.4079096 ], [ 8.6768793, 49.4079546 ] ] } },
{ "type": "Feature", "properties": { "osm_id": 188863358, "name": "Mittermaierstraße", "highway": "primary", "klass": "primary", "lanes": 2.0, "maxspeed": 30.0, "surface": "asphalt", "oneway": "no" }, "geometry": { "type": "LineString", "coordinates": [ [ 8.6768539, 49.4078237 ], [ 8.6768602, 49.4077743 ], [ 8.6768616, 49.4077282 ], [ 8.6768865, 49.4072054 ], [ 8.6769388, 49.4060928 ] ] } },
{ "type": "Feature", "properties": { "osm_id": 188863359, "name": "Mittermaierstraße", "highway": "primary", "klass": "primary", "lanes": 2.0, "maxspeed": 50.0, "surface": "asphalt", "oneway": "yes" }, "geometry": { "type": "LineString", "coordinates": [ [ 8.6768793, 49.4079546 ], [ 8.6768756, 49.4079834 ], [ 8.676875, 49.4080512 ], [ 8.6768746, 49.4081027 ], [ 8.676874, 49.4081283 ] ] } },
{ "type": "Feature", "properties": { "osm_id": 189054366, "name": "Kohlhöferweg", "highway": "tertiary", "klass": "tertiary", "lanes": 2.0, "maxspeed": 50.0, "surface": "asphalt", "oneway": null }, "geometry": { "type": "LineString", "coordinates": [ [ 8.7134886, 49.4011504 ], [ 8.7137083, 49.4010249 ], [ 8.713924, 49.4009031 ] ] } },
{ "type": "Feature", "properties": { "osm_id": 189054367, "name": "Gaiberger Weg", "highway": "tertiary", "klass": "tertiary", "lanes": 2.0, "maxspeed": 50.0, "surface": "asphalt", "oneway": null }, "geometry": { "type": "LineString", "coordinates": [ [ 8.7132912, 49.4012564 ], [ 8.7133146, 49.4012325 ], [ 8.7133529, 49.4011984 ] ] } },
{ "type": "Feature", "properties": { "osm_id": 189054375, "name": "Johannes-Hoops-Weg", "highway": "unclassified", "klass": "unclassified", "lanes": null, "maxspeed": null, "surface": "asphalt", "oneway": null }, "geometry": { "type": "LineString", "coordinates": [ [ 8.6998101, 49.4056411 ], [ 8.6998205, 49.4056771 ], [ 8.6998328, 49.4057061 ], [ 8.6998541, 49.4057395 ], [ 8.6998794, 49.4057701 ], [ 8.699908, 49.405796 ], [ 8.6999442, 49.4058193 ], [ 8.6999931, 49.4058449 ], [ 8.7000561, 49.4058739 ], [ 8.7001286, 49.4059004 ], [ 8.7002094, 49.4059258 ], [ 8.7003523, 49.4059628 ], [ 8.7015386, 49.406215 ], [ 8.7018115, 49.4062818 ], [ 8.7019097, 49.4063109 ], [ 8.7020035, 49.4063475 ], [ 8.7021617, 49.4064189 ], [ 8.702314, 49.4064935 ], [ 8.702543, 49.4066075 ], [ 8.7028299, 49.4067273 ], [ 8.7031957, 49.4068739 ], [ 8.7034585, 49.4069812 ], [ 8.7036032, 49.4070333 ], [ 8.7037118, 49.4070707 ], [ 8.7037995, 49.4070961 ], [ 8.703853, 49.4071084 ], [ 8.7039064, 49.4071189 ], [ 8.7039928, 49.4071312 ], [ 8.7040772, 49.4071382 ], [ 8.7041689, 49.4071435 ], [ 8.7042834, 49.4071475 ], [ 8.7043736, 49.4071424 ], [ 8.7044666, 49.4071273 ], [ 8.7045353, 49.4071095 ], [ 8.7046349, 49.4070766 ], [ 8.7047503, 49.407031 ], [ 8.7048974, 49.4069665 ], [ 8.7050036, 49.4069089 ], [ 8.7051209, 49.4068394 ], [ 8.7053037, 49.406723 ], [ 8.7054413, 49.406639 ], [ 8.7056763, 49.4064861 ], [ 8.7058867, 49.4063289 ], [ 8.7061184, 49.4061535 ], [ 8.7062833, 49.4060369 ], [ 8.7064052, 49.4059617 ], [ 8.7065559, 49.4058775 ], [ 8.7066489, 49.4058295 ], [ 8.7067406, 49.4057886 ], [ 8.7068397, 49.405751 ], [ 8.7069237, 49.4057247 ], [ 8.7070748, 49.4056813 ], [ 8.7072166, 49.4056479 ], [ 8.7073416, 49.4056296 ], [ 8.7074402, 49.4056185 ], [ 8.7074985, 49.4056102 ], [ 8.7075315, 49.4056021 ], [ 8.7075667, 49.4055905 ], [ 8.708072, 49.4053897 ], [ 8.7082428, 49.4053192 ], [ 8.7082933, 49.4053014 ], [ 8.7083448, 49.4052874 ], [ 8.7083964, 49.4052763 ], [ 8.7084868, 49.4052631 ], [ 8.7086348, 49.405245 ], [ 8.7089069, 49.4052134 ], [ 8.709174, 49.4051819 ], [ 8.7093328, 49.4051652 ], [ 8.709393, 49.4051612 ], [ 8.7094106, 49.405161 ], [ 8.7094315, 49.4051623 ], [ 8.7094491, 49.4051651 ], [ 8.7094629, 49.4051695 ], [ 8.7094732, 49.4051737 ], [ 8.7095117, 49.4052043 ] ] } },
{ "type": "Feature", "properties": { "osm_id": 189059753, "name": "Klingenteichstraße", "highway": "tertiary", "klass": "tertiary", "lanes": 1.0, "maxspeed": 50.0, "surface": "asphalt", "oneway": null }, "geometry": { "type": "LineString", "coordinates": [ [ 8.7155726, 49.4043695 ], [ 8.715614, 49.404431 ], [ 8.7156639, 49.4045068 ], [ 8.7157063, 49.4045867 ], [ 8.7157526, 49.404686 ], [ 8.7157858, 49.4047751 ], [ 8.7158029, 49.404858 ], [ 8.715812, 49.4049304 ] ] } },
{ "type": "Feature", "properties": { "osm_id": 189180881, "name": "Mönchbergweg", "highway": "residential", "klass": "residential", "lanes": null, "maxspeed": null, "surface": "asphalt", "oneway": null }, "geometry": { "type": "LineString", "coordinates": [ [ 8.6974264, 49.4281126 ], [ 8.6974067, 49.4280747 ] ] } },
{ "type": "Feature", "properties": { "osm_id": 190276392, "name": "Speyerer Straße", "highway": "primary", "klass": "primary", "lanes": 2.0, "maxspeed": 50.0, "surface": "asphalt", "oneway": "yes" }, "geometry": { "type": "LineString", "coordinates": [ [ 8.6775229, 49.3999627 ], [ 8.6776209, 49.4000069 ], [ 8.6776583, 49.4000258 ], [ 8.6776756, 49.4000323 ], [ 8.6777318, 49.4000545 ], [ 8.6777566, 49.4000673 ], [ 8.6777689, 49.4000738 ] ] } },
{ "type": "Feature", "properties": { "osm_id": 190276393, "name": "Speyerer Straße", "highway": "primary", "klass": "primary", "lanes": 2.0, "maxspeed": 50.0, "surface": "asphalt", "oneway": "yes" }, "geometry": { "type": "LineString", "coordinates": [ [ 8.6777997, 49.4000901 ], [ 8.6780035, 49.4001858 ], [ 8.678052, 49.4002126 ], [ 8.6781744, 49.4002801 ] ] } },
{ "type": "Feature", "properties": { "osm_id": 191209778, "name": "Plöck", "highway": "residential", "klass": "residential", "lanes": 1.0, "maxspeed": 15.0, "surface": "asphalt", "oneway": "yes" }, "geometry": { "type": "LineString", "coordinates": [ [ 8.703174, 49.4094638 ], [ 8.7035342, 49.4094787 ], [ 8.7042012, 49.4095041 ] ] } },
{ "type": "Feature", "properties": { "osm_id": 191212309, "name": "Plöck", "highway": "residential", "klass": "residential", "lanes": null, "maxspeed": 15.0, "surface": "asphalt", "oneway": "yes" }, "geometry": { "type": "LineString", "coordinates": [ [ 8.6986467, 49.4091628 ], [ 8.6989346, 49.4092104 ], [ 8.6991356, 49.4092409 ], [ 8.6992655, 49.4092592 ], [ 8.6993402, 49.4092697 ], [ 8.6995635, 49.4092992 ], [ 8.6998123, 49.4093289 ], [ 8.7000585, 49.4093527 ], [ 8.7001884, 49.4093695 ] ] } },
{ "type": "Feature", "properties": { "osm_id": 193148638, "name": "Am Hackteufel", "highway": "primary", "klass": "primary", "lanes": 1.0, "maxspeed": 50.0, "surface": "asphalt", "oneway": "yes" }, "geometry": { "type": "LineString", "coordinates": [ [ 8.7162622, 49.4141697 ], [ 8.716572, 49.4141858 ] ] } },
{ "type": "Feature", "properties": { "osm_id": 193148639, "name": "Neckarstaden", "highway": "primary", "klass": "primary", "lanes": 1.0, "maxspeed": 50.0, "surface": "asphalt", "oneway": "yes" }, "geometry": { "type": "LineString", "coordinates": [ [ 8.7077018, 49.413525 ], [ 8.7075982, 49.4135289 ], [ 8.7074695, 49.4135286 ], [ 8.7073314, 49.4135256 ], [ 8.7071781, 49.4135159 ], [ 8.7070786, 49.4135048 ], [ 8.7069869, 49.4134808 ] ] } },
{ "type": "Feature", "properties": { "osm_id": 194471183, "name": "Adenauerplatz", "highway": "primary", "klass": "primary", "lanes": 4.0, "maxspeed": 50.0, "surface": "asphalt", "oneway": "yes" }, "geometry": { "type": "LineString", "coordinates": [ [ 8.6930674, 49.4069979 ], [ 8.6932554, 49.4069645 ], [ 8.6934577, 49.4069365 ], [ 8.6935212, 49.4069306 ], [ 8.6938145, 49.4069101 ], [ 8.6938767, 49.4069056 ] ] } },
{ "type": "Feature", "properties": { "osm_id": 194487038, "name": "Kurfürsten-Anlage", "highway": "secondary", "klass": "secondary", "lanes": 3.0, "maxspeed": 50.0, "surface": "asphalt", "oneway": "yes" }, "geometry": { "type": "LineString", "coordinates": [ [ 8.6774377, 49.4046103 ], [ 8.6773148, 49.4046499 ], [ 8.6771945, 49.4046899 ] ] } },
{ "type": "Feature", "properties": { "osm_id": 194487040, "name": "Kurfürsten-Anlage", "highway": "secondary", "klass": "secondary", "lanes": 1.0, "maxspeed": 50.0, "surface": "asphalt", "oneway": "yes" }, "geometry": { "type": "LineString", "coordinates": [ [ 8.6803097, 49.4046171 ], [ 8.6804787, 49.404646 ] ] } },
{ "type": "Feature", "properties": { "osm_id": 194539363, "name": null, "highway": "primary", "klass": "primary", "lanes": 2.0, "maxspeed": 50.0, "surface": "asphalt", "oneway": "yes" }, "geometry": { "type": "LineString", "coordinates": [ [ 8.6927647, 49.4113646 ], [ 8.6926834, 49.4113517 ], [ 8.6924957, 49.4113385 ] ] } },
{ "type": "Feature", "properties": { "osm_id": 194539367, "name": "Bergheimer Straße", "highway": "secondary", "klass": "secondary", "lanes": 2.0, "maxspeed": 30.0, "surface": "asphalt", "oneway": "yes" }, "geometry": { "type": "LineString", "coordinates": [ [ 8.6723421, 49.4078882 ], [ 8.6724809, 49.4078608 ], [ 8.6725161, 49.4078549 ], [ 8.6725426, 49.4078504 ] ] } },
{ "type": "Feature", "properties": { "osm_id": 194539371, "name": "Neckarstaden", "highway": "primary", "klass": "primary", "lanes": 1.0, "maxspeed": 50.0, "surface": "asphalt", "oneway": "yes" }, "geometry": { "type": "LineString", "coordinates": [ [ 8.6975551, 49.4120504 ], [ 8.6979808, 49.412072 ] ] } },
{ "type": "Feature", "properties": { "osm_id": 194561642, "name": "Dossenheimer Landstraße", "highway": "residential", "klass": "residential", "lanes": 4.0, "maxspeed": 30.0, "surface": "asphalt", "oneway": null }, "geometry": { "type": "LineString", "coordinates": [ [ 8.6831985, 49.4281195 ], [ 8.6833, 49.4281099 ], [ 8.6833525, 49.4281055 ] ] } },
{ "type": "Feature", "properties": { "osm_id": 194561643, "name": "Hans-Thoma-Platz", "highway": "primary", "klass": "primary", "lanes": 2.0, "maxspeed": 50.0, "surface": "asphalt", "oneway": "yes" }, "geometry": { "type": "LineString", "coordinates": [ [ 8.6831985, 49.4281195 ], [ 8.683165, 49.4280477 ], [ 8.6831272, 49.4279751 ], [ 8.6829821, 49.4277238 ], [ 8.6828227, 49.4274518 ], [ 8.6827836, 49.4273587 ], [ 8.682762, 49.4272383 ], [ 8.682748, 49.4271451 ] ] } },
{ "type": "Feature", "properties": { "osm_id": 194561645, "name": "Waldweg", "highway": "residential", "klass": "residential", "lanes": null, "maxspeed": 30.0, "surface": "asphalt", "oneway": null }, "geometry": { "type": "LineString", "coordinates": [ [ 8.6920811, 49.4305559 ], [ 8.6924393, 49.4304151 ], [ 8.6928277, 49.4302724 ], [ 8.6930886, 49.4301808 ], [ 8.6937304, 49.4300011 ], [ 8.6941955, 49.4299157 ], [ 8.6949676, 49.4297706 ], [ 8.6951114, 49.4297515 ], [ 8.6952631, 49.4297444 ], [ 8.6967156, 49.4297395 ], [ 8.697804, 49.4298544 ], [ 8.6979355, 49.4298624 ] ] } },
{ "type": "Feature", "properties": { "osm_id": 197028674, "name": "Rohrbacher Straße", "highway": "secondary", "klass": "secondary", "lanes": 1.0, "maxspeed": 50.0, "surface": "asphalt", "oneway": "yes" }, "geometry": { "type": "LineString", "coordinates": [ [ 8.6896454, 49.398939 ], [ 8.6897659, 49.3989868 ], [ 8.689802, 49.3990181 ], [ 8.6898356, 49.3990443 ], [ 8.6898796, 49.399078 ] ] } },
{ "type": "Feature", "properties": { "osm_id": 197028677, "name": "Rohrbacher Straße", "highway": "secondary", "klass": "secondary", "lanes": 2.0, "maxspeed": 50.0, "surface": "asphalt", "oneway": null }, "geometry": { "type": "LineString", "coordinates": [ [ 8.6894584, 49.3986753 ], [ 8.6894579, 49.398728 ], [ 8.689466, 49.3987618 ], [ 8.6894848, 49.3988051 ] ] } },
{ "type": "Feature", "properties": { "osm_id": 197028680, "name": "Rohrbacher Straße", "highway": "secondary", "klass": "secondary", "lanes": 1.0, "maxspeed": 50.0, "surface": "asphalt", "oneway": "yes" }, "geometry": { "type": "LineString", "coordinates": [ [ 8.6894512, 49.397745 ], [ 8.6894667, 49.3976256 ], [ 8.6894919, 49.3974428 ], [ 8.6895548, 49.3972168 ], [ 8.6895736, 49.3971492 ] ] } },
{ "type": "Feature", "properties": { "osm_id": 199205133, "name": "Eppelheimer Straße", "highway": "unclassified", "klass": "unclassified", "lanes": 1.0, "maxspeed": 50.0, "surface": "asphalt", "oneway": "yes" }, "geometry": { "type": "LineString", "coordinates": [ [ 8.6520551, 49.4057208 ], [ 8.6518224, 49.4056639 ] ] } },
{ "type": "Feature", "properties": { "osm_id": 199205136, "name": "Eppelheimer Straße", "highway": "unclassified", "klass": "unclassified", "lanes": 2.0, "maxspeed": 50.0, "surface": "asphalt", "oneway": "yes" }, "geometry": { "type": "LineString", "coordinates": [ [ 8.6526588, 49.4058525 ], [ 8.6521591, 49.4057435 ], [ 8.6520551, 49.4057208 ] ] } },
{ "type": "Feature", "properties": { "osm_id": 199205140, "name": "Eppelheimer Straße", "highway": "secondary", "klass": "secondary", "lanes": 1.0, "maxspeed": 50.0, "surface": "asphalt", "oneway": "yes" }, "geometry": { "type": "LineString", "coordinates": [ [ 8.6515925, 49.4056017 ], [ 8.6515121, 49.4055744 ], [ 8.6511012, 49.4054206 ], [ 8.650906, 49.4053435 ] ] } },
{ "type": "Feature", "properties": { "osm_id": 199205143, "name": "Eppelheimer Straße", "highway": "unclassified", "klass": "unclassified", "lanes": 1.0, "maxspeed": 50.0, "surface": "asphalt", "oneway": "yes" }, "geometry": { "type": "LineString", "coordinates": [ [ 8.6559969, 49.4064148 ], [ 8.655959, 49.4064001 ], [ 8.6556953, 49.4062979 ], [ 8.6552111, 49.4062568 ], [ 8.6546476, 49.4061879 ] ] } },
{ "type": "Feature", "properties": { "osm_id": 199230546, "name": "Rohrbacher Straße", "highway": "secondary", "klass": "secondary", "lanes": 2.0, "maxspeed": 50.0, "surface": "asphalt", "oneway": null }, "geometry": { "type": "LineString", "coordinates": [ [ 8.690518, 49.3998606 ], [ 8.6905347, 49.3998991 ], [ 8.6905378, 49.3999063 ], [ 8.6906108, 49.4000737 ], [ 8.6906245, 49.4001049 ], [ 8.6906658, 49.4002018 ] ] } },
{ "type": "Feature", "properties": { "osm_id": 199510759, "name": "Neckarstaden", "highway": "primary", "klass": "primary", "lanes": 3.0, "maxspeed": 50.0, "surface": "asphalt", "oneway": "no" }, "geometry": { "type": "LineString", "coordinates": [ [ 8.6939022, 49.4115656 ], [ 8.6945425, 49.4116493 ] ] } },
{ "type": "Feature", "properties": { "osm_id": 199512395, "name": "Bismarckstraße", "highway": "primary", "klass": "primary", "lanes": 3.0, "maxspeed": 30.0, "surface": "asphalt", "oneway": "yes" }, "geometry": { "type": "LineString", "coordinates": [ [ 8.692728, 49.409761 ], [ 8.6927648, 49.4096665 ], [ 8.6927753, 49.4096107 ], [ 8.692776, 49.409553 ] ] } },
{ "type": "Feature", "properties": { "osm_id": 199512401, "name": "Bismarckstraße", "highway": "primary", "klass": "primary", "lanes": 3.0, "maxspeed": 30.0, "surface": "asphalt", "oneway": "yes" }, "geometry": { "type": "LineString", "coordinates": [ [ 8.6921474, 49.4107723 ], [ 8.6924003, 49.4103329 ], [ 8.6924536, 49.4102421 ] ] } },
{ "type": "Feature", "properties": { "osm_id": 199512403, "name": "Poststraße", "highway": "residential", "klass": "residential", "lanes": 2.0, "maxspeed": 30.0, "surface": "asphalt", "oneway": "yes" }, "geometry": { "type": "LineString", "coordinates": [ [ 8.6913176, 49.4077423 ], [ 8.6913154, 49.4077556 ], [ 8.6913117, 49.4077681 ], [ 8.6912652, 49.4078747 ], [ 8.691179, 49.408079 ] ] } },
{ "type": "Feature", "properties": { "osm_id": 199518462, "name": "Poststraße", "highway": "residential", "klass": "residential", "lanes": null, "maxspeed": 30.0, "surface": "asphalt", "oneway": null }, "geometry": { "type": "LineString", "coordinates": [ [ 8.6894517, 49.4073513 ], [ 8.6894697, 49.4073039 ], [ 8.6895691, 49.4070248 ], [ 8.6896101, 49.4069261 ], [ 8.6896286, 49.4068716 ], [ 8.6896486, 49.4068145 ] ] } },
{ "type": "Feature", "properties": { "osm_id": 199682371, "name": "Eppelheimer Straße", "highway": "secondary", "klass": "secondary", "lanes": 2.0, "maxspeed": 50.0, "surface": "asphalt", "oneway": "yes" }, "geometry": { "type": "LineString", "coordinates": [ [ 8.667904, 49.4052399 ], [ 8.6677395, 49.4052411 ], [ 8.6675783, 49.405243 ], [ 8.667406, 49.4052491 ], [ 8.6672305, 49.4052602 ], [ 8.6671532, 49.4052649 ], [ 8.66708, 49.4052731 ], [ 8.6669915, 49.405284 ] ] } },
{ "type": "Feature", "properties": { "osm_id": 199695418, "name": "Hebelstraße", "highway": "secondary", "klass": "secondary", "lanes": 1.0, "maxspeed": 50.0, "surface": "asphalt", "oneway": "yes" }, "geometry": { "type": "LineString", "coordinates": [ [ 8.6853459, 49.3973456 ], [ 8.6854423, 49.3973706 ], [ 8.6855509, 49.397426 ] ] } },
{ "type": "Feature", "properties": { "osm_id": 199696908, "name": "Lessingstraße", "highway": "primary", "klass": "primary", "lanes": 4.0, "maxspeed": 50.0, "surface": "asphalt", "oneway": "yes" }, "geometry": { "type": "LineString", "coordinates": [ [ 8.6840949, 49.3989175 ], [ 8.684322, 49.398841 ] ] } },
{ "type": "Feature", "properties": { "osm_id": 201326150, "name": "Dantestraße", "highway": "living_street", "klass": "living_street", "lanes": null, "maxspeed": null, "surface": "asphalt", "oneway": null }, "geometry": { "type": "LineString", "coordinates": [ [ 8.6872888, 49.4005113 ], [ 8.6873414, 49.4005113 ], [ 8.6876103, 49.4005139 ], [ 8.6882771, 49.4005371 ], [ 8.6885863, 49.4005479 ], [ 8.6891159, 49.4005663 ] ] } },
{ "type": "Feature", "properties": { "osm_id": 201377173, "name": "Klausenpfad", "highway": "unclassified", "klass": "unclassified", "lanes": null, "maxspeed": null, "surface": "asphalt", "oneway": null }, "geometry": { "type": "LineString", "coordinates": [ [ 8.6785918, 49.4234147 ], [ 8.6787727, 49.4234484 ], [ 8.6788157, 49.4234549 ], [ 8.6788463, 49.4234499 ], [ 8.678947, 49.4233937 ] ] } },
{ "type": "Feature", "properties": { "osm_id": 201735697, "name": "Angelweg", "highway": "residential", "klass": "residential", "lanes": 2.0, "maxspeed": 50.0, "surface": "asphalt", "oneway": null }, "geometry": { "type": "LineString", "coordinates": [ [ 8.678011, 49.4272872 ], [ 8.6783636, 49.4273685 ], [ 8.678446, 49.4273965 ] ] } },
{ "type": "Feature", "properties": { "osm_id": 202162593, "name": "Sofienstraße", "highway": "primary", "klass": "primary", "lanes": 3.0, "maxspeed": 30.0, "surface": "asphalt", "oneway": "yes" }, "geometry": { "type": "LineString", "coordinates": [ [ 8.6931207, 49.4107098 ], [ 8.6929878, 49.4110172 ], [ 8.6929367, 49.4111334 ], [ 8.6929205, 49.4111709 ] ] } },
{ "type": "Feature", "properties": { "osm_id": 203535626, "name": "Bergheimer Straße", "highway": "tertiary", "klass": "tertiary", "lanes": 1.0, "maxspeed": 30.0, "surface": "asphalt", "oneway": "yes" }, "geometry": { "type": "LineString", "coordinates": [ [ 8.6766725, 49.4079623 ], [ 8.6765752, 49.4079633 ], [ 8.6763746, 49.4079649 ] ] } },
{ "type": "Feature", "properties": { "osm_id": 203930675, "name": "Am Brückentor", "highway": "living_street", "klass": "living_street", "lanes": null, "maxspeed": null, "surface": "sett", "oneway": "yes" }, "geometry": { "type": "LineString", "coordinates": [ [ 8.7094029, 49.4132348 ], [ 8.7094425, 49.413229 ], [ 8.7095828, 49.4132083 ] ] } },
{ "type": "Feature", "properties": { "osm_id": 204334499, "name": "Speyerer Straße", "highway": "primary", "klass": "primary", "lanes": 3.0, "maxspeed": 50.0, "surface": "asphalt", "oneway": "yes" }, "geometry": { "type": "LineString", "coordinates": [ [ 8.6801874, 49.4018597 ], [ 8.6802756, 49.40194 ] ] } },
{ "type": "Feature", "properties": { "osm_id": 204334500, "name": "Speyerer Straße", "highway": "primary", "klass": "primary", "lanes": 2.0, "maxspeed": 50.0, "surface": "asphalt", "oneway": "yes" }, "geometry": { "type": "LineString", "coordinates": [ [ 8.6779599, 49.400387 ], [ 8.6779132, 49.4003581 ] ] } },
{ "type": "Feature", "properties": { "osm_id": 204334501, "name": "Speyerer Straße", "highway": "primary", "klass": "primary", "lanes": 2.0, "maxspeed": 50.0, "surface": "asphalt", "oneway": "yes" }, "geometry": { "type": "LineString", "coordinates": [ [ 8.6800151, 49.4019853 ], [ 8.6797904, 49.4018031 ], [ 8.6796969, 49.4017212 ] ] } },
{ "type": "Feature", "properties": { "osm_id": 204334502, "name": "Speyerer Straße", "highway": "primary", "klass": "primary", "lanes": 2.0, "maxspeed": 50.0, "surface": "asphalt", "oneway": "yes" }, "geometry": { "type": "LineString", "coordinates": [ [ 8.6782192, 49.4003047 ], [ 8.6782796, 49.4003489 ], [ 8.6782963, 49.4003607 ], [ 8.6783275, 49.4003815 ] ] } },
{ "type": "Feature", "properties": { "osm_id": 205146907, "name": "Lessingstraße", "highway": "primary", "klass": "primary", "lanes": 4.0, "maxspeed": 50.0, "surface": "asphalt", "oneway": null }, "geometry": { "type": "LineString", "coordinates": [ [ 8.6797792, 49.4019692 ], [ 8.6817184, 49.4005332 ] ] } },
{ "type": "Feature", "properties": { "osm_id": 207778370, "name": "Ringstraße", "highway": "primary", "klass": "primary", "lanes": 2.0, "maxspeed": 30.0, "surface": "asphalt", "oneway": "yes" }, "geometry": { "type": "LineString", "coordinates": [ [ 8.6802258, 49.4021646 ], [ 8.6801986, 49.4021396 ], [ 8.6801798, 49.4021236 ], [ 8.6800947, 49.4020518 ] ] } },
{ "type": "Feature", "properties": { "osm_id": 208730892, "name": "Eppelheimer Straße", "highway": "secondary", "klass": "secondary", "lanes": 3.0, "maxspeed": 50.0, "surface": "asphalt", "oneway": "yes" }, "geometry": { "type": "LineString", "coordinates": [ [ 8.6680012, 49.4051433 ], [ 8.6681769, 49.4051255 ], [ 8.6686999, 49.4050784 ], [ 8.6689885, 49.4050522 ], [ 8.669031, 49.4050489 ], [ 8.6690548, 49.4050463 ] ] } },
{ "type": "Feature", "properties": { "osm_id": 208732988, "name": "Eppelheimer Straße", "highway": "secondary", "klass": "secondary", "lanes": 2.0, "maxspeed": 50.0, "surface": "asphalt", "oneway": "yes" }, "geometry": { "type": "LineString", "coordinates": [ [ 8.6491171, 49.404284 ], [ 8.6494998, 49.4045163 ], [ 8.6496111, 49.4045773 ], [ 8.6496751, 49.4046194 ], [ 8.6497693, 49.4046751 ], [ 8.6502555, 49.4049452 ], [ 8.6504915, 49.4050595 ], [ 8.6507194, 49.4051599 ], [ 8.6510053, 49.4052656 ], [ 8.6512093, 49.4053362 ], [ 8.6513961, 49.4053914 ], [ 8.6516727, 49.4054641 ], [ 8.6517564, 49.4054843 ], [ 8.6518906, 49.4055182 ] ] } },
{ "type": "Feature", "properties": { "osm_id": 208732992, "name": "Pfaffengrundstraße", "highway": "residential", "klass": "residential", "lanes": null, "maxspeed": 30.0, "surface": "asphalt", "oneway": null }, "geometry": { "type": "LineString", "coordinates": [ [ 8.6491171, 49.404284 ], [ 8.6491527, 49.4042567 ], [ 8.6493242, 49.4036687 ], [ 8.649339, 49.4036213 ], [ 8.6493947, 49.4034425 ], [ 8.6496174, 49.4027278 ], [ 8.649727, 49.4023733 ], [ 8.6498118, 49.4020992 ], [ 8.6499984, 49.4014797 ], [ 8.6501504, 49.4010005 ], [ 8.6501979, 49.4009995 ], [ 8.6502289, 49.4009872 ], [ 8.6502476, 49.4009709 ], [ 8.6503156, 49.4007554 ], [ 8.650309, 49.4007363 ], [ 8.6502791, 49.400717 ], [ 8.6502287, 49.4007058 ], [ 8.6503715, 49.4002259 ] ] } },
{ "type": "Feature", "properties": { "osm_id": 208735019, "name": null, "highway": "secondary_link", "klass": "secondary", "lanes": 1.0, "maxspeed": 50.0, "surface": "paving_stones", "oneway": "yes" }, "geometry": { "type": "LineString", "coordinates": [ [ 8.6510053, 49.4052656 ], [ 8.6511325, 49.4052873 ], [ 8.6513148, 49.4053248 ], [ 8.6515971, 49.4053968 ], [ 8.6516662, 49.4054094 ], [ 8.6517046, 49.4054134 ], [ 8.6517467, 49.405413 ], [ 8.6517716, 49.4054107 ], [ 8.6517927, 49.4054071 ], [ 8.6518674, 49.4053899 ], [ 8.651915, 49.4053737 ], [ 8.6519733, 49.4053414 ] ] } },
{ "type": "Feature", "properties": { "osm_id": 211656785, "name": "Burgstraße", "highway": "living_street", "klass": "living_street", "lanes": null, "maxspeed": null, "surface": "asphalt", "oneway": "yes" }, "geometry": { "type": "LineString", "coordinates": [ [ 8.6853141, 49.4297151 ], [ 8.6852754, 49.4297668 ] ] } },
{ "type": "Feature", "properties": { "osm_id": 211656786, "name": "Burgstraße", "highway": "residential", "klass": "residential", "lanes": null, "maxspeed": 30.0, "surface": "asphalt", "oneway": null }, "geometry": { "type": "LineString", "coordinates": [ [ 8.6857364, 49.4291566 ], [ 8.6858756, 49.4288404 ], [ 8.6859273, 49.4287032 ], [ 8.6859546, 49.4286308 ] ] } },
{ "type": "Feature", "properties": { "osm_id": 212143006, "name": "Heiligenbergstraße", "highway": "residential", "klass": "residential", "lanes": null, "maxspeed": 30.0, "surface": "asphalt", "oneway": null }, "geometry": { "type": "LineString", "coordinates": [ [ 8.6928238, 49.4296277 ], [ 8.6928758, 49.4296551 ], [ 8.6929194, 49.4296704 ], [ 8.6929581, 49.4296797 ], [ 8.6930046, 49.4296891 ], [ 8.6930477, 49.429695 ], [ 8.6930678, 49.4296977 ], [ 8.6931868, 49.42971 ], [ 8.6932727, 49.4297166 ], [ 8.6932973, 49.4297178 ], [ 8.6933364, 49.4297197 ], [ 8.6935659, 49.4297316 ], [ 8.6936421, 49.4297342 ], [ 8.6936811, 49.4297396 ], [ 8.6937064, 49.4297529 ] ] } },
{ "type": "Feature", "properties": { "osm_id": 212143007, "name": "Heiligenbergstraße", "highway": "residential", "klass": "residential", "lanes": null, "maxspeed": 30.0, "surface": null, "oneway": null }, "geometry": { "type": "LineString", "coordinates": [ [ 8.6927732, 49.4295923 ], [ 8.6927927, 49.429609 ], [ 8.6928238, 49.4296277 ] ] } },
{ "type": "Feature", "properties": { "osm_id": 212143051, "name": "Waldweg", "highway": "residential", "klass": "residential", "lanes": null, "maxspeed": 30.0, "surface": "asphalt", "oneway": null }, "geometry": { "type": "LineString", "coordinates": [ [ 8.6991462, 49.429985 ], [ 8.6992487, 49.4300034 ] ] } },
{ "type": "Feature", "properties": { "osm_id": 217330280, "name": "Brückenstraße", "highway": "secondary", "klass": "secondary", "lanes": 2.0, "maxspeed": 30.0, "surface": "asphalt", "oneway": null }, "geometry": { "type": "LineString", "coordinates": [ [ 8.6920251, 49.4166711 ], [ 8.6920108, 49.4169098 ], [ 8.6920042, 49.4169459 ], [ 8.6919797, 49.4171209 ] ] } },
{ "type": "Feature", "properties": { "osm_id": 218816878, "name": "Am Hackteufel", "highway": "primary", "klass": "primary", "lanes": 2.0, "maxspeed": 50.0, "surface": "asphalt", "oneway": null }, "geometry": { "type": "LineString", "coordinates": [ [ 8.7115081, 49.4136517 ], [ 8.7116104, 49.4136587 ], [ 8.7116597, 49.4136627 ], [ 8.7117958, 49.4136735 ] ] } },
{ "type": "Feature", "properties": { "osm_id": 218816881, "name": "Hauptstraße", "highway": "residential", "klass": "residential", "lanes": null, "maxspeed": 30.0, "surface": "asphalt", "oneway": "yes" }, "geometry": { "type": "LineString", "coordinates": [ [ 8.7174039, 49.4139493 ], [ 8.7173818, 49.4139328 ], [ 8.7173505, 49.4139139 ] ] } },
{ "type": "Feature", "properties": { "osm_id": 218816882, "name": "Hauptstraße", "highway": "residential", "klass": "residential", "lanes": 1.0, "maxspeed": 30.0, "surface": "asphalt", "oneway": "yes" }, "geometry": { "type": "LineString", "coordinates": [ [ 8.7175389, 49.4140992 ], [ 8.7174781, 49.414059 ], [ 8.7174711, 49.4140461 ], [ 8.7174564, 49.4140135 ], [ 8.7174433, 49.413992 ], [ 8.7174235, 49.4139686 ], [ 8.7174039, 49.4139493 ] ] } },
{ "type": "Feature", "properties": { "osm_id": 218816885, "name": "Mönchgasse", "highway": "residential", "klass": "residential", "lanes": 1.0, "maxspeed": 50.0, "surface": "asphalt", "oneway": "yes" }, "geometry": { "type": "LineString", "coordinates": [ [ 8.711591, 49.4134089 ], [ 8.7115584, 49.4134299 ], [ 8.7115512, 49.4134627 ], [ 8.7115441, 49.4134998 ], [ 8.7115329, 49.4135549 ], [ 8.7115276, 49.4135755 ], [ 8.7115081, 49.4136517 ] ] } },
{ "type": "Feature", "properties": { "osm_id": 218816886, "name": "Mönchgasse", "highway": "residential", "klass": "residential", "lanes": 1.0, "maxspeed": 50.0, "surface": "asphalt", "oneway": "yes" }, "geometry": { "type": "LineString", "coordinates": [ [ 8.711591, 49.4134089 ], [ 8.7116165, 49.4134341 ], [ 8.7116206, 49.413464 ], [ 8.7116288, 49.4134945 ], [ 8.711643, 49.4135264 ], [ 8.7116586, 49.4135425 ], [ 8.7116755, 49.4135661 ] ] } },
{ "type": "Feature", "properties": { "osm_id": 218816889, "name": "Neckarstaden", "highway": "primary", "klass": "primary", "lanes": 2.0, "maxspeed": 50.0, "surface": "asphalt", "oneway": null }, "geometry": { "type": "LineString", "coordinates": [ [ 8.6994818, 49.4124105 ], [ 8.7000374, 49.4124991 ] ] } },
{ "type": "Feature", "properties": { "osm_id": 218816890, "name": "Neckarstaden", "highway": "primary", "klass": "primary", "lanes": 1.0, "maxspeed": 50.0, "surface": "asphalt", "oneway": "yes" }, "geometry": { "type": "LineString", "coordinates": [ [ 8.6992587, 49.4123409 ], [ 8.6993528, 49.4123588 ], [ 8.6993817, 49.4123637 ], [ 8.699444, 49.4124048 ] ] } },
{ "type": "Feature", "properties": { "osm_id": 218816894, "name": "Untere Neckarstraße", "highway": "residential", "klass": "residential", "lanes": 1.0, "maxspeed": null, "surface": "asphalt", "oneway": "yes" }, "geometry": { "type": "LineString", "coordinates": [ [ 8.6995888, 49.4120073 ], [ 8.6995619, 49.41202 ], [ 8.6995306, 49.4120356 ], [ 8.6995109, 49.4120476 ], [ 8.6994924, 49.4120622 ], [ 8.6994798, 49.4120753 ], [ 8.69947, 49.4120891 ], [ 8.6994612, 49.4121094 ], [ 8.6994372, 49.4121825 ], [ 8.69941, 49.4122706 ], [ 8.6994099, 49.4122859 ], [ 8.6994133, 49.4123015 ], [ 8.6994202, 49.4123192 ], [ 8.6994239, 49.4123254 ], [ 8.6994326, 49.4123403 ], [ 8.6994488, 49.4123646 ], [ 8.6994818, 49.4124105 ] ] } },
{ "type": "Feature", "properties": { "osm_id": 218816909, "name": "Untere Neckarstraße", "highway": "residential", "klass": "residential", "lanes": 2.0, "maxspeed": null, "surface": "asphalt", "oneway": "yes" }, "geometry": { "type": "LineString", "coordinates": [ [ 8.6992587, 49.4123409 ], [ 8.6992338, 49.4124036 ] ] } },
{ "type": "Feature", "properties": { "osm_id": 221466287, "name": "Furtwänglerstraße", "highway": "residential", "klass": "residential", "lanes": 1.0, "maxspeed": null, "surface": "asphalt", "oneway": "yes" }, "geometry": { "type": "LineString", "coordinates": [ [ 8.6795117, 49.4234993 ], [ 8.6796132, 49.4235149 ], [ 8.679731, 49.4235212 ], [ 8.6801607, 49.4235218 ], [ 8.6802826, 49.4235254 ] ] } },
{ "type": "Feature", "properties": { "osm_id": 222965344, "name": "Franz-Knauff-Straße", "highway": "secondary", "klass": "secondary", "lanes": 3.0, "maxspeed": 30.0, "surface": "asphalt", "oneway": null }, "geometry": { "type": "LineString", "coordinates": [ [ 8.6883661, 49.3990643 ], [ 8.6884326, 49.3990715 ], [ 8.688511, 49.3990799 ], [ 8.6886804, 49.3991028 ] ] } },
{ "type": "Feature", "properties": { "osm_id": 222965347, "name": "Römerstraße", "highway": "primary", "klass": "primary", "lanes": 2.0, "maxspeed": 50.0, "surface": "asphalt", "oneway": "yes" }, "geometry": { "type": "LineString", "coordinates": [ [ 8.6853306, 49.3984818 ], [ 8.6853074, 49.3985497 ], [ 8.6852953, 49.3985764 ], [ 8.6852615, 49.3986513 ] ] } },
{ "type": "Feature", "properties": { "osm_id": 222965348, "name": "Römerstraße", "highway": "secondary_link", "klass": "secondary", "lanes": 1.0, "maxspeed": 50.0, "surface": "asphalt", "oneway": "yes" }, "geometry": { "type": "LineString", "coordinates": [ [ 8.6854194, 49.3984727 ], [ 8.6854656, 49.3985414 ], [ 8.6854811, 49.3985593 ], [ 8.6855429, 49.3986174 ], [ 8.6856496, 49.3986847 ] ] } },
{ "type": "Feature", "properties": { "osm_id": 222965352, "name": "Friedrich-Ebert-Anlage", "highway": "residential", "klass": "residential", "lanes": null, "maxspeed": null, "surface": "asphalt", "oneway": "yes" }, "geometry": { "type": "LineString", "coordinates": [ [ 8.6966986, 49.4078814 ], [ 8.696952, 49.4079387 ], [ 8.6969661, 49.4079416 ] ] } },
{ "type": "Feature", "properties": { "osm_id": 222965363, "name": "Friedrich-Ebert-Anlage", "highway": "residential", "klass": "residential", "lanes": null, "maxspeed": null, "surface": "asphalt", "oneway": null }, "geometry": { "type": "LineString", "coordinates": [ [ 8.6969661, 49.4079416 ], [ 8.6969047, 49.4080092 ], [ 8.696859, 49.408043 ] ] } },
{ "type": "Feature", "properties": { "osm_id": 222965370, "name": "Friedrich-Ebert-Anlage", "highway": "residential", "klass": "residential", "lanes": null, "maxspeed": null, "surface": "asphalt", "oneway": null }, "geometry": { "type": "LineString", "coordinates": [ [ 8.6985798, 49.4083413 ], [ 8.6986062, 49.4082702 ] ] } },
{ "type": "Feature", "properties": { "osm_id": 222965383, "name": "Friedrich-Ebert-Anlage", "highway": "residential", "klass": "residential", "lanes": null, "maxspeed": null, "surface": "asphalt", "oneway": "yes" }, "geometry": { "type": "LineString", "coordinates": [ [ 8.6995416, 49.4084284 ], [ 8.699452, 49.4084116 ] ] } },
{ "type": "Feature", "properties": { "osm_id": 222989107, "name": "Friedrich-Ebert-Anlage", "highway": "residential", "klass": "residential", "lanes": 2.0, "maxspeed": null, "surface": "asphalt", "oneway": "yes" }, "geometry": { "type": "LineString", "coordinates": [ [ 8.7026429, 49.4088177 ], [ 8.7026393, 49.4088319 ], [ 8.7026264, 49.4088537 ], [ 8.7025642, 49.4089023 ] ] } },
{ "type": "Feature", "properties": { "osm_id": 223120647, "name": "Werderstraße", "highway": "residential", "klass": "residential", "lanes": null, "maxspeed": 30.0, "surface": "asphalt", "oneway": "yes" }, "geometry": { "type": "LineString", "coordinates": [ [ 8.6875154, 49.4170786 ], [ 8.6877553, 49.4158497 ], [ 8.687763, 49.415759 ], [ 8.6877653, 49.4156793 ], [ 8.6880079, 49.4143368 ], [ 8.6880224, 49.4142563 ] ] } },
{ "type": "Feature", "properties": { "osm_id": 225799277, "name": "Bierhelderhofweg", "highway": "tertiary", "klass": "tertiary", "lanes": 2.0, "maxspeed": 50.0, "surface": "asphalt", "oneway": null }, "geometry": { "type": "LineString", "coordinates": [ [ 8.7036075, 49.3902894 ], [ 8.7036574, 49.3901904 ], [ 8.7036953, 49.3901255 ], [ 8.7037274, 49.3900779 ], [ 8.703756, 49.3900392 ], [ 8.7037996, 49.3899861 ], [ 8.7038353, 49.3899454 ], [ 8.7038647, 49.389915 ], [ 8.7038987, 49.3898821 ], [ 8.7039348, 49.3898477 ], [ 8.7040034, 49.3897887 ], [ 8.7041014, 49.3897135 ], [ 8.7041834, 49.3896459 ], [ 8.7042463, 49.3895923 ], [ 8.7043019, 49.389538 ], [ 8.7043519, 49.3894815 ], [ 8.704374, 49.3894514 ], [ 8.7043951, 49.3894205 ], [ 8.7044232, 49.3893738 ], [ 8.7044423, 49.3893328 ] ] } },
{ "type": "Feature", "properties": { "osm_id": 225799282, "name": "Saupfercheckweg", "highway": "tertiary", "klass": "tertiary", "lanes": 2.0, "maxspeed": 50.0, "surface": "asphalt", "oneway": null }, "geometry": { "type": "LineString", "coordinates": [ [ 8.7045183, 49.3901345 ], [ 8.7046503, 49.3900623 ], [ 8.704712, 49.3900315 ], [ 8.7047496, 49.3900154 ], [ 8.7047845, 49.3900005 ], [ 8.7048295, 49.3899873 ], [ 8.704999, 49.3899479 ] ] } },
{ "type": "Feature", "properties": { "osm_id": 225895735, "name": "Adenauerplatz", "highway": "secondary", "klass": "secondary", "lanes": 2.0, "maxspeed": 50.0, "surface": "asphalt", "oneway": "yes" }, "geometry": { "type": "LineString", "coordinates": [ [ 8.6927323, 49.4073758 ], [ 8.6926598, 49.4073652 ], [ 8.6926107, 49.4073566 ] ] } },
{ "type": "Feature", "properties": { "osm_id": 225895736, "name": "Römerstraße", "highway": "tertiary", "klass": "tertiary", "lanes": null, "maxspeed": 30.0, "surface": "asphalt", "oneway": "yes" }, "geometry": { "type": "LineString", "coordinates": [ [ 8.6843473, 49.407813 ], [ 8.6843467, 49.4078254 ], [ 8.6843387, 49.4078592 ] ] } },
{ "type": "Feature", "properties": { "osm_id": 225895737, "name": "Friedrich-Ebert-Anlage", "highway": "secondary", "klass": "secondary", "lanes": 2.0, "maxspeed": 50.0, "surface": "asphalt", "oneway": "yes" }, "geometry": { "type": "LineString", "coordinates": [ [ 8.7067265, 49.4091313 ], [ 8.7058779, 49.4090476 ], [ 8.7058046, 49.4090416 ] ] } },
{ "type": "Feature", "properties": { "osm_id": 225895738, "name": "Römerstraße", "highway": "tertiary", "klass": "tertiary", "lanes": null, "maxspeed": 30.0, "surface": "asphalt", "oneway": "yes" }, "geometry": { "type": "LineString", "coordinates": [ [ 8.6842324, 49.4076892 ], [ 8.6843262, 49.4075474 ] ] } },
{ "type": "Feature", "properties": { "osm_id": 226062443, "name": "Rohrbacher Straße", "highway": "secondary", "klass": "secondary", "lanes": 2.0, "maxspeed": 50.0, "surface": "asphalt", "oneway": null }, "geometry": { "type": "LineString", "coordinates": [ [ 8.6894848, 49.3988051 ], [ 8.6895012, 49.3988279 ], [ 8.6895591, 49.3988799 ], [ 8.6896454, 49.398939 ] ] } },
{ "type": "Feature", "properties": { "osm_id": 226486700, "name": "Friedrich-Ebert-Anlage", "highway": "secondary", "klass": "secondary", "lanes": 2.0, "maxspeed": 50.0, "surface": "asphalt", "oneway": "yes" }, "geometry": { "type": "LineString", "coordinates": [ [ 8.7046496, 49.4089639 ], [ 8.7035989, 49.4089012 ], [ 8.7034099, 49.4088968 ], [ 8.7029814, 49.408898 ], [ 8.7025642, 49.4089023 ], [ 8.702284, 49.4089047 ], [ 8.7020369, 49.4089024 ], [ 8.7018712, 49.4088926 ] ] } },
{ "type": "Feature", "properties": { "osm_id": 226486704, "name": "Schloss-Wolfsbrunnenweg", "highway": "residential", "klass": "residential", "lanes": null, "maxspeed": 30.0, "surface": "asphalt", "oneway": null }, "geometry": { "type": "LineString", "coordinates": [ [ 8.7206061, 49.4128252 ], [ 8.7205121, 49.4127769 ], [ 8.7203982, 49.4127166 ], [ 8.7203236, 49.4126719 ], [ 8.7202521, 49.4126247 ], [ 8.7201878, 49.4125812 ], [ 8.720159, 49.4125593 ], [ 8.7200782, 49.4124911 ], [ 8.719988, 49.4124119 ], [ 8.7199113, 49.4123339 ], [ 8.7197001, 49.4121075 ], [ 8.7196921, 49.412099 ], [ 8.71958, 49.411979 ], [ 8.7195616, 49.4119594 ], [ 8.7194165, 49.4118164 ], [ 8.7193669, 49.4117614 ], [ 8.7193369, 49.4117212 ], [ 8.7193142, 49.4116845 ], [ 8.7192961, 49.4116471 ], [ 8.7192842, 49.4116145 ], [ 8.7192761, 49.4115759 ], [ 8.719273, 49.4115199 ], [ 8.719283, 49.411413 ], [ 8.7193019, 49.4113254 ], [ 8.7193221, 49.4112655 ], [ 8.7193452, 49.4112141 ], [ 8.7193735, 49.4111582 ], [ 8.7194265, 49.41108 ], [ 8.7197197, 49.4107043 ], [ 8.719746, 49.4106668 ], [ 8.719765, 49.4106332 ], [ 8.719778, 49.4105941 ], [ 8.7198348, 49.4103773 ], [ 8.7198553, 49.4102538 ], [ 8.719864, 49.4102076 ], [ 8.7198685, 49.4101654 ], [ 8.7198667, 49.4101415 ], [ 8.719862, 49.4101262 ], [ 8.7198525, 49.4101074 ], [ 8.7198276, 49.4100742 ], [ 8.7197761, 49.4100188 ], [ 8.7196297, 49.4098703 ], [ 8.7194911, 49.4097335 ], [ 8.7194606, 49.4097109 ], [ 8.7194264, 49.4096907 ], [ 8.7193861, 49.4096732 ], [ 8.7193147, 49.4096518 ], [ 8.7192568, 49.4096412 ], [ 8.7192158, 49.4096346 ], [ 8.7191458, 49.4096255 ], [ 8.718881, 49.409592 ], [ 8.7187551, 49.4095753 ], [ 8.7186687, 49.4095649 ], [ 8.7185685, 49.4095561 ], [ 8.7183262, 49.4095362 ], [ 8.7178901, 49.409509 ], [ 8.7175007, 49.4094829 ], [ 8.7174178, 49.4094771 ], [ 8.7169784, 49.4094388 ], [ 8.7167879, 49.409423 ], [ 8.7166267, 49.4094159 ] ] } },
{ "type": "Feature", "properties": { "osm_id": 226673578, "name": "Tiergartenstraße", "highway": "residential", "klass": "residential", "lanes": null, "maxspeed": 30.0, "surface": "asphalt", "oneway": null }, "geometry": { "type": "LineString", "coordinates": [ [ 8.6608603, 49.4265519 ], [ 8.6608752, 49.4265553 ], [ 8.6611021, 49.4266073 ] ] } },
{ "type": "Feature", "properties": { "osm_id": 226673579, "name": "Tiergartenstraße", "highway": "residential", "klass": "residential", "lanes": null, "maxspeed": 30.0, "surface": "asphalt", "oneway": null }, "geometry": { "type": "LineString", "coordinates": [ [ 8.6606384, 49.426501 ], [ 8.6607626, 49.4265295 ], [ 8.6608603, 49.4265519 ] ] } },
{ "type": "Feature", "properties": { "osm_id": 227036113, "name": "Bergheimer Straße", "highway": "secondary", "klass": "secondary", "lanes": 2.0, "maxspeed": 30.0, "surface": "asphalt", "oneway": "yes" }, "geometry": { "type": "LineString", "coordinates": [ [ 8.6718031, 49.4079574 ], [ 8.6719636, 49.4079446 ], [ 8.672122, 49.4079219 ], [ 8.6721653, 49.4079173 ], [ 8.6723053, 49.4078943 ], [ 8.6723421, 49.4078882 ] ] } },
{ "type": "Feature", "properties": { "osm_id": 227036114, "name": "Lessingstraße", "highway": "primary", "klass": "primary", "lanes": 2.0, "maxspeed": 50.0, "surface": "asphalt", "oneway": "yes" }, "geometry": { "type": "LineString", "coordinates": [ [ 8.6776034, 49.4036122 ], [ 8.6778436, 49.4033833 ], [ 8.6780464, 49.4031914 ] ] } },
{ "type": "Feature", "properties": { "osm_id": 227759227, "name": "Liebermannstraße", "highway": "residential", "klass": "residential", "lanes": 1.0, "maxspeed": 30.0, "surface": "asphalt", "oneway": null }, "geometry": { "type": "LineString", "coordinates": [ [ 8.685959, 49.3952062 ], [ 8.6859758, 49.3952188 ], [ 8.6860198, 49.3952396 ], [ 8.6862403, 49.3953274 ], [ 8.6865163, 49.395435 ], [ 8.686791, 49.3955722 ], [ 8.6871789, 49.3957946 ], [ 8.6875537, 49.3960334 ], [ 8.6876155, 49.396056 ], [ 8.6876547, 49.396054 ], [ 8.6876804, 49.3960423 ] ] } },
{ "type": "Feature", "properties": { "osm_id": 227967940, "name": "Speyerer Straße", "highway": "primary", "klass": "primary", "lanes": 2.0, "maxspeed": 70.0, "surface": "asphalt", "oneway": "yes" }, "geometry": { "type": "LineString", "coordinates": [ [ 8.6643486, 49.3912156 ], [ 8.6630662, 49.390141 ] ] } },
{ "type": "Feature", "properties": { "osm_id": 227967941, "name": "Speyerer Straße", "highway": "primary", "klass": "primary", "lanes": 3.0, "maxspeed": 70.0, "surface": "asphalt", "oneway": "yes" }, "geometry": { "type": "LineString", "coordinates": [ [ 8.6649079, 49.3916848 ], [ 8.6643486, 49.3912156 ] ] } },
{ "type": "Feature", "properties": { "osm_id": 228088193, "name": "Bergheimer Straße", "highway": "tertiary", "klass": "tertiary", "lanes": 2.0, "maxspeed": 30.0, "surface": "asphalt", "oneway": "yes" }, "geometry": { "type": "LineString", "coordinates": [ [ 8.6743749, 49.4079765 ], [ 8.6743302, 49.4079786 ], [ 8.6742691, 49.4079835 ], [ 8.6740211, 49.4079997 ] ] } },
{ "type": "Feature", "properties": { "osm_id": 228088195, "name": "Lessingstraße", "highway": "primary", "klass": "primary", "lanes": 2.0, "maxspeed": 50.0, "surface": "asphalt", "oneway": "yes" }, "geometry": { "type": "LineString", "coordinates": [ [ 8.6778691, 49.4035663 ], [ 8.6778211, 49.4036192 ] ] } },
{ "type": "Feature", "properties": { "osm_id": 229361268, "name": "Lessingstraße", "highway": "primary", "klass": "primary", "lanes": 4.0, "maxspeed": 50.0, "surface": "asphalt", "oneway": "yes" }, "geometry": { "type": "LineString", "coordinates": [ [ 8.6771349, 49.4042197 ], [ 8.677192, 49.4041181 ] ] } },
{ "type": "Feature", "properties": { "osm_id": 229361270, "name": "Mittermaierstraße", "highway": "primary", "klass": "primary", "lanes": 2.0, "maxspeed": 50.0, "surface": "asphalt", "oneway": "yes" }, "geometry": { "type": "LineString", "coordinates": [ [ 8.676853, 49.4092614 ], [ 8.6768449, 49.4094818 ], [ 8.6768507, 49.4096615 ] ] } },
{ "type": "Feature", "properties": { "osm_id": 229361287, "name": "Kurfürsten-Anlage", "highway": "secondary", "klass": "secondary", "lanes": 2.0, "maxspeed": 50.0, "surface": "asphalt", "oneway": "yes" }, "geometry": { "type": "LineString", "coordinates": [ [ 8.6774377, 49.4046103 ], [ 8.6772296, 49.4046273 ] ] } },
{ "type": "Feature", "properties": { "osm_id": 229409965, "name": "Alte Eppelheimer Straße", "highway": "residential", "klass": "residential", "lanes": 1.0, "maxspeed": null, "surface": "asphalt", "oneway": "no" }, "geometry": { "type": "LineString", "coordinates": [ [ 8.6748677, 49.4060599 ], [ 8.6748869, 49.4060604 ], [ 8.6749378, 49.4060616 ] ] } },
{ "type": "Feature", "properties": { "osm_id": 229409968, "name": "Czernyring", "highway": "secondary", "klass": "secondary", "lanes": 1.0, "maxspeed": 30.0, "surface": "asphalt", "oneway": "yes" }, "geometry": { "type": "LineString", "coordinates": [ [ 8.6779132, 49.4003581 ], [ 8.6778358, 49.4003847 ], [ 8.6777971, 49.4003989 ], [ 8.6771688, 49.4005921 ], [ 8.6768464, 49.4007037 ] ] } },
{ "type": "Feature", "properties": { "osm_id": 229409972, "name": "Hebelstraße", "highway": "secondary", "klass": "secondary", "lanes": 1.0, "maxspeed": 50.0, "surface": "asphalt", "oneway": "yes" }, "geometry": { "type": "LineString", "coordinates": [ [ 8.6792953, 49.3970889 ], [ 8.679304, 49.3970686 ], [ 8.6793162, 49.3970551 ], [ 8.6793311, 49.3970433 ], [ 8.6793643, 49.3970308 ], [ 8.6793927, 49.3970212 ] ] } },
{ "type": "Feature", "properties": { "osm_id": 229773122, "name": "Luisenstraße", "highway": "residential", "klass": "residential", "lanes": null, "maxspeed": 30.0, "surface": "paving_stones", "oneway": "yes" }, "geometry": { "type": "LineString", "coordinates": [ [ 8.6912079, 49.4100003 ], [ 8.6916836, 49.4100816 ] ] } },
{ "type": "Feature", "properties": { "osm_id": 230738188, "name": "Lessingstraße", "highway": "primary_link", "klass": "primary", "lanes": 2.0, "maxspeed": 50.0, "surface": "asphalt", "oneway": "yes" }, "geometry": { "type": "LineString", "coordinates": [ [ 8.6784989, 49.403087 ], [ 8.6784392, 49.4031212 ], [ 8.6781397, 49.4033067 ] ] } },
{ "type": "Feature", "properties": { "osm_id": 230738189, "name": "Lessingstraße", "highway": "primary", "klass": "primary", "lanes": 4.0, "maxspeed": 50.0, "surface": "asphalt", "oneway": "yes" }, "geometry": { "type": "LineString", "coordinates": [ [ 8.6778211, 49.4036192 ], [ 8.6775226, 49.40397 ], [ 8.6774844, 49.404024 ], [ 8.6773983, 49.4041388 ] ] } },
{ "type": "Feature", "properties": { "osm_id": 231715382, "name": "Langer Anger", "highway": "residential", "klass": "residential", "lanes": 2.0, "maxspeed": 30.0, "surface": "asphalt", "oneway": null }, "geometry": { "type": "LineString", "coordinates": [ [ 8.6662961, 49.4022868 ], [ 8.6668597, 49.4019959 ], [ 8.6671749, 49.4018313 ], [ 8.6671989, 49.401819 ], [ 8.6680051, 49.4014094 ], [ 8.668906, 49.4009229 ] ] } },
{ "type": "Feature", "properties": { "osm_id": 231715383, "name": "Bautzenstraße", "highway": "living_street", "klass": "living_street", "lanes": null, "maxspeed": null, "surface": "asphalt", "oneway": null }, "geometry": { "type": "LineString", "coordinates": [ [ 8.6646863, 49.4030775 ], [ 8.6644872, 49.402897 ], [ 8.6642459, 49.4026844 ], [ 8.6638682, 49.4023541 ], [ 8.6637923, 49.4022877 ] ] } },
{ "type": "Feature", "properties": { "osm_id": 231715384, "name": "Simferopolstraße", "highway": "living_street", "klass": "living_street", "lanes": null, "maxspeed": null, "surface": "asphalt", "oneway": null }, "geometry": { "type": "LineString", "coordinates": [ [ 8.6629034, 49.4039158 ], [ 8.6627363, 49.4037602 ], [ 8.662493, 49.4035503 ], [ 8.6621571, 49.4032691 ], [ 8.6620769, 49.403202 ] ] } },
{ "type": "Feature", "properties": { "osm_id": 231715385, "name": "Kumamotostraße", "highway": "living_street", "klass": "living_street", "lanes": null, "maxspeed": null, "surface": "asphalt", "oneway": null }, "geometry": { "type": "LineString", "coordinates": [ [ 8.6612149, 49.4036849 ], [ 8.6612921, 49.4037508 ], [ 8.661573, 49.4039904 ], [ 8.6618105, 49.4041991 ], [ 8.6619762, 49.4043462 ] ] } },
{ "type": "Feature", "properties": { "osm_id": 231715388, "name": "Grüne Meile", "highway": "unclassified", "klass": "unclassified", "lanes": 1.0, "maxspeed": 30.0, "surface": "asphalt", "oneway": "yes" }, "geometry": { "type": "LineString", "coordinates": [ [ 8.6718724, 49.4031199 ], [ 8.6718034, 49.4031027 ], [ 8.6717145, 49.4030222 ], [ 8.6715295, 49.4028439 ], [ 8.6714845, 49.4028164 ], [ 8.6714639, 49.4028067 ], [ 8.6714114, 49.4027931 ], [ 8.6713216, 49.4027976 ], [ 8.6712633, 49.4028088 ] ] } },
{ "type": "Feature", "properties": { "osm_id": 231715389, "name": "Da-Vinci-Straße", "highway": "residential", "klass": "residential", "lanes": null, "maxspeed": 30.0, "surface": "asphalt", "oneway": null }, "geometry": { "type": "LineString", "coordinates": [ [ 8.6661076, 49.4038057 ], [ 8.6661231, 49.4038317 ], [ 8.666139, 49.4038585 ], [ 8.6661573, 49.4038896 ] ] } },
{ "type": "Feature", "properties": { "osm_id": 231972179, "name": "Kurfürsten-Anlage", "highway": "secondary", "klass": "secondary", "lanes": 3.0, "maxspeed": 50.0, "surface": "asphalt", "oneway": "yes" }, "geometry": { "type": "LineString", "coordinates": [ [ 8.6793868, 49.4048776 ], [ 8.6791345, 49.4048351 ], [ 8.6787728, 49.4047741 ], [ 8.6784142, 49.4047137 ] ] } },
{ "type": "Feature", "properties": { "osm_id": 231972180, "name": "Kurfürsten-Anlage", "highway": "secondary", "klass": "secondary", "lanes": 2.0, "maxspeed": 50.0, "surface": "asphalt", "oneway": "yes" }, "geometry": { "type": "LineString", "coordinates": [ [ 8.683919, 49.4056947 ], [ 8.6835872, 49.4056212 ], [ 8.6834375, 49.4055943 ], [ 8.6830101, 49.4055171 ], [ 8.682874, 49.4054932 ], [ 8.6818604, 49.4053114 ], [ 8.6811958, 49.4051922 ] ] } },
{ "type": "Feature", "properties": { "osm_id": 231972181, "name": "Kurfürsten-Anlage", "highway": "secondary", "klass": "secondary", "lanes": 3.0, "maxspeed": 50.0, "surface": "asphalt", "oneway": "yes" }, "geometry": { "type": "LineString", "coordinates": [ [ 8.6771945, 49.4046899 ], [ 8.6770722, 49.4047468 ] ] } },
{ "type": "Feature", "properties": { "osm_id": 231972202, "name": "Kurfürsten-Anlage", "highway": "secondary", "klass": "secondary", "lanes": 2.0, "maxspeed": 50.0, "surface": "asphalt", "oneway": "yes" }, "geometry": { "type": "LineString", "coordinates": [ [ 8.6772296, 49.4046273 ], [ 8.6771329, 49.4046236 ] ] } },
{ "type": "Feature", "properties": { "osm_id": 231972203, "name": "Kurfürsten-Anlage", "highway": "secondary_link", "klass": "secondary", "lanes": 1.0, "maxspeed": 30.0, "surface": "asphalt", "oneway": "yes" }, "geometry": { "type": "LineString", "coordinates": [ [ 8.6768595, 49.4050879 ], [ 8.6768387, 49.4050424 ], [ 8.6768197, 49.4050229 ], [ 8.6767733, 49.4049876 ], [ 8.6767277, 49.4049633 ], [ 8.6766721, 49.4049404 ] ] } },
{ "type": "Feature", "properties": { "osm_id": 232635026, "name": "Kurfürsten-Anlage", "highway": "secondary", "klass": "secondary", "lanes": 2.0, "maxspeed": 50.0, "surface": "asphalt", "oneway": "yes" }, "geometry": { "type": "LineString", "coordinates": [ [ 8.6828108, 49.405052 ], [ 8.6831635, 49.4051087 ], [ 8.6835035, 49.4051684 ] ] } },
{ "type": "Feature", "properties": { "osm_id": 235035973, "name": "Mittlerer Klosterweg", "highway": "unclassified", "klass": "unclassified", "lanes": null, "maxspeed": null, "surface": "asphalt", "oneway": null }, "geometry": { "type": "LineString", "coordinates": [ [ 8.7056043, 49.4209596 ], [ 8.705586, 49.4209178 ], [ 8.7055629, 49.4208728 ], [ 8.7055358, 49.420832 ], [ 8.7054957, 49.4207894 ], [ 8.7053915, 49.4206988 ], [ 8.7051473, 49.420497 ], [ 8.7049113, 49.4203088 ], [ 8.7047803, 49.4202133 ], [ 8.7047012, 49.4201634 ], [ 8.7046546, 49.4201395 ], [ 8.704158, 49.4199398 ], [ 8.7040735, 49.4198988 ], [ 8.7040092, 49.419856 ], [ 8.7039763, 49.4198203 ], [ 8.7039531, 49.4197837 ], [ 8.70393, 49.4197174 ], [ 8.7039234, 49.4196762 ] ] } },
{ "type": "Feature", "properties": { "osm_id": 235044453, "name": "John-Zenger-Straße", "highway": "residential", "klass": "residential", "lanes": null, "maxspeed": 30.0, "surface": "asphalt", "oneway": null }, "geometry": { "type": "LineString", "coordinates": [ [ 8.6820303, 49.3903749 ], [ 8.6819593, 49.390123 ], [ 8.6819341, 49.3899729 ], [ 8.6819864, 49.3894617 ] ] } },
{ "type": "Feature", "properties": { "osm_id": 235235072, "name": "Montpellierstraße", "highway": "living_street", "klass": "living_street", "lanes": null, "maxspeed": null, "surface": "paving_stones", "oneway": null }, "geometry": { "type": "LineString", "coordinates": [ [ 8.6697536, 49.3993367 ], [ 8.6701229, 49.3991577 ], [ 8.6703679, 49.399039 ], [ 8.6705054, 49.3989724 ], [ 8.6707529, 49.3988524 ], [ 8.6707757, 49.3988414 ] ] } },
{ "type": "Feature", "properties": { "osm_id": 235545461, "name": "Wilhelmstraße", "highway": "living_street", "klass": "living_street", "lanes": null, "maxspeed": null, "surface": "asphalt", "oneway": null }, "geometry": { "type": "LineString", "coordinates": [ [ 8.6871002, 49.4027025 ], [ 8.6877581, 49.4026816 ], [ 8.6885552, 49.402654 ] ] } },
{ "type": "Feature", "properties": { "osm_id": 235546955, "name": "Hildastraße", "highway": "living_street", "klass": "living_street", "lanes": null, "maxspeed": null, "surface": "asphalt", "oneway": "yes" }, "geometry": { "type": "LineString", "coordinates": [ [ 8.6827599, 49.4003564 ], [ 8.6823472, 49.4003106 ], [ 8.6822076, 49.4002915 ] ] } },
{ "type": "Feature", "properties": { "osm_id": 236058530, "name": "Pfaffengrunder Terrasse", "highway": "residential", "klass": "residential", "lanes": null, "maxspeed": 30.0, "surface": "paving_stones", "oneway": null }, "geometry": { "type": "LineString", "coordinates": [ [ 8.6654454, 49.4027158 ], [ 8.6653113, 49.4024993 ], [ 8.6648401, 49.4017388 ], [ 8.6648285, 49.40172 ], [ 8.6647161, 49.4015355 ] ] } },
{ "type": "Feature", "properties": { "osm_id": 236058532, "name": null, "highway": "living_street", "klass": "living_street", "lanes": null, "maxspeed": null, "surface": "paving_stones", "oneway": "no" }, "geometry": { "type": "LineString", "coordinates": [ [ 8.6688776, 49.3997748 ], [ 8.6693161, 49.3995607 ], [ 8.6697536, 49.3993367 ] ] } },
{ "type": "Feature", "properties": { "osm_id": 236832536, "name": "Im Neuenheimer Feld", "highway": "residential", "klass": "residential", "lanes": 3.0, "maxspeed": null, "surface": "asphalt", "oneway": "yes" }, "geometry": { "type": "LineString", "coordinates": [ [ 8.6750403, 49.4169646 ], [ 8.6752003, 49.4169232 ], [ 8.6756751, 49.4169203 ] ] } },
{ "type": "Feature", "properties": { "osm_id": 236832541, "name": "Czernyring", "highway": "secondary", "klass": "secondary", "lanes": 1.0, "maxspeed": 50.0, "surface": "asphalt", "oneway": "yes" }, "geometry": { "type": "LineString", "coordinates": [ [ 8.6770478, 49.4002451 ], [ 8.6772805, 49.4001286 ], [ 8.6773126, 49.4001088 ], [ 8.6773557, 49.4000779 ], [ 8.6773977, 49.4000511 ] ] } },
{ "type": "Feature", "properties": { "osm_id": 236845316, "name": "Speyerer Straße", "highway": "primary", "klass": "primary", "lanes": 2.0, "maxspeed": 50.0, "surface": "asphalt", "oneway": "yes" }, "geometry": { "type": "LineString", "coordinates": [ [ 8.6738138, 49.3980337 ], [ 8.6738833, 49.3980722 ], [ 8.673936, 49.3980999 ], [ 8.6739715, 49.3981185 ], [ 8.6742504, 49.3982676 ] ] } },
{ "type": "Feature", "properties": { "osm_id": 236845318, "name": "Rudolf-Diesel-Straße", "highway": "residential", "klass": "residential", "lanes": 3.0, "maxspeed": 50.0, "surface": "asphalt", "oneway": null }, "geometry": { "type": "LineString", "coordinates": [ [ 8.6738138, 49.3980337 ], [ 8.6738686, 49.3980019 ], [ 8.6739317, 49.397965 ], [ 8.6741895, 49.3978144 ], [ 8.6742914, 49.3977548 ], [ 8.6744408, 49.3976675 ] ] } },
{ "type": "Feature", "properties": { "osm_id": 242515855, "name": "Bergheimer Straße", "highway": "secondary", "klass": "secondary", "lanes": 2.0, "maxspeed": 30.0, "surface": "asphalt", "oneway": "yes" }, "geometry": { "type": "LineString", "coordinates": [ [ 8.6725994, 49.4080076 ], [ 8.6722905, 49.4080237 ] ] } },
{ "type": "Feature", "properties": { "osm_id": 242515856, "name": "Bergheimer Straße", "highway": "tertiary", "klass": "tertiary", "lanes": 2.0, "maxspeed": 30.0, "surface": "asphalt", "oneway": "yes" }, "geometry": { "type": "LineString", "coordinates": [ [ 8.6740211, 49.4079997 ], [ 8.6738184, 49.4080057 ], [ 8.6736276, 49.4080048 ] ] } },
{ "type": "Feature", "properties": { "osm_id": 242515858, "name": "Bergheimer Straße", "highway": "tertiary", "klass": "tertiary", "lanes": 4.0, "maxspeed": 30.0, "surface": "asphalt", "oneway": "yes" }, "geometry": { "type": "LineString", "coordinates": [ [ 8.6736276, 49.4080048 ], [ 8.6735679, 49.4080045 ], [ 8.672826, 49.4080001 ], [ 8.6727372, 49.4080015 ], [ 8.6725994, 49.4080076 ] ] } },
{ "type": "Feature", "properties": { "osm_id": 242679538, "name": "Bahnhofstraße", "highway": "residential", "klass": "residential", "lanes": 2.0, "maxspeed": 50.0, "surface": "asphalt", "oneway": "yes" }, "geometry": { "type": "LineString", "coordinates": [ [ 8.6852283, 49.4051726 ], [ 8.6851398, 49.4052085 ], [ 8.6851165, 49.4052184 ], [ 8.6850886, 49.4052336 ], [ 8.6850646, 49.4052514 ], [ 8.6850507, 49.4052671 ], [ 8.6850341, 49.405292 ], [ 8.6850246, 49.4053173 ], [ 8.6850195, 49.4053468 ], [ 8.6850189, 49.4053781 ], [ 8.6850226, 49.4054088 ] ] } },
{ "type": "Feature", "properties": { "osm_id": 242679539, "name": "Blumenstraße", "highway": "living_street", "klass": "living_street", "lanes": null, "maxspeed": null, "surface": "asphalt", "oneway": "yes" }, "geometry": { "type": "LineString", "coordinates": [ [ 8.6835556, 49.4043113 ], [ 8.6834729, 49.4043079 ], [ 8.6834208, 49.4043125 ], [ 8.6833816, 49.4043248 ], [ 8.6833594, 49.4043362 ], [ 8.6833444, 49.4043479 ], [ 8.6833314, 49.4043616 ], [ 8.6833183, 49.4043837 ], [ 8.6832875, 49.4044526 ] ] } },
{ "type": "Feature", "properties": { "osm_id": 242679549, "name": "Kaiserstraße", "highway": "residential", "klass": "residential", "lanes": null, "maxspeed": 30.0, "surface": "asphalt", "oneway": null }, "geometry": { "type": "LineString", "coordinates": [ [ 8.6810385, 49.4035676 ], [ 8.6812092, 49.4034758 ], [ 8.6813817, 49.4033842 ], [ 8.681402, 49.4033734 ], [ 8.6814458, 49.4033559 ] ] } },
{ "type": "Feature", "properties": { "osm_id": 242679550, "name": "Kurfürsten-Anlage", "highway": "primary", "klass": "primary", "lanes": 2.0, "maxspeed": 30.0, "surface": "asphalt", "oneway": "yes" }, "geometry": { "type": "LineString", "coordinates": [ [ 8.6854205, 49.4057504 ], [ 8.6855897, 49.4058423 ], [ 8.6856503, 49.4058722 ], [ 8.6857342, 49.4059095 ] ] } },
{ "type": "Feature", "properties": { "osm_id": 242679557, "name": "Ringstraße", "highway": "primary", "klass": "primary", "lanes": 3.0, "maxspeed": 30.0, "surface": "asphalt", "oneway": "yes" }, "geometry": { "type": "LineString", "coordinates": [ [ 8.6811816, 49.4028364 ], [ 8.6812608, 49.4028991 ], [ 8.6812977, 49.402929 ] ] } },
{ "type": "Feature", "properties": { "osm_id": 242679558, "name": "Ringstraße", "highway": "primary", "klass": "primary", "lanes": 2.0, "maxspeed": 30.0, "surface": "asphalt", "oneway": "yes" }, "geometry": { "type": "LineString", "coordinates": [ [ 8.6817002, 49.4032777 ], [ 8.6818523, 49.4034074 ], [ 8.6820673, 49.4035725 ], [ 8.6823368, 49.4037793 ], [ 8.6826522, 49.4040188 ] ] } },
{ "type": "Feature", "properties": { "osm_id": 242679559, "name": "Ringstraße", "highway": "primary", "klass": "primary", "lanes": 2.0, "maxspeed": 30.0, "surface": "asphalt", "oneway": "yes" }, "geometry": { "type": "LineString", "coordinates": [ [ 8.6823203, 49.4040055 ], [ 8.6822603, 49.403968 ], [ 8.6821921, 49.4039252 ], [ 8.6821407, 49.4038922 ], [ 8.682076, 49.4038471 ], [ 8.6820061, 49.4037993 ], [ 8.6819471, 49.4037565 ], [ 8.6818653, 49.4036944 ], [ 8.6816419, 49.4035217 ], [ 8.6816065, 49.4034939 ], [ 8.6815256, 49.4034266 ], [ 8.6814458, 49.4033559 ] ] } },
{ "type": "Feature", "properties": { "osm_id": 242679561, "name": "Ringstraße", "highway": "primary", "klass": "primary", "lanes": 2.0, "maxspeed": 30.0, "surface": "asphalt", "oneway": "yes" }, "geometry": { "type": "LineString", "coordinates": [ [ 8.6836497, 49.404669 ], [ 8.683787, 49.4047554 ] ] } },
{ "type": "Feature", "properties": { "osm_id": 242679562, "name": "Ringstraße", "highway": "primary", "klass": "primary", "lanes": 2.0, "maxspeed": 30.0, "surface": "asphalt", "oneway": "yes" }, "geometry": { "type": "LineString", "coordinates": [ [ 8.680837, 49.4027683 ], [ 8.6805151, 49.4024312 ] ] } },
{ "type": "Feature", "properties": { "osm_id": 242679563, "name": "Ringstraße", "highway": "primary", "klass": "primary", "lanes": 2.0, "maxspeed": 30.0, "surface": "asphalt", "oneway": "yes" }, "geometry": { "type": "LineString", "coordinates": [ [ 8.683787, 49.4047554 ], [ 8.6838963, 49.4048339 ] ] } },
{ "type": "Feature", "properties": { "osm_id": 242679565, "name": "Ringstraße", "highway": "primary", "klass": "primary", "lanes": 2.0, "maxspeed": 30.0, "surface": "asphalt", "oneway": "yes" }, "geometry": { "type": "LineString", "coordinates": [ [ 8.6826674, 49.404235 ], [ 8.682573, 49.4041715 ], [ 8.6824337, 49.4040768 ], [ 8.6823203, 49.4040055 ] ] } },
{ "type": "Feature", "properties": { "osm_id": 242679566, "name": "Römerkreis", "highway": "secondary", "klass": "secondary", "lanes": 3.0, "maxspeed": 50.0, "surface": "asphalt", "oneway": "yes" }, "geometry": { "type": "LineString", "coordinates": [ [ 8.6840396, 49.4053064 ], [ 8.6840591, 49.4052587 ], [ 8.6840803, 49.4052237 ], [ 8.6840998, 49.4052024 ], [ 8.6841097, 49.4051925 ], [ 8.68412, 49.4051845 ] ] } },
{ "type": "Feature", "properties": { "osm_id": 242679567, "name": "Römerstraße", "highway": "tertiary", "klass": "tertiary", "lanes": 2.0, "maxspeed": null, "surface": "asphalt", "oneway": "yes" }, "geometry": { "type": "LineString", "coordinates": [ [ 8.6844312, 49.4061208 ], [ 8.6844383, 49.4060236 ], [ 8.6844395, 49.4060034 ], [ 8.6844392, 49.4059841 ], [ 8.6844352, 49.4059568 ], [ 8.6844288, 49.4059319 ], [ 8.6844021, 49.4058913 ], [ 8.684342, 49.4058331 ], [ 8.684307, 49.4058001 ] ] } },
{ "type": "Feature", "properties": { "osm_id": 243245695, "name": "Kurfürsten-Anlage", "highway": "primary", "klass": "primary", "lanes": 2.0, "maxspeed": 30.0, "surface": "asphalt", "oneway": "yes" }, "geometry": { "type": "LineString", "coordinates": [ [ 8.6887865, 49.4064879 ], [ 8.6889358, 49.4065124 ] ] } },
{ "type": "Feature", "properties": { "osm_id": 243245696, "name": "Kurfürsten-Anlage", "highway": "primary", "klass": "primary", "lanes": 3.0, "maxspeed": 30.0, "surface": "asphalt", "oneway": "yes" }, "geometry": { "type": "LineString", "coordinates": [ [ 8.6893885, 49.4065912 ], [ 8.6895156, 49.4066152 ] ] } },
{ "type": "Feature", "properties": { "osm_id": 243245697, "name": "Kurfürsten-Anlage", "highway": "primary", "klass": "primary", "lanes": 2.0, "maxspeed": 30.0, "surface": "asphalt", "oneway": "yes" }, "geometry": { "type": "LineString", "coordinates": [ [ 8.6895156, 49.4066152 ], [ 8.6896528, 49.4066457 ] ] } },
{ "type": "Feature", "properties": { "osm_id": 243245698, "name": "Kurfürsten-Anlage", "highway": "primary", "klass": "primary", "lanes": 2.0, "maxspeed": 30.0, "surface": "asphalt", "oneway": "yes" }, "geometry": { "type": "LineString", "coordinates": [ [ 8.6880506, 49.4063608 ], [ 8.6882284, 49.4063907 ], [ 8.6885925, 49.4064537 ], [ 8.6887865, 49.4064879 ] ] } },
{ "type": "Feature", "properties": { "osm_id": 243245699, "name": "Kurfürsten-Anlage", "highway": "primary", "klass": "primary", "lanes": 4.0, "maxspeed": 30.0, "surface": "asphalt", "oneway": "yes" }, "geometry": { "type": "LineString", "coordinates": [ [ 8.6922227, 49.4070383 ], [ 8.6922993, 49.4070445 ], [ 8.6923444, 49.4070476 ], [ 8.6924066, 49.4070514 ], [ 8.6924651, 49.4070536 ], [ 8.6925392, 49.4070553 ], [ 8.6926696, 49.4070534 ], [ 8.6927294, 49.4070509 ] ] } },
{ "type": "Feature", "properties": { "osm_id": 243245700, "name": "Poststraße", "highway": "residential", "klass": "residential", "lanes": 1.0, "maxspeed": null, "surface": "asphalt", "oneway": "yes" }, "geometry": { "type": "LineString", "coordinates": [ [ 8.6895594, 49.4066498 ], [ 8.6896254, 49.4066653 ], [ 8.689638, 49.4066714 ], [ 8.6896442, 49.4066774 ], [ 8.6896471, 49.4066807 ], [ 8.6896521, 49.4066938 ], [ 8.6896569, 49.4067186 ], [ 8.6896612, 49.4067515 ], [ 8.6896597, 49.4067767 ], [ 8.6896486, 49.4068145 ] ] } },
{ "type": "Feature", "properties": { "osm_id": 244286204, "name": "Bahnhofstraße", "highway": "residential", "klass": "residential", "lanes": null, "maxspeed": 20.0, "surface": "asphalt", "oneway": "yes" }, "geometry": { "type": "LineString", "coordinates": [ [ 8.6846132, 49.4049784 ], [ 8.6846317, 49.4049815 ], [ 8.6846935, 49.404992 ] ] } },
{ "type": "Feature", "properties": { "osm_id": 244287984, "name": "Bahnhofstraße", "highway": "residential", "klass": "residential", "lanes": 2.0, "maxspeed": 20.0, "surface": "asphalt", "oneway": null }, "geometry": { "type": "LineString", "coordinates": [ [ 8.6892344, 49.4057958 ], [ 8.6891748, 49.4057854 ], [ 8.6891167, 49.4057763 ], [ 8.6890725, 49.4057694 ], [ 8.6889018, 49.4057428 ], [ 8.68819, 49.4056197 ], [ 8.6881205, 49.4056077 ], [ 8.6879018, 49.4055698 ], [ 8.6871206, 49.4054347 ] ] } },
{ "type": "Feature", "properties": { "osm_id": 244287986, "name": "Bahnhofstraße", "highway": "residential", "klass": "residential", "lanes": 2.0, "maxspeed": 20.0, "surface": "asphalt", "oneway": "yes" }, "geometry": { "type": "LineString", "coordinates": [ [ 8.6892344, 49.4057958 ], [ 8.6893254, 49.4057687 ], [ 8.6900566, 49.4058877 ], [ 8.6909781, 49.4060607 ], [ 8.6915482, 49.4061579 ], [ 8.6916095, 49.40621 ] ] } },
{ "type": "Feature", "properties": { "osm_id": 244565455, "name": "Rohrbacher Straße", "highway": "secondary", "klass": "secondary", "lanes": 1.0, "maxspeed": 50.0, "surface": "asphalt", "oneway": "yes" }, "geometry": { "type": "LineString", "coordinates": [ [ 8.6895736, 49.3971492 ], [ 8.689624, 49.3970129 ] ] } },
{ "type": "Feature", "properties": { "osm_id": 244769289, "name": "Thibautstraße", "highway": "residential", "klass": "residential", "lanes": null, "maxspeed": 30.0, "surface": "asphalt", "oneway": "yes" }, "geometry": { "type": "LineString", "coordinates": [ [ 8.6877755, 49.4085886 ], [ 8.6877481, 49.4086403 ], [ 8.6876248, 49.4089442 ], [ 8.6876041, 49.4089944 ], [ 8.6875974, 49.4090106 ], [ 8.6875265, 49.4091791 ], [ 8.6874798, 49.4092932 ], [ 8.6874513, 49.4093609 ] ] } },
{ "type": "Feature", "properties": { "osm_id": 244769710, "name": "Bahnhofstraße", "highway": "residential", "klass": "residential", "lanes": null, "maxspeed": 20.0, "surface": "asphalt", "oneway": null }, "geometry": { "type": "LineString", "coordinates": [ [ 8.6900815, 49.4059836 ], [ 8.6900566, 49.4058877 ] ] } },
{ "type": "Feature", "properties": { "osm_id": 244769711, "name": "Bahnhofstraße", "highway": "residential", "klass": "residential", "lanes": null, "maxspeed": 20.0, "surface": "asphalt", "oneway": null }, "geometry": { "type": "LineString", "coordinates": [ [ 8.6909752, 49.4061385 ], [ 8.6909781, 49.4060607 ] ] } },
{ "type": "Feature", "properties": { "osm_id": 244970028, "name": "Häusserstraße", "highway": "living_street", "klass": "living_street", "lanes": null, "maxspeed": null, "surface": "asphalt", "oneway": "yes" }, "geometry": { "type": "LineString", "coordinates": [ [ 8.6893425, 49.4012282 ], [ 8.6892009, 49.4008146 ], [ 8.6891159, 49.4005663 ] ] } },
{ "type": "Feature", "properties": { "osm_id": 245325599, "name": null, "highway": "residential", "klass": "residential", "lanes": null, "maxspeed": null, "surface": "asphalt", "oneway": "no" }, "geometry": { "type": "LineString", "coordinates": [ [ 8.6852492, 49.3967523 ], [ 8.6852992, 49.3961821 ], [ 8.6852993, 49.3961714 ], [ 8.6852968, 49.3961653 ], [ 8.6852919, 49.3961599 ], [ 8.6852863, 49.3961569 ], [ 8.6852766, 49.3961545 ], [ 8.6852637, 49.3961531 ] ] } },
{ "type": "Feature", "properties": { "osm_id": 245327867, "name": "Hebelstraße", "highway": "secondary", "klass": "secondary", "lanes": 3.0, "maxspeed": 50.0, "surface": "asphalt", "oneway": "yes" }, "geometry": { "type": "LineString", "coordinates": [ [ 8.6847861, 49.3973441 ], [ 8.6849575, 49.3973359 ] ] } },
{ "type": "Feature", "properties": { "osm_id": 245327869, "name": "Hebelstraße", "highway": "secondary", "klass": "secondary", "lanes": 2.0, "maxspeed": 50.0, "surface": "asphalt", "oneway": "yes" }, "geometry": { "type": "LineString", "coordinates": [ [ 8.685559, 49.3972278 ], [ 8.685495, 49.3972733 ], [ 8.6854464, 49.3973079 ], [ 8.6853459, 49.3973456 ] ] } },
{ "type": "Feature", "properties": { "osm_id": 245328059, "name": "Hebelstraße", "highway": "secondary", "klass": "secondary", "lanes": 2.0, "maxspeed": 50.0, "surface": "asphalt", "oneway": "yes" }, "geometry": { "type": "LineString", "coordinates": [ [ 8.6853459, 49.3973456 ], [ 8.6852354, 49.3973959 ], [ 8.6850143, 49.397393 ] ] } },
{ "type": "Feature", "properties": { "osm_id": 245328552, "name": "Hebelstraße", "highway": "secondary", "klass": "secondary", "lanes": 1.0, "maxspeed": 50.0, "surface": "asphalt", "oneway": "yes" }, "geometry": { "type": "LineString", "coordinates": [ [ 8.6849575, 49.3973359 ], [ 8.6850161, 49.3973345 ] ] } },
{ "type": "Feature", "properties": { "osm_id": 245328886, "name": "Hebelstraße", "highway": "secondary", "klass": "secondary", "lanes": 4.0, "maxspeed": 50.0, "surface": "asphalt", "oneway": "no" }, "geometry": { "type": "LineString", "coordinates": [ [ 8.684444, 49.3973342 ], [ 8.68452, 49.3973364 ], [ 8.6847282, 49.3973413 ] ] } },
{ "type": "Feature", "properties": { "osm_id": 245329066, "name": "Hebelstraße", "highway": "secondary", "klass": "secondary", "lanes": 3.0, "maxspeed": 50.0, "surface": "asphalt", "oneway": "no" }, "geometry": { "type": "LineString", "coordinates": [ [ 8.6839582, 49.3973166 ], [ 8.6841562, 49.3973234 ] ] } },
{ "type": "Feature", "properties": { "osm_id": 245330300, "name": "Ringstraße", "highway": "primary", "klass": "primary", "lanes": 3.0, "maxspeed": 30.0, "surface": "asphalt", "oneway": "yes" }, "geometry": { "type": "LineString", "coordinates": [ [ 8.6812977, 49.402929 ], [ 8.6815373, 49.4031581 ], [ 8.6817002, 49.4032777 ] ] } },
{ "type": "Feature", "properties": { "osm_id": 245331967, "name": "Römerstraße", "highway": "primary", "klass": "primary", "lanes": 3.0, "maxspeed": 50.0, "surface": "asphalt", "oneway": "yes" }, "geometry": { "type": "LineString", "coordinates": [ [ 8.685559, 49.3972278 ], [ 8.6855564, 49.3972916 ], [ 8.6855509, 49.397426 ] ] } },
{ "type": "Feature", "properties": { "osm_id": 245332160, "name": "Römerstraße", "highway": "primary", "klass": "primary", "lanes": 5.0, "maxspeed": 50.0, "surface": "asphalt", "oneway": "yes" }, "geometry": { "type": "LineString", "coordinates": [ [ 8.6855665, 49.3970621 ], [ 8.685559, 49.3972278 ] ] } },
{ "type": "Feature", "properties": { "osm_id": 245332248, "name": "Römerstraße", "highway": "primary", "klass": "primary", "lanes": 4.0, "maxspeed": 50.0, "surface": "asphalt", "oneway": "yes" }, "geometry": { "type": "LineString", "coordinates": [ [ 8.6855558, 49.3967192 ], [ 8.6855665, 49.3970621 ] ] } },
{ "type": "Feature", "properties": { "osm_id": 245551875, "name": "Kirchheimer Weg", "highway": "tertiary", "klass": "tertiary", "lanes": 2.0, "maxspeed": 50.0, "surface": "asphalt", "oneway": "yes" }, "geometry": { "type": "LineString", "coordinates": [ [ 8.6756496, 49.3916088 ], [ 8.6756986, 49.3917362 ], [ 8.6757984, 49.391996 ], [ 8.6759217, 49.3923167 ], [ 8.6760229, 49.3925801 ] ] } },
{ "type": "Feature", "properties": { "osm_id": 245551876, "name": "Kirchheimer Weg", "highway": "tertiary", "klass": "tertiary", "lanes": 1.0, "maxspeed": 30.0, "surface": "asphalt", "oneway": "yes" }, "geometry": { "type": "LineString", "coordinates": [ [ 8.6762591, 49.3932285 ], [ 8.6764768, 49.3935781 ], [ 8.6765037, 49.393619 ], [ 8.6766097, 49.39378 ], [ 8.6768403, 49.3941874 ], [ 8.677017, 49.3945427 ] ] } },
{ "type": "Feature", "properties": { "osm_id": 246248012, "name": "Kirchheimer Weg", "highway": "tertiary", "klass": "tertiary", "lanes": 1.0, "maxspeed": 30.0, "surface": "asphalt", "oneway": "yes" }, "geometry": { "type": "LineString", "coordinates": [ [ 8.677405, 49.3955067 ], [ 8.6771888, 49.3950905 ] ] } },
{ "type": "Feature", "properties": { "osm_id": 246248014, "name": "Kirchheimer Weg", "highway": "tertiary", "klass": "tertiary", "lanes": 1.0, "maxspeed": 30.0, "surface": "asphalt", "oneway": "yes" }, "geometry": { "type": "LineString", "coordinates": [ [ 8.6771602, 49.3948258 ], [ 8.6772342, 49.3949608 ], [ 8.6772908, 49.3950641 ] ] } },
{ "type": "Feature", "properties": { "osm_id": 246248016, "name": "Kirchheimer Weg", "highway": "tertiary", "klass": "tertiary", "lanes": 1.0, "maxspeed": 30.0, "surface": "asphalt", "oneway": "yes" }, "geometry": { "type": "LineString", "coordinates": [ [ 8.6774423, 49.3953662 ], [ 8.6774806, 49.3954388 ], [ 8.677568, 49.3956114 ], [ 8.6776177, 49.3956985 ], [ 8.6776919, 49.395781 ] ] } },
{ "type": "Feature", "properties": { "osm_id": 246248018, "name": "Kirchheimer Weg", "highway": "tertiary", "klass": "tertiary", "lanes": 1.0, "maxspeed": 30.0, "surface": "asphalt", "oneway": "yes" }, "geometry": { "type": "LineString", "coordinates": [ [ 8.6770968, 49.3949033 ], [ 8.6770476, 49.3948021 ], [ 8.6770289, 49.3947691 ] ] } },
{ "type": "Feature", "properties": { "osm_id": 246712150, "name": "Hebelstraße", "highway": "tertiary", "klass": "tertiary", "lanes": null, "maxspeed": 30.0, "surface": "asphalt", "oneway": "yes" }, "geometry": { "type": "LineString", "coordinates": [ [ 8.6791279, 49.3969941 ], [ 8.6790638, 49.3969473 ], [ 8.67903, 49.3969226 ], [ 8.6787347, 49.3967117 ], [ 8.6784952, 49.3965323 ], [ 8.678309, 49.3964023 ], [ 8.6781356, 49.3963059 ], [ 8.6777606, 49.3960401 ], [ 8.6776532, 49.3959594 ], [ 8.6776238, 49.3959343 ], [ 8.6776082, 49.3959001 ], [ 8.6775824, 49.3958399 ] ] } },
{ "type": "Feature", "properties": { "osm_id": 246712151, "name": "Kirchheimer Weg", "highway": "tertiary", "klass": "tertiary", "lanes": 1.0, "maxspeed": 30.0, "surface": "asphalt", "oneway": "yes" }, "geometry": { "type": "LineString", "coordinates": [ [ 8.6761493, 49.3932348 ], [ 8.6760849, 49.3931445 ] ] } },
{ "type": "Feature", "properties": { "osm_id": 249342758, "name": "Carl-Benz-Straße", "highway": "secondary", "klass": "secondary", "lanes": 2.0, "maxspeed": 50.0, "surface": "asphalt", "oneway": "yes" }, "geometry": { "type": "LineString", "coordinates": [ [ 8.6793392, 49.3979394 ], [ 8.6793742, 49.3978717 ], [ 8.6794066, 49.3977878 ], [ 8.6794496, 49.3975896 ], [ 8.6794711, 49.397486 ], [ 8.6794709, 49.3973557 ], [ 8.6794682, 49.3973336 ], [ 8.6794518, 49.3972906 ], [ 8.6794339, 49.3972578 ] ] } },
{ "type": "Feature", "properties": { "osm_id": 249350411, "name": "Feuerbachstraße", "highway": "residential", "klass": "residential", "lanes": null, "maxspeed": 30.0, "surface": "asphalt", "oneway": null }, "geometry": { "type": "LineString", "coordinates": [ [ 8.6842266, 49.3934327 ], [ 8.684492, 49.3939773 ], [ 8.6846611, 49.3944364 ] ] } },
{ "type": "Feature", "properties": { "osm_id": 249453182, "name": "Lessingstraße", "highway": "primary", "klass": "primary", "lanes": 3.0, "maxspeed": 50.0, "surface": "asphalt", "oneway": "yes" }, "geometry": { "type": "LineString", "coordinates": [ [ 8.6771329, 49.4046236 ], [ 8.6771096, 49.4046724 ], [ 8.6770722, 49.4047468 ] ] } },
{ "type": "Feature", "properties": { "osm_id": 249453183, "name": "Kurfürsten-Anlage", "highway": "primary_link", "klass": "primary", "lanes": 2.0, "maxspeed": 50.0, "surface": "asphalt", "oneway": "yes" }, "geometry": { "type": "LineString", "coordinates": [ [ 8.6771329, 49.4046236 ], [ 8.6771018, 49.4046196 ], [ 8.6770484, 49.4046041 ], [ 8.6770168, 49.404592 ], [ 8.6769701, 49.404575 ] ] } },
{ "type": "Feature", "properties": { "osm_id": 249526988, "name": "Hirschgasse", "highway": "residential", "klass": "residential", "lanes": null, "maxspeed": 10.0, "surface": "asphalt", "oneway": null }, "geometry": { "type": "LineString", "coordinates": [ [ 8.7132682, 49.417749 ], [ 8.713277, 49.4177207 ], [ 8.7133065, 49.4176559 ], [ 8.7133521, 49.4175794 ], [ 8.7134094, 49.4175051 ], [ 8.7134387, 49.4174704 ], [ 8.7135106, 49.4174054 ], [ 8.7135828, 49.4173423 ], [ 8.713719, 49.4172198 ] ] } },
{ "type": "Feature", "properties": { "osm_id": 249526989, "name": "Ziegelhäuser Landstraße", "highway": "secondary", "klass": "secondary", "lanes": 2.0, "maxspeed": 30.0, "surface": "asphalt", "oneway": null }, "geometry": { "type": "LineString", "coordinates": [ [ 8.7162726, 49.4160654 ], [ 8.7164388, 49.4161223 ], [ 8.7166558, 49.4161898 ], [ 8.7166964, 49.4162023 ] ] } },
{ "type": "Feature", "properties": { "osm_id": 249526990, "name": "Ziegelhäuser Landstraße", "highway": "secondary", "klass": "secondary", "lanes": null, "maxspeed": 30.0, "surface": "asphalt", "oneway": null }, "geometry": { "type": "LineString", "coordinates": [ [ 8.7166964, 49.4162023 ], [ 8.7167715, 49.4162237 ], [ 8.7168476, 49.4162455 ], [ 8.7168837, 49.4162559 ], [ 8.7174261, 49.4164184 ], [ 8.7176198, 49.4164739 ], [ 8.7181022, 49.4166129 ], [ 8.7186984, 49.4167714 ], [ 8.7196264, 49.4169753 ], [ 8.7208552, 49.4172022 ], [ 8.7211343, 49.4172585 ], [ 8.7212287, 49.4172776 ], [ 8.7216122, 49.4173682 ], [ 8.721932, 49.4174464 ], [ 8.7220274, 49.4174738 ], [ 8.7221466, 49.4175154 ] ] } },
{ "type": "Feature", "properties": { "osm_id": 253080538, "name": "Oberer Fauler Pelz", "highway": "residential", "klass": "residential", "lanes": null, "maxspeed": 30.0, "surface": "asphalt", "oneway": "yes" }, "geometry": { "type": "LineString", "coordinates": [ [ 8.7084421, 49.409327 ], [ 8.7089739, 49.4095491 ], [ 8.7090853, 49.4095946 ], [ 8.7091535, 49.4096225 ], [ 8.7096822, 49.4098454 ], [ 8.7100431, 49.4099852 ], [ 8.7101212, 49.4100177 ], [ 8.7101881, 49.4100481 ], [ 8.7103416, 49.410131 ], [ 8.7105014, 49.4102302 ], [ 8.7105917, 49.4102819 ], [ 8.7106068, 49.410291 ] ] } },
{ "type": "Feature", "properties": { "osm_id": 253080539, "name": "Oberer Fauler Pelz", "highway": "residential", "klass": "residential", "lanes": null, "maxspeed": 30.0, "surface": "asphalt", "oneway": "yes" }, "geometry": { "type": "LineString", "coordinates": [ [ 8.7106068, 49.410291 ], [ 8.7107912, 49.4104024 ], [ 8.710885, 49.4104547 ] ] } },
{ "type": "Feature", "properties": { "osm_id": 253242037, "name": "Baumschulenweg", "highway": "tertiary", "klass": "tertiary", "lanes": 3.0, "maxspeed": 50.0, "surface": "asphalt", "oneway": null }, "geometry": { "type": "LineString", "coordinates": [ [ 8.6696549, 49.3967162 ], [ 8.6700723, 49.3967685 ], [ 8.6702495, 49.3967858 ] ] } },
{ "type": "Feature", "properties": { "osm_id": 253242038, "name": "Speyerer Straße", "highway": "primary", "klass": "primary", "lanes": 2.0, "maxspeed": 50.0, "surface": "asphalt", "oneway": "yes" }, "geometry": { "type": "LineString", "coordinates": [ [ 8.671095, 49.396568 ], [ 8.6712102, 49.3966212 ] ] } },
{ "type": "Feature", "properties": { "osm_id": 253242039, "name": "Speyerer Straße", "highway": "primary", "klass": "primary", "lanes": 2.0, "maxspeed": 70.0, "surface": "asphalt", "oneway": "yes" }, "geometry": { "type": "LineString", "coordinates": [ [ 8.6652941, 49.3920168 ], [ 8.6649079, 49.3916848 ] ] } },
{ "type": "Feature", "properties": { "osm_id": 253242040, "name": "Speyerer Straße", "highway": "primary", "klass": "primary", "lanes": 2.0, "maxspeed": 70.0, "surface": "asphalt", "oneway": "yes" }, "geometry": { "type": "LineString", "coordinates": [ [ 8.6630662, 49.390141 ], [ 8.6624941, 49.389672 ] ] } },
{ "type": "Feature", "properties": { "osm_id": 253242042, "name": "Speyerer Straße", "highway": "primary", "klass": "primary", "lanes": 3.0, "maxspeed": 50.0, "surface": "asphalt", "oneway": "yes" }, "geometry": { "type": "LineString", "coordinates": [ [ 8.671753, 49.396988 ], [ 8.6713538, 49.3968263 ], [ 8.6713072, 49.3968074 ], [ 8.6712129, 49.396772 ], [ 8.6710683, 49.3967062 ] ] } },
{ "type": "Feature", "properties": { "osm_id": 253242043, "name": "Speyerer Straße", "highway": "primary", "klass": "primary", "lanes": 2.0, "maxspeed": 50.0, "surface": "asphalt", "oneway": "yes" }, "geometry": { "type": "LineString", "coordinates": [ [ 8.6712102, 49.3966212 ], [ 8.6714057, 49.3967147 ], [ 8.6714432, 49.396731 ] ] } },
{ "type": "Feature", "properties": { "osm_id": 253242044, "name": "Speyerer Straße", "highway": "primary", "klass": "primary", "lanes": 3.0, "maxspeed": 50.0, "surface": "asphalt", "oneway": "yes" }, "geometry": { "type": "LineString", "coordinates": [ [ 8.6704119, 49.3961469 ], [ 8.6705595, 49.3962555 ], [ 8.6709041, 49.3964713 ], [ 8.670946, 49.3964933 ], [ 8.6709672, 49.3965046 ], [ 8.671095, 49.396568 ] ] } },
{ "type": "Feature", "properties": { "osm_id": 253242045, "name": "Speyerer Straße", "highway": "primary", "klass": "primary", "lanes": 2.0, "maxspeed": 50.0, "surface": "asphalt", "oneway": "yes" }, "geometry": { "type": "LineString", "coordinates": [ [ 8.6709004, 49.3966147 ], [ 8.6708047, 49.3965615 ], [ 8.6706645, 49.3964764 ], [ 8.6704805, 49.3963569 ], [ 8.6703687, 49.3962806 ], [ 8.670241, 49.3961864 ], [ 8.6700907, 49.3960647 ], [ 8.6699091, 49.395909 ] ] } },
{ "type": "Feature", "properties": { "osm_id": 253242046, "name": "Carl-Friedrich-Gauß-Ring", "highway": "residential", "klass": "residential", "lanes": 1.0, "maxspeed": null, "surface": "asphalt", "oneway": "yes" }, "geometry": { "type": "LineString", "coordinates": [ [ 8.6712102, 49.3966212 ], [ 8.6709267, 49.396629 ] ] } },
{ "type": "Feature", "properties": { "osm_id": 253242047, "name": "Baumschulenweg", "highway": "tertiary", "klass": "tertiary", "lanes": 2.0, "maxspeed": null, "surface": "asphalt", "oneway": "yes" }, "geometry": { "type": "LineString", "coordinates": [ [ 8.6710683, 49.3967062 ], [ 8.6712073, 49.396692 ], [ 8.6713051, 49.3966972 ], [ 8.6714057, 49.3967147 ] ] } },
{ "type": "Feature", "properties": { "osm_id": 253242048, "name": "Baumschulenweg", "highway": "tertiary", "klass": "tertiary", "lanes": 1.0, "maxspeed": null, "surface": "asphalt", "oneway": "yes" }, "geometry": { "type": "LineString", "coordinates": [ [ 8.6709004, 49.3966147 ], [ 8.671095, 49.396568 ] ] } },
{ "type": "Feature", "properties": { "osm_id": 253242049, "name": "Carl-Friedrich-Gauß-Ring", "highway": "residential", "klass": "residential", "lanes": 2.0, "maxspeed": 50.0, "surface": "asphalt", "oneway": null }, "geometry": { "type": "LineString", "coordinates": [ [ 8.671623, 49.3965007 ], [ 8.6716827, 49.3964839 ], [ 8.6719201, 49.3964222 ] ] } },
{ "type": "Feature", "properties": { "osm_id": 253242050, "name": "Carl-Friedrich-Gauß-Ring", "highway": "residential", "klass": "residential", "lanes": 1.0, "maxspeed": 50.0, "surface": "asphalt", "oneway": "yes" }, "geometry": { "type": "LineString", "coordinates": [ [ 8.671095, 49.396568 ], [ 8.671198, 49.3965466 ], [ 8.6713028, 49.3965269 ] ] } },
{ "type": "Feature", "properties": { "osm_id": 253242051, "name": "Carl-Friedrich-Gauß-Ring", "highway": "residential", "klass": "residential", "lanes": 1.0, "maxspeed": null, "surface": "asphalt", "oneway": "yes" }, "geometry": { "type": "LineString", "coordinates": [ [ 8.671623, 49.3965007 ], [ 8.6714641, 49.3966121 ], [ 8.6714479, 49.3966419 ] ] } },
{ "type": "Feature", "properties": { "osm_id": 253242052, "name": "Baumschulenweg", "highway": "tertiary", "klass": "tertiary", "lanes": 2.0, "maxspeed": 50.0, "surface": "asphalt", "oneway": "yes" }, "geometry": { "type": "LineString", "coordinates": [ [ 8.6702495, 49.3967858 ], [ 8.6705493, 49.3967133 ], [ 8.6705744, 49.3967065 ], [ 8.6707429, 49.3966618 ], [ 8.6707878, 49.3966534 ] ] } },
{ "type": "Feature", "properties": { "osm_id": 253246176, "name": "Carl-Benz-Straße", "highway": "secondary", "klass": "secondary", "lanes": 1.0, "maxspeed": 50.0, "surface": "asphalt", "oneway": "yes" }, "geometry": { "type": "LineString", "coordinates": [ [ 8.6782238, 49.3992739 ], [ 8.6785136, 49.3989334 ], [ 8.67856, 49.3988803 ], [ 8.6785785, 49.3988591 ], [ 8.6787811, 49.3986106 ], [ 8.6789714, 49.3983861 ], [ 8.6790769, 49.3982633 ], [ 8.6791385, 49.3981934 ] ] } },
{ "type": "Feature", "properties": { "osm_id": 253246179, "name": "Czernyring", "highway": "secondary", "klass": "secondary", "lanes": 2.0, "maxspeed": 50.0, "surface": "asphalt", "oneway": null }, "geometry": { "type": "LineString", "coordinates": [ [ 8.6788821, 49.4000564 ], [ 8.6784041, 49.4002156 ], [ 8.6783992, 49.4002173 ] ] } },
{ "type": "Feature", "properties": { "osm_id": 253246187, "name": "Langer Anger", "highway": "residential", "klass": "residential", "lanes": 3.0, "maxspeed": 50.0, "surface": "asphalt", "oneway": null }, "geometry": { "type": "LineString", "coordinates": [ [ 8.6735777, 49.3981936 ], [ 8.673588, 49.3981867 ], [ 8.6736464, 49.3981471 ] ] } },
{ "type": "Feature", "properties": { "osm_id": 253246189, "name": "Rudolf-Diesel-Straße", "highway": "residential", "klass": "residential", "lanes": 2.0, "maxspeed": 50.0, "surface": "asphalt", "oneway": null }, "geometry": { "type": "LineString", "coordinates": [ [ 8.6744408, 49.3976675 ], [ 8.6749177, 49.3974133 ], [ 8.6749433, 49.3973992 ], [ 8.6753758, 49.3971439 ], [ 8.6754485, 49.397102 ], [ 8.6755684, 49.3970318 ], [ 8.6766129, 49.396406 ], [ 8.6766786, 49.3963649 ] ] } },
{ "type": "Feature", "properties": { "osm_id": 253246190, "name": "Speyerer Straße", "highway": "primary", "klass": "primary", "lanes": 3.0, "maxspeed": 50.0, "surface": "asphalt", "oneway": "yes" }, "geometry": { "type": "LineString", "coordinates": [ [ 8.6762329, 49.3994182 ], [ 8.6757897, 49.3991888 ] ] } },
{ "type": "Feature", "properties": { "osm_id": 253246191, "name": "Speyerer Straße", "highway": "primary", "klass": "primary", "lanes": 3.0, "maxspeed": 50.0, "surface": "asphalt", "oneway": "yes" }, "geometry": { "type": "LineString", "coordinates": [ [ 8.6757352, 49.3989927 ], [ 8.6758561, 49.3990516 ], [ 8.6760296, 49.3991366 ], [ 8.6761949, 49.3992233 ], [ 8.6763561, 49.399315 ], [ 8.6765207, 49.3994083 ] ] } },
{ "type": "Feature", "properties": { "osm_id": 253246192, "name": "Speyerer Straße", "highway": "primary", "klass": "primary", "lanes": 2.0, "maxspeed": 50.0, "surface": "asphalt", "oneway": "yes" }, "geometry": { "type": "LineString", "coordinates": [ [ 8.6755898, 49.3990841 ], [ 8.6752916, 49.3989361 ] ] } },
{ "type": "Feature", "properties": { "osm_id": 253246193, "name": "Speyerer Straße", "highway": "primary", "klass": "primary", "lanes": 2.0, "maxspeed": 50.0, "surface": "asphalt", "oneway": "yes" }, "geometry": { "type": "LineString", "coordinates": [ [ 8.6727599, 49.3974244 ], [ 8.6729439, 49.3975625 ], [ 8.6731035, 49.3976588 ] ] } },
{ "type": "Feature", "properties": { "osm_id": 253246194, "name": "Speyerer Straße", "highway": "primary", "klass": "primary", "lanes": 2.0, "maxspeed": 50.0, "surface": "asphalt", "oneway": "yes" }, "geometry": { "type": "LineString", "coordinates": [ [ 8.6749338, 49.3987624 ], [ 8.674616, 49.3985959 ], [ 8.6744447, 49.3985065 ] ] } },
{ "type": "Feature", "properties": { "osm_id": 253246195, "name": "Speyerer Straße", "highway": "primary", "klass": "primary", "lanes": 3.0, "maxspeed": 50.0, "surface": "asphalt", "oneway": "yes" }, "geometry": { "type": "LineString", "coordinates": [ [ 8.6746497, 49.3984623 ], [ 8.6747376, 49.3985041 ], [ 8.6749337, 49.3986015 ], [ 8.6754424, 49.3988523 ], [ 8.675516, 49.3988894 ], [ 8.6756002, 49.3989301 ], [ 8.6757352, 49.3989927 ] ] } },
{ "type": "Feature", "properties": { "osm_id": 253246196, "name": "Speyerer Straße", "highway": "primary", "klass": "primary", "lanes": 4.0, "maxspeed": 50.0, "surface": "asphalt", "oneway": "yes" }, "geometry": { "type": "LineString", "coordinates": [ [ 8.6765207, 49.3994083 ], [ 8.6766732, 49.3994925 ], [ 8.676834, 49.3995765 ], [ 8.6770751, 49.3997098 ], [ 8.6773359, 49.3998638 ], [ 8.6773881, 49.3998937 ], [ 8.6773969, 49.3998987 ], [ 8.6774004, 49.3999007 ], [ 8.6774624, 49.3999362 ], [ 8.6775229, 49.3999627 ] ] } },
{ "type": "Feature", "properties": { "osm_id": 253246197, "name": "Speyerer Straße", "highway": "primary", "klass": "primary", "lanes": 3.0, "maxspeed": 50.0, "surface": "asphalt", "oneway": "yes" }, "geometry": { "type": "LineString", "coordinates": [ [ 8.6731035, 49.3976588 ], [ 8.6732543, 49.3977417 ], [ 8.6735946, 49.3979254 ], [ 8.6736312, 49.3979436 ], [ 8.6736486, 49.3979523 ], [ 8.6737524, 49.3980044 ], [ 8.6738138, 49.3980337 ] ] } },
{ "type": "Feature", "properties": { "osm_id": 253246198, "name": "Speyerer Straße", "highway": "primary", "klass": "primary", "lanes": 3.0, "maxspeed": 50.0, "surface": "asphalt", "oneway": "yes" }, "geometry": { "type": "LineString", "coordinates": [ [ 8.6744447, 49.3985065 ], [ 8.6742372, 49.3984013 ], [ 8.6740913, 49.3983188 ], [ 8.6739085, 49.3982216 ], [ 8.673874, 49.3982031 ], [ 8.6737791, 49.3981487 ], [ 8.6737032, 49.3981086 ] ] } },
{ "type": "Feature", "properties": { "osm_id": 253246199, "name": "Speyerer Straße", "highway": "primary", "klass": "primary", "lanes": 2.0, "maxspeed": 50.0, "surface": "asphalt", "oneway": "yes" }, "geometry": { "type": "LineString", "coordinates": [ [ 8.6737032, 49.3981086 ], [ 8.673648, 49.3980793 ], [ 8.673541, 49.39802 ], [ 8.6733239, 49.3979109 ], [ 8.6729726, 49.3977196 ], [ 8.672803, 49.3976121 ], [ 8.6726942, 49.3975305 ], [ 8.6725797, 49.3974359 ], [ 8.6724683, 49.3973644 ], [ 8.6721562, 49.3971898 ] ] } },
{ "type": "Feature", "properties": { "osm_id": 253470289, "name": null, "highway": "primary", "klass": "primary", "lanes": 2.0, "maxspeed": 50.0, "surface": "asphalt", "oneway": "yes" }, "geometry": { "type": "LineString", "coordinates": [ [ 8.6697052, 49.408873 ], [ 8.6697369, 49.4089136 ] ] } },
{ "type": "Feature", "properties": { "osm_id": 253470290, "name": null, "highway": "trunk", "klass": "trunk", "lanes": 3.0, "maxspeed": 50.0, "surface": "asphalt", "oneway": "yes" }, "geometry": { "type": "LineString", "coordinates": [ [ 8.6667554, 49.4081755 ], [ 8.6674716, 49.4081206 ] ] } },
{ "type": "Feature", "properties": { "osm_id": 253470291, "name": null, "highway": "primary", "klass": "primary", "lanes": 2.0, "maxspeed": 50.0, "surface": "asphalt", "oneway": "yes" }, "geometry": { "type": "LineString", "coordinates": [ [ 8.6695066, 49.4088389 ], [ 8.6692209, 49.4083734 ] ] } },
{ "type": "Feature", "properties": { "osm_id": 253470292, "name": null, "highway": "trunk", "klass": "trunk", "lanes": 3.0, "maxspeed": 50.0, "surface": "asphalt", "oneway": "yes" }, "geometry": { "type": "LineString", "coordinates": [ [ 8.6674716, 49.4081206 ], [ 8.6677943, 49.4081057 ] ] } },
{ "type": "Feature", "properties": { "osm_id": 253470293, "name": null, "highway": "primary", "klass": "primary", "lanes": 2.0, "maxspeed": 50.0, "surface": "asphalt", "oneway": "yes" }, "geometry": { "type": "LineString", "coordinates": [ [ 8.669411, 49.4083883 ], [ 8.6697052, 49.408873 ] ] } },
{ "type": "Feature", "properties": { "osm_id": 253470294, "name": null, "highway": "primary", "klass": "primary", "lanes": 2.0, "maxspeed": 50.0, "surface": "asphalt", "oneway": "yes" }, "geometry": { "type": "LineString", "coordinates": [ [ 8.6690116, 49.4082102 ], [ 8.6689052, 49.4081739 ] ] } },
{ "type": "Feature", "properties": { "osm_id": 253470295, "name": null, "highway": "primary", "klass": "primary", "lanes": 2.0, "maxspeed": 50.0, "surface": "asphalt", "oneway": "yes" }, "geometry": { "type": "LineString", "coordinates": [ [ 8.6697165, 49.4091362 ], [ 8.6696763, 49.4091057 ], [ 8.6696477, 49.4090688 ], [ 8.6695066, 49.4088389 ] ] } },
{ "type": "Feature", "properties": { "osm_id": 253470296, "name": null, "highway": "primary", "klass": "primary", "lanes": 2.0, "maxspeed": 50.0, "surface": "asphalt", "oneway": "yes" }, "geometry": { "type": "LineString", "coordinates": [ [ 8.6692209, 49.4083734 ], [ 8.6691963, 49.4083334 ], [ 8.6691624, 49.408292 ], [ 8.6691343, 49.4082702 ], [ 8.6690779, 49.4082392 ], [ 8.6690116, 49.4082102 ] ] } },
{ "type": "Feature", "properties": { "osm_id": 253470297, "name": null, "highway": "primary", "klass": "primary", "lanes": 2.0, "maxspeed": 50.0, "surface": "asphalt", "oneway": "yes" }, "geometry": { "type": "LineString", "coordinates": [ [ 8.6697369, 49.4089136 ], [ 8.6697658, 49.4089417 ], [ 8.6698181, 49.4089816 ], [ 8.6698685, 49.4090125 ] ] } },
{ "type": "Feature", "properties": { "osm_id": 253470298, "name": "Bergheimer Straße", "highway": "secondary", "klass": "secondary", "lanes": 3.0, "maxspeed": 30.0, "surface": "asphalt", "oneway": "yes" }, "geometry": { "type": "LineString", "coordinates": [ [ 8.6698443, 49.4080808 ], [ 8.6697163, 49.4080871 ], [ 8.6695066, 49.4081058 ] ] } },
{ "type": "Feature", "properties": { "osm_id": 253470299, "name": "Bergheimer Straße", "highway": "secondary", "klass": "secondary", "lanes": 2.0, "maxspeed": 30.0, "surface": "asphalt", "oneway": "yes" }, "geometry": { "type": "LineString", "coordinates": [ [ 8.6692044, 49.4081424 ], [ 8.668976, 49.4081674 ], [ 8.6689052, 49.4081739 ] ] } },
{ "type": "Feature", "properties": { "osm_id": 253470300, "name": "Bergheimer Straße", "highway": "secondary", "klass": "secondary", "lanes": 2.0, "maxspeed": 30.0, "surface": "asphalt", "oneway": "yes" }, "geometry": { "type": "LineString", "coordinates": [ [ 8.6704034, 49.4080651 ], [ 8.6702623, 49.4080678 ], [ 8.6698443, 49.4080808 ] ] } },
{ "type": "Feature", "properties": { "osm_id": 253470301, "name": "Bergheimer Straße", "highway": "secondary", "klass": "secondary", "lanes": 2.0, "maxspeed": 30.0, "surface": "asphalt", "oneway": "yes" }, "geometry": { "type": "LineString", "coordinates": [ [ 8.6695066, 49.4081058 ], [ 8.669362, 49.4081197 ], [ 8.6692926, 49.408128 ], [ 8.6692044, 49.4081424 ] ] } },
{ "type": "Feature", "properties": { "osm_id": 253470302, "name": "Bergheimer Straße", "highway": "secondary", "klass": "secondary", "lanes": 2.0, "maxspeed": 30.0, "surface": "asphalt", "oneway": "yes" }, "geometry": { "type": "LineString", "coordinates": [ [ 8.669181, 49.4080252 ], [ 8.6702048, 49.407983 ], [ 8.6702572, 49.4079811 ], [ 8.6702924, 49.4079799 ], [ 8.6704052, 49.4079798 ] ] } },
{ "type": "Feature", "properties": { "osm_id": 253470303, "name": "Iqbal-Ufer", "highway": "primary", "klass": "primary", "lanes": 4.0, "maxspeed": 50.0, "surface": "asphalt", "oneway": null }, "geometry": { "type": "LineString", "coordinates": [ [ 8.6753314, 49.4094028 ], [ 8.6755729, 49.4095506 ], [ 8.6756237, 49.409577 ] ] } },
{ "type": "Feature", "properties": { "osm_id": 253470304, "name": "Iqbal-Ufer", "highway": "primary", "klass": "primary", "lanes": 2.0, "maxspeed": 50.0, "surface": "asphalt", "oneway": null }, "geometry": { "type": "LineString", "coordinates": [ [ 8.6801287, 49.4098827 ], [ 8.6815457, 49.4099618 ], [ 8.6819429, 49.4099748 ] ] } },
{ "type": "Feature", "properties": { "osm_id": 253470305, "name": "Iqbal-Ufer", "highway": "primary", "klass": "primary", "lanes": 3.0, "maxspeed": 50.0, "surface": "asphalt", "oneway": "no" }, "geometry": { "type": "LineString", "coordinates": [ [ 8.6756237, 49.409577 ], [ 8.675702, 49.4096111 ], [ 8.6758337, 49.4096544 ], [ 8.6760082, 49.4096882 ], [ 8.6762462, 49.4097119 ], [ 8.6766195, 49.409731 ], [ 8.6770802, 49.4097383 ], [ 8.6778902, 49.409743 ] ] } },
{ "type": "Feature", "properties": { "osm_id": 253470306, "name": "Mittermaierstraße", "highway": "primary", "klass": "primary", "lanes": 2.0, "maxspeed": 50.0, "surface": "asphalt", "oneway": "yes" }, "geometry": { "type": "LineString", "coordinates": [ [ 8.6767194, 49.4088064 ], [ 8.6767212, 49.4087477 ], [ 8.6767318, 49.4083943 ] ] } },
{ "type": "Feature", "properties": { "osm_id": 253470307, "name": "Mittermaierstraße", "highway": "primary", "klass": "primary", "lanes": 3.0, "maxspeed": 50.0, "surface": "asphalt", "oneway": "yes" }, "geometry": { "type": "LineString", "coordinates": [ [ 8.676693, 49.4094612 ], [ 8.6766994, 49.4091148 ] ] } },
{ "type": "Feature", "properties": { "osm_id": 253470308, "name": "Mittermaierstraße", "highway": "primary", "klass": "primary", "lanes": 2.0, "maxspeed": 50.0, "surface": "asphalt", "oneway": "yes" }, "geometry": { "type": "LineString", "coordinates": [ [ 8.6766994, 49.4091148 ], [ 8.6767083, 49.4089695 ], [ 8.6767117, 49.408937 ], [ 8.6767194, 49.4088064 ] ] } },
{ "type": "Feature", "properties": { "osm_id": 253470309, "name": "Ringstraße", "highway": "primary", "klass": "primary", "lanes": 2.0, "maxspeed": 30.0, "surface": "asphalt", "oneway": "yes" }, "geometry": { "type": "LineString", "coordinates": [ [ 8.6808604, 49.4025324 ], [ 8.681064, 49.4027369 ], [ 8.6811816, 49.4028364 ] ] } },
{ "type": "Feature", "properties": { "osm_id": 253470310, "name": "Vangerowstraße", "highway": "tertiary", "klass": "tertiary", "lanes": 4.0, "maxspeed": 50.0, "surface": "asphalt", "oneway": "yes" }, "geometry": { "type": "LineString", "coordinates": [ [ 8.6690408, 49.4092434 ], [ 8.6691286, 49.4092286 ] ] } },
{ "type": "Feature", "properties": { "osm_id": 253470311, "name": "Vangerowstraße", "highway": "tertiary", "klass": "tertiary", "lanes": 1.0, "maxspeed": 50.0, "surface": "asphalt", "oneway": "yes" }, "geometry": { "type": "LineString", "coordinates": [ [ 8.6690855, 49.4093098 ], [ 8.6686075, 49.4093724 ] ] } },
{ "type": "Feature", "properties": { "osm_id": 253470312, "name": "Vangerowstraße", "highway": "primary", "klass": "primary", "lanes": 2.0, "maxspeed": 50.0, "surface": "asphalt", "oneway": "yes" }, "geometry": { "type": "LineString", "coordinates": [ [ 8.6700973, 49.4090808 ], [ 8.6703788, 49.4090597 ] ] } },
{ "type": "Feature", "properties": { "osm_id": 253470313, "name": "Vangerowstraße", "highway": "tertiary", "klass": "tertiary", "lanes": 3.0, "maxspeed": 50.0, "surface": "asphalt", "oneway": "yes" }, "geometry": { "type": "LineString", "coordinates": [ [ 8.6685921, 49.409317 ], [ 8.6690408, 49.4092434 ] ] } },
{ "type": "Feature", "properties": { "osm_id": 253470314, "name": "Vangerowstraße", "highway": "tertiary", "klass": "tertiary", "lanes": 2.0, "maxspeed": 50.0, "surface": "asphalt", "oneway": "yes" }, "geometry": { "type": "LineString", "coordinates": [ [ 8.6698171, 49.409121 ], [ 8.6700973, 49.4090808 ] ] } },
{ "type": "Feature", "properties": { "osm_id": 253470315, "name": "Vangerowstraße", "highway": "tertiary", "klass": "tertiary", "lanes": 2.0, "maxspeed": 50.0, "surface": "asphalt", "oneway": "yes" }, "geometry": { "type": "LineString", "coordinates": [ [ 8.668215, 49.4093967 ], [ 8.6685921, 49.409317 ] ] } },
{ "type": "Feature", "properties": { "osm_id": 253470316, "name": "Vangerowstraße", "highway": "tertiary", "klass": "tertiary", "lanes": 2.0, "maxspeed": 50.0, "surface": "asphalt", "oneway": "yes" }, "geometry": { "type": "LineString", "coordinates": [ [ 8.6686075, 49.4093724 ], [ 8.668215, 49.4093967 ] ] } },
{ "type": "Feature", "properties": { "osm_id": 253470317, "name": "Vangerowstraße", "highway": "tertiary", "klass": "tertiary", "lanes": 3.0, "maxspeed": 50.0, "surface": "asphalt", "oneway": "yes" }, "geometry": { "type": "LineString", "coordinates": [ [ 8.6697165, 49.4091362 ], [ 8.6697695, 49.4091286 ], [ 8.6698171, 49.409121 ] ] } },
{ "type": "Feature", "properties": { "osm_id": 253470318, "name": "Vangerowstraße", "highway": "primary", "klass": "primary", "lanes": 4.0, "maxspeed": 50.0, "surface": "asphalt", "oneway": null }, "geometry": { "type": "LineString", "coordinates": [ [ 8.6725677, 49.4088352 ], [ 8.6729502, 49.4088326 ], [ 8.6730851, 49.4088312 ], [ 8.6736515, 49.408825 ], [ 8.6737564, 49.4088256 ] ] } },
{ "type": "Feature", "properties": { "osm_id": 253470319, "name": "Vangerowstraße", "highway": "primary", "klass": "primary", "lanes": 5.0, "maxspeed": 50.0, "surface": "asphalt", "oneway": null }, "geometry": { "type": "LineString", "coordinates": [ [ 8.6741513, 49.4088561 ], [ 8.6743191, 49.4088857 ] ] } },
{ "type": "Feature", "properties": { "osm_id": 253470320, "name": "Vangerowstraße", "highway": "tertiary", "klass": "tertiary", "lanes": 1.0, "maxspeed": 50.0, "surface": "asphalt", "oneway": "yes" }, "geometry": { "type": "LineString", "coordinates": [ [ 8.6698495, 49.4091927 ], [ 8.669521, 49.4092498 ], [ 8.6693353, 49.4092766 ], [ 8.6690855, 49.4093098 ] ] } },
{ "type": "Feature", "properties": { "osm_id": 253470321, "name": "Vangerowstraße", "highway": "primary", "klass": "primary", "lanes": 2.0, "maxspeed": 50.0, "surface": "asphalt", "oneway": "yes" }, "geometry": { "type": "LineString", "coordinates": [ [ 8.675999, 49.4088795 ], [ 8.6757619, 49.4088748 ], [ 8.6755796, 49.4088555 ] ] } },
{ "type": "Feature", "properties": { "osm_id": 253470322, "name": "Vangerowstraße", "highway": "primary", "klass": "primary", "lanes": 4.0, "maxspeed": 50.0, "surface": "asphalt", "oneway": null }, "geometry": { "type": "LineString", "coordinates": [ [ 8.6708108, 49.4090137 ], [ 8.6714697, 49.4089139 ], [ 8.6715739, 49.4089012 ], [ 8.6718715, 49.4088679 ], [ 8.6721112, 49.4088528 ], [ 8.6723564, 49.4088428 ] ] } },
{ "type": "Feature", "properties": { "osm_id": 253470323, "name": "Vangerowstraße", "highway": "primary", "klass": "primary", "lanes": 2.0, "maxspeed": 50.0, "surface": "asphalt", "oneway": "yes" }, "geometry": { "type": "LineString", "coordinates": [ [ 8.6754505, 49.4088435 ], [ 8.6751703, 49.4088478 ], [ 8.6751203, 49.4088526 ], [ 8.6750159, 49.4088772 ], [ 8.6749179, 49.4089067 ], [ 8.6748712, 49.4089248 ], [ 8.6748169, 49.4089475 ], [ 8.6747135, 49.4090064 ] ] } },
{ "type": "Feature", "properties": { "osm_id": 253470324, "name": null, "highway": "primary", "klass": "primary", "lanes": 1.0, "maxspeed": 50.0, "surface": "asphalt", "oneway": "yes" }, "geometry": { "type": "LineString", "coordinates": [ [ 8.6698171, 49.409121 ], [ 8.6698495, 49.4091927 ] ] } },
{ "type": "Feature", "properties": { "osm_id": 253470325, "name": null, "highway": "primary_link", "klass": "primary", "lanes": 1.0, "maxspeed": 50.0, "surface": "asphalt", "oneway": "yes" }, "geometry": { "type": "LineString", "coordinates": [ [ 8.6785062, 49.4094948 ], [ 8.6786448, 49.4096797 ], [ 8.6788027, 49.4097849 ] ] } },
{ "type": "Feature", "properties": { "osm_id": 253470326, "name": null, "highway": "secondary_link", "klass": "secondary", "lanes": 1.0, "maxspeed": null, "surface": "asphalt", "oneway": "yes" }, "geometry": { "type": "LineString", "coordinates": [ [ 8.6695066, 49.4081058 ], [ 8.6694578, 49.4081285 ], [ 8.669416, 49.4081565 ], [ 8.6693823, 49.4081888 ], [ 8.6693628, 49.4082157 ], [ 8.669349, 49.4082439 ], [ 8.6693411, 49.4082731 ] ] } },
{ "type": "Feature", "properties": { "osm_id": 253983074, "name": null, "highway": "primary_link", "klass": "primary", "lanes": 1.0, "maxspeed": 50.0, "surface": "asphalt", "oneway": "yes" }, "geometry": { "type": "LineString", "coordinates": [ [ 8.6922942, 49.4112652 ], [ 8.6922074, 49.4112934 ], [ 8.692161, 49.4112974 ], [ 8.6921107, 49.411293 ], [ 8.69199, 49.4112703 ] ] } },
{ "type": "Feature", "properties": { "osm_id": 253987743, "name": "Am Hackteufel", "highway": "primary", "klass": "primary", "lanes": 1.0, "maxspeed": 50.0, "surface": "asphalt", "oneway": "yes" }, "geometry": { "type": "LineString", "coordinates": [ [ 8.7165598, 49.4142353 ], [ 8.7162622, 49.4141697 ] ] } },
{ "type": "Feature", "properties": { "osm_id": 253987744, "name": "Am Hackteufel", "highway": "primary", "klass": "primary", "lanes": 2.0, "maxspeed": 50.0, "surface": "asphalt", "oneway": "yes" }, "geometry": { "type": "LineString", "coordinates": [ [ 8.7176057, 49.414432 ], [ 8.7172958, 49.414364 ] ] } },
{ "type": "Feature", "properties": { "osm_id": 253987745, "name": "Am Hackteufel", "highway": "primary", "klass": "primary", "lanes": 3.0, "maxspeed": 50.0, "surface": "asphalt", "oneway": "yes" }, "geometry": { "type": "LineString", "coordinates": [ [ 8.7176565, 49.4143578 ], [ 8.7178994, 49.4144053 ] ] } },
{ "type": "Feature", "properties": { "osm_id": 253987746, "name": "Am Hackteufel", "highway": "primary", "klass": "primary", "lanes": 3.0, "maxspeed": 50.0, "surface": "asphalt", "oneway": "yes" }, "geometry": { "type": "LineString", "coordinates": [ [ 8.716572, 49.4141858 ], [ 8.7166258, 49.4141935 ], [ 8.7170922, 49.4142606 ] ] } },
{ "type": "Feature", "properties": { "osm_id": 253987747, "name": "Am Hackteufel", "highway": "primary", "klass": "primary", "lanes": 2.0, "maxspeed": 50.0, "surface": "asphalt", "oneway": "yes" }, "geometry": { "type": "LineString", "coordinates": [ [ 8.7172958, 49.414364 ], [ 8.7170967, 49.4143228 ], [ 8.7168986, 49.41429 ], [ 8.7165598, 49.4142353 ] ] } },
{ "type": "Feature", "properties": { "osm_id": 253987748, "name": "Am Karlstor", "highway": "secondary", "klass": "secondary", "lanes": 1.0, "maxspeed": 50.0, "surface": "asphalt", "oneway": "yes" }, "geometry": { "type": "LineString", "coordinates": [ [ 8.7177177, 49.4144256 ], [ 8.7176988, 49.4144047 ], [ 8.7176565, 49.4143578 ] ] } },
{ "type": "Feature", "properties": { "osm_id": 253987749, "name": "Am Karlstor", "highway": "secondary", "klass": "secondary", "lanes": 1.0, "maxspeed": 50.0, "surface": "asphalt", "oneway": "yes" }, "geometry": { "type": "LineString", "coordinates": [ [ 8.7177677, 49.4144732 ], [ 8.7177177, 49.4144256 ] ] } },
{ "type": "Feature", "properties": { "osm_id": 253987750, "name": "Am Karlstor", "highway": "secondary", "klass": "secondary", "lanes": 3.0, "maxspeed": 50.0, "surface": "asphalt", "oneway": "yes" }, "geometry": { "type": "LineString", "coordinates": [ [ 8.7180019, 49.4137355 ], [ 8.7181046, 49.4138278 ], [ 8.7181598, 49.4138798 ], [ 8.7182093, 49.4139343 ] ] } },
{ "type": "Feature", "properties": { "osm_id": 253987752, "name": "Am Karlstor", "highway": "secondary_link", "klass": "secondary", "lanes": 2.0, "maxspeed": 50.0, "surface": "asphalt", "oneway": "yes" }, "geometry": { "type": "LineString", "coordinates": [ [ 8.7177177, 49.4144256 ], [ 8.7176057, 49.414432 ] ] } },
{ "type": "Feature", "properties": { "osm_id": 253987753, "name": "Am Karlstor", "highway": "secondary_link", "klass": "secondary", "lanes": 2.0, "maxspeed": 50.0, "surface": "asphalt", "oneway": "yes" }, "geometry": { "type": "LineString", "coordinates": [ [ 8.7178994, 49.4144053 ], [ 8.7177873, 49.4144192 ], [ 8.7177727, 49.4144206 ], [ 8.7177177, 49.4144256 ] ] } },
{ "type": "Feature", "properties": { "osm_id": 253987754, "name": "Am Karlstor", "highway": "secondary_link", "klass": "secondary", "lanes": 2.0, "maxspeed": 50.0, "surface": "asphalt", "oneway": "yes" }, "geometry": { "type": "LineString", "coordinates": [ [ 8.7183026, 49.4141628 ], [ 8.7182925, 49.4141889 ], [ 8.718277, 49.4142149 ], [ 8.7182583, 49.4142377 ], [ 8.7182381, 49.4142583 ], [ 8.7182141, 49.4142751 ] ] } },
{ "type": "Feature", "properties": { "osm_id": 253987755, "name": "Am Karlstor", "highway": "secondary_link", "klass": "secondary", "lanes": 2.0, "maxspeed": 50.0, "surface": "asphalt", "oneway": "yes" }, "geometry": { "type": "LineString", "coordinates": [ [ 8.7182141, 49.4142751 ], [ 8.7181717, 49.4143065 ], [ 8.7181332, 49.4143294 ], [ 8.7180918, 49.4143499 ], [ 8.7180191, 49.414378 ], [ 8.7179861, 49.4143862 ], [ 8.7179669, 49.414391 ], [ 8.7178994, 49.4144053 ] ] } },
{ "type": "Feature", "properties": { "osm_id": 253987756, "name": "Schlierbacher Landstraße", "highway": "primary", "klass": "primary", "lanes": 2.0, "maxspeed": 50.0, "surface": "asphalt", "oneway": "yes" }, "geometry": { "type": "LineString", "coordinates": [ [ 8.7177677, 49.4144732 ], [ 8.7176057, 49.414432 ] ] } },
{ "type": "Feature", "properties": { "osm_id": 253987757, "name": "Schlierbacher Landstraße", "highway": "primary", "klass": "primary", "lanes": 2.0, "maxspeed": 50.0, "surface": "asphalt", "oneway": "yes" }, "geometry": { "type": "LineString", "coordinates": [ [ 8.7195346, 49.4151086 ], [ 8.7192485, 49.415003 ] ] } },
{ "type": "Feature", "properties": { "osm_id": 253987758, "name": "Schlierbacher Landstraße", "highway": "primary", "klass": "primary", "lanes": 2.0, "maxspeed": 50.0, "surface": "asphalt", "oneway": "yes" }, "geometry": { "type": "LineString", "coordinates": [ [ 8.7202553, 49.4153777 ], [ 8.720082, 49.4153168 ], [ 8.7198947, 49.415247 ], [ 8.7195346, 49.4151086 ] ] } },
{ "type": "Feature", "properties": { "osm_id": 253987759, "name": "Schlierbacher Landstraße", "highway": "primary", "klass": "primary", "lanes": 3.0, "maxspeed": 50.0, "surface": "asphalt", "oneway": "yes" }, "geometry": { "type": "LineString", "coordinates": [ [ 8.7184882, 49.4147014 ], [ 8.7183286, 49.4146449 ], [ 8.7182268, 49.4146108 ], [ 8.7181604, 49.4145885 ], [ 8.7179898, 49.414536 ], [ 8.7179407, 49.4145196 ] ] } },
{ "type": "Feature", "properties": { "osm_id": 253992099, "name": "Schlierbacher Landstraße", "highway": "primary", "klass": "primary", "lanes": 2.0, "maxspeed": 50.0, "surface": "asphalt", "oneway": "yes" }, "geometry": { "type": "LineString", "coordinates": [ [ 8.7192485, 49.415003 ], [ 8.7189698, 49.4148896 ], [ 8.7187205, 49.4147901 ], [ 8.7184882, 49.4147014 ] ] } },
{ "type": "Feature", "properties": { "osm_id": 254010807, "name": "Am Brückentor", "highway": "residential", "klass": "residential", "lanes": null, "maxspeed": null, "surface": "sett", "oneway": null }, "geometry": { "type": "LineString", "coordinates": [ [ 8.7076928, 49.4134551 ], [ 8.7076905, 49.4134264 ], [ 8.7076917, 49.4134024 ], [ 8.7076941, 49.4133882 ], [ 8.7077, 49.4133714 ] ] } },
{ "type": "Feature", "properties": { "osm_id": 254010808, "name": "Am Hackteufel", "highway": "primary", "klass": "primary", "lanes": 2.0, "maxspeed": 50.0, "surface": "asphalt", "oneway": null }, "geometry": { "type": "LineString", "coordinates": [ [ 8.7150105, 49.4139963 ], [ 8.7150984, 49.4140082 ], [ 8.715479, 49.4140598 ], [ 8.7158315, 49.4141076 ], [ 8.7162622, 49.4141697 ] ] } },
{ "type": "Feature", "properties": { "osm_id": 254010809, "name": "Am Karlstor", "highway": "secondary_link", "klass": "secondary", "lanes": 1.0, "maxspeed": 50.0, "surface": "asphalt", "oneway": "yes" }, "geometry": { "type": "LineString", "coordinates": [ [ 8.7173263, 49.4142081 ], [ 8.7173559, 49.4141978 ], [ 8.7173761, 49.4141882 ], [ 8.7174069, 49.4141691 ], [ 8.7174343, 49.4141499 ], [ 8.7174639, 49.4141236 ], [ 8.7175389, 49.4140992 ] ] } },
{ "type": "Feature", "properties": { "osm_id": 254010810, "name": "Neckarstaden", "highway": "primary", "klass": "primary", "lanes": 1.0, "maxspeed": 50.0, "surface": "asphalt", "oneway": "yes" }, "geometry": { "type": "LineString", "coordinates": [ [ 8.7076928, 49.4134551 ], [ 8.7078076, 49.4134484 ], [ 8.7079042, 49.4134429 ], [ 8.7081103, 49.4134343 ], [ 8.7082632, 49.4134294 ], [ 8.7083778, 49.4134272 ], [ 8.7085177, 49.4134302 ], [ 8.7085575, 49.4134313 ], [ 8.7086096, 49.4134332 ], [ 8.7087056, 49.4134368 ], [ 8.7088348, 49.4134432 ] ] } },
{ "type": "Feature", "properties": { "osm_id": 254010811, "name": "Neckarstaden", "highway": "primary", "klass": "primary", "lanes": 1.0, "maxspeed": 50.0, "surface": "asphalt", "oneway": "yes" }, "geometry": { "type": "LineString", "coordinates": [ [ 8.6979808, 49.412072 ], [ 8.6980531, 49.4120795 ], [ 8.6981543, 49.4120955 ] ] } },
{ "type": "Feature", "properties": { "osm_id": 254010812, "name": "Neckarstaden", "highway": "primary", "klass": "primary", "lanes": 1.0, "maxspeed": 50.0, "surface": "asphalt", "oneway": "yes" }, "geometry": { "type": "LineString", "coordinates": [ [ 8.6981543, 49.4120955 ], [ 8.6985981, 49.4121923 ], [ 8.6988007, 49.4122517 ] ] } },
{ "type": "Feature", "properties": { "osm_id": 254010813, "name": "Neckarstaden", "highway": "primary", "klass": "primary", "lanes": 2.0, "maxspeed": 50.0, "surface": "asphalt", "oneway": null }, "geometry": { "type": "LineString", "coordinates": [ [ 8.7022781, 49.412803 ], [ 8.7027501, 49.4128713 ], [ 8.7027992, 49.4128784 ], [ 8.7035951, 49.4129934 ] ] } },
{ "type": "Feature", "properties": { "osm_id": 254010814, "name": "Neckarstaden", "highway": "primary", "klass": "primary", "lanes": 2.0, "maxspeed": 50.0, "surface": "asphalt", "oneway": null }, "geometry": { "type": "LineString", "coordinates": [ [ 8.6947865, 49.4116653 ], [ 8.6951914, 49.4117233 ], [ 8.6952405, 49.4117295 ], [ 8.6956382, 49.4117883 ], [ 8.6959363, 49.4118302 ], [ 8.6961903, 49.4118659 ], [ 8.6964185, 49.4118979 ], [ 8.6966477, 49.4119301 ], [ 8.6972211, 49.4120108 ], [ 8.6972997, 49.4120218 ], [ 8.6975551, 49.4120504 ] ] } },
{ "type": "Feature", "properties": { "osm_id": 254010815, "name": "Neckarstaden", "highway": "primary", "klass": "primary", "lanes": 2.0, "maxspeed": 50.0, "surface": "asphalt", "oneway": null }, "geometry": { "type": "LineString", "coordinates": [ [ 8.7000374, 49.4124991 ], [ 8.7006858, 49.412593 ], [ 8.7007431, 49.4125992 ], [ 8.7007712, 49.4126023 ], [ 8.7011844, 49.4126481 ], [ 8.7013347, 49.4126656 ], [ 8.7016029, 49.4127037 ], [ 8.7020143, 49.4127646 ], [ 8.7020931, 49.4127766 ], [ 8.7022781, 49.412803 ] ] } },
{ "type": "Feature", "properties": { "osm_id": 254010816, "name": "Theodor-Heuss-Brücke", "highway": "secondary", "klass": "secondary", "lanes": 2.0, "maxspeed": 50.0, "surface": "asphalt", "oneway": "yes" }, "geometry": { "type": "LineString", "coordinates": [ [ 8.6924341, 49.4125129 ], [ 8.692665, 49.41165 ], [ 8.6926754, 49.4116067 ], [ 8.6926776, 49.411566 ], [ 8.6926733, 49.4115266 ], [ 8.6926665, 49.4115029 ] ] } },
{ "type": "Feature", "properties": { "osm_id": 254017729, "name": "Neckarstaden", "highway": "primary", "klass": "primary", "lanes": 2.0, "maxspeed": 50.0, "surface": "asphalt", "oneway": null }, "geometry": { "type": "LineString", "coordinates": [ [ 8.6921349, 49.4114906 ], [ 8.6923067, 49.4115274 ], [ 8.6924606, 49.4115512 ], [ 8.6925529, 49.4115643 ], [ 8.6929916, 49.4116166 ], [ 8.6933063, 49.4116524 ], [ 8.6939809, 49.4117271 ], [ 8.6943756, 49.4117766 ], [ 8.6973772, 49.4122085 ] ] } },
{ "type": "Feature", "properties": { "osm_id": 254090246, "name": "Schwetzinger Terrasse", "highway": "living_street", "klass": "living_street", "lanes": null, "maxspeed": null, "surface": "asphalt", "oneway": "yes" }, "geometry": { "type": "LineString", "coordinates": [ [ 8.6713405, 49.3995751 ], [ 8.6713126, 49.3995399 ], [ 8.671196, 49.3993707 ], [ 8.6708427, 49.3988185 ] ] } },
{ "type": "Feature", "properties": { "osm_id": 254090261, "name": "Schwetzinger Terrasse", "highway": "living_street", "klass": "living_street", "lanes": null, "maxspeed": null, "surface": "paving_stones", "oneway": null }, "geometry": { "type": "LineString", "coordinates": [ [ 8.6707586, 49.3988168 ], [ 8.6706323, 49.3986425 ] ] } },
{ "type": "Feature", "properties": { "osm_id": 255320620, "name": "Handschuhsheimer Landstraße", "highway": "residential", "klass": "residential", "lanes": null, "maxspeed": 30.0, "surface": "asphalt", "oneway": "yes" }, "geometry": { "type": "LineString", "coordinates": [ [ 8.6889879, 49.4221904 ], [ 8.6888955, 49.4221909 ], [ 8.6888562, 49.4222009 ] ] } },
{ "type": "Feature", "properties": { "osm_id": 255584439, "name": "Schwetzinger Terrasse", "highway": "living_street", "klass": "living_street", "lanes": null, "maxspeed": null, "surface": "asphalt", "oneway": "yes" }, "geometry": { "type": "LineString", "coordinates": [ [ 8.6712347, 49.3986342 ], [ 8.6717376, 49.3990654 ], [ 8.6718872, 49.3991974 ], [ 8.6719178, 49.3992332 ] ] } },
{ "type": "Feature", "properties": { "osm_id": 255584440, "name": "Schwetzinger Terrasse", "highway": "living_street", "klass": "living_street", "lanes": null, "maxspeed": null, "surface": "asphalt", "oneway": "yes" }, "geometry": { "type": "LineString", "coordinates": [ [ 8.6708427, 49.3988185 ], [ 8.6712347, 49.3986342 ] ] } },
{ "type": "Feature", "properties": { "osm_id": 255584441, "name": "Schwetzinger Terrasse", "highway": "living_street", "klass": "living_street", "lanes": null, "maxspeed": null, "surface": "asphalt", "oneway": null }, "geometry": { "type": "LineString", "coordinates": [ [ 8.6711188, 49.3984355 ], [ 8.6712841, 49.3985845 ] ] } },
{ "type": "Feature", "properties": { "osm_id": 257385208, "name": "Carl-Bosch-Straße", "highway": "residential", "klass": "residential", "lanes": 2.0, "maxspeed": 10.0, "surface": "asphalt", "oneway": null }, "geometry": { "type": "LineString", "coordinates": [ [ 8.6815255, 49.3945056 ], [ 8.6814825, 49.3942827 ], [ 8.6814906, 49.3942427 ] ] } },
{ "type": "Feature", "properties": { "osm_id": 257385222, "name": "Langer Anger", "highway": "living_street", "klass": "living_street", "lanes": null, "maxspeed": null, "surface": "asphalt", "oneway": null }, "geometry": { "type": "LineString", "coordinates": [ [ 8.6727143, 49.3987571 ], [ 8.6725564, 49.3986168 ], [ 8.6722061, 49.3983242 ], [ 8.6721459, 49.3982738 ], [ 8.6719659, 49.3981152 ] ] } },
{ "type": "Feature", "properties": { "osm_id": 257466469, "name": "Schrebergartenweg", "highway": "residential", "klass": "residential", "lanes": null, "maxspeed": 20.0, "surface": "asphalt", "oneway": null }, "geometry": { "type": "LineString", "coordinates": [ [ 8.6782353, 49.3950014 ], [ 8.6780488, 49.3940568 ] ] } },
{ "type": "Feature", "properties": { "osm_id": 257466470, "name": "Kirchheimer Weg", "highway": "residential", "klass": "residential", "lanes": null, "maxspeed": 30.0, "surface": "asphalt", "oneway": null }, "geometry": { "type": "LineString", "coordinates": [ [ 8.6782353, 49.3950014 ], [ 8.6774423, 49.3953662 ] ] } },
{ "type": "Feature", "properties": { "osm_id": 257559744, "name": "Carl-Bosch-Straße", "highway": "residential", "klass": "residential", "lanes": 2.0, "maxspeed": 10.0, "surface": "asphalt", "oneway": null }, "geometry": { "type": "LineString", "coordinates": [ [ 8.6815376, 49.3946042 ], [ 8.6815255, 49.3945056 ] ] } },
{ "type": "Feature", "properties": { "osm_id": 257559745, "name": "Carl-Bosch-Straße", "highway": "residential", "klass": "residential", "lanes": 2.0, "maxspeed": 10.0, "surface": "sett", "oneway": null }, "geometry": { "type": "LineString", "coordinates": [ [ 8.68149, 49.3947901 ], [ 8.6815307, 49.3946711 ], [ 8.6815376, 49.3946042 ] ] } },
{ "type": "Feature", "properties": { "osm_id": 258562265, "name": "Auf dem Heiligenberg", "highway": "unclassified", "klass": "unclassified", "lanes": null, "maxspeed": null, "surface": "asphalt", "oneway": null }, "geometry": { "type": "LineString", "coordinates": [ [ 8.7058522, 49.4221316 ], [ 8.7058522, 49.4221219 ], [ 8.7058073, 49.4218398 ], [ 8.7057577, 49.4215369 ] ] } },
{ "type": "Feature", "properties": { "osm_id": 258562268, "name": "Gaiberger Weg", "highway": "tertiary", "klass": "tertiary", "lanes": 2.0, "maxspeed": 50.0, "surface": "asphalt", "oneway": null }, "geometry": { "type": "LineString", "coordinates": [ [ 8.7195342, 49.403264 ], [ 8.7195918, 49.4032224 ], [ 8.7196409, 49.4031723 ], [ 8.7196617, 49.4031177 ], [ 8.7196596, 49.4030626 ], [ 8.7196358, 49.4030143 ], [ 8.7195907, 49.4029645 ], [ 8.7195131, 49.4029213 ], [ 8.7193637, 49.4028657 ], [ 8.7191255, 49.4027886 ], [ 8.7188078, 49.4027036 ], [ 8.7186407, 49.4026629 ], [ 8.7182189, 49.4025671 ], [ 8.7177204, 49.4024601 ], [ 8.7173765, 49.4023879 ], [ 8.7171583, 49.4023467 ], [ 8.7169718, 49.4023144 ], [ 8.7167182, 49.4022755 ], [ 8.7165387, 49.4022515 ], [ 8.716394, 49.4022348 ], [ 8.7161122, 49.4022089 ], [ 8.7158866, 49.4021869 ], [ 8.7157567, 49.4021746 ], [ 8.7156669, 49.4021622 ], [ 8.7155872, 49.4021474 ], [ 8.7155136, 49.4021333 ], [ 8.7152588, 49.402075 ], [ 8.7146755, 49.4019331 ], [ 8.7140694, 49.4017921 ], [ 8.7139372, 49.4017604 ], [ 8.7138295, 49.4017345 ], [ 8.7135644, 49.4016759 ], [ 8.7134652, 49.4016492 ], [ 8.7133643, 49.4016081 ], [ 8.7133141, 49.4015816 ], [ 8.7132817, 49.4015574 ], [ 8.7132294, 49.4015047 ], [ 8.7132056, 49.4014571 ], [ 8.7131965, 49.4014043 ], [ 8.7132075, 49.4013523 ], [ 8.713227, 49.4013229 ], [ 8.7132494, 49.4012954 ] ] } },
{ "type": "Feature", "properties": { "osm_id": 258562271, "name": "Johannes-Hoops-Weg", "highway": "unclassified", "klass": "unclassified", "lanes": null, "maxspeed": null, "surface": "asphalt", "oneway": null }, "geometry": { "type": "LineString", "coordinates": [ [ 8.6987129, 49.4004397 ], [ 8.6986407, 49.4005129 ], [ 8.6984892, 49.4007177 ], [ 8.6982632, 49.4010124 ], [ 8.6978453, 49.4016471 ], [ 8.6977816, 49.4017965 ], [ 8.6977296, 49.401977 ], [ 8.6976936, 49.4021626 ], [ 8.6976802, 49.4022972 ], [ 8.6976825, 49.4024932 ], [ 8.6977206, 49.4026962 ], [ 8.6978544, 49.4029863 ], [ 8.6980256, 49.403284 ], [ 8.6982955, 49.4036415 ], [ 8.6985445, 49.403883 ], [ 8.6989787, 49.4042011 ], [ 8.6994528, 49.4045392 ], [ 8.6995928, 49.4046676 ], [ 8.6996502, 49.404784 ], [ 8.6996943, 49.4048917 ], [ 8.6997463, 49.4050265 ], [ 8.6997889, 49.4051484 ], [ 8.6998113, 49.4052478 ], [ 8.6998136, 49.4054901 ], [ 8.6998043, 49.4056048 ], [ 8.6998101, 49.4056411 ] ] } },
{ "type": "Feature", "properties": { "osm_id": 258562272, "name": "Kohlhöferweg", "highway": "tertiary", "klass": "tertiary", "lanes": 2.0, "maxspeed": 50.0, "surface": "asphalt", "oneway": null }, "geometry": { "type": "LineString", "coordinates": [ [ 8.713924, 49.4009031 ], [ 8.7140626, 49.4008231 ] ] } },
{ "type": "Feature", "properties": { "osm_id": 258562273, "name": "Kohlhöferweg", "highway": "tertiary", "klass": "tertiary", "lanes": 2.0, "maxspeed": 70.0, "surface": "asphalt", "oneway": null }, "geometry": { "type": "LineString", "coordinates": [ [ 8.7140626, 49.4008231 ], [ 8.714168, 49.4007573 ], [ 8.7143012, 49.400666 ], [ 8.7144384, 49.4005603 ], [ 8.7145642, 49.4004482 ], [ 8.7146829, 49.4003321 ], [ 8.7148571, 49.4001343 ], [ 8.7150137, 49.3999167 ], [ 8.7150766, 49.399788 ], [ 8.7151213, 49.3996756 ], [ 8.7152899, 49.399161 ], [ 8.7155629, 49.3983329 ], [ 8.7155797, 49.3982819 ], [ 8.715641, 49.3980882 ], [ 8.7160285, 49.3968648 ], [ 8.7161306, 49.396532 ], [ 8.7162278, 49.3961997 ], [ 8.7163076, 49.3959535 ], [ 8.7163651, 49.3957579 ], [ 8.7164146, 49.3955512 ], [ 8.7164335, 49.3954219 ], [ 8.7164392, 49.3953912 ], [ 8.7164454, 49.3953658 ], [ 8.716458, 49.3953327 ], [ 8.7164661, 49.395315 ], [ 8.7164808, 49.3952929 ], [ 8.7164999, 49.3952725 ], [ 8.7165221, 49.395252 ], [ 8.7165387, 49.3952385 ], [ 8.7165558, 49.3952282 ], [ 8.7165729, 49.3952207 ], [ 8.7165923, 49.3952142 ], [ 8.716615, 49.3952084 ] ] } },
{ "type": "Feature", "properties": { "osm_id": 258562283, "name": "Steigerweg", "highway": "tertiary", "klass": "tertiary", "lanes": null, "maxspeed": 30.0, "surface": "asphalt", "oneway": null }, "geometry": { "type": "LineString", "coordinates": [ [ 8.6937757, 49.3976059 ], [ 8.6939236, 49.3975601 ], [ 8.6939879, 49.3975324 ], [ 8.6940561, 49.3974984 ], [ 8.694123, 49.3974529 ], [ 8.6941765, 49.397404 ], [ 8.6942152, 49.3973449 ], [ 8.6943024, 49.3972291 ], [ 8.694372, 49.3971546 ], [ 8.6944364, 49.3971011 ], [ 8.6945448, 49.3970265 ], [ 8.6946811, 49.3969597 ], [ 8.6947754, 49.3969252 ], [ 8.694897, 49.3968794 ], [ 8.6949682, 49.3968558 ], [ 8.6950589, 49.3968302 ], [ 8.6951397, 49.3968137 ], [ 8.6952086, 49.3968044 ], [ 8.6952943, 49.3967955 ], [ 8.695375, 49.3967893 ], [ 8.6955363, 49.3967854 ], [ 8.6957862, 49.3967972 ], [ 8.6959328, 49.3968011 ], [ 8.6960817, 49.3968005 ], [ 8.696213, 49.3967976 ], [ 8.696416, 49.3967876 ], [ 8.6966847, 49.396762 ], [ 8.6968269, 49.3967514 ], [ 8.6970297, 49.3967447 ], [ 8.6973191, 49.3967369 ], [ 8.6975952, 49.3967349 ], [ 8.6978741, 49.3967308 ] ] } },
{ "type": "Feature", "properties": { "osm_id": 258562284, "name": "Steigerweg", "highway": "tertiary", "klass": "tertiary", "lanes": 2.0, "maxspeed": null, "surface": "asphalt", "oneway": null }, "geometry": { "type": "LineString", "coordinates": [ [ 8.6980356, 49.3960195 ], [ 8.6982539, 49.3959655 ], [ 8.6985166, 49.3958871 ], [ 8.6988897, 49.3957736 ], [ 8.6992019, 49.3956781 ], [ 8.6994984, 49.3955769 ], [ 8.6997799, 49.3954789 ], [ 8.700231, 49.3953122 ], [ 8.7004177, 49.3952401 ], [ 8.7005826, 49.3951784 ], [ 8.700734, 49.3951253 ], [ 8.7009128, 49.3950755 ], [ 8.7010649, 49.3950417 ], [ 8.7011529, 49.3950244 ], [ 8.7012162, 49.3950124 ], [ 8.7013052, 49.3949993 ], [ 8.7013816, 49.3949934 ], [ 8.7014627, 49.3949897 ], [ 8.7015409, 49.3949899 ], [ 8.7016205, 49.3949926 ], [ 8.7017041, 49.3949975 ], [ 8.7017879, 49.395004 ], [ 8.7018713, 49.3950168 ], [ 8.7019527, 49.3950186 ], [ 8.701984, 49.3950204 ], [ 8.7020144, 49.395021 ], [ 8.7020692, 49.3950217 ], [ 8.7020929, 49.3950215 ], [ 8.7021324, 49.3950189 ], [ 8.7021879, 49.3950147 ], [ 8.7022838, 49.395006 ], [ 8.7023543, 49.3949993 ], [ 8.7024481, 49.3949914 ], [ 8.7025122, 49.3949871 ], [ 8.7025758, 49.3949845 ], [ 8.702635, 49.3949844 ], [ 8.7026925, 49.3949864 ], [ 8.7027239, 49.3949884 ], [ 8.7027654, 49.3949926 ], [ 8.7028354, 49.3950024 ], [ 8.7029594, 49.3950261 ], [ 8.7030915, 49.3950536 ], [ 8.7033012, 49.3951013 ], [ 8.7034209, 49.3951247 ] ] } },
{ "type": "Feature", "properties": { "osm_id": 258826316, "name": "Kurfürsten-Anlage", "highway": "primary", "klass": "primary", "lanes": 2.0, "maxspeed": 30.0, "surface": "asphalt", "oneway": "yes" }, "geometry": { "type": "LineString", "coordinates": [ [ 8.6923883, 49.4073107 ], [ 8.6922211, 49.4072748 ], [ 8.6919995, 49.407232 ], [ 8.6916314, 49.4071591 ], [ 8.6909684, 49.4070444 ], [ 8.6909331, 49.4070377 ], [ 8.6903302, 49.4069356 ], [ 8.6901426, 49.4069033 ], [ 8.6898062, 49.4068434 ], [ 8.6896486, 49.4068145 ] ] } },
{ "type": "Feature", "properties": { "osm_id": 258826740, "name": "Ringstraße", "highway": "primary", "klass": "primary", "lanes": 2.0, "maxspeed": 30.0, "surface": "asphalt", "oneway": "yes" }, "geometry": { "type": "LineString", "coordinates": [ [ 8.683479, 49.4047407 ], [ 8.6833743, 49.404678 ], [ 8.6833262, 49.4046491 ], [ 8.6831756, 49.4045584 ], [ 8.6830479, 49.4044834 ], [ 8.6829167, 49.4044027 ], [ 8.6827582, 49.4042961 ], [ 8.6826674, 49.404235 ] ] } },
{ "type": "Feature", "properties": { "osm_id": 258826741, "name": "Kurfürsten-Anlage", "highway": "secondary", "klass": "secondary", "lanes": 4.0, "maxspeed": 50.0, "surface": "asphalt", "oneway": "yes" }, "geometry": { "type": "LineString", "coordinates": [ [ 8.6778198, 49.4046245 ], [ 8.6776418, 49.4046069 ], [ 8.677557, 49.4046037 ], [ 8.6774862, 49.4046057 ], [ 8.6774377, 49.4046103 ] ] } },
{ "type": "Feature", "properties": { "osm_id": 260855895, "name": "Wieblinger Weg", "highway": "residential", "klass": "residential", "lanes": null, "maxspeed": 10.0, "surface": "asphalt", "oneway": null }, "geometry": { "type": "LineString", "coordinates": [ [ 8.6501858, 49.410592 ], [ 8.649975, 49.4106184 ], [ 8.6498057, 49.4106404 ] ] } },
{ "type": "Feature", "properties": { "osm_id": 263352608, "name": "Bergheimer Straße", "highway": "tertiary", "klass": "tertiary", "lanes": null, "maxspeed": 50.0, "surface": "asphalt", "oneway": "yes" }, "geometry": { "type": "LineString", "coordinates": [ [ 8.6765387, 49.4080537 ], [ 8.6764862, 49.408009 ], [ 8.6764451, 49.4079868 ], [ 8.6763746, 49.4079649 ] ] } },
{ "type": "Feature", "properties": { "osm_id": 264819938, "name": "Ladenburger Straße", "highway": "living_street", "klass": "living_street", "lanes": null, "maxspeed": null, "surface": "paving_stones", "oneway": "yes" }, "geometry": { "type": "LineString", "coordinates": [ [ 8.691036, 49.4145907 ], [ 8.6908011, 49.4145637 ], [ 8.6906473, 49.414546 ], [ 8.6903763, 49.4145149 ], [ 8.6902807, 49.4145039 ], [ 8.6901681, 49.414491 ] ] } },
{ "type": "Feature", "properties": { "osm_id": 265331966, "name": "Elisabethstraße", "highway": "residential", "klass": "residential", "lanes": 2.0, "maxspeed": 30.0, "surface": "asphalt", "oneway": null }, "geometry": { "type": "LineString", "coordinates": [ [ 8.6495345, 49.4204057 ], [ 8.6504537, 49.4205573 ], [ 8.6511543, 49.4206728 ], [ 8.6513865, 49.4207111 ] ] } },
{ "type": "Feature", "properties": { "osm_id": 265869072, "name": "Lutherstraße", "highway": "residential", "klass": "residential", "lanes": null, "maxspeed": 30.0, "surface": "asphalt", "oneway": "yes" }, "geometry": { "type": "LineString", "coordinates": [ [ 8.6902276, 49.4151208 ], [ 8.6902337, 49.4151881 ], [ 8.6902605, 49.4157652 ], [ 8.6902653, 49.4158411 ], [ 8.6902691, 49.415902 ], [ 8.6902968, 49.4163115 ], [ 8.6903184, 49.416733 ], [ 8.6903591, 49.4173708 ], [ 8.6903551, 49.4174417 ], [ 8.6903562, 49.4174859 ] ] } },
{ "type": "Feature", "properties": { "osm_id": 265869073, "name": "Rahmengasse", "highway": "residential", "klass": "residential", "lanes": null, "maxspeed": 30.0, "surface": "asphalt", "oneway": "yes" }, "geometry": { "type": "LineString", "coordinates": [ [ 8.6909814, 49.4151356 ], [ 8.6919682, 49.4151413 ], [ 8.6921117, 49.4151423 ], [ 8.6921216, 49.4151422 ] ] } },
{ "type": "Feature", "properties": { "osm_id": 268515379, "name": "Wieblinger Weg", "highway": "residential", "klass": "residential", "lanes": null, "maxspeed": 10.0, "surface": "asphalt", "oneway": "yes" }, "geometry": { "type": "LineString", "coordinates": [ [ 8.6617713, 49.4090601 ], [ 8.6618098, 49.4090674 ], [ 8.6618345, 49.4090792 ], [ 8.6618546, 49.4090958 ] ] } },
{ "type": "Feature", "properties": { "osm_id": 272503322, "name": "Gneisenaustraße", "highway": "tertiary", "klass": "tertiary", "lanes": 2.0, "maxspeed": 30.0, "surface": "asphalt", "oneway": null }, "geometry": { "type": "LineString", "coordinates": [ [ 8.66825, 49.4070978 ], [ 8.6682485, 49.4071776 ], [ 8.6682352, 49.4076128 ] ] } },
{ "type": "Feature", "properties": { "osm_id": 272562357, "name": "Czernyring", "highway": "secondary", "klass": "secondary", "lanes": 2.0, "maxspeed": 50.0, "surface": "asphalt", "oneway": "yes" }, "geometry": { "type": "LineString", "coordinates": [ [ 8.6772034, 49.400684 ], [ 8.6767146, 49.4008388 ], [ 8.6763369, 49.4009749 ], [ 8.676102, 49.4010748 ] ] } },
{ "type": "Feature", "properties": { "osm_id": 274708956, "name": "Dreisamweg", "highway": "residential", "klass": "residential", "lanes": null, "maxspeed": 10.0, "surface": "asphalt", "oneway": null }, "geometry": { "type": "LineString", "coordinates": [ [ 8.6523891, 49.41082 ], [ 8.6514878, 49.4109525 ], [ 8.6506864, 49.4110615 ], [ 8.6504718, 49.4110907 ] ] } },
{ "type": "Feature", "properties": { "osm_id": 274708962, "name": "Gutachweg", "highway": "residential", "klass": "residential", "lanes": null, "maxspeed": 30.0, "surface": "asphalt", "oneway": null }, "geometry": { "type": "LineString", "coordinates": [ [ 8.6521886, 49.4129324 ], [ 8.6521971, 49.4124155 ], [ 8.6522005, 49.4123327 ], [ 8.6522328, 49.4119487 ] ] } },
{ "type": "Feature", "properties": { "osm_id": 274708963, "name": "Gutachweg", "highway": "residential", "klass": "residential", "lanes": null, "maxspeed": 10.0, "surface": "asphalt", "oneway": null }, "geometry": { "type": "LineString", "coordinates": [ [ 8.6523018, 49.4114895 ], [ 8.6523601, 49.4111907 ], [ 8.6523972, 49.4109144 ], [ 8.6523891, 49.41082 ], [ 8.6522984, 49.41032 ] ] } },
{ "type": "Feature", "properties": { "osm_id": 274708989, "name": "Kinzigweg", "highway": "residential", "klass": "residential", "lanes": null, "maxspeed": 10.0, "surface": "asphalt", "oneway": null }, "geometry": { "type": "LineString", "coordinates": [ [ 8.6523018, 49.4114895 ], [ 8.6516339, 49.4116592 ], [ 8.6512457, 49.4117579 ], [ 8.6503631, 49.4119873 ], [ 8.6503246, 49.4119928 ], [ 8.6502924, 49.411991 ], [ 8.6502638, 49.4119781 ] ] } },
{ "type": "Feature", "properties": { "osm_id": 274709010, "name": "Wieblinger Weg", "highway": "residential", "klass": "residential", "lanes": null, "maxspeed": 10.0, "surface": "asphalt", "oneway": null }, "geometry": { "type": "LineString", "coordinates": [ [ 8.6591985, 49.4094363 ], [ 8.6589294, 49.4094672 ], [ 8.658391, 49.4095352 ], [ 8.6580926, 49.409573 ], [ 8.6576847, 49.4096247 ], [ 8.6574075, 49.4096598 ], [ 8.6568212, 49.4097341 ], [ 8.6566928, 49.4097504 ], [ 8.6566296, 49.4097584 ], [ 8.6565497, 49.4097685 ], [ 8.6563501, 49.4097938 ], [ 8.656135, 49.409821 ], [ 8.6559633, 49.4098428 ], [ 8.6555811, 49.4098913 ], [ 8.6553157, 49.4099249 ], [ 8.6551757, 49.4099426 ], [ 8.6544941, 49.410029 ], [ 8.6539176, 49.4101021 ], [ 8.6531417, 49.4102004 ], [ 8.6522984, 49.41032 ] ] } },
{ "type": "Feature", "properties": { "osm_id": 276155431, "name": "Bierhelderhofweg", "highway": "tertiary", "klass": "tertiary", "lanes": null, "maxspeed": 50.0, "surface": "asphalt", "oneway": null }, "geometry": { "type": "LineString", "coordinates": [ [ 8.7035525, 49.3904083 ], [ 8.7036075, 49.3902894 ] ] } },
{ "type": "Feature", "properties": { "osm_id": 276209401, "name": "Czernyring", "highway": "secondary_link", "klass": "secondary", "lanes": 2.0, "maxspeed": 30.0, "surface": "asphalt", "oneway": "yes" }, "geometry": { "type": "LineString", "coordinates": [ [ 8.672461, 49.40795 ], [ 8.6724058, 49.4079247 ], [ 8.6723421, 49.4078882 ] ] } },
{ "type": "Feature", "properties": { "osm_id": 277263838, "name": "Bierhelderhofweg", "highway": "tertiary", "klass": "tertiary", "lanes": 2.0, "maxspeed": 50.0, "surface": "asphalt", "oneway": null }, "geometry": { "type": "LineString", "coordinates": [ [ 8.7032081, 49.3909351 ], [ 8.7032929, 49.3908443 ], [ 8.7033567, 49.3907707 ] ] } },
{ "type": "Feature", "properties": { "osm_id": 277263841, "name": "Bierhelderhofweg", "highway": "tertiary", "klass": "tertiary", "lanes": 2.0, "maxspeed": 50.0, "surface": "asphalt", "oneway": null }, "geometry": { "type": "LineString", "coordinates": [ [ 8.7034603, 49.3905934 ], [ 8.7035108, 49.3904937 ], [ 8.7035525, 49.3904083 ] ] } },
{ "type": "Feature", "properties": { "osm_id": 277263996, "name": "Steigerweg", "highway": "tertiary", "klass": "tertiary", "lanes": null, "maxspeed": 30.0, "surface": "asphalt", "oneway": null }, "geometry": { "type": "LineString", "coordinates": [ [ 8.6978741, 49.3967308 ], [ 8.6981348, 49.396725 ], [ 8.6981992, 49.3967208 ], [ 8.6982479, 49.3967167 ], [ 8.6982892, 49.3967113 ] ] } },
{ "type": "Feature", "properties": { "osm_id": 277455037, "name": "Bergheimer Straße", "highway": "tertiary", "klass": "tertiary", "lanes": null, "maxspeed": 30.0, "surface": "asphalt", "oneway": "yes" }, "geometry": { "type": "LineString", "coordinates": [ [ 8.6914166, 49.4090001 ], [ 8.6906065, 49.4088617 ], [ 8.6899348, 49.4087431 ], [ 8.6887964, 49.4085411 ], [ 8.6886499, 49.4085186 ], [ 8.688489, 49.4084925 ], [ 8.6883992, 49.4084785 ], [ 8.6883321, 49.4084798 ], [ 8.6882792, 49.4084737 ], [ 8.6882128, 49.4084493 ], [ 8.68811, 49.4084282 ], [ 8.6878623, 49.4083861 ], [ 8.6860056, 49.4080735 ], [ 8.6856435, 49.4080215 ], [ 8.6853671, 49.4079848 ], [ 8.6852228, 49.4079719 ], [ 8.6851598, 49.4079724 ], [ 8.6851162, 49.4079693 ], [ 8.6850793, 49.4079593 ], [ 8.6850253, 49.407942 ], [ 8.6847535, 49.4079014 ], [ 8.6844318, 49.4078675 ], [ 8.6843387, 49.4078592 ] ] } },
{ "type": "Feature", "properties": { "osm_id": 277455058, "name": "Plöck", "highway": "residential", "klass": "residential", "lanes": null, "maxspeed": 50.0, "surface": "asphalt", "oneway": "yes" }, "geometry": { "type": "LineString", "coordinates": [ [ 8.6935517, 49.4087163 ], [ 8.6937907, 49.4087539 ], [ 8.6938647, 49.4087655 ] ] } },
{ "type": "Feature", "properties": { "osm_id": 279432377, "name": "Bahnhofstraße", "highway": "residential", "klass": "residential", "lanes": 2.0, "maxspeed": 20.0, "surface": "asphalt", "oneway": "yes" }, "geometry": { "type": "LineString", "coordinates": [ [ 8.6851421, 49.4051015 ], [ 8.685186, 49.4050914 ], [ 8.6852198, 49.4050872 ], [ 8.6852595, 49.4050852 ], [ 8.6853143, 49.4050948 ], [ 8.6854239, 49.4051346 ] ] } },
{ "type": "Feature", "properties": { "osm_id": 279432378, "name": "Bahnhofstraße", "highway": "residential", "klass": "residential", "lanes": 2.0, "maxspeed": 20.0, "surface": "asphalt", "oneway": null }, "geometry": { "type": "LineString", "coordinates": [ [ 8.6871206, 49.4054347 ], [ 8.6866579, 49.4053528 ], [ 8.6865542, 49.4053345 ], [ 8.6863154, 49.4052923 ], [ 8.6862218, 49.4052757 ] ] } },
{ "type": "Feature", "properties": { "osm_id": 279432379, "name": "Kleinschmidtstraße", "highway": "living_street", "klass": "living_street", "lanes": null, "maxspeed": null, "surface": "asphalt", "oneway": "yes" }, "geometry": { "type": "LineString", "coordinates": [ [ 8.6871206, 49.4054347 ], [ 8.6871129, 49.4044437 ] ] } },
{ "type": "Feature", "properties": { "osm_id": 279432380, "name": "Kurfürsten-Anlage", "highway": "primary", "klass": "primary", "lanes": 2.0, "maxspeed": 30.0, "surface": "asphalt", "oneway": "yes" }, "geometry": { "type": "LineString", "coordinates": [ [ 8.6870979, 49.4061942 ], [ 8.6875634, 49.4062753 ], [ 8.6879518, 49.4063436 ], [ 8.6880506, 49.4063608 ] ] } },
{ "type": "Feature", "properties": { "osm_id": 279432381, "name": "Kurfürsten-Anlage", "highway": "primary", "klass": "primary", "lanes": 2.0, "maxspeed": 30.0, "surface": "asphalt", "oneway": "yes" }, "geometry": { "type": "LineString", "coordinates": [ [ 8.6857342, 49.4059095 ], [ 8.6858834, 49.4059666 ], [ 8.6859741, 49.4059949 ], [ 8.686102, 49.4060288 ], [ 8.6862055, 49.4060502 ], [ 8.6863077, 49.4060671 ], [ 8.6864232, 49.406084 ] ] } },
{ "type": "Feature", "properties": { "osm_id": 279553452, "name": "Lessingstraße", "highway": "primary", "klass": "primary", "lanes": 2.0, "maxspeed": 50.0, "surface": "asphalt", "oneway": "yes" }, "geometry": { "type": "LineString", "coordinates": [ [ 8.677192, 49.4041181 ], [ 8.6772841, 49.4039852 ], [ 8.6773443, 49.4038991 ], [ 8.6775296, 49.4036853 ], [ 8.6776034, 49.4036122 ] ] } },
{ "type": "Feature", "properties": { "osm_id": 279554828, "name": "Kurfürsten-Anlage", "highway": "secondary", "klass": "secondary", "lanes": 2.0, "maxspeed": 50.0, "surface": "asphalt", "oneway": "yes" }, "geometry": { "type": "LineString", "coordinates": [ [ 8.6810287, 49.4051606 ], [ 8.6798723, 49.4049594 ], [ 8.6793868, 49.4048776 ] ] } },
{ "type": "Feature", "properties": { "osm_id": 279706280, "name": "Blumenstraße", "highway": "living_street", "klass": "living_street", "lanes": null, "maxspeed": null, "surface": "asphalt", "oneway": null }, "geometry": { "type": "LineString", "coordinates": [ [ 8.688894, 49.4043575 ], [ 8.6894731, 49.404278 ] ] } },
{ "type": "Feature", "properties": { "osm_id": 281858706, "name": "Im Neuenheimer Feld", "highway": "residential", "klass": "residential", "lanes": 2.0, "maxspeed": 50.0, "surface": "asphalt", "oneway": "yes" }, "geometry": { "type": "LineString", "coordinates": [ [ 8.6762545, 49.4196455 ], [ 8.6762373, 49.4196478 ], [ 8.6761328, 49.4196633 ] ] } },
{ "type": "Feature", "properties": { "osm_id": 282152437, "name": "Lessingstraße", "highway": "primary", "klass": "primary", "lanes": 3.0, "maxspeed": 50.0, "surface": "asphalt", "oneway": "yes" }, "geometry": { "type": "LineString", "coordinates": [ [ 8.6771722, 49.4045398 ], [ 8.6771427, 49.4046015 ], [ 8.6771329, 49.4046236 ] ] } },
{ "type": "Feature", "properties": { "osm_id": 282619573, "name": "Blücherstraße", "highway": "tertiary", "klass": "tertiary", "lanes": 2.0, "maxspeed": 30.0, "surface": "asphalt", "oneway": "no" }, "geometry": { "type": "LineString", "coordinates": [ [ 8.668339, 49.4070963 ], [ 8.66825, 49.4070978 ] ] } },
{ "type": "Feature", "properties": { "osm_id": 282619575, "name": "Blücherstraße", "highway": "tertiary", "klass": "tertiary", "lanes": 1.0, "maxspeed": 50.0, "surface": "asphalt", "oneway": "yes" }, "geometry": { "type": "LineString", "coordinates": [ [ 8.6682919, 49.4069262 ], [ 8.6683477, 49.4069765 ], [ 8.6683819, 49.4070046 ], [ 8.6684292, 49.4070359 ], [ 8.6685187, 49.4070846 ], [ 8.6685342, 49.407093 ] ] } },
{ "type": "Feature", "properties": { "osm_id": 282619577, "name": "Gneisenaustraße", "highway": "tertiary", "klass": "tertiary", "lanes": 2.0, "maxspeed": 30.0, "surface": "asphalt", "oneway": null }, "geometry": { "type": "LineString", "coordinates": [ [ 8.6682637, 49.4070246 ], [ 8.6682594, 49.4070449 ], [ 8.66825, 49.4070978 ] ] } },
{ "type": "Feature", "properties": { "osm_id": 282804102, "name": "Gneisenaustraße", "highway": "tertiary", "klass": "tertiary", "lanes": 2.0, "maxspeed": 30.0, "surface": "asphalt", "oneway": "no" }, "geometry": { "type": "LineString", "coordinates": [ [ 8.6682919, 49.4069262 ], [ 8.6682637, 49.4070246 ] ] } },
{ "type": "Feature", "properties": { "osm_id": 284583331, "name": "Hauptstraße", "highway": "residential", "klass": "residential", "lanes": 2.0, "maxspeed": 30.0, "surface": "sett", "oneway": null }, "geometry": { "type": "LineString", "coordinates": [ [ 8.7129705, 49.4125418 ], [ 8.7131489, 49.4126108 ] ] } },
{ "type": "Feature", "properties": { "osm_id": 286823147, "name": "Rohrbacher Straße", "highway": "secondary", "klass": "secondary", "lanes": 2.0, "maxspeed": 50.0, "surface": "asphalt", "oneway": null }, "geometry": { "type": "LineString", "coordinates": [ [ 8.6921475, 49.4038765 ], [ 8.6924651, 49.4049936 ], [ 8.6924913, 49.4051061 ], [ 8.6925756, 49.4054478 ], [ 8.6926048, 49.4055662 ], [ 8.6927613, 49.4062002 ], [ 8.6927658, 49.4062184 ] ] } },
{ "type": "Feature", "properties": { "osm_id": 287891891, "name": "Im Neuenheimer Feld", "highway": "residential", "klass": "residential", "lanes": null, "maxspeed": 30.0, "surface": "asphalt", "oneway": null }, "geometry": { "type": "LineString", "coordinates": [ [ 8.6750361, 49.416822 ], [ 8.6750293, 49.4166253 ] ] } },
{ "type": "Feature", "properties": { "osm_id": 291792275, "name": "Bergstraße", "highway": "residential", "klass": "residential", "lanes": 2.0, "maxspeed": 30.0, "surface": "asphalt", "oneway": null }, "geometry": { "type": "LineString", "coordinates": [ [ 8.6913444, 49.4264409 ], [ 8.6913629, 49.4265164 ] ] } },
{ "type": "Feature", "properties": { "osm_id": 294407211, "name": "Jahnstraße", "highway": "residential", "klass": "residential", "lanes": 1.0, "maxspeed": 30.0, "surface": "asphalt", "oneway": "yes" }, "geometry": { "type": "LineString", "coordinates": [ [ 8.6765279, 49.4126753 ], [ 8.6764198, 49.412674 ] ] } },
{ "type": "Feature", "properties": { "osm_id": 294407212, "name": "Berliner Straße", "highway": "primary", "klass": "primary", "lanes": 2.0, "maxspeed": 50.0, "surface": "asphalt", "oneway": "yes" }, "geometry": { "type": "LineString", "coordinates": [ [ 8.6761441, 49.4204601 ], [ 8.6761321, 49.4201672 ], [ 8.6761349, 49.4199309 ] ] } },
{ "type": "Feature", "properties": { "osm_id": 294407213, "name": "Berliner Straße", "highway": "primary", "klass": "primary", "lanes": 2.0, "maxspeed": 50.0, "surface": "asphalt", "oneway": "yes" }, "geometry": { "type": "LineString", "coordinates": [ [ 8.6767726, 49.4123552 ], [ 8.6767607, 49.4124944 ], [ 8.6767559, 49.4125863 ] ] } },
{ "type": "Feature", "properties": { "osm_id": 294407214, "name": "Berliner Straße", "highway": "primary", "klass": "primary", "lanes": 2.0, "maxspeed": 50.0, "surface": "asphalt", "oneway": "yes" }, "geometry": { "type": "LineString", "coordinates": [ [ 8.6767815, 49.4119706 ], [ 8.6767929, 49.4121138 ], [ 8.6767726, 49.4123552 ] ] } },
{ "type": "Feature", "properties": { "osm_id": 294407217, "name": "Berliner Straße", "highway": "primary", "klass": "primary", "lanes": 3.0, "maxspeed": 50.0, "surface": "asphalt", "oneway": "yes" }, "geometry": { "type": "LineString", "coordinates": [ [ 8.6765055, 49.4159309 ], [ 8.676453, 49.4167375 ], [ 8.6764456, 49.4168398 ], [ 8.6764455, 49.4169097 ] ] } },
{ "type": "Feature", "properties": { "osm_id": 294407218, "name": "Berliner Straße", "highway": "primary", "klass": "primary", "lanes": 2.0, "maxspeed": 50.0, "surface": "asphalt", "oneway": "yes" }, "geometry": { "type": "LineString", "coordinates": [ [ 8.6765878, 49.4152226 ], [ 8.6765565, 49.4155093 ], [ 8.6765055, 49.4159309 ] ] } },
{ "type": "Feature", "properties": { "osm_id": 294407219, "name": "Berliner Straße", "highway": "primary", "klass": "primary", "lanes": 4.0, "maxspeed": 50.0, "surface": "asphalt", "oneway": "yes" }, "geometry": { "type": "LineString", "coordinates": [ [ 8.6764528, 49.4180905 ], [ 8.6764529, 49.4186088 ], [ 8.6764754, 49.4193187 ], [ 8.6764737, 49.4194326 ], [ 8.6764702, 49.4194743 ] ] } },
{ "type": "Feature", "properties": { "osm_id": 294407220, "name": "Berliner Straße", "highway": "primary", "klass": "primary", "lanes": 2.0, "maxspeed": 50.0, "surface": "asphalt", "oneway": "yes" }, "geometry": { "type": "LineString", "coordinates": [ [ 8.6761349, 49.4199309 ], [ 8.6761312, 49.4197722 ], [ 8.6761303, 49.4197341 ], [ 8.6761328, 49.4196633 ] ] } },
{ "type": "Feature", "properties": { "osm_id": 294407221, "name": "Berliner Straße", "highway": "primary", "klass": "primary", "lanes": 2.0, "maxspeed": 50.0, "surface": "asphalt", "oneway": "yes" }, "geometry": { "type": "LineString", "coordinates": [ [ 8.6764782, 49.4196864 ], [ 8.6764799, 49.4197321 ], [ 8.6764894, 49.4199797 ], [ 8.6764825, 49.420406 ], [ 8.6764951, 49.4207944 ] ] } },
{ "type": "Feature", "properties": { "osm_id": 294407222, "name": "Im Neuenheimer Feld", "highway": "residential", "klass": "residential", "lanes": 3.0, "maxspeed": 50.0, "surface": "asphalt", "oneway": "yes" }, "geometry": { "type": "LineString", "coordinates": [ [ 8.6751363, 49.4195637 ], [ 8.6753861, 49.419561 ], [ 8.6756132, 49.4195557 ] ] } },
{ "type": "Feature", "properties": { "osm_id": 294407223, "name": "Im Neuenheimer Feld", "highway": "residential", "klass": "residential", "lanes": 2.0, "maxspeed": 50.0, "surface": "asphalt", "oneway": "yes" }, "geometry": { "type": "LineString", "coordinates": [ [ 8.6754947, 49.4196664 ], [ 8.6751028, 49.4196706 ], [ 8.6749653, 49.4196395 ] ] } },
{ "type": "Feature", "properties": { "osm_id": 294407224, "name": "Jahnstraße", "highway": "tertiary", "klass": "tertiary", "lanes": 4.0, "maxspeed": 30.0, "surface": "asphalt", "oneway": null }, "geometry": { "type": "LineString", "coordinates": [ [ 8.6777454, 49.4126596 ], [ 8.6773996, 49.4126409 ], [ 8.6772475, 49.4126311 ] ] } },
{ "type": "Feature", "properties": { "osm_id": 294407225, "name": "Jahnstraße", "highway": "tertiary", "klass": "tertiary", "lanes": 3.0, "maxspeed": 30.0, "surface": "asphalt", "oneway": null }, "geometry": { "type": "LineString", "coordinates": [ [ 8.6780502, 49.412679 ], [ 8.6777454, 49.4126596 ] ] } },
{ "type": "Feature", "properties": { "osm_id": 294407226, "name": "Jahnstraße", "highway": "tertiary_link", "klass": "tertiary", "lanes": 1.0, "maxspeed": 30.0, "surface": "asphalt", "oneway": "yes" }, "geometry": { "type": "LineString", "coordinates": [ [ 8.6767726, 49.4123552 ], [ 8.6768443, 49.4124671 ], [ 8.6768711, 49.4125 ], [ 8.6769365, 49.4125767 ] ] } },
{ "type": "Feature", "properties": { "osm_id": 294407227, "name": "Vangerowstraße", "highway": "primary", "klass": "primary", "lanes": 3.0, "maxspeed": 50.0, "surface": "asphalt", "oneway": "yes" }, "geometry": { "type": "LineString", "coordinates": [ [ 8.6755796, 49.4088555 ], [ 8.6754505, 49.4088435 ] ] } },
{ "type": "Feature", "properties": { "osm_id": 294407231, "name": "Im Neuenheimer Feld", "highway": "residential", "klass": "residential", "lanes": 2.0, "maxspeed": 50.0, "surface": "asphalt", "oneway": "yes" }, "geometry": { "type": "LineString", "coordinates": [ [ 8.6763576, 49.4196027 ], [ 8.6763266, 49.4196231 ], [ 8.6763027, 49.4196307 ], [ 8.6762545, 49.4196455 ] ] } },
{ "type": "Feature", "properties": { "osm_id": 294407232, "name": "Berliner Straße", "highway": "residential", "klass": "residential", "lanes": 1.0, "maxspeed": 50.0, "surface": "asphalt", "oneway": "yes" }, "geometry": { "type": "LineString", "coordinates": [ [ 8.6763576, 49.4196027 ], [ 8.6764062, 49.4196289 ], [ 8.6764474, 49.419661 ], [ 8.6764782, 49.4196864 ] ] } },
{ "type": "Feature", "properties": { "osm_id": 294416956, "name": "Bergheimer Straße", "highway": "tertiary", "klass": "tertiary", "lanes": 1.0, "maxspeed": 30.0, "surface": "asphalt", "oneway": "yes" }, "geometry": { "type": "LineString", "coordinates": [ [ 8.6761479, 49.4079631 ], [ 8.6761246, 49.4079628 ], [ 8.6760482, 49.4079626 ], [ 8.675522, 49.4079601 ], [ 8.675317, 49.4079583 ] ] } },
{ "type": "Feature", "properties": { "osm_id": 294416957, "name": "Berliner Straße", "highway": "primary", "klass": "primary", "lanes": 2.0, "maxspeed": 50.0, "surface": "asphalt", "oneway": "yes" }, "geometry": { "type": "LineString", "coordinates": [ [ 8.6765279, 49.4126753 ], [ 8.6765353, 49.412593 ] ] } },
{ "type": "Feature", "properties": { "osm_id": 294416958, "name": "Mittermaierstraße", "highway": "primary", "klass": "primary", "lanes": 2.0, "maxspeed": 50.0, "surface": "asphalt", "oneway": "yes" }, "geometry": { "type": "LineString", "coordinates": [ [ 8.6767171, 49.408258 ], [ 8.6767015, 49.4081286 ], [ 8.6767054, 49.4080875 ], [ 8.6767084, 49.4080735 ], [ 8.6767172, 49.4080367 ], [ 8.6767401, 49.4079865 ], [ 8.6767519, 49.4079599 ] ] } },
{ "type": "Feature", "properties": { "osm_id": 298205902, "name": "Johannes-Hoops-Weg", "highway": "unclassified", "klass": "unclassified", "lanes": null, "maxspeed": null, "surface": "asphalt", "oneway": null }, "geometry": { "type": "LineString", "coordinates": [ [ 8.7084035, 49.3970036 ], [ 8.708386, 49.3970256 ], [ 8.7082474, 49.3972005 ], [ 8.7082161, 49.3972586 ], [ 8.7081978, 49.3973058 ], [ 8.70818, 49.3973859 ], [ 8.7081735, 49.3974767 ], [ 8.7081787, 49.3977158 ], [ 8.7081931, 49.397867 ], [ 8.7082204, 49.3980046 ], [ 8.7082385, 49.3981184 ], [ 8.7082345, 49.398147 ], [ 8.7082188, 49.3981891 ], [ 8.7082075, 49.3982077 ] ] } },
{ "type": "Feature", "properties": { "osm_id": 302765088, "name": "Im Neuenheimer Feld", "highway": "residential", "klass": "residential", "lanes": 2.0, "maxspeed": 30.0, "surface": "asphalt", "oneway": null }, "geometry": { "type": "LineString", "coordinates": [ [ 8.6632298, 49.4188364 ], [ 8.6635454, 49.4189062 ], [ 8.6641265, 49.4190153 ], [ 8.6645126, 49.4190627 ], [ 8.6647951, 49.4190892 ], [ 8.6649651, 49.4190989 ], [ 8.665183, 49.4191077 ], [ 8.665468, 49.4191172 ], [ 8.6657481, 49.4191154 ] ] } },
{ "type": "Feature", "properties": { "osm_id": 304093738, "name": "Sophie-von-Kowalevsky-Straße", "highway": "residential", "klass": "residential", "lanes": null, "maxspeed": 30.0, "surface": "asphalt", "oneway": null }, "geometry": { "type": "LineString", "coordinates": [ [ 8.6736246, 49.3947626 ], [ 8.6734499, 49.3947866 ], [ 8.6728392, 49.3948728 ] ] } },
{ "type": "Feature", "properties": { "osm_id": 304214261, "name": "Oftersheimer Weg", "highway": "residential", "klass": "residential", "lanes": null, "maxspeed": 30.0, "surface": "asphalt", "oneway": null }, "geometry": { "type": "LineString", "coordinates": [ [ 8.6617816, 49.3904921 ], [ 8.6607818, 49.3901975 ], [ 8.6607417, 49.3901857 ], [ 8.6606694, 49.3901644 ] ] } },
{ "type": "Feature", "properties": { "osm_id": 304706527, "name": "Odessastraße", "highway": "living_street", "klass": "living_street", "lanes": null, "maxspeed": null, "surface": "sett", "oneway": "yes" }, "geometry": { "type": "LineString", "coordinates": [ [ 8.668671, 49.4027463 ], [ 8.6687423, 49.4027311 ], [ 8.6688945, 49.4027012 ], [ 8.6702358, 49.4024137 ], [ 8.6704414, 49.4023696 ], [ 8.6710752, 49.402234 ], [ 8.6712127, 49.4022046 ], [ 8.6728314, 49.4018582 ] ] } },
{ "type": "Feature", "properties": { "osm_id": 305482793, "name": "Dossenheimer Landstraße", "highway": "residential", "klass": "residential", "lanes": 2.0, "maxspeed": 30.0, "surface": "asphalt", "oneway": null }, "geometry": { "type": "LineString", "coordinates": [ [ 8.6841543, 49.4279352 ], [ 8.6842514, 49.4279041 ], [ 8.6844914, 49.4278129 ], [ 8.6846717, 49.4277577 ], [ 8.684973, 49.4277108 ], [ 8.6851195, 49.4276937 ], [ 8.6853432, 49.4276743 ], [ 8.6854688, 49.4276704 ], [ 8.6855715, 49.4276755 ], [ 8.6856461, 49.4276822 ], [ 8.68575, 49.4276975 ], [ 8.6858958, 49.4277199 ] ] } },
{ "type": "Feature", "properties": { "osm_id": 305482794, "name": "Dossenheimer Landstraße", "highway": "primary", "klass": "primary", "lanes": 4.0, "maxspeed": 50.0, "surface": "asphalt", "oneway": null }, "geometry": { "type": "LineString", "coordinates": [ [ 8.6828088, 49.4291442 ], [ 8.6827559, 49.4292336 ], [ 8.6826738, 49.4293694 ], [ 8.6826392, 49.4294401 ], [ 8.6826349, 49.42945 ], [ 8.6826116, 49.4295035 ] ] } },
{ "type": "Feature", "properties": { "osm_id": 305482795, "name": "Hans-Thoma-Platz", "highway": "primary", "klass": "primary", "lanes": 2.0, "maxspeed": 50.0, "surface": "asphalt", "oneway": "yes" }, "geometry": { "type": "LineString", "coordinates": [ [ 8.6834822, 49.428093 ], [ 8.6834628, 49.4281658 ], [ 8.6834545, 49.4281827 ], [ 8.6834351, 49.4282224 ], [ 8.6834118, 49.4282539 ], [ 8.6833926, 49.4282792 ], [ 8.6833668, 49.4283076 ], [ 8.683293, 49.4283544 ], [ 8.6832597, 49.4283732 ] ] } },
{ "type": "Feature", "properties": { "osm_id": 311477425, "name": "Jensenstraße", "highway": "residential", "klass": "residential", "lanes": 2.0, "maxspeed": 30.0, "surface": "asphalt", "oneway": null }, "geometry": { "type": "LineString", "coordinates": [ [ 8.6683714, 49.4021467 ], [ 8.6684139, 49.4022277 ], [ 8.6684453, 49.402292 ], [ 8.6684766, 49.4023536 ], [ 8.6685088, 49.4024169 ], [ 8.6686451, 49.4026935 ], [ 8.668671, 49.4027463 ] ] } },
{ "type": "Feature", "properties": { "osm_id": 312158544, "name": "Obere Kirchgasse", "highway": "living_street", "klass": "living_street", "lanes": null, "maxspeed": null, "surface": "asphalt", "oneway": "yes" }, "geometry": { "type": "LineString", "coordinates": [ [ 8.687425, 49.4280735 ], [ 8.6876373, 49.4278342 ], [ 8.6877065, 49.4277166 ], [ 8.6877952, 49.4274537 ], [ 8.6878098, 49.4272638 ], [ 8.6877763, 49.4270998 ], [ 8.6877581, 49.4270284 ], [ 8.6877226, 49.4269771 ], [ 8.6876091, 49.4269452 ] ] } },
{ "type": "Feature", "properties": { "osm_id": 312569012, "name": "Hauptstraße", "highway": "residential", "klass": "residential", "lanes": 1.0, "maxspeed": 30.0, "surface": "paving_stones", "oneway": "yes" }, "geometry": { "type": "LineString", "coordinates": [ [ 8.713714, 49.4128085 ], [ 8.7135054, 49.4127392 ], [ 8.7131489, 49.4126108 ] ] } },
{ "type": "Feature", "properties": { "osm_id": 312590483, "name": "Ingrimstraße", "highway": "residential", "klass": "residential", "lanes": null, "maxspeed": 30.0, "surface": "sett", "oneway": null }, "geometry": { "type": "LineString", "coordinates": [ [ 8.7118701, 49.4116918 ], [ 8.7118789, 49.4116946 ], [ 8.7119051, 49.4117028 ] ] } },
{ "type": "Feature", "properties": { "osm_id": 313056314, "name": "Schlierbacher Landstraße", "highway": "primary", "klass": "primary", "lanes": 3.0, "maxspeed": 50.0, "surface": "asphalt", "oneway": "yes" }, "geometry": { "type": "LineString", "coordinates": [ [ 8.7179407, 49.4145196 ], [ 8.7177677, 49.4144732 ] ] } },
{ "type": "Feature", "properties": { "osm_id": 314062342, "name": "Ringstraße", "highway": "residential", "klass": "residential", "lanes": null, "maxspeed": 50.0, "surface": "asphalt", "oneway": "yes" }, "geometry": { "type": "LineString", "coordinates": [ [ 8.6844056, 49.4049525 ], [ 8.6845901, 49.4049755 ], [ 8.6846132, 49.4049784 ] ] } },
{ "type": "Feature", "properties": { "osm_id": 319620061, "name": "Brückenstraße", "highway": "secondary", "klass": "secondary", "lanes": 2.0, "maxspeed": 30.0, "surface": "asphalt", "oneway": null }, "geometry": { "type": "LineString", "coordinates": [ [ 8.6921216, 49.4151422 ], [ 8.6921182, 49.4152051 ], [ 8.6921021, 49.4154363 ], [ 8.6920963, 49.4155189 ], [ 8.6920938, 49.415555 ], [ 8.6920863, 49.4156619 ], [ 8.6920733, 49.4158049 ], [ 8.6920656, 49.41589 ] ] } },
{ "type": "Feature", "properties": { "osm_id": 321842506, "name": "Ladenburger Straße", "highway": "residential", "klass": "residential", "lanes": 1.0, "maxspeed": 30.0, "surface": "asphalt", "oneway": "yes" }, "geometry": { "type": "LineString", "coordinates": [ [ 8.6860865, 49.414039 ], [ 8.6859465, 49.4140213 ], [ 8.6852847, 49.4139547 ], [ 8.6848498, 49.4139059 ], [ 8.6847707, 49.4138972 ], [ 8.684717, 49.413891 ], [ 8.6841482, 49.4138253 ] ] } },
{ "type": "Feature", "properties": { "osm_id": 321842507, "name": "Moltkestraße", "highway": "residential", "klass": "residential", "lanes": null, "maxspeed": 30.0, "surface": "asphalt", "oneway": "yes" }, "geometry": { "type": "LineString", "coordinates": [ [ 8.6871101, 49.4194837 ], [ 8.6871779, 49.4194955 ], [ 8.6883008, 49.4196191 ], [ 8.6883976, 49.4196298 ] ] } },
{ "type": "Feature", "properties": { "osm_id": 321842508, "name": "Moltkestraße", "highway": "residential", "klass": "residential", "lanes": null, "maxspeed": 30.0, "surface": "asphalt", "oneway": "yes" }, "geometry": { "type": "LineString", "coordinates": [ [ 8.6883976, 49.4196298 ], [ 8.690104, 49.4198283 ], [ 8.6901227, 49.419833 ] ] } },
{ "type": "Feature", "properties": { "osm_id": 322683662, "name": "Bergheimer Straße", "highway": "tertiary", "klass": "tertiary", "lanes": 1.0, "maxspeed": 30.0, "surface": "asphalt", "oneway": "yes" }, "geometry": { "type": "LineString", "coordinates": [ [ 8.6727062, 49.4078355 ], [ 8.6727335, 49.4078353 ], [ 8.673103, 49.4078328 ] ] } },
{ "type": "Feature", "properties": { "osm_id": 322683663, "name": "Czernyring", "highway": "secondary_link", "klass": "secondary", "lanes": 1.0, "maxspeed": 30.0, "surface": "asphalt", "oneway": "yes" }, "geometry": { "type": "LineString", "coordinates": [ [ 8.6726174, 49.4077869 ], [ 8.6727062, 49.4078355 ] ] } },
{ "type": "Feature", "properties": { "osm_id": 322683664, "name": "Czernyring", "highway": "secondary_link", "klass": "secondary", "lanes": 1.0, "maxspeed": 30.0, "surface": "asphalt", "oneway": "yes" }, "geometry": { "type": "LineString", "coordinates": [ [ 8.6723894, 49.4076602 ], [ 8.6724537, 49.4076784 ], [ 8.6725807, 49.4077645 ], [ 8.6726174, 49.4077869 ] ] } },
{ "type": "Feature", "properties": { "osm_id": 322683665, "name": "Czernyring", "highway": "secondary", "klass": "secondary", "lanes": 2.0, "maxspeed": 30.0, "surface": "asphalt", "oneway": "yes" }, "geometry": { "type": "LineString", "coordinates": [ [ 8.6723894, 49.4076602 ], [ 8.6724235, 49.4076931 ], [ 8.6725223, 49.4077814 ], [ 8.6725894, 49.407844 ] ] } },
{ "type": "Feature", "properties": { "osm_id": 322683666, "name": "Emil-Maier-Straße", "highway": "residential", "klass": "residential", "lanes": null, "maxspeed": 50.0, "surface": "asphalt", "oneway": null }, "geometry": { "type": "LineString", "coordinates": [ [ 8.6726174, 49.4077869 ], [ 8.6725997, 49.4077175 ], [ 8.6725771, 49.4076237 ], [ 8.6725467, 49.4074824 ], [ 8.6725442, 49.4074441 ], [ 8.6725489, 49.4072179 ], [ 8.6725497, 49.4072002 ] ] } },
{ "type": "Feature", "properties": { "osm_id": 327392699, "name": "Hauptstraße", "highway": "residential", "klass": "residential", "lanes": null, "maxspeed": 30.0, "surface": "sett", "oneway": null }, "geometry": { "type": "LineString", "coordinates": [ [ 8.7116737, 49.4121405 ], [ 8.7117076, 49.4121499 ], [ 8.7119256, 49.4122054 ] ] } },
{ "type": "Feature", "properties": { "osm_id": 332742925, "name": "Untere Kirchgasse", "highway": "living_street", "klass": "living_street", "lanes": 2.0, "maxspeed": null, "surface": "asphalt", "oneway": null }, "geometry": { "type": "LineString", "coordinates": [ [ 8.6865377, 49.4274334 ], [ 8.686644, 49.4274198 ], [ 8.6867065, 49.4273821 ], [ 8.686832, 49.4272845 ] ] } },
{ "type": "Feature", "properties": { "osm_id": 335291904, "name": "Johannes-Hoops-Weg", "highway": "unclassified", "klass": "unclassified", "lanes": null, "maxspeed": 30.0, "surface": "asphalt", "oneway": null }, "geometry": { "type": "LineString", "coordinates": [ [ 8.7091904, 49.3957099 ], [ 8.7091647, 49.3957384 ] ] } },
{ "type": "Feature", "properties": { "osm_id": 340569174, "name": "Bahnhofstraße", "highway": "residential", "klass": "residential", "lanes": 2.0, "maxspeed": 20.0, "surface": "asphalt", "oneway": null }, "geometry": { "type": "LineString", "coordinates": [ [ 8.6862218, 49.4052757 ], [ 8.6861274, 49.405259 ], [ 8.6857759, 49.4051969 ], [ 8.6855386, 49.4051549 ], [ 8.6854239, 49.4051346 ] ] } },
{ "type": "Feature", "properties": { "osm_id": 345839394, "name": "Speyerer Straße", "highway": "primary", "klass": "primary", "lanes": 2.0, "maxspeed": 50.0, "surface": "asphalt", "oneway": "yes" }, "geometry": { "type": "LineString", "coordinates": [ [ 8.6700162, 49.3958483 ], [ 8.6702077, 49.3959898 ], [ 8.6702884, 49.3960515 ], [ 8.6704119, 49.3961469 ] ] } },
{ "type": "Feature", "properties": { "osm_id": 347967968, "name": "Mannheimer Straße", "highway": "tertiary", "klass": "tertiary", "lanes": 2.0, "maxspeed": 50.0, "surface": "asphalt", "oneway": null }, "geometry": { "type": "LineString", "coordinates": [ [ 8.6526145, 49.4181192 ], [ 8.6528537, 49.4176382 ] ] } },
{ "type": "Feature", "properties": { "osm_id": 349289015, "name": "Rohrbacher Straße", "highway": "primary", "klass": "primary", "lanes": 2.0, "maxspeed": 30.0, "surface": "asphalt", "oneway": "yes" }, "geometry": { "type": "LineString", "coordinates": [ [ 8.6924831, 49.4091235 ], [ 8.6924536, 49.4090699 ], [ 8.6924225, 49.4089881 ], [ 8.6923951, 49.4089336 ] ] } },
{ "type": "Feature", "properties": { "osm_id": 353433160, "name": "Speyerer Straße", "highway": "primary", "klass": "primary", "lanes": 2.0, "maxspeed": 50.0, "surface": "asphalt", "oneway": "yes" }, "geometry": { "type": "LineString", "coordinates": [ [ 8.6742504, 49.3982676 ], [ 8.6743859, 49.3983387 ], [ 8.6744728, 49.3983807 ], [ 8.6746497, 49.3984623 ] ] } },
{ "type": "Feature", "properties": { "osm_id": 353666314, "name": "Speyerer Straße", "highway": "primary", "klass": "primary", "lanes": 2.0, "maxspeed": 70.0, "surface": "asphalt", "oneway": "yes" }, "geometry": { "type": "LineString", "coordinates": [ [ 8.6626928, 49.3896786 ], [ 8.6631563, 49.3900698 ], [ 8.6636558, 49.3905015 ], [ 8.6645346, 49.3912392 ], [ 8.6669405, 49.3932723 ] ] } },
{ "type": "Feature", "properties": { "osm_id": 361109945, "name": "Agnesistraße", "highway": "residential", "klass": "residential", "lanes": 2.0, "maxspeed": 30.0, "surface": "asphalt", "oneway": null }, "geometry": { "type": "LineString", "coordinates": [ [ 8.6625404, 49.405835 ], [ 8.6625315, 49.4058114 ], [ 8.662522, 49.4057861 ], [ 8.6625104, 49.4057553 ] ] } },
{ "type": "Feature", "properties": { "osm_id": 362593646, "name": "Albert-Ueberle-Straße", "highway": "residential", "klass": "residential", "lanes": 2.0, "maxspeed": 30.0, "surface": "asphalt", "oneway": null }, "geometry": { "type": "LineString", "coordinates": [ [ 8.6991364, 49.41427 ], [ 8.6992705, 49.4142719 ], [ 8.6992986, 49.4142712 ], [ 8.6993274, 49.4142665 ], [ 8.6993411, 49.4142585 ], [ 8.6993471, 49.414247 ], [ 8.6993448, 49.4142335 ], [ 8.6993306, 49.4142205 ], [ 8.6993102, 49.4142115 ], [ 8.6992877, 49.414206 ], [ 8.6992562, 49.4142029 ], [ 8.6986441, 49.4141835 ], [ 8.6985841, 49.4141789 ], [ 8.6984063, 49.4141569 ], [ 8.6983313, 49.414147 ], [ 8.6982551, 49.414134 ], [ 8.698061, 49.4140924 ], [ 8.6979865, 49.414082 ], [ 8.6979326, 49.4140761 ], [ 8.6978836, 49.4140748 ], [ 8.6978348, 49.4140787 ], [ 8.6977907, 49.4140903 ], [ 8.697722, 49.4141188 ], [ 8.6976291, 49.4141732 ], [ 8.6975594, 49.4142016 ], [ 8.6975114, 49.4142189 ], [ 8.6974656, 49.4142298 ], [ 8.6973724, 49.4142401 ], [ 8.6972368, 49.4142504 ], [ 8.6968729, 49.4142578 ], [ 8.696575, 49.4142578 ], [ 8.6957181, 49.4142516 ], [ 8.6951714, 49.414271 ], [ 8.6947387, 49.4142998 ], [ 8.6945674, 49.4143106 ], [ 8.6944466, 49.4143136 ], [ 8.6943865, 49.414308 ], [ 8.6943483, 49.4142936 ], [ 8.6943102, 49.4142715 ], [ 8.6942893, 49.4142456 ], [ 8.6942778, 49.4142005 ], [ 8.6942113, 49.4138341 ], [ 8.6941915, 49.4137459 ] ] } },
{ "type": "Feature", "properties": { "osm_id": 366511531, "name": "Baumschulenweg", "highway": "tertiary", "klass": "tertiary", "lanes": 2.0, "maxspeed": 50.0, "surface": "asphalt", "oneway": null }, "geometry": { "type": "LineString", "coordinates": [ [ 8.6502946, 49.3942483 ], [ 8.6504287, 49.3942655 ], [ 8.6505892, 49.394286 ], [ 8.6506504, 49.3942938 ], [ 8.650931, 49.3943298 ] ] } },
{ "type": "Feature", "properties": { "osm_id": 366511532, "name": "Baumschulenweg", "highway": "tertiary", "klass": "tertiary", "lanes": 2.0, "maxspeed": null, "surface": "asphalt", "oneway": null }, "geometry": { "type": "LineString", "coordinates": [ [ 8.6544038, 49.3947686 ], [ 8.6559454, 49.3949697 ], [ 8.6562484, 49.3950092 ], [ 8.656444, 49.3950321 ], [ 8.6565432, 49.3950431 ] ] } },
{ "type": "Feature", "properties": { "osm_id": 366511533, "name": "Baumschulenweg", "highway": "tertiary", "klass": "tertiary", "lanes": 2.0, "maxspeed": 70.0, "surface": "asphalt", "oneway": null }, "geometry": { "type": "LineString", "coordinates": [ [ 8.650931, 49.3943298 ], [ 8.6518664, 49.394448 ], [ 8.6544038, 49.3947686 ] ] } },
{ "type": "Feature", "properties": { "osm_id": 366511535, "name": "Diebsweg", "highway": "secondary", "klass": "secondary", "lanes": 2.0, "maxspeed": 70.0, "surface": "asphalt", "oneway": null }, "geometry": { "type": "LineString", "coordinates": [ [ 8.6599909, 49.3910587 ], [ 8.6595096, 49.3916593 ], [ 8.6589681, 49.3922673 ], [ 8.6585427, 49.3927007 ], [ 8.65822, 49.3929845 ], [ 8.6578612, 49.3933116 ], [ 8.6575459, 49.3936336 ], [ 8.6572108, 49.3940379 ], [ 8.6570978, 49.3941837 ], [ 8.6569656, 49.3943718 ] ] } },
{ "type": "Feature", "properties": { "osm_id": 366511536, "name": "Diebsweg", "highway": "secondary", "klass": "secondary", "lanes": 2.0, "maxspeed": null, "surface": "asphalt", "oneway": null }, "geometry": { "type": "LineString", "coordinates": [ [ 8.6607268, 49.3900892 ], [ 8.6606694, 49.3901644 ], [ 8.6599909, 49.3910587 ] ] } },
{ "type": "Feature", "properties": { "osm_id": 366511537, "name": "Diebsweg", "highway": "secondary", "klass": "secondary", "lanes": 2.0, "maxspeed": 50.0, "surface": "asphalt", "oneway": null }, "geometry": { "type": "LineString", "coordinates": [ [ 8.653631, 49.4019396 ], [ 8.6534069, 49.4024137 ], [ 8.6531543, 49.4029215 ], [ 8.6529876, 49.4031544 ], [ 8.652829, 49.4033671 ], [ 8.6527559, 49.4034751 ], [ 8.6527103, 49.4035655 ], [ 8.6525862, 49.4038549 ], [ 8.6524657, 49.4041237 ], [ 8.6523651, 49.4043745 ] ] } },
{ "type": "Feature", "properties": { "osm_id": 366511544, "name": "Diebsweg", "highway": "secondary", "klass": "secondary", "lanes": 2.0, "maxspeed": null, "surface": "asphalt", "oneway": null }, "geometry": { "type": "LineString", "coordinates": [ [ 8.6569656, 49.3943718 ], [ 8.6568017, 49.394605 ], [ 8.6566684, 49.3948408 ] ] } },
{ "type": "Feature", "properties": { "osm_id": 367142230, "name": "Bergheimer Straße", "highway": "tertiary", "klass": "tertiary", "lanes": 2.0, "maxspeed": 30.0, "surface": "asphalt", "oneway": "yes" }, "geometry": { "type": "LineString", "coordinates": [ [ 8.677981, 49.4079486 ], [ 8.6773277, 49.4079578 ], [ 8.6772914, 49.4079584 ], [ 8.677065, 49.4079532 ] ] } },
{ "type": "Feature", "properties": { "osm_id": 372602112, "name": "Baumschulenweg", "highway": "tertiary", "klass": "tertiary", "lanes": 2.0, "maxspeed": null, "surface": "asphalt", "oneway": null }, "geometry": { "type": "LineString", "coordinates": [ [ 8.6651121, 49.3961375 ], [ 8.6660819, 49.3962618 ], [ 8.6671864, 49.396402 ] ] } },
{ "type": "Feature", "properties": { "osm_id": 372602113, "name": "Baumschulenweg", "highway": "tertiary", "klass": "tertiary", "lanes": 2.0, "maxspeed": 70.0, "surface": "asphalt", "oneway": null }, "geometry": { "type": "LineString", "coordinates": [ [ 8.658753, 49.3953246 ], [ 8.6629583, 49.3958631 ], [ 8.6640327, 49.3959999 ], [ 8.6651121, 49.3961375 ] ] } },
{ "type": "Feature", "properties": { "osm_id": 372778876, "name": "Kleinschmidtstraße", "highway": "residential", "klass": "residential", "lanes": 1.0, "maxspeed": 30.0, "surface": "asphalt", "oneway": "yes" }, "geometry": { "type": "LineString", "coordinates": [ [ 8.6871079, 49.4063019 ], [ 8.6870962, 49.4062842 ], [ 8.6870898, 49.4062635 ], [ 8.6870979, 49.4061942 ] ] } },
{ "type": "Feature", "properties": { "osm_id": 372943890, "name": "Goeppert-Mayer-Straße", "highway": "residential", "klass": "residential", "lanes": null, "maxspeed": 30.0, "surface": "asphalt", "oneway": null }, "geometry": { "type": "LineString", "coordinates": [ [ 8.6724945, 49.4012814 ], [ 8.673137, 49.401129 ] ] } },
{ "type": "Feature", "properties": { "osm_id": 373911206, "name": "Berliner Straße", "highway": "primary", "klass": "primary", "lanes": 1.0, "maxspeed": 50.0, "surface": "asphalt", "oneway": "yes" }, "geometry": { "type": "LineString", "coordinates": [ [ 8.6799576, 49.4238064 ], [ 8.6801592, 49.4239455 ], [ 8.6803295, 49.4240685 ], [ 8.6812155, 49.4247076 ], [ 8.6813214, 49.4247814 ], [ 8.6813526, 49.4248031 ], [ 8.6815095, 49.4249208 ], [ 8.6820764, 49.4253725 ], [ 8.6822856, 49.4255537 ], [ 8.6824314, 49.4256781 ], [ 8.6826173, 49.4258413 ] ] } },
{ "type": "Feature", "properties": { "osm_id": 373911208, "name": "Hofmeisterweg", "highway": "residential", "klass": "residential", "lanes": 2.0, "maxspeed": 30.0, "surface": "asphalt", "oneway": null }, "geometry": { "type": "LineString", "coordinates": [ [ 8.6693719, 49.4134489 ], [ 8.6693414, 49.4134743 ], [ 8.6693233, 49.4135066 ], [ 8.6693142, 49.4135536 ], [ 8.6692841, 49.4139778 ], [ 8.6692772, 49.4140196 ] ] } },
{ "type": "Feature", "properties": { "osm_id": 373911213, "name": "Klausenpfad", "highway": "unclassified", "klass": "unclassified", "lanes": null, "maxspeed": null, "surface": "asphalt", "oneway": null }, "geometry": { "type": "LineString", "coordinates": [ [ 8.678947, 49.4233937 ], [ 8.6789957, 49.4233611 ] ] } },
{ "type": "Feature", "properties": { "osm_id": 375675622, "name": "Schurmanstraße", "highway": "primary", "klass": "primary", "lanes": 2.0, "maxspeed": 50.0, "surface": "asphalt", "oneway": "no" }, "geometry": { "type": "LineString", "coordinates": [ [ 8.685287, 49.4099864 ], [ 8.6857156, 49.4100665 ], [ 8.6866968, 49.4102535 ], [ 8.6869154, 49.4102976 ], [ 8.6869555, 49.4103057 ], [ 8.6870506, 49.4103256 ] ] } },
{ "type": "Feature", "properties": { "osm_id": 375676635, "name": "Bergheimer Straße", "highway": "primary", "klass": "primary", "lanes": 2.0, "maxspeed": 30.0, "surface": "asphalt", "oneway": "yes" }, "geometry": { "type": "LineString", "coordinates": [ [ 8.6689052, 49.4081739 ], [ 8.6688553, 49.4081784 ] ] } },
{ "type": "Feature", "properties": { "osm_id": 376865251, "name": "Bergheimer Straße", "highway": "tertiary", "klass": "tertiary", "lanes": 2.0, "maxspeed": 30.0, "surface": "asphalt", "oneway": "yes" }, "geometry": { "type": "LineString", "coordinates": [ [ 8.675317, 49.4079583 ], [ 8.6749138, 49.4079513 ] ] } },
{ "type": "Feature", "properties": { "osm_id": 376865252, "name": "Bergheimer Straße", "highway": "tertiary", "klass": "tertiary", "lanes": 1.0, "maxspeed": 30.0, "surface": "asphalt", "oneway": "yes" }, "geometry": { "type": "LineString", "coordinates": [ [ 8.673103, 49.4078328 ], [ 8.6740182, 49.4078265 ] ] } },
{ "type": "Feature", "properties": { "osm_id": 376865253, "name": "Bergheimer Straße", "highway": "tertiary", "klass": "tertiary", "lanes": 1.0, "maxspeed": 30.0, "surface": "asphalt", "oneway": "yes" }, "geometry": { "type": "LineString", "coordinates": [ [ 8.6740182, 49.4078265 ], [ 8.6742556, 49.4078259 ], [ 8.6745812, 49.4078229 ], [ 8.6746331, 49.4078224 ] ] } },
{ "type": "Feature", "properties": { "osm_id": 376865320, "name": "Theodor-Körner-Straße", "highway": "residential", "klass": "residential", "lanes": null, "maxspeed": 30.0, "surface": "asphalt", "oneway": "no" }, "geometry": { "type": "LineString", "coordinates": [ [ 8.6704074, 49.4078196 ], [ 8.6704648, 49.4078183 ], [ 8.6705166, 49.4078172 ], [ 8.6713362, 49.4077996 ], [ 8.6713772, 49.4077987 ], [ 8.6718149, 49.4077894 ] ] } },
{ "type": "Feature", "properties": { "osm_id": 381757190, "name": "Gaisbergstraße", "highway": "residential", "klass": "residential", "lanes": 1.0, "maxspeed": 30.0, "surface": "asphalt", "oneway": null }, "geometry": { "type": "LineString", "coordinates": [ [ 8.6940754, 49.405936 ], [ 8.6940925, 49.4060017 ] ] } },
{ "type": "Feature", "properties": { "osm_id": 384595990, "name": "Zwingerstraße", "highway": "residential", "klass": "residential", "lanes": null, "maxspeed": 30.0, "surface": "asphalt", "oneway": null }, "geometry": { "type": "LineString", "coordinates": [ [ 8.7114609, 49.4111787 ], [ 8.7113806, 49.4111523 ] ] } },
{ "type": "Feature", "properties": { "osm_id": 384766596, "name": "Bäumengasse", "highway": "residential", "klass": "residential", "lanes": null, "maxspeed": 30.0, "surface": "asphalt", "oneway": null }, "geometry": { "type": "LineString", "coordinates": [ [ 8.6851195, 49.4276937 ], [ 8.685208, 49.4279699 ], [ 8.6852581, 49.4281157 ], [ 8.6852686, 49.4281524 ], [ 8.6852663, 49.4281946 ], [ 8.6852536, 49.4282349 ], [ 8.6851975, 49.4283744 ], [ 8.6851608, 49.4284741 ], [ 8.6851378, 49.4285509 ], [ 8.6850965, 49.4286222 ], [ 8.6849287, 49.4288977 ] ] } },
{ "type": "Feature", "properties": { "osm_id": 384766597, "name": "Da-Vinci-Straße", "highway": "residential", "klass": "residential", "lanes": null, "maxspeed": 30.0, "surface": "asphalt", "oneway": null }, "geometry": { "type": "LineString", "coordinates": [ [ 8.6654454, 49.4027158 ], [ 8.6657947, 49.4032699 ], [ 8.6658588, 49.4033789 ], [ 8.6660745, 49.4037495 ] ] } },
{ "type": "Feature", "properties": { "osm_id": 385006943, "name": "Ziegelhäuser Landstraße", "highway": "secondary", "klass": "secondary", "lanes": null, "maxspeed": 30.0, "surface": "asphalt", "oneway": null }, "geometry": { "type": "LineString", "coordinates": [ [ 8.7134239, 49.4155423 ], [ 8.7140445, 49.4156031 ], [ 8.7143179, 49.4156299 ], [ 8.7146778, 49.4156697 ], [ 8.7149039, 49.4157041 ], [ 8.7152907, 49.4157882 ], [ 8.7156527, 49.415866 ], [ 8.7158628, 49.4159226 ], [ 8.7160389, 49.4159846 ], [ 8.7161153, 49.4160115 ], [ 8.7161994, 49.4160419 ], [ 8.7162726, 49.4160654 ] ] } },
{ "type": "Feature", "properties": { "osm_id": 387641151, "name": "Bergheimer Straße", "highway": "tertiary", "klass": "tertiary", "lanes": 2.0, "maxspeed": 30.0, "surface": "asphalt", "oneway": "yes" }, "geometry": { "type": "LineString", "coordinates": [ [ 8.6921251, 49.4089706 ], [ 8.6921809, 49.4089723 ], [ 8.6922342, 49.4089705 ], [ 8.6922912, 49.4089679 ], [ 8.6923343, 49.4089605 ], [ 8.6923652, 49.4089491 ], [ 8.6923951, 49.4089336 ] ] } },
{ "type": "Feature", "properties": { "osm_id": 387641152, "name": "Friedrich-Ebert-Anlage", "highway": "secondary", "klass": "secondary", "lanes": 2.0, "maxspeed": 50.0, "surface": "asphalt", "oneway": "yes" }, "geometry": { "type": "LineString", "coordinates": [ [ 8.7025211, 49.4086199 ], [ 8.7029078, 49.4086731 ], [ 8.7030245, 49.4086894 ] ] } },
{ "type": "Feature", "properties": { "osm_id": 390390631, "name": "Im Neuenheimer Feld", "highway": "residential", "klass": "residential", "lanes": 1.0, "maxspeed": null, "surface": "asphalt", "oneway": "no" }, "geometry": { "type": "LineString", "coordinates": [ [ 8.6678458, 49.4187828 ], [ 8.6678642, 49.4188446 ] ] } },
{ "type": "Feature", "properties": { "osm_id": 390390632, "name": "Im Neuenheimer Feld", "highway": "residential", "klass": "residential", "lanes": 2.0, "maxspeed": null, "surface": "asphalt", "oneway": "no" }, "geometry": { "type": "LineString", "coordinates": [ [ 8.6678642, 49.4188446 ], [ 8.6678811, 49.4188941 ] ] } },
{ "type": "Feature", "properties": { "osm_id": 390390633, "name": "Im Neuenheimer Feld", "highway": "residential", "klass": "residential", "lanes": 1.0, "maxspeed": null, "surface": "asphalt", "oneway": "yes" }, "geometry": { "type": "LineString", "coordinates": [ [ 8.6678811, 49.4188941 ], [ 8.6678878, 49.4189885 ], [ 8.6678843, 49.4190682 ], [ 8.6678481, 49.4191182 ] ] } },
{ "type": "Feature", "properties": { "osm_id": 390390634, "name": "Im Neuenheimer Feld", "highway": "residential", "klass": "residential", "lanes": 1.0, "maxspeed": null, "surface": "asphalt", "oneway": "yes" }, "geometry": { "type": "LineString", "coordinates": [ [ 8.6678481, 49.4191182 ], [ 8.667806, 49.4190629 ], [ 8.6677791, 49.4189861 ], [ 8.6678458, 49.4187828 ] ] } },
{ "type": "Feature", "properties": { "osm_id": 392680888, "name": "Langer Anger", "highway": "residential", "klass": "residential", "lanes": 3.0, "maxspeed": 50.0, "surface": "asphalt", "oneway": null }, "geometry": { "type": "LineString", "coordinates": [ [ 8.6732407, 49.398422 ], [ 8.6735777, 49.3981936 ] ] } },
{ "type": "Feature", "properties": { "osm_id": 392689545, "name": "Steigerweg", "highway": "tertiary", "klass": "tertiary", "lanes": null, "maxspeed": 30.0, "surface": "asphalt", "oneway": null }, "geometry": { "type": "LineString", "coordinates": [ [ 8.6918325, 49.399583 ], [ 8.6920917, 49.3993247 ] ] } },
{ "type": "Feature", "properties": { "osm_id": 393010363, "name": "Rudolf-Diesel-Straße", "highway": "residential", "klass": "residential", "lanes": null, "maxspeed": 50.0, "surface": "asphalt", "oneway": null }, "geometry": { "type": "LineString", "coordinates": [ [ 8.6766786, 49.3963649 ], [ 8.6772542, 49.3960177 ], [ 8.6773616, 49.3959461 ], [ 8.6774302, 49.3959096 ], [ 8.6774926, 49.3958796 ], [ 8.6775824, 49.3958399 ] ] } },
{ "type": "Feature", "properties": { "osm_id": 393061642, "name": "Czernyring", "highway": "secondary", "klass": "secondary", "lanes": 2.0, "maxspeed": 30.0, "surface": "asphalt", "oneway": "yes" }, "geometry": { "type": "LineString", "coordinates": [ [ 8.6704661, 49.4060333 ], [ 8.6705645, 49.406123 ] ] } },
{ "type": "Feature", "properties": { "osm_id": 394992017, "name": "Jahnstraße", "highway": "tertiary", "klass": "tertiary", "lanes": 1.0, "maxspeed": 30.0, "surface": "asphalt", "oneway": "yes" }, "geometry": { "type": "LineString", "coordinates": [ [ 8.6769365, 49.4125767 ], [ 8.6772475, 49.4126311 ] ] } },
{ "type": "Feature", "properties": { "osm_id": 394992018, "name": "Jahnstraße", "highway": "tertiary", "klass": "tertiary", "lanes": 1.0, "maxspeed": 30.0, "surface": "asphalt", "oneway": "yes" }, "geometry": { "type": "LineString", "coordinates": [ [ 8.6787323, 49.4127684 ], [ 8.6786313, 49.412758 ], [ 8.6784884, 49.4127002 ] ] } },
{ "type": "Feature", "properties": { "osm_id": 394992019, "name": "Jahnstraße", "highway": "tertiary", "klass": "tertiary", "lanes": 3.0, "maxspeed": 30.0, "surface": "asphalt", "oneway": "yes" }, "geometry": { "type": "LineString", "coordinates": [ [ 8.6769222, 49.4126646 ], [ 8.676822, 49.4126674 ], [ 8.6767523, 49.4126694 ] ] } },
{ "type": "Feature", "properties": { "osm_id": 394992020, "name": "Jahnstraße", "highway": "tertiary", "klass": "tertiary", "lanes": 1.0, "maxspeed": 30.0, "surface": "asphalt", "oneway": "yes" }, "geometry": { "type": "LineString", "coordinates": [ [ 8.6790751, 49.4127649 ], [ 8.6788988, 49.4127706 ], [ 8.6787323, 49.4127684 ] ] } },
{ "type": "Feature", "properties": { "osm_id": 394992021, "name": "Jahnstraße", "highway": "residential", "klass": "residential", "lanes": 1.0, "maxspeed": 30.0, "surface": "asphalt", "oneway": "yes" }, "geometry": { "type": "LineString", "coordinates": [ [ 8.678886, 49.4127035 ], [ 8.6790751, 49.4127649 ] ] } },
{ "type": "Feature", "properties": { "osm_id": 394992022, "name": "Jahnstraße", "highway": "tertiary", "klass": "tertiary", "lanes": 1.0, "maxspeed": 30.0, "surface": "asphalt", "oneway": "yes" }, "geometry": { "type": "LineString", "coordinates": [ [ 8.6784884, 49.4127002 ], [ 8.678646, 49.4126928 ], [ 8.678886, 49.4127035 ] ] } },
{ "type": "Feature", "properties": { "osm_id": 394992023, "name": "Jahnstraße", "highway": "residential", "klass": "residential", "lanes": 2.0, "maxspeed": 30.0, "surface": "asphalt", "oneway": null }, "geometry": { "type": "LineString", "coordinates": [ [ 8.6795169, 49.4129763 ], [ 8.6806013, 49.4133004 ], [ 8.6806396, 49.4133111 ], [ 8.6808735, 49.4133771 ] ] } },
{ "type": "Feature", "properties": { "osm_id": 394992024, "name": "Jahnstraße", "highway": "residential", "klass": "residential", "lanes": 1.0, "maxspeed": 30.0, "surface": "asphalt", "oneway": "yes" }, "geometry": { "type": "LineString", "coordinates": [ [ 8.679435, 49.4129519 ], [ 8.6793266, 49.4129347 ], [ 8.6788237, 49.4127969 ], [ 8.6787323, 49.4127684 ] ] } },
{ "type": "Feature", "properties": { "osm_id": 394992025, "name": "Posseltstraße", "highway": "tertiary", "klass": "tertiary", "lanes": 1.0, "maxspeed": 30.0, "surface": "asphalt", "oneway": "yes" }, "geometry": { "type": "LineString", "coordinates": [ [ 8.6794851, 49.4127273 ], [ 8.679328, 49.4127436 ], [ 8.6790751, 49.4127649 ] ] } },
{ "type": "Feature", "properties": { "osm_id": 394992026, "name": "Posseltstraße", "highway": "tertiary", "klass": "tertiary", "lanes": 1.0, "maxspeed": 30.0, "surface": "asphalt", "oneway": "yes" }, "geometry": { "type": "LineString", "coordinates": [ [ 8.678886, 49.4127035 ], [ 8.6792857, 49.4127043 ], [ 8.6794851, 49.4127273 ] ] } },
{ "type": "Feature", "properties": { "osm_id": 394994859, "name": "Jahnstraße", "highway": "residential", "klass": "residential", "lanes": 3.0, "maxspeed": 30.0, "surface": "asphalt", "oneway": "yes" }, "geometry": { "type": "LineString", "coordinates": [ [ 8.6761514, 49.4125864 ], [ 8.6763319, 49.4125901 ], [ 8.6764202, 49.4125901 ], [ 8.6764854, 49.4125917 ], [ 8.6765353, 49.412593 ] ] } },
{ "type": "Feature", "properties": { "osm_id": 400539712, "name": "Czernyring", "highway": "secondary", "klass": "secondary", "lanes": 1.0, "maxspeed": 50.0, "surface": "asphalt", "oneway": "yes" }, "geometry": { "type": "LineString", "coordinates": [ [ 8.6695443, 49.4049303 ], [ 8.6695711, 49.4049175 ], [ 8.6699375, 49.4047452 ] ] } },
{ "type": "Feature", "properties": { "osm_id": 400539715, "name": "Czernyring", "highway": "secondary", "klass": "secondary", "lanes": 5.0, "maxspeed": 50.0, "surface": "asphalt", "oneway": null }, "geometry": { "type": "LineString", "coordinates": [ [ 8.6733069, 49.4024112 ], [ 8.6733696, 49.4023802 ], [ 8.6733963, 49.4023669 ], [ 8.6735456, 49.402293 ], [ 8.6737188, 49.402207 ], [ 8.6737944, 49.4021688 ] ] } },
{ "type": "Feature", "properties": { "osm_id": 400711526, "name": "Diebsweg", "highway": "secondary", "klass": "secondary", "lanes": 2.0, "maxspeed": 50.0, "surface": "asphalt", "oneway": null }, "geometry": { "type": "LineString", "coordinates": [ [ 8.6562026, 49.3958214 ], [ 8.6559034, 49.3965463 ], [ 8.6558065, 49.3967301 ], [ 8.6557002, 49.3968744 ], [ 8.6555169, 49.3970771 ], [ 8.6552982, 49.3973077 ], [ 8.6551378, 49.397473 ], [ 8.6550363, 49.3976126 ], [ 8.6549559, 49.3977404 ], [ 8.6548389, 49.3979595 ], [ 8.6548302, 49.3979785 ], [ 8.6547694, 49.3981288 ], [ 8.6547227, 49.3982636 ], [ 8.6546858, 49.398396 ], [ 8.6546677, 49.3985142 ], [ 8.6546289, 49.3988453 ], [ 8.6546137, 49.3989749 ], [ 8.6545886, 49.3990788 ], [ 8.6545504, 49.3992357 ], [ 8.6544935, 49.3993321 ] ] } },
{ "type": "Feature", "properties": { "osm_id": 400711527, "name": "Diebsweg", "highway": "secondary", "klass": "secondary", "lanes": 2.0, "maxspeed": 50.0, "surface": "asphalt", "oneway": null }, "geometry": { "type": "LineString", "coordinates": [ [ 8.6540581, 49.4008123 ], [ 8.6540454, 49.400872 ], [ 8.6539897, 49.4011082 ], [ 8.653914, 49.401328 ], [ 8.653631, 49.4019396 ] ] } },
{ "type": "Feature", "properties": { "osm_id": 400711528, "name": "Diebsweg", "highway": "secondary", "klass": "secondary", "lanes": 2.0, "maxspeed": 50.0, "surface": "asphalt", "oneway": null }, "geometry": { "type": "LineString", "coordinates": [ [ 8.6544935, 49.3993321 ], [ 8.6544557, 49.3994825 ], [ 8.6542943, 49.3999204 ], [ 8.6541673, 49.4003226 ], [ 8.6540857, 49.4006832 ] ] } },
{ "type": "Feature", "properties": { "osm_id": 400711529, "name": "Diebsweg", "highway": "secondary", "klass": "secondary", "lanes": 2.0, "maxspeed": 50.0, "surface": "asphalt", "oneway": null }, "geometry": { "type": "LineString", "coordinates": [ [ 8.6519733, 49.4053414 ], [ 8.6519345, 49.4054243 ], [ 8.6519175, 49.4054605 ], [ 8.6518906, 49.4055182 ], [ 8.6518642, 49.4055755 ], [ 8.6518511, 49.4056022 ], [ 8.6518224, 49.4056639 ] ] } },
{ "type": "Feature", "properties": { "osm_id": 400711531, "name": "Henkel-Teroson-Straße", "highway": "tertiary", "klass": "tertiary", "lanes": 2.0, "maxspeed": null, "surface": "asphalt", "oneway": null }, "geometry": { "type": "LineString", "coordinates": [ [ 8.6508095, 49.408052 ], [ 8.6505929, 49.4081302 ] ] } },
{ "type": "Feature", "properties": { "osm_id": 400711532, "name": "Henkel-Teroson-Straße", "highway": "tertiary", "klass": "tertiary", "lanes": 3.0, "maxspeed": 50.0, "surface": "asphalt", "oneway": null }, "geometry": { "type": "LineString", "coordinates": [ [ 8.6517762, 49.4076914 ], [ 8.651548, 49.407778 ] ] } },
{ "type": "Feature", "properties": { "osm_id": 400711533, "name": "Henkel-Teroson-Straße", "highway": "tertiary", "klass": "tertiary", "lanes": 3.0, "maxspeed": 30.0, "surface": "asphalt", "oneway": null }, "geometry": { "type": "LineString", "coordinates": [ [ 8.6517995, 49.4057229 ], [ 8.6517759, 49.4057853 ], [ 8.6517286, 49.4059674 ] ] } },
{ "type": "Feature", "properties": { "osm_id": 400711534, "name": "Henkel-Teroson-Straße", "highway": "tertiary", "klass": "tertiary", "lanes": null, "maxspeed": 50.0, "surface": "asphalt", "oneway": null }, "geometry": { "type": "LineString", "coordinates": [ [ 8.6505929, 49.4081302 ], [ 8.6499208, 49.408362 ], [ 8.6497161, 49.4084368 ], [ 8.6486011, 49.4088932 ], [ 8.6481357, 49.4090691 ], [ 8.6481009, 49.4090822 ], [ 8.6476646, 49.4092471 ], [ 8.6462772, 49.4097714 ] ] } },
{ "type": "Feature", "properties": { "osm_id": 404799371, "name": "Langer Anger", "highway": "residential", "klass": "residential", "lanes": 2.0, "maxspeed": 30.0, "surface": "asphalt", "oneway": null }, "geometry": { "type": "LineString", "coordinates": [ [ 8.668906, 49.4009229 ], [ 8.6689679, 49.4008923 ], [ 8.6692159, 49.400751 ], [ 8.670178, 49.4002182 ], [ 8.6705832, 49.3999963 ], [ 8.6708546, 49.3998442 ], [ 8.671272, 49.3996103 ], [ 8.6713405, 49.3995751 ] ] } },
{ "type": "Feature", "properties": { "osm_id": 404799372, "name": "Langer Anger", "highway": "residential", "klass": "residential", "lanes": 2.0, "maxspeed": 30.0, "surface": "asphalt", "oneway": "yes" }, "geometry": { "type": "LineString", "coordinates": [ [ 8.6619762, 49.4043462 ], [ 8.6629034, 49.4039158 ], [ 8.6638327, 49.4034844 ], [ 8.6646863, 49.4030775 ], [ 8.6654454, 49.4027158 ] ] } },
{ "type": "Feature", "properties": { "osm_id": 406169573, "name": "Friedrich-Ebert-Anlage", "highway": "secondary", "klass": "secondary", "lanes": 1.0, "maxspeed": 50.0, "surface": "asphalt", "oneway": "yes" }, "geometry": { "type": "LineString", "coordinates": [ [ 8.696859, 49.408043 ], [ 8.6963631, 49.4079525 ] ] } },
{ "type": "Feature", "properties": { "osm_id": 407505924, "name": "Brückenstraße", "highway": "secondary", "klass": "secondary", "lanes": 2.0, "maxspeed": 30.0, "surface": "asphalt", "oneway": null }, "geometry": { "type": "LineString", "coordinates": [ [ 8.6920656, 49.41589 ], [ 8.6920582, 49.4159717 ], [ 8.692036, 49.4163549 ], [ 8.6920238, 49.4165922 ] ] } },
{ "type": "Feature", "properties": { "osm_id": 409707574, "name": "Alte Eppelheimer Straße", "highway": "secondary", "klass": "secondary", "lanes": 2.0, "maxspeed": 50.0, "surface": "asphalt", "oneway": null }, "geometry": { "type": "LineString", "coordinates": [ [ 8.6711568, 49.4062269 ], [ 8.6715911, 49.4061648 ], [ 8.6718195, 49.406136 ] ] } },
{ "type": "Feature", "properties": { "osm_id": 411268908, "name": "Friedrich-Ebert-Anlage", "highway": "secondary", "klass": "secondary", "lanes": 1.0, "maxspeed": 50.0, "surface": "asphalt", "oneway": "yes" }, "geometry": { "type": "LineString", "coordinates": [ [ 8.6963631, 49.4079525 ], [ 8.6958401, 49.4078408 ] ] } },
{ "type": "Feature", "properties": { "osm_id": 411268910, "name": "Friedrich-Ebert-Anlage", "highway": "secondary", "klass": "secondary", "lanes": 2.0, "maxspeed": 30.0, "surface": "asphalt", "oneway": "yes" }, "geometry": { "type": "LineString", "coordinates": [ [ 8.7018712, 49.4088926 ], [ 8.7018187, 49.4088871 ] ] } },
{ "type": "Feature", "properties": { "osm_id": 411268912, "name": "Friedrich-Ebert-Anlage", "highway": "secondary", "klass": "secondary", "lanes": 1.0, "maxspeed": 30.0, "surface": "asphalt", "oneway": "yes" }, "geometry": { "type": "LineString", "coordinates": [ [ 8.6984374, 49.408315 ], [ 8.6981827, 49.4082713 ] ] } },
{ "type": "Feature", "properties": { "osm_id": 411268913, "name": "Friedrich-Ebert-Anlage", "highway": "secondary", "klass": "secondary", "lanes": 2.0, "maxspeed": 30.0, "surface": "asphalt", "oneway": "yes" }, "geometry": { "type": "LineString", "coordinates": [ [ 8.7018187, 49.4088871 ], [ 8.7017485, 49.408879 ], [ 8.7014631, 49.4088383 ], [ 8.7010996, 49.4087759 ], [ 8.7008873, 49.4087401 ] ] } },
{ "type": "Feature", "properties": { "osm_id": 411268914, "name": "Klingenteichstraße", "highway": "tertiary", "klass": "tertiary", "lanes": 2.0, "maxspeed": null, "surface": "asphalt", "oneway": null }, "geometry": { "type": "LineString", "coordinates": [ [ 8.7082636, 49.405637 ], [ 8.7083525, 49.4055953 ], [ 8.7084253, 49.4055578 ], [ 8.708487, 49.4055271 ], [ 8.7085503, 49.4054962 ], [ 8.708608, 49.4054737 ], [ 8.7087026, 49.4054397 ], [ 8.7088309, 49.4053977 ], [ 8.7095117, 49.4052043 ] ] } },
{ "type": "Feature", "properties": { "osm_id": 411275961, "name": "Kurfürsten-Anlage", "highway": "secondary", "klass": "secondary", "lanes": 3.0, "maxspeed": 50.0, "surface": "asphalt", "oneway": "yes" }, "geometry": { "type": "LineString", "coordinates": [ [ 8.6784142, 49.4047137 ], [ 8.6782344, 49.4046835 ] ] } },
{ "type": "Feature", "properties": { "osm_id": 411275962, "name": "Kurfürsten-Anlage", "highway": "primary", "klass": "primary", "lanes": 3.0, "maxspeed": 30.0, "surface": "asphalt", "oneway": "yes" }, "geometry": { "type": "LineString", "coordinates": [ [ 8.6878693, 49.4064846 ], [ 8.6875833, 49.4064342 ], [ 8.6872292, 49.4063772 ] ] } },
{ "type": "Feature", "properties": { "osm_id": 411275963, "name": "Kurfürsten-Anlage", "highway": "secondary", "klass": "secondary", "lanes": 4.0, "maxspeed": 50.0, "surface": "asphalt", "oneway": "yes" }, "geometry": { "type": "LineString", "coordinates": [ [ 8.6782344, 49.4046835 ], [ 8.6780351, 49.4046499 ], [ 8.6778198, 49.4046245 ] ] } },
{ "type": "Feature", "properties": { "osm_id": 411275964, "name": "Kurfürsten-Anlage", "highway": "primary", "klass": "primary", "lanes": 2.0, "maxspeed": 30.0, "surface": "asphalt", "oneway": "yes" }, "geometry": { "type": "LineString", "coordinates": [ [ 8.6896486, 49.4068145 ], [ 8.6895673, 49.4067995 ], [ 8.6895175, 49.4067899 ], [ 8.689071, 49.4067086 ], [ 8.6887618, 49.4066419 ], [ 8.6886518, 49.4066225 ], [ 8.6882602, 49.4065534 ], [ 8.6878693, 49.4064846 ] ] } },
{ "type": "Feature", "properties": { "osm_id": 411574098, "name": "Adenauerplatz", "highway": "secondary", "klass": "secondary", "lanes": 2.0, "maxspeed": 50.0, "surface": "asphalt", "oneway": "yes" }, "geometry": { "type": "LineString", "coordinates": [ [ 8.6938767, 49.4069056 ], [ 8.6940505, 49.4068955 ], [ 8.6943017, 49.406887 ] ] } },
{ "type": "Feature", "properties": { "osm_id": 417491544, "name": "Carl-Benz-Straße", "highway": "secondary", "klass": "secondary", "lanes": 2.0, "maxspeed": 50.0, "surface": "asphalt", "oneway": "yes" }, "geometry": { "type": "LineString", "coordinates": [ [ 8.6792664, 49.3980338 ], [ 8.679279, 49.3980171 ], [ 8.6793392, 49.3979394 ] ] } },
{ "type": "Feature", "properties": { "osm_id": 417491558, "name": "Carl-Benz-Straße", "highway": "secondary", "klass": "secondary", "lanes": 2.0, "maxspeed": 50.0, "surface": "asphalt", "oneway": "yes" }, "geometry": { "type": "LineString", "coordinates": [ [ 8.6777687, 49.3997758 ], [ 8.6779301, 49.3995914 ] ] } },
{ "type": "Feature", "properties": { "osm_id": 417491572, "name": "Carl-Benz-Straße", "highway": "secondary", "klass": "secondary", "lanes": 2.0, "maxspeed": 50.0, "surface": "asphalt", "oneway": "yes" }, "geometry": { "type": "LineString", "coordinates": [ [ 8.6779301, 49.3995914 ], [ 8.6782238, 49.3992739 ] ] } },
{ "type": "Feature", "properties": { "osm_id": 417491589, "name": "Carl-Benz-Straße", "highway": "secondary", "klass": "secondary", "lanes": 2.0, "maxspeed": 50.0, "surface": "asphalt", "oneway": "yes" }, "geometry": { "type": "LineString", "coordinates": [ [ 8.6776715, 49.3998583 ], [ 8.6777036, 49.399837 ], [ 8.6777687, 49.3997758 ] ] } },
{ "type": "Feature", "properties": { "osm_id": 417491633, "name": "Hebelstraße", "highway": "secondary", "klass": "secondary", "lanes": 2.0, "maxspeed": 50.0, "surface": "asphalt", "oneway": null }, "geometry": { "type": "LineString", "coordinates": [ [ 8.6812661, 49.3972009 ], [ 8.6799313, 49.3971497 ], [ 8.6796304, 49.3971235 ] ] } },
{ "type": "Feature", "properties": { "osm_id": 417491652, "name": "Heinrich-Lanz-Straße", "highway": "residential", "klass": "residential", "lanes": 2.0, "maxspeed": 50.0, "surface": "asphalt", "oneway": null }, "geometry": { "type": "LineString", "coordinates": [ [ 8.6797129, 49.3979933 ], [ 8.6800051, 49.398029 ], [ 8.6819969, 49.3983078 ] ] } },
{ "type": "Feature", "properties": { "osm_id": 417500147, "name": "Thibautstraße", "highway": "residential", "klass": "residential", "lanes": 2.0, "maxspeed": 30.0, "surface": "asphalt", "oneway": null }, "geometry": { "type": "LineString", "coordinates": [ [ 8.6874513, 49.4093609 ], [ 8.687372, 49.4095625 ], [ 8.6873504, 49.4096176 ], [ 8.687323, 49.4096872 ], [ 8.6872586, 49.409851 ] ] } },
{ "type": "Feature", "properties": { "osm_id": 417500157, "name": "Thibautstraße", "highway": "residential", "klass": "residential", "lanes": 3.0, "maxspeed": 30.0, "surface": "asphalt", "oneway": null }, "geometry": { "type": "LineString", "coordinates": [ [ 8.6872586, 49.409851 ], [ 8.6871358, 49.4101294 ] ] } },
{ "type": "Feature", "properties": { "osm_id": 417782533, "name": "Schurmanstraße", "highway": "primary", "klass": "primary", "lanes": 2.0, "maxspeed": 50.0, "surface": "asphalt", "oneway": "no" }, "geometry": { "type": "LineString", "coordinates": [ [ 8.6878384, 49.4104751 ], [ 8.6901963, 49.4109197 ] ] } },
{ "type": "Feature", "properties": { "osm_id": 417789760, "name": "Handschuhsheimer Landstraße", "highway": "secondary", "klass": "secondary", "lanes": 2.0, "maxspeed": 50.0, "surface": "asphalt", "oneway": null }, "geometry": { "type": "LineString", "coordinates": [ [ 8.6914276, 49.4177259 ], [ 8.6910726, 49.4180512 ] ] } },
{ "type": "Feature", "properties": { "osm_id": 417800965, "name": "Beethovenstraße", "highway": "residential", "klass": "residential", "lanes": 2.0, "maxspeed": 30.0, "surface": "asphalt", "oneway": null }, "geometry": { "type": "LineString", "coordinates": [ [ 8.6860632, 49.4241634 ], [ 8.685952, 49.4243762 ], [ 8.6853697, 49.4246192 ], [ 8.6845101, 49.4249679 ] ] } },
{ "type": "Feature", "properties": { "osm_id": 417800999, "name": "Hans-Thoma-Platz", "highway": "primary", "klass": "primary", "lanes": 2.0, "maxspeed": 50.0, "surface": "asphalt", "oneway": "yes" }, "geometry": { "type": "LineString", "coordinates": [ [ 8.6832372, 49.4274773 ], [ 8.6834263, 49.4278027 ], [ 8.6834711, 49.4279079 ], [ 8.6834757, 49.4279803 ], [ 8.683477, 49.4280016 ], [ 8.6834822, 49.428093 ] ] } },
{ "type": "Feature", "properties": { "osm_id": 420609755, "name": "Hohe Gasse", "highway": "residential", "klass": "residential", "lanes": null, "maxspeed": 30.0, "surface": "asphalt", "oneway": null }, "geometry": { "type": "LineString", "coordinates": [ [ 8.6914621, 49.3933447 ], [ 8.6918257, 49.3932644 ], [ 8.6925323, 49.3931149 ] ] } },
{ "type": "Feature", "properties": { "osm_id": 426961392, "name": "Klausenpfad", "highway": "unclassified", "klass": "unclassified", "lanes": 3.0, "maxspeed": null, "surface": "asphalt", "oneway": null }, "geometry": { "type": "LineString", "coordinates": [ [ 8.6772157, 49.4228668 ], [ 8.6775134, 49.4226414 ], [ 8.6775917, 49.4225861 ], [ 8.677634, 49.4225559 ] ] } },
{ "type": "Feature", "properties": { "osm_id": 426961393, "name": "Klausenpfad", "highway": "unclassified", "klass": "unclassified", "lanes": null, "maxspeed": null, "surface": "asphalt", "oneway": null }, "geometry": { "type": "LineString", "coordinates": [ [ 8.677634, 49.4225559 ], [ 8.6776809, 49.42252 ], [ 8.6777154, 49.4224951 ], [ 8.677779, 49.4224498 ] ] } },
{ "type": "Feature", "properties": { "osm_id": 429024483, "name": "Mönchhofstraße", "highway": "tertiary", "klass": "tertiary", "lanes": 2.0, "maxspeed": 30.0, "surface": "asphalt", "oneway": null }, "geometry": { "type": "LineString", "coordinates": [ [ 8.6818807, 49.4173918 ], [ 8.6816677, 49.4173826 ], [ 8.6815167, 49.4173677 ], [ 8.6802457, 49.4172046 ], [ 8.6801545, 49.4171932 ], [ 8.67997, 49.4171702 ], [ 8.6790967, 49.4170467 ], [ 8.6779899, 49.4169706 ] ] } },
{ "type": "Feature", "properties": { "osm_id": 429024484, "name": "Richard-Wagner-Straße", "highway": "residential", "klass": "residential", "lanes": 2.0, "maxspeed": 30.0, "surface": "asphalt", "oneway": null }, "geometry": { "type": "LineString", "coordinates": [ [ 8.6873681, 49.424391 ], [ 8.687487, 49.4244421 ] ] } },
{ "type": "Feature", "properties": { "osm_id": 429024485, "name": "Richard-Wagner-Straße", "highway": "residential", "klass": "residential", "lanes": 2.0, "maxspeed": 30.0, "surface": "asphalt", "oneway": null }, "geometry": { "type": "LineString", "coordinates": [ [ 8.6843971, 49.4238729 ], [ 8.684698, 49.4239254 ], [ 8.6860632, 49.4241634 ] ] } },
{ "type": "Feature", "properties": { "osm_id": 429253281, "name": "Hans-Thoma-Straße", "highway": "residential", "klass": "residential", "lanes": 2.0, "maxspeed": 30.0, "surface": "asphalt", "oneway": null }, "geometry": { "type": "LineString", "coordinates": [ [ 8.6815901, 49.4296355 ], [ 8.6814141, 49.4301873 ], [ 8.6813673, 49.4303397 ], [ 8.6812999, 49.430609 ], [ 8.6811786, 49.4311132 ], [ 8.6810751, 49.4315942 ], [ 8.6809789, 49.432004 ], [ 8.6809324, 49.4322395 ], [ 8.6809193, 49.4323055 ], [ 8.6808475, 49.4326406 ], [ 8.6808266, 49.4327407 ], [ 8.680811, 49.4328434 ], [ 8.6807953, 49.4329854 ], [ 8.6807929, 49.4330293 ] ] } },
{ "type": "Feature", "properties": { "osm_id": 429253288, "name": "Hans-Thoma-Straße", "highway": "residential", "klass": "residential", "lanes": 2.0, "maxspeed": 30.0, "surface": "asphalt", "oneway": null }, "geometry": { "type": "LineString", "coordinates": [ [ 8.682748, 49.4271451 ], [ 8.6826669, 49.4271722 ], [ 8.682632, 49.4272053 ] ] } },
{ "type": "Feature", "properties": { "osm_id": 429253365, "name": "Husarenstraße", "highway": "residential", "klass": "residential", "lanes": 2.0, "maxspeed": 30.0, "surface": "paving_stones", "oneway": null }, "geometry": { "type": "LineString", "coordinates": [ [ 8.680262, 49.4291446 ], [ 8.6794132, 49.4290423 ] ] } },
{ "type": "Feature", "properties": { "osm_id": 429253369, "name": "Wethgasse", "highway": "residential", "klass": "residential", "lanes": 2.0, "maxspeed": 30.0, "surface": "asphalt", "oneway": null }, "geometry": { "type": "LineString", "coordinates": [ [ 8.6816662, 49.4268887 ], [ 8.6813641, 49.4267981 ] ] } },
{ "type": "Feature", "properties": { "osm_id": 429253370, "name": "Zeppelinstraße", "highway": "residential", "klass": "residential", "lanes": 2.0, "maxspeed": 30.0, "surface": "asphalt", "oneway": null }, "geometry": { "type": "LineString", "coordinates": [ [ 8.6825126, 49.425962 ], [ 8.6825443, 49.4259283 ] ] } },
{ "type": "Feature", "properties": { "osm_id": 433122200, "name": "Haydnstraße", "highway": "residential", "klass": "residential", "lanes": null, "maxspeed": 30.0, "surface": "asphalt", "oneway": null }, "geometry": { "type": "LineString", "coordinates": [ [ 8.685121, 49.4231887 ], [ 8.6848585, 49.4231314 ] ] } },
{ "type": "Feature", "properties": { "osm_id": 436346678, "name": "Henkel-Teroson-Straße", "highway": "tertiary", "klass": "tertiary", "lanes": 3.0, "maxspeed": 50.0, "surface": "asphalt", "oneway": null }, "geometry": { "type": "LineString", "coordinates": [ [ 8.6536506, 49.4072045 ], [ 8.6534973, 49.4072378 ], [ 8.6533027, 49.4072802 ], [ 8.6531576, 49.4073117 ], [ 8.6530367, 49.407338 ] ] } },
{ "type": "Feature", "properties": { "osm_id": 436346679, "name": "Henkel-Teroson-Straße", "highway": "tertiary", "klass": "tertiary", "lanes": 3.0, "maxspeed": 50.0, "surface": "asphalt", "oneway": null }, "geometry": { "type": "LineString", "coordinates": [ [ 8.654297, 49.4070858 ], [ 8.6536506, 49.4072045 ] ] } },
{ "type": "Feature", "properties": { "osm_id": 436346680, "name": "Henkel-Teroson-Straße", "highway": "tertiary", "klass": "tertiary", "lanes": 3.0, "maxspeed": 50.0, "surface": "asphalt", "oneway": null }, "geometry": { "type": "LineString", "coordinates": [ [ 8.6557913, 49.4068671 ], [ 8.6557597, 49.4068715 ], [ 8.6552313, 49.4069445 ] ] } },
{ "type": "Feature", "properties": { "osm_id": 436346681, "name": "Henkel-Teroson-Straße", "highway": "tertiary", "klass": "tertiary", "lanes": 3.0, "maxspeed": 50.0, "surface": "asphalt", "oneway": null }, "geometry": { "type": "LineString", "coordinates": [ [ 8.6552313, 49.4069445 ], [ 8.6551693, 49.4069538 ], [ 8.6548313, 49.4070046 ], [ 8.6545974, 49.4070391 ], [ 8.6545424, 49.4070477 ], [ 8.654297, 49.4070858 ] ] } },
{ "type": "Feature", "properties": { "osm_id": 436346682, "name": "Henkel-Teroson-Straße", "highway": "tertiary", "klass": "tertiary", "lanes": 3.0, "maxspeed": 50.0, "surface": "asphalt", "oneway": null }, "geometry": { "type": "LineString", "coordinates": [ [ 8.6530367, 49.407338 ], [ 8.6527332, 49.4074087 ], [ 8.6521147, 49.4075898 ], [ 8.6517762, 49.4076914 ] ] } },
{ "type": "Feature", "properties": { "osm_id": 436658147, "name": "Fischergasse", "highway": "living_street", "klass": "living_street", "lanes": 2.0, "maxspeed": null, "surface": "asphalt", "oneway": "yes" }, "geometry": { "type": "LineString", "coordinates": [ [ 8.7104625, 49.4133391 ], [ 8.7104248, 49.4134912 ], [ 8.7104175, 49.4135185 ], [ 8.7104076, 49.4135554 ] ] } },
{ "type": "Feature", "properties": { "osm_id": 438232373, "name": "Römerstraße", "highway": "primary", "klass": "primary", "lanes": 5.0, "maxspeed": 50.0, "surface": "asphalt", "oneway": null }, "geometry": { "type": "LineString", "coordinates": [ [ 8.6860581, 49.3903207 ], [ 8.6860938, 49.3900098 ], [ 8.6861202, 49.3897727 ], [ 8.6861236, 49.3897392 ], [ 8.6861355, 49.3896073 ] ] } },
{ "type": "Feature", "properties": { "osm_id": 438232374, "name": "Römerstraße", "highway": "primary", "klass": "primary", "lanes": 3.0, "maxspeed": 50.0, "surface": "asphalt", "oneway": "yes" }, "geometry": { "type": "LineString", "coordinates": [ [ 8.6856357, 49.3942298 ], [ 8.6856647, 49.3938005 ] ] } },
{ "type": "Feature", "properties": { "osm_id": 438950306, "name": "Diebsweg", "highway": "secondary", "klass": "secondary", "lanes": 2.0, "maxspeed": null, "surface": "asphalt", "oneway": null }, "geometry": { "type": "LineString", "coordinates": [ [ 8.6566684, 49.3948408 ], [ 8.6565432, 49.3950431 ] ] } },
{ "type": "Feature", "properties": { "osm_id": 440464151, "name": "Tiergartenstraße", "highway": "residential", "klass": "residential", "lanes": null, "maxspeed": 30.0, "surface": "asphalt", "oneway": null }, "geometry": { "type": "LineString", "coordinates": [ [ 8.664923, 49.4147752 ], [ 8.6648242, 49.4146101 ] ] } },
{ "type": "Feature", "properties": { "osm_id": 440466305, "name": "Im Neuenheimer Feld", "highway": "living_street", "klass": "living_street", "lanes": null, "maxspeed": null, "surface": "asphalt", "oneway": null }, "geometry": { "type": "LineString", "coordinates": [ [ 8.6645085, 49.4194134 ], [ 8.6645031, 49.4196109 ], [ 8.6645023, 49.4196545 ], [ 8.6645129, 49.4199132 ], [ 8.6645129, 49.4199857 ], [ 8.6645073, 49.420237 ], [ 8.6643864, 49.4204237 ], [ 8.6643047, 49.4205327 ], [ 8.66422, 49.4206468 ], [ 8.6640961, 49.4208076 ] ] } },
{ "type": "Feature", "properties": { "osm_id": 444462788, "name": "Im Neuenheimer Feld", "highway": "residential", "klass": "residential", "lanes": null, "maxspeed": 30.0, "surface": "asphalt", "oneway": null }, "geometry": { "type": "LineString", "coordinates": [ [ 8.6583958, 49.4223712 ], [ 8.6587912, 49.4224574 ], [ 8.6589673, 49.4225386 ], [ 8.65902, 49.422553 ], [ 8.6591264, 49.4225819 ], [ 8.6592129, 49.4226054 ], [ 8.6592636, 49.4226192 ], [ 8.6594782, 49.4226776 ], [ 8.659722, 49.4227439 ], [ 8.6597669, 49.4227561 ], [ 8.659967, 49.4228105 ], [ 8.6600893, 49.4228395 ] ] } },
{ "type": "Feature", "properties": { "osm_id": 445495953, "name": "Quinckestraße", "highway": "residential", "klass": "residential", "lanes": 2.0, "maxspeed": 30.0, "surface": "asphalt", "oneway": null }, "geometry": { "type": "LineString", "coordinates": [ [ 8.6827721, 49.4203963 ], [ 8.68277, 49.4203459 ], [ 8.682967, 49.4198107 ], [ 8.6830777, 49.4194215 ], [ 8.6831558, 49.4190963 ], [ 8.683159, 49.4190821 ], [ 8.6831655, 49.4190591 ], [ 8.6831758, 49.4190079 ], [ 8.683285, 49.4186134 ], [ 8.6832967, 49.4185634 ] ] } },
{ "type": "Feature", "properties": { "osm_id": 445498547, "name": "Tiergartenstraße", "highway": "residential", "klass": "residential", "lanes": 2.0, "maxspeed": 30.0, "surface": "asphalt", "oneway": null }, "geometry": { "type": "LineString", "coordinates": [ [ 8.6583958, 49.4223712 ], [ 8.6587144, 49.4217795 ], [ 8.659321, 49.4205741 ] ] } },
{ "type": "Feature", "properties": { "osm_id": 450683213, "name": "Im Neuenheimer Feld", "highway": "residential", "klass": "residential", "lanes": 2.0, "maxspeed": null, "surface": "asphalt", "oneway": "no" }, "geometry": { "type": "LineString", "coordinates": [ [ 8.6677937, 49.4175693 ], [ 8.6677935, 49.4175287 ] ] } },
{ "type": "Feature", "properties": { "osm_id": 450683214, "name": "Im Neuenheimer Feld", "highway": "residential", "klass": "residential", "lanes": 2.0, "maxspeed": 10.0, "surface": "asphalt", "oneway": "no" }, "geometry": { "type": "LineString", "coordinates": [ [ 8.6677935, 49.4175287 ], [ 8.667796, 49.4173456 ], [ 8.6677963, 49.4173254 ] ] } },
{ "type": "Feature", "properties": { "osm_id": 455053751, "name": "Kirchheimer Weg", "highway": "tertiary", "klass": "tertiary", "lanes": 2.0, "maxspeed": 50.0, "surface": "asphalt", "oneway": null }, "geometry": { "type": "LineString", "coordinates": [ [ 8.6750913, 49.3904483 ], [ 8.6750286, 49.3902735 ], [ 8.6749975, 49.3901866 ], [ 8.6747407, 49.3895794 ] ] } },
{ "type": "Feature", "properties": { "osm_id": 455053752, "name": "Harbigweg", "highway": "residential", "klass": "residential", "lanes": 2.0, "maxspeed": 50.0, "surface": "asphalt", "oneway": null }, "geometry": { "type": "LineString", "coordinates": [ [ 8.6739958, 49.3913515 ], [ 8.6751121, 49.391197 ], [ 8.6753302, 49.3911663 ] ] } },
{ "type": "Feature", "properties": { "osm_id": 455053753, "name": "Kirchheimer Weg", "highway": "tertiary", "klass": "tertiary", "lanes": 2.0, "maxspeed": 50.0, "surface": "asphalt", "oneway": "yes" }, "geometry": { "type": "LineString", "coordinates": [ [ 8.6755791, 49.3918858 ], [ 8.6753855, 49.3914227 ], [ 8.6753628, 49.3913173 ], [ 8.6753545, 49.3912787 ], [ 8.6753302, 49.3911663 ] ] } },
{ "type": "Feature", "properties": { "osm_id": 456126992, "name": "Poststraße", "highway": "residential", "klass": "residential", "lanes": null, "maxspeed": 30.0, "surface": "asphalt", "oneway": "no" }, "geometry": { "type": "LineString", "coordinates": [ [ 8.6861765, 49.4076229 ], [ 8.686231, 49.4074928 ], [ 8.6862936, 49.4073437 ], [ 8.6863003, 49.4073276 ], [ 8.6863988, 49.4070999 ], [ 8.6864283, 49.4070652 ] ] } },
{ "type": "Feature", "properties": { "osm_id": 456129125, "name": "Bergheimer Straße", "highway": "tertiary", "klass": "tertiary", "lanes": 1.0, "maxspeed": 30.0, "surface": "asphalt", "oneway": "yes" }, "geometry": { "type": "LineString", "coordinates": [ [ 8.6843387, 49.4078592 ], [ 8.6839664, 49.407863 ], [ 8.6836505, 49.4078678 ], [ 8.6830601, 49.4078724 ] ] } },
{ "type": "Feature", "properties": { "osm_id": 457856890, "name": "Harbigweg", "highway": "residential", "klass": "residential", "lanes": 2.0, "maxspeed": 30.0, "surface": "asphalt", "oneway": null }, "geometry": { "type": "LineString", "coordinates": [ [ 8.6665037, 49.3904275 ], [ 8.6669485, 49.3908043 ], [ 8.667544, 49.3913086 ], [ 8.6676203, 49.391374 ], [ 8.6677836, 49.391514 ], [ 8.6683685, 49.3920149 ], [ 8.6684275, 49.392055 ], [ 8.6685643, 49.39209 ] ] } },
{ "type": "Feature", "properties": { "osm_id": 465280324, "name": "Agnesistraße", "highway": "residential", "klass": "residential", "lanes": 2.0, "maxspeed": 30.0, "surface": "asphalt", "oneway": null }, "geometry": { "type": "LineString", "coordinates": [ [ 8.6624085, 49.4054845 ], [ 8.6622642, 49.4051013 ], [ 8.6622375, 49.4050383 ], [ 8.6621445, 49.4047944 ], [ 8.6621296, 49.4047437 ], [ 8.6621157, 49.4047036 ], [ 8.6621046, 49.4046811 ], [ 8.6620936, 49.4046479 ], [ 8.6620711, 49.4045882 ], [ 8.6619762, 49.4043462 ] ] } },
{ "type": "Feature", "properties": { "osm_id": 467414011, "name": "Eppelheimer Straße", "highway": "secondary", "klass": "secondary", "lanes": 1.0, "maxspeed": 50.0, "surface": "asphalt", "oneway": "yes" }, "geometry": { "type": "LineString", "coordinates": [ [ 8.6625404, 49.405835 ], [ 8.6624283, 49.4058565 ], [ 8.6623137, 49.4058778 ], [ 8.6622019, 49.4058976 ], [ 8.6619177, 49.4059504 ], [ 8.6618447, 49.4059654 ], [ 8.6616407, 49.4060043 ], [ 8.6614807, 49.406035 ], [ 8.6610917, 49.4061043 ], [ 8.6607182, 49.4061715 ], [ 8.660468, 49.4062122 ], [ 8.6602566, 49.4062417 ], [ 8.6600359, 49.4062744 ], [ 8.6599894, 49.4062807 ] ] } },
{ "type": "Feature", "properties": { "osm_id": 485656491, "name": "Promenadenweg", "highway": "unclassified", "klass": "unclassified", "lanes": null, "maxspeed": null, "surface": "asphalt", "oneway": null }, "geometry": { "type": "LineString", "coordinates": [ [ 8.7017381, 49.3909552 ], [ 8.7014443, 49.3906303 ] ] } },
{ "type": "Feature", "properties": { "osm_id": 485683296, "name": "Oberer Gaisbergweg", "highway": "unclassified", "klass": "unclassified", "lanes": 1.0, "maxspeed": null, "surface": "asphalt", "oneway": null }, "geometry": { "type": "LineString", "coordinates": [ [ 8.6954162, 49.4032974 ], [ 8.6956476, 49.4035611 ], [ 8.6957289, 49.4036493 ], [ 8.6958221, 49.4037338 ] ] } },
{ "type": "Feature", "properties": { "osm_id": 487487645, "name": "Eppelheimer Straße", "highway": "secondary", "klass": "secondary", "lanes": 1.0, "maxspeed": 50.0, "surface": "asphalt", "oneway": "yes" }, "geometry": { "type": "LineString", "coordinates": [ [ 8.6518224, 49.4056639 ], [ 8.6515925, 49.4056017 ] ] } },
{ "type": "Feature", "properties": { "osm_id": 487487646, "name": "Eppelheimer Straße", "highway": "unclassified", "klass": "unclassified", "lanes": 1.0, "maxspeed": 50.0, "surface": "asphalt", "oneway": "yes" }, "geometry": { "type": "LineString", "coordinates": [ [ 8.6518906, 49.4055182 ], [ 8.6520008, 49.4055414 ], [ 8.6521374, 49.4055702 ] ] } },
{ "type": "Feature", "properties": { "osm_id": 487487647, "name": "Eppelheimer Straße", "highway": "unclassified", "klass": "unclassified", "lanes": 1.0, "maxspeed": 50.0, "surface": "asphalt", "oneway": "yes" }, "geometry": { "type": "LineString", "coordinates": [ [ 8.6529032, 49.4057499 ], [ 8.6530064, 49.4057738 ], [ 8.6531442, 49.4058134 ], [ 8.6532292, 49.4058541 ], [ 8.6533006, 49.4058886 ], [ 8.6535088, 49.405969 ] ] } },
{ "type": "Feature", "properties": { "osm_id": 492960534, "name": "Schwetzinger Terrasse", "highway": "living_street", "klass": "living_street", "lanes": null, "maxspeed": null, "surface": "asphalt", "oneway": null }, "geometry": { "type": "LineString", "coordinates": [ [ 8.6711188, 49.3984355 ], [ 8.6709293, 49.3985195 ], [ 8.6706323, 49.3986425 ] ] } },
{ "type": "Feature", "properties": { "osm_id": 497600926, "name": "Eppelheimer Straße", "highway": "secondary", "klass": "secondary", "lanes": 1.0, "maxspeed": 50.0, "surface": "asphalt", "oneway": "yes" }, "geometry": { "type": "LineString", "coordinates": [ [ 8.6588667, 49.4063169 ], [ 8.6590411, 49.406296 ], [ 8.6591395, 49.4062851 ], [ 8.6596488, 49.4062288 ], [ 8.6598091, 49.406211 ], [ 8.65995, 49.4061912 ], [ 8.6603255, 49.4061384 ], [ 8.6605948, 49.4060971 ], [ 8.6607016, 49.4060811 ], [ 8.6612868, 49.4059754 ], [ 8.6614801, 49.4059409 ], [ 8.6621795, 49.4058163 ], [ 8.6622761, 49.4057994 ], [ 8.6625104, 49.4057553 ] ] } },
{ "type": "Feature", "properties": { "osm_id": 499584108, "name": "Kirchheimer Weg", "highway": "tertiary", "klass": "tertiary", "lanes": 2.0, "maxspeed": 50.0, "surface": "asphalt", "oneway": "yes" }, "geometry": { "type": "LineString", "coordinates": [ [ 8.6761077, 49.3928008 ], [ 8.6761804, 49.3930198 ], [ 8.6761893, 49.3930478 ], [ 8.6762139, 49.3931248 ] ] } },
{ "type": "Feature", "properties": { "osm_id": 499671455, "name": "Jensenstraße", "highway": "residential", "klass": "residential", "lanes": null, "maxspeed": 30.0, "surface": "asphalt", "oneway": null }, "geometry": { "type": "LineString", "coordinates": [ [ 8.668671, 49.4027463 ], [ 8.6688687, 49.4031527 ], [ 8.6688948, 49.4032084 ] ] } },
{ "type": "Feature", "properties": { "osm_id": 500977223, "name": "Zollhofgarten", "highway": "living_street", "klass": "living_street", "lanes": null, "maxspeed": null, "surface": "sett", "oneway": "yes" }, "geometry": { "type": "LineString", "coordinates": [ [ 8.6685207, 49.4021137 ], [ 8.6684511, 49.4021291 ], [ 8.6683714, 49.4021467 ] ] } },
{ "type": "Feature", "properties": { "osm_id": 506462728, "name": "Max-Planck-Ring", "highway": "residential", "klass": "residential", "lanes": null, "maxspeed": 30.0, "surface": "asphalt", "oneway": "yes" }, "geometry": { "type": "LineString", "coordinates": [ [ 8.672932, 49.4038774 ], [ 8.6736792, 49.4035527 ], [ 8.6737386, 49.4035268 ], [ 8.6741321, 49.4033516 ] ] } },
{ "type": "Feature", "properties": { "osm_id": 508160781, "name": "Max-Planck-Ring", "highway": "residential", "klass": "residential", "lanes": null, "maxspeed": 30.0, "surface": "asphalt", "oneway": "no" }, "geometry": { "type": "LineString", "coordinates": [ [ 8.6745913, 49.4031549 ], [ 8.6741321, 49.4033516 ] ] } },
{ "type": "Feature", "properties": { "osm_id": 513631692, "name": "Keplerstraße", "highway": "residential", "klass": "residential", "lanes": 1.0, "maxspeed": 30.0, "surface": "asphalt", "oneway": "yes" }, "geometry": { "type": "LineString", "coordinates": [ [ 8.6863267, 49.4127703 ], [ 8.6863126, 49.4128418 ] ] } },
{ "type": "Feature", "properties": { "osm_id": 513799145, "name": "Klausenpfad", "highway": "unclassified", "klass": "unclassified", "lanes": null, "maxspeed": null, "surface": "asphalt", "oneway": null }, "geometry": { "type": "LineString", "coordinates": [ [ 8.6769769, 49.4230466 ], [ 8.6772157, 49.4228668 ] ] } },
{ "type": "Feature", "properties": { "osm_id": 515755750, "name": "Im Neuenheimer Feld", "highway": "residential", "klass": "residential", "lanes": null, "maxspeed": 30.0, "surface": "asphalt", "oneway": null }, "geometry": { "type": "LineString", "coordinates": [ [ 8.6753873, 49.4135719 ], [ 8.6754253, 49.4135114 ], [ 8.6754528, 49.4134316 ] ] } },
{ "type": "Feature", "properties": { "osm_id": 522802487, "name": "Theodor-Heuss-Brücke", "highway": "secondary", "klass": "secondary", "lanes": 2.0, "maxspeed": 50.0, "surface": "asphalt", "oneway": "yes" }, "geometry": { "type": "LineString", "coordinates": [ [ 8.692215, 49.4133358 ], [ 8.6924341, 49.4125129 ] ] } },
{ "type": "Feature", "properties": { "osm_id": 522860041, "name": "Langgewann", "highway": "living_street", "klass": "living_street", "lanes": null, "maxspeed": null, "surface": "asphalt", "oneway": null }, "geometry": { "type": "LineString", "coordinates": [ [ 8.6773806, 49.4210156 ], [ 8.677268, 49.4210127 ] ] } },
{ "type": "Feature", "properties": { "osm_id": 524044727, "name": "Philosophenweg", "highway": "residential", "klass": "residential", "lanes": null, "maxspeed": 30.0, "surface": "asphalt", "oneway": null }, "geometry": { "type": "LineString", "coordinates": [ [ 8.6940577, 49.4147447 ], [ 8.6939206, 49.4147347 ] ] } },
{ "type": "Feature", "properties": { "osm_id": 525627822, "name": "Elsa-Brändström-Straße", "highway": "residential", "klass": "residential", "lanes": null, "maxspeed": 30.0, "surface": "asphalt", "oneway": null }, "geometry": { "type": "LineString", "coordinates": [ [ 8.6843694, 49.3923799 ], [ 8.6844422, 49.3923824 ], [ 8.6847998, 49.3923949 ], [ 8.6855755, 49.392423 ], [ 8.6858388, 49.3924312 ] ] } },
{ "type": "Feature", "properties": { "osm_id": 525627823, "name": "Elsa-Brändström-Straße", "highway": "residential", "klass": "residential", "lanes": null, "maxspeed": 30.0, "surface": "asphalt", "oneway": null }, "geometry": { "type": "LineString", "coordinates": [ [ 8.6844085, 49.3920222 ], [ 8.684404, 49.392063 ], [ 8.6843892, 49.3921985 ], [ 8.6843694, 49.3923799 ], [ 8.6843035, 49.3930518 ], [ 8.684286, 49.39323 ], [ 8.6842833, 49.3932843 ], [ 8.6842759, 49.3934338 ] ] } },
{ "type": "Feature", "properties": { "osm_id": 534193127, "name": "Theodor-Heuss-Brücke", "highway": "secondary", "klass": "secondary", "lanes": 2.0, "maxspeed": 50.0, "surface": "asphalt", "oneway": "yes" }, "geometry": { "type": "LineString", "coordinates": [ [ 8.6927471, 49.4120387 ], [ 8.6923596, 49.4134954 ] ] } },
{ "type": "Feature", "properties": { "osm_id": 534193133, "name": "Schurmanstraße", "highway": "primary", "klass": "primary", "lanes": 2.0, "maxspeed": 50.0, "surface": "asphalt", "oneway": "no" }, "geometry": { "type": "LineString", "coordinates": [ [ 8.6870506, 49.4103256 ], [ 8.6871635, 49.4103489 ], [ 8.6873475, 49.4103867 ], [ 8.6878384, 49.4104751 ] ] } },
{ "type": "Feature", "properties": { "osm_id": 534193134, "name": "Thibautstraße", "highway": "residential", "klass": "residential", "lanes": 2.0, "maxspeed": 30.0, "surface": "asphalt", "oneway": null }, "geometry": { "type": "LineString", "coordinates": [ [ 8.6870506, 49.4103256 ], [ 8.6870803, 49.4102574 ], [ 8.6870892, 49.4102368 ], [ 8.6871358, 49.4101294 ] ] } },
{ "type": "Feature", "properties": { "osm_id": 537760636, "name": "Schrebergartenweg", "highway": "living_street", "klass": "living_street", "lanes": null, "maxspeed": null, "surface": "asphalt", "oneway": "yes" }, "geometry": { "type": "LineString", "coordinates": [ [ 8.679439, 49.391552 ], [ 8.679635, 49.391481 ] ] } },
{ "type": "Feature", "properties": { "osm_id": 537760637, "name": "Schrebergartenweg", "highway": "living_street", "klass": "living_street", "lanes": null, "maxspeed": null, "surface": "asphalt", "oneway": null }, "geometry": { "type": "LineString", "coordinates": [ [ 8.6777018, 49.3922104 ], [ 8.679439, 49.391552 ] ] } },
{ "type": "Feature", "properties": { "osm_id": 540296344, "name": "Obere Rödt", "highway": "residential", "klass": "residential", "lanes": null, "maxspeed": 30.0, "surface": "asphalt", "oneway": null }, "geometry": { "type": "LineString", "coordinates": [ [ 8.6506932, 49.4015678 ], [ 8.6499984, 49.4014797 ] ] } },
{ "type": "Feature", "properties": { "osm_id": 541333757, "name": "Alte Brücke", "highway": "living_street", "klass": "living_street", "lanes": null, "maxspeed": null, "surface": "sett", "oneway": "no" }, "geometry": { "type": "LineString", "coordinates": [ [ 8.7095945, 49.4132907 ], [ 8.7095927, 49.4133544 ] ] } },
{ "type": "Feature", "properties": { "osm_id": 542391246, "name": "Wieblinger Weg", "highway": "residential", "klass": "residential", "lanes": null, "maxspeed": 10.0, "surface": "asphalt", "oneway": null }, "geometry": { "type": "LineString", "coordinates": [ [ 8.6522984, 49.41032 ], [ 8.6517961, 49.4103749 ], [ 8.6516739, 49.4103914 ], [ 8.6505234, 49.4105465 ], [ 8.6501858, 49.410592 ] ] } },
{ "type": "Feature", "properties": { "osm_id": 543257440, "name": "Neckarhamm", "highway": "residential", "klass": "residential", "lanes": null, "maxspeed": 30.0, "surface": "asphalt", "oneway": null }, "geometry": { "type": "LineString", "coordinates": [ [ 8.6500947, 49.4290397 ], [ 8.6499632, 49.4292616 ] ] } },
{ "type": "Feature", "properties": { "osm_id": 543257452, "name": "Klostergasse", "highway": "residential", "klass": "residential", "lanes": null, "maxspeed": 30.0, "surface": "asphalt", "oneway": null }, "geometry": { "type": "LineString", "coordinates": [ [ 8.6502654, 49.4245544 ], [ 8.6503021, 49.4245741 ], [ 8.6503802, 49.4245972 ], [ 8.6509006, 49.424707 ], [ 8.6513767, 49.4248273 ] ] } },
{ "type": "Feature", "properties": { "osm_id": 549301218, "name": "Kapellenweg", "highway": "residential", "klass": "residential", "lanes": null, "maxspeed": 30.0, "surface": "asphalt", "oneway": null }, "geometry": { "type": "LineString", "coordinates": [ [ 8.6878309, 49.4244998 ], [ 8.6879696, 49.4245018 ] ] } },
{ "type": "Feature", "properties": { "osm_id": 549301231, "name": "Ludolf-Krehl-Straße", "highway": "residential", "klass": "residential", "lanes": null, "maxspeed": 30.0, "surface": "asphalt", "oneway": null }, "geometry": { "type": "LineString", "coordinates": [ [ 8.6920571, 49.4225507 ], [ 8.6920561, 49.4225029 ], [ 8.6920422, 49.422469 ], [ 8.6920213, 49.422449 ], [ 8.6920056, 49.422441 ], [ 8.6919798, 49.4224363 ], [ 8.6919277, 49.4224352 ], [ 8.6918642, 49.4224354 ], [ 8.6918164, 49.4224362 ], [ 8.6917612, 49.4224314 ], [ 8.6917096, 49.4224168 ], [ 8.6916728, 49.4223931 ], [ 8.6916434, 49.4223644 ], [ 8.6916213, 49.422334 ], [ 8.6916126, 49.4223004 ], [ 8.691611, 49.4222655 ], [ 8.6916266, 49.4221998 ], [ 8.6916447, 49.4221416 ], [ 8.691703, 49.4220447 ], [ 8.6917921, 49.4219332 ], [ 8.6919769, 49.4217086 ], [ 8.6922225, 49.4214859 ], [ 8.6926955, 49.4211527 ], [ 8.6927756, 49.4209711 ], [ 8.6927649, 49.420779 ], [ 8.6927728, 49.420757 ], [ 8.6927894, 49.4207328 ], [ 8.6928094, 49.4207126 ], [ 8.692828, 49.420701 ], [ 8.6928515, 49.420691 ], [ 8.692869, 49.420688 ], [ 8.6928876, 49.4206878 ] ] } },
{ "type": "Feature", "properties": { "osm_id": 549309442, "name": "Dossenheimer Landstraße", "highway": "primary", "klass": "primary", "lanes": 2.0, "maxspeed": 50.0, "surface": "asphalt", "oneway": null }, "geometry": { "type": "LineString", "coordinates": [ [ 8.6831449, 49.4285816 ], [ 8.6830975, 49.4286676 ], [ 8.6829148, 49.4289651 ], [ 8.6828088, 49.4291442 ] ] } },
{ "type": "Feature", "properties": { "osm_id": 550642703, "name": "Römerkreis", "highway": "primary", "klass": "primary", "lanes": 2.0, "maxspeed": 50.0, "surface": "asphalt", "oneway": "yes" }, "geometry": { "type": "LineString", "coordinates": [ [ 8.684307, 49.4058001 ], [ 8.6842349, 49.4057369 ], [ 8.684138, 49.4056511 ] ] } },
{ "type": "Feature", "properties": { "osm_id": 552485285, "name": "Zähringerstraße", "highway": "living_street", "klass": "living_street", "lanes": null, "maxspeed": null, "surface": "sett", "oneway": "no" }, "geometry": { "type": "LineString", "coordinates": [ [ 8.685009, 49.401903 ], [ 8.6849917, 49.4018999 ], [ 8.684971, 49.4018962 ] ] } },
{ "type": "Feature", "properties": { "osm_id": 552485287, "name": "Zähringerstraße", "highway": "living_street", "klass": "living_street", "lanes": null, "maxspeed": null, "surface": "asphalt", "oneway": null }, "geometry": { "type": "LineString", "coordinates": [ [ 8.684971, 49.4018962 ], [ 8.6849501, 49.4018924 ], [ 8.6848627, 49.4018851 ] ] } },
{ "type": "Feature", "properties": { "osm_id": 559381609, "name": "Alte Eppelheimer Straße", "highway": "residential", "klass": "residential", "lanes": null, "maxspeed": 30.0, "surface": "asphalt", "oneway": null }, "geometry": { "type": "LineString", "coordinates": [ [ 8.6823776, 49.4065559 ], [ 8.6826342, 49.4065769 ], [ 8.682839, 49.406594 ], [ 8.6829422, 49.4066041 ], [ 8.6830053, 49.4066172 ], [ 8.6830522, 49.4066321 ], [ 8.6830918, 49.4066538 ], [ 8.6831173, 49.4066704 ], [ 8.68313, 49.4066787 ], [ 8.6832685, 49.4067896 ], [ 8.6833477, 49.4068519 ], [ 8.6836282, 49.4070766 ], [ 8.6838404, 49.4072518 ], [ 8.6842056, 49.4073069 ], [ 8.6842725, 49.4073119 ] ] } },
{ "type": "Feature", "properties": { "osm_id": 559659738, "name": "Turnerstraße", "highway": "residential", "klass": "residential", "lanes": null, "maxspeed": 30.0, "surface": "asphalt", "oneway": null }, "geometry": { "type": "LineString", "coordinates": [ [ 8.6892187, 49.3905483 ], [ 8.6891859, 49.3908654 ], [ 8.6890855, 49.3919397 ], [ 8.6889935, 49.3928811 ], [ 8.6889762, 49.3928984 ] ] } },
{ "type": "Feature", "properties": { "osm_id": 560690396, "name": "Mannheimer Straße", "highway": "residential", "klass": "residential", "lanes": null, "maxspeed": 30.0, "surface": "asphalt", "oneway": "yes" }, "geometry": { "type": "LineString", "coordinates": [ [ 8.668085, 49.4083627 ], [ 8.6678917, 49.408424 ], [ 8.6677019, 49.4084898 ], [ 8.6674665, 49.4085743 ], [ 8.6665351, 49.4089488 ], [ 8.6649694, 49.4095881 ] ] } },
{ "type": "Feature", "properties": { "osm_id": 561895313, "name": "Dantestraße", "highway": "living_street", "klass": "living_street", "lanes": null, "maxspeed": null, "surface": "sett", "oneway": "yes" }, "geometry": { "type": "LineString", "coordinates": [ [ 8.6869298, 49.4005111 ], [ 8.6868639, 49.4005098 ], [ 8.6868351, 49.4005092 ], [ 8.6868114, 49.4005039 ] ] } },
{ "type": "Feature", "properties": { "osm_id": 561895314, "name": "Dantestraße", "highway": "living_street", "klass": "living_street", "lanes": null, "maxspeed": null, "surface": "sett", "oneway": null }, "geometry": { "type": "LineString", "coordinates": [ [ 8.6867407, 49.4005569 ], [ 8.6867227, 49.4005483 ], [ 8.6866958, 49.4005354 ] ] } },
{ "type": "Feature", "properties": { "osm_id": 561895315, "name": "Dantestraße", "highway": "living_street", "klass": "living_street", "lanes": null, "maxspeed": null, "surface": "asphalt", "oneway": null }, "geometry": { "type": "LineString", "coordinates": [ [ 8.6871419, 49.400198 ], [ 8.6871892, 49.4002012 ], [ 8.6872149, 49.400203 ] ] } },
{ "type": "Feature", "properties": { "osm_id": 561895316, "name": "Kleinschmidtstraße", "highway": "living_street", "klass": "living_street", "lanes": null, "maxspeed": null, "surface": "paving_stones", "oneway": null }, "geometry": { "type": "LineString", "coordinates": [ [ 8.6872149, 49.400203 ], [ 8.6872389, 49.4002046 ], [ 8.687272, 49.4002135 ] ] } },
{ "type": "Feature", "properties": { "osm_id": 566136410, "name": "Pfaffengrunder Terrasse", "highway": "residential", "klass": "residential", "lanes": null, "maxspeed": 30.0, "surface": "paving_stones", "oneway": null }, "geometry": { "type": "LineString", "coordinates": [ [ 8.6662961, 49.4022868 ], [ 8.6660795, 49.4020865 ] ] } },
{ "type": "Feature", "properties": { "osm_id": 566609565, "name": "Baumschulenweg", "highway": "tertiary", "klass": "tertiary", "lanes": 2.0, "maxspeed": 30.0, "surface": "asphalt", "oneway": null }, "geometry": { "type": "LineString", "coordinates": [ [ 8.6565432, 49.3950431 ], [ 8.658753, 49.3953246 ] ] } },
{ "type": "Feature", "properties": { "osm_id": 579623140, "name": "Fehrentzstraße", "highway": "residential", "klass": "residential", "lanes": null, "maxspeed": 30.0, "surface": "asphalt", "oneway": "yes" }, "geometry": { "type": "LineString", "coordinates": [ [ 8.6828265, 49.4091931 ], [ 8.6828439, 49.4092618 ], [ 8.6828631, 49.4093083 ], [ 8.6829077, 49.4093787 ], [ 8.6829679, 49.4094469 ], [ 8.6830341, 49.4095007 ], [ 8.683082, 49.4095355 ] ] } },
{ "type": "Feature", "properties": { "osm_id": 579623141, "name": "Fehrentzstraße", "highway": "residential", "klass": "residential", "lanes": null, "maxspeed": 30.0, "surface": "asphalt", "oneway": "yes" }, "geometry": { "type": "LineString", "coordinates": [ [ 8.683082, 49.4095355 ], [ 8.6830287, 49.4095356 ], [ 8.6829771, 49.4095291 ], [ 8.6829147, 49.4095156 ], [ 8.6828598, 49.4094911 ], [ 8.6828081, 49.4094536 ], [ 8.6827766, 49.4094183 ], [ 8.6827625, 49.409389 ], [ 8.6827538, 49.4093541 ], [ 8.6827558, 49.4093236 ], [ 8.6827739, 49.4092643 ], [ 8.6828265, 49.4091931 ] ] } },
{ "type": "Feature", "properties": { "osm_id": 583748989, "name": "Eppelheimer Straße", "highway": "unclassified", "klass": "unclassified", "lanes": 1.0, "maxspeed": 50.0, "surface": "asphalt", "oneway": null }, "geometry": { "type": "LineString", "coordinates": [ [ 8.6546476, 49.4061879 ], [ 8.6539624, 49.4060534 ], [ 8.6535088, 49.405969 ] ] } },
{ "type": "Feature", "properties": { "osm_id": 583748990, "name": "Eppelheimer Straße", "highway": "unclassified", "klass": "unclassified", "lanes": 1.0, "maxspeed": 50.0, "surface": "asphalt", "oneway": "yes" }, "geometry": { "type": "LineString", "coordinates": [ [ 8.6535088, 49.405969 ], [ 8.6530678, 49.4059016 ], [ 8.6529484, 49.4058868 ], [ 8.6528358, 49.4058745 ], [ 8.6527473, 49.4058685 ], [ 8.6526588, 49.4058525 ] ] } },
{ "type": "Feature", "properties": { "osm_id": 584357939, "name": "Werrgasse", "highway": "residential", "klass": "residential", "lanes": null, "maxspeed": 30.0, "surface": "sett", "oneway": null }, "geometry": { "type": "LineString", "coordinates": [ [ 8.7101905, 49.4163724 ], [ 8.7101896, 49.4163877 ], [ 8.7101784, 49.4164089 ], [ 8.7101454, 49.416426 ] ] } },
{ "type": "Feature", "properties": { "osm_id": 596760204, "name": "Posseltstraße", "highway": "tertiary", "klass": "tertiary", "lanes": null, "maxspeed": 30.0, "surface": "asphalt", "oneway": null }, "geometry": { "type": "LineString", "coordinates": [ [ 8.6814842, 49.4126302 ], [ 8.6813839, 49.4126454 ], [ 8.6812785, 49.412657 ], [ 8.6794851, 49.4127273 ] ] } },
{ "type": "Feature", "properties": { "osm_id": 596760206, "name": "Neuenheimer Landstraße", "highway": "secondary", "klass": "secondary", "lanes": 2.0, "maxspeed": 30.0, "surface": "asphalt", "oneway": null }, "geometry": { "type": "LineString", "coordinates": [ [ 8.7026924, 49.4143789 ], [ 8.702868, 49.4144168 ], [ 8.7034511, 49.4145138 ], [ 8.7035929, 49.4145388 ], [ 8.7041167, 49.4146312 ], [ 8.7043418, 49.4146636 ], [ 8.7045286, 49.4146837 ], [ 8.7048317, 49.4147258 ], [ 8.7053052, 49.4148121 ], [ 8.705813, 49.4149113 ], [ 8.7060295, 49.4149525 ], [ 8.7063261, 49.4150043 ], [ 8.7065972, 49.4150461 ], [ 8.706782, 49.4150643 ], [ 8.7069521, 49.415077 ], [ 8.7080034, 49.4151553 ], [ 8.7080567, 49.4151593 ], [ 8.7089281, 49.4152241 ], [ 8.7091077, 49.4152385 ], [ 8.7092132, 49.4152464 ] ] } },
{ "type": "Feature", "properties": { "osm_id": 597192343, "name": "Rohrbacher Straße", "highway": "primary", "klass": "primary", "lanes": 4.0, "maxspeed": 30.0, "surface": "asphalt", "oneway": "yes" }, "geometry": { "type": "LineString", "coordinates": [ [ 8.6925565, 49.4075162 ], [ 8.6926107, 49.4073566 ] ] } },
{ "type": "Feature", "properties": { "osm_id": 597192344, "name": "Bismarckstraße", "highway": "primary", "klass": "primary", "lanes": 2.0, "maxspeed": 30.0, "surface": "asphalt", "oneway": "yes" }, "geometry": { "type": "LineString", "coordinates": [ [ 8.692037, 49.4109651 ], [ 8.6920441, 49.4109374 ], [ 8.6920889, 49.4108582 ], [ 8.6921474, 49.4107723 ] ] } },
{ "type": "Feature", "properties": { "osm_id": 603754023, "name": "Chaisenweg", "highway": "unclassified", "klass": "unclassified", "lanes": null, "maxspeed": 30.0, "surface": "asphalt", "oneway": null }, "geometry": { "type": "LineString", "coordinates": [ [ 8.6995847, 49.4279021 ], [ 8.6998833, 49.4283822 ], [ 8.7000527, 49.4286266 ], [ 8.7001097, 49.4287025 ], [ 8.7002835, 49.4288757 ], [ 8.700402, 49.4289753 ], [ 8.7005486, 49.4290895 ], [ 8.7008398, 49.4293091 ], [ 8.7010728, 49.4294781 ], [ 8.7012146, 49.4295866 ], [ 8.7013365, 49.4296718 ], [ 8.7014223, 49.4297281 ], [ 8.7015217, 49.4297803 ], [ 8.7017118, 49.4298613 ], [ 8.70211, 49.4300035 ], [ 8.7024026, 49.430095 ], [ 8.7025102, 49.430123 ], [ 8.7025662, 49.4301357 ], [ 8.7026141, 49.4301459 ], [ 8.7026575, 49.4301514 ], [ 8.7027045, 49.4301554 ], [ 8.702779, 49.4301591 ], [ 8.7028263, 49.4301646 ], [ 8.7028566, 49.4301703 ], [ 8.7028825, 49.4301796 ], [ 8.7029012, 49.4301916 ], [ 8.7029125, 49.4302035 ], [ 8.7029172, 49.4302146 ], [ 8.7029284, 49.4302638 ], [ 8.7029286, 49.4302878 ] ] } },
{ "type": "Feature", "properties": { "osm_id": 612152589, "name": "Karl-Metz-Straße", "highway": "residential", "klass": "residential", "lanes": null, "maxspeed": null, "surface": "paving_stones", "oneway": null }, "geometry": { "type": "LineString", "coordinates": [ [ 8.6749003, 49.405417 ], [ 8.6748841, 49.4056981 ], [ 8.6748821, 49.4057401 ], [ 8.6748677, 49.4060599 ] ] } },
{ "type": "Feature", "properties": { "osm_id": 616366900, "name": "Neue Schlossstraße", "highway": "residential", "klass": "residential", "lanes": null, "maxspeed": 30.0, "surface": "asphalt", "oneway": null }, "geometry": { "type": "LineString", "coordinates": [ [ 8.7129576, 49.4090963 ], [ 8.7133092, 49.4091731 ], [ 8.7134165, 49.4091913 ] ] } },
{ "type": "Feature", "properties": { "osm_id": 616928299, "name": "Gaiberger Weg", "highway": "tertiary", "klass": "tertiary", "lanes": 2.0, "maxspeed": 50.0, "surface": "asphalt", "oneway": null }, "geometry": { "type": "LineString", "coordinates": [ [ 8.7132494, 49.4012954 ], [ 8.7132912, 49.4012564 ] ] } },
{ "type": "Feature", "properties": { "osm_id": 622579691, "name": "Kurfürsten-Anlage", "highway": "primary", "klass": "primary", "lanes": 2.0, "maxspeed": 30.0, "surface": "asphalt", "oneway": "yes" }, "geometry": { "type": "LineString", "coordinates": [ [ 8.685293, 49.4056699 ], [ 8.6854205, 49.4057504 ] ] } },
{ "type": "Feature", "properties": { "osm_id": 622579723, "name": "Berliner Straße", "highway": "primary", "klass": "primary", "lanes": 2.0, "maxspeed": 50.0, "surface": "asphalt", "oneway": "yes" }, "geometry": { "type": "LineString", "coordinates": [ [ 8.6767559, 49.4125863 ], [ 8.6767523, 49.4126694 ] ] } },
{ "type": "Feature", "properties": { "osm_id": 624646864, "name": "Kurfürsten-Anlage", "highway": "secondary", "klass": "secondary", "lanes": 3.0, "maxspeed": 50.0, "surface": "asphalt", "oneway": "yes" }, "geometry": { "type": "LineString", "coordinates": [ [ 8.6768797, 49.4048695 ], [ 8.6768409, 49.4048875 ], [ 8.6767847, 49.4049064 ] ] } },
{ "type": "Feature", "properties": { "osm_id": 637562049, "name": "Max-Planck-Ring", "highway": "residential", "klass": "residential", "lanes": 3.0, "maxspeed": 30.0, "surface": "asphalt", "oneway": null }, "geometry": { "type": "LineString", "coordinates": [ [ 8.6747566, 49.4016897 ], [ 8.6748666, 49.4017674 ], [ 8.6749476, 49.4018246 ], [ 8.6753379, 49.4021696 ], [ 8.6754028, 49.4022272 ] ] } },
{ "type": "Feature", "properties": { "osm_id": 637714640, "name": "Lessingstraße", "highway": "primary", "klass": "primary", "lanes": 2.0, "maxspeed": 50.0, "surface": "asphalt", "oneway": "yes" }, "geometry": { "type": "LineString", "coordinates": [ [ 8.682346, 49.400119 ], [ 8.6819968, 49.4003503 ], [ 8.6817184, 49.4005332 ] ] } },
{ "type": "Feature", "properties": { "osm_id": 638201797, "name": "Friedrich-Ebert-Anlage", "highway": "residential", "klass": "residential", "lanes": 1.0, "maxspeed": 30.0, "surface": "asphalt", "oneway": "yes" }, "geometry": { "type": "LineString", "coordinates": [ [ 8.6995872, 49.4085161 ], [ 8.6995589, 49.4084808 ], [ 8.6995533, 49.4084685 ], [ 8.6995458, 49.4084519 ], [ 8.6995416, 49.4084284 ] ] } },
{ "type": "Feature", "properties": { "osm_id": 638201814, "name": "Kurfürsten-Anlage", "highway": "secondary", "klass": "secondary", "lanes": 2.0, "maxspeed": 50.0, "surface": "asphalt", "oneway": "yes" }, "geometry": { "type": "LineString", "coordinates": [ [ 8.6773983, 49.4041388 ], [ 8.6775337, 49.404155 ], [ 8.6775496, 49.4041568 ], [ 8.6776318, 49.4041714 ] ] } },
{ "type": "Feature", "properties": { "osm_id": 638201816, "name": "Bahnhofstraße", "highway": "residential", "klass": "residential", "lanes": null, "maxspeed": 20.0, "surface": "asphalt", "oneway": null }, "geometry": { "type": "LineString", "coordinates": [ [ 8.6846935, 49.404992 ], [ 8.6850234, 49.405072 ], [ 8.6851421, 49.4051015 ] ] } },
{ "type": "Feature", "properties": { "osm_id": 647642607, "name": "Im Neuenheimer Feld", "highway": "residential", "klass": "residential", "lanes": null, "maxspeed": 30.0, "surface": "asphalt", "oneway": null }, "geometry": { "type": "LineString", "coordinates": [ [ 8.6750293, 49.4166253 ], [ 8.6750325, 49.4165333 ], [ 8.675052, 49.4159698 ], [ 8.6750552, 49.4159033 ] ] } },
{ "type": "Feature", "properties": { "osm_id": 652234477, "name": "Czernyring", "highway": "secondary", "klass": "secondary", "lanes": 2.0, "maxspeed": 30.0, "surface": "asphalt", "oneway": "yes" }, "geometry": { "type": "LineString", "coordinates": [ [ 8.6711248, 49.4068476 ], [ 8.6709742, 49.4067131 ], [ 8.6707703, 49.4065387 ], [ 8.6706497, 49.4064233 ] ] } },
{ "type": "Feature", "properties": { "osm_id": 652234478, "name": "Czernyring", "highway": "secondary", "klass": "secondary", "lanes": 2.0, "maxspeed": 30.0, "surface": "asphalt", "oneway": "yes" }, "geometry": { "type": "LineString", "coordinates": [ [ 8.6714632, 49.4071049 ], [ 8.6712867, 49.4069802 ], [ 8.6711248, 49.4068476 ] ] } },
{ "type": "Feature", "properties": { "osm_id": 652234479, "name": "Kurfürsten-Anlage", "highway": "secondary", "klass": "secondary", "lanes": 1.0, "maxspeed": 50.0, "surface": "asphalt", "oneway": "yes" }, "geometry": { "type": "LineString", "coordinates": [ [ 8.6726799, 49.4056834 ], [ 8.6727191, 49.4055492 ], [ 8.6727282, 49.4055182 ] ] } },
{ "type": "Feature", "properties": { "osm_id": 655777976, "name": "Hebelstraße", "highway": "secondary", "klass": "secondary", "lanes": null, "maxspeed": 50.0, "surface": "asphalt", "oneway": "yes" }, "geometry": { "type": "LineString", "coordinates": [ [ 8.6796113, 49.3971837 ], [ 8.6796014, 49.3971968 ], [ 8.679558, 49.3972288 ] ] } },
{ "type": "Feature", "properties": { "osm_id": 655777977, "name": "Hebelstraße", "highway": "secondary", "klass": "secondary", "lanes": null, "maxspeed": 50.0, "surface": "asphalt", "oneway": "yes" }, "geometry": { "type": "LineString", "coordinates": [ [ 8.6796304, 49.3971235 ], [ 8.6796186, 49.3971656 ], [ 8.6796113, 49.3971837 ] ] } },
{ "type": "Feature", "properties": { "osm_id": 659305973, "name": "Czernyring", "highway": "secondary", "klass": "secondary", "lanes": 1.0, "maxspeed": 30.0, "surface": "asphalt", "oneway": "yes" }, "geometry": { "type": "LineString", "coordinates": [ [ 8.6705645, 49.406123 ], [ 8.6706832, 49.406235 ], [ 8.6709516, 49.4064575 ] ] } },
{ "type": "Feature", "properties": { "osm_id": 661279635, "name": "Mittermaierstraße", "highway": "primary", "klass": "primary", "lanes": 2.0, "maxspeed": 30.0, "surface": "asphalt", "oneway": null }, "geometry": { "type": "LineString", "coordinates": [ [ 8.6769388, 49.4060928 ], [ 8.6769377, 49.4059957 ], [ 8.6769479, 49.4057279 ] ] } },
{ "type": "Feature", "properties": { "osm_id": 664642167, "name": "Mittlerer Klosterweg", "highway": "unclassified", "klass": "unclassified", "lanes": null, "maxspeed": null, "surface": "asphalt", "oneway": null }, "geometry": { "type": "LineString", "coordinates": [ [ 8.7057577, 49.4215369 ], [ 8.705696, 49.421221 ], [ 8.7056391, 49.4210458 ], [ 8.7056043, 49.4209596 ] ] } },
{ "type": "Feature", "properties": { "osm_id": 664783311, "name": "Kurfürsten-Anlage", "highway": "secondary", "klass": "secondary", "lanes": 2.0, "maxspeed": 50.0, "surface": "asphalt", "oneway": "yes" }, "geometry": { "type": "LineString", "coordinates": [ [ 8.6796721, 49.4045025 ], [ 8.6798806, 49.4045391 ], [ 8.6803097, 49.4046171 ] ] } },
{ "type": "Feature", "properties": { "osm_id": 664783315, "name": "Kaiserstraße", "highway": "residential", "klass": "residential", "lanes": null, "maxspeed": 30.0, "surface": "asphalt", "oneway": "yes" }, "geometry": { "type": "LineString", "coordinates": [ [ 8.6793302, 49.404442 ], [ 8.6794451, 49.4043835 ] ] } },
{ "type": "Feature", "properties": { "osm_id": 664783356, "name": "Jensenstraße", "highway": "residential", "klass": "residential", "lanes": null, "maxspeed": null, "surface": "asphalt", "oneway": null }, "geometry": { "type": "LineString", "coordinates": [ [ 8.6700551, 49.4030655 ], [ 8.6700344, 49.4030251 ], [ 8.6700233, 49.4030025 ], [ 8.6700086, 49.4029719 ] ] } },
{ "type": "Feature", "properties": { "osm_id": 664783357, "name": "Grüne Meile", "highway": "unclassified", "klass": "unclassified", "lanes": 2.0, "maxspeed": 30.0, "surface": "asphalt", "oneway": "yes" }, "geometry": { "type": "LineString", "coordinates": [ [ 8.6715936, 49.4027931 ], [ 8.6718101, 49.4029975 ], [ 8.6718734, 49.4030524 ], [ 8.6718724, 49.4031199 ] ] } },
{ "type": "Feature", "properties": { "osm_id": 664783368, "name": "Einsteinstraße", "highway": "residential", "klass": "residential", "lanes": null, "maxspeed": 30.0, "surface": "asphalt", "oneway": null }, "geometry": { "type": "LineString", "coordinates": [ [ 8.6744304, 49.4014459 ], [ 8.6745579, 49.4015494 ] ] } },
{ "type": "Feature", "properties": { "osm_id": 664783378, "name": "Czernyring", "highway": "secondary", "klass": "secondary", "lanes": 1.0, "maxspeed": 30.0, "surface": "asphalt", "oneway": "yes" }, "geometry": { "type": "LineString", "coordinates": [ [ 8.6760034, 49.4010195 ], [ 8.6760744, 49.4009351 ], [ 8.6761039, 49.4008932 ], [ 8.6761285, 49.4008351 ], [ 8.6761469, 49.4007893 ], [ 8.6761723, 49.4007422 ], [ 8.6761884, 49.4007178 ], [ 8.6762249, 49.400693 ] ] } },
{ "type": "Feature", "properties": { "osm_id": 669356060, "name": "Kurfürsten-Anlage", "highway": "secondary", "klass": "secondary", "lanes": 2.0, "maxspeed": 50.0, "surface": "asphalt", "oneway": "yes" }, "geometry": { "type": "LineString", "coordinates": [ [ 8.6811958, 49.4051922 ], [ 8.6810935, 49.4051717 ], [ 8.6810287, 49.4051606 ] ] } },
{ "type": "Feature", "properties": { "osm_id": 669356073, "name": "Kurfürsten-Anlage", "highway": "secondary", "klass": "secondary", "lanes": 1.0, "maxspeed": 50.0, "surface": "asphalt", "oneway": "yes" }, "geometry": { "type": "LineString", "coordinates": [ [ 8.6814751, 49.4048226 ], [ 8.6824168, 49.4049842 ] ] } },
{ "type": "Feature", "properties": { "osm_id": 669376360, "name": "Kurfürsten-Anlage", "highway": "secondary", "klass": "secondary", "lanes": 1.0, "maxspeed": 50.0, "surface": "asphalt", "oneway": "yes" }, "geometry": { "type": "LineString", "coordinates": [ [ 8.6824168, 49.4049842 ], [ 8.682434, 49.404987 ], [ 8.6828108, 49.405052 ] ] } },
{ "type": "Feature", "properties": { "osm_id": 680782777, "name": "Hauptstraße", "highway": "residential", "klass": "residential", "lanes": 1.0, "maxspeed": 30.0, "surface": "paving_stones", "oneway": "yes" }, "geometry": { "type": "LineString", "coordinates": [ [ 8.7155464, 49.4132606 ], [ 8.7154426, 49.4132196 ], [ 8.7153897, 49.4132033 ] ] } },
{ "type": "Feature", "properties": { "osm_id": 680785375, "name": "Uferstraße", "highway": "tertiary", "klass": "tertiary", "lanes": 2.0, "maxspeed": 30.0, "surface": "asphalt", "oneway": null }, "geometry": { "type": "LineString", "coordinates": [ [ 8.6934986, 49.4133844 ], [ 8.6941625, 49.4134123 ] ] } },
{ "type": "Feature", "properties": { "osm_id": 682165329, "name": "Bergheimer Straße", "highway": "tertiary", "klass": "tertiary", "lanes": null, "maxspeed": 30.0, "surface": "asphalt", "oneway": "yes" }, "geometry": { "type": "LineString", "coordinates": [ [ 8.6811142, 49.4078871 ], [ 8.6808447, 49.4078987 ], [ 8.6806764, 49.4079021 ], [ 8.6806389, 49.40791 ], [ 8.680606, 49.4079131 ], [ 8.6805712, 49.4079109 ], [ 8.6805236, 49.4079043 ], [ 8.6803808, 49.4079023 ], [ 8.6803204, 49.4079011 ], [ 8.6790128, 49.4079335 ] ] } },
{ "type": "Feature", "properties": { "osm_id": 682165330, "name": "Bergheimer Straße", "highway": "tertiary", "klass": "tertiary", "lanes": null, "maxspeed": 30.0, "surface": "asphalt", "oneway": "yes" }, "geometry": { "type": "LineString", "coordinates": [ [ 8.6770638, 49.4078259 ], [ 8.6772296, 49.4078263 ], [ 8.6772877, 49.4078267 ], [ 8.6780801, 49.4078175 ], [ 8.6783178, 49.4078142 ], [ 8.6788521, 49.4078069 ], [ 8.6790154, 49.4078061 ], [ 8.6800703, 49.4078018 ], [ 8.6802037, 49.4077978 ], [ 8.6803771, 49.4077912 ], [ 8.6805182, 49.4077861 ], [ 8.6805631, 49.4077791 ], [ 8.6806027, 49.4077756 ], [ 8.6806416, 49.4077795 ], [ 8.6806758, 49.4077861 ], [ 8.6808439, 49.4077863 ], [ 8.6811112, 49.4077867 ] ] } },
{ "type": "Feature", "properties": { "osm_id": 682165331, "name": "Bluntschlistraße", "highway": "residential", "klass": "residential", "lanes": null, "maxspeed": 30.0, "surface": "asphalt", "oneway": null }, "geometry": { "type": "LineString", "coordinates": [ [ 8.6811112, 49.4077867 ], [ 8.6810948, 49.4065076 ], [ 8.681107, 49.4064515 ] ] } },
{ "type": "Feature", "properties": { "osm_id": 682165332, "name": "Bluntschlistraße", "highway": "residential", "klass": "residential", "lanes": null, "maxspeed": 30.0, "surface": "asphalt", "oneway": null }, "geometry": { "type": "LineString", "coordinates": [ [ 8.6811266, 49.4087959 ], [ 8.681119, 49.4084277 ], [ 8.6811142, 49.4078871 ] ] } },
{ "type": "Feature", "properties": { "osm_id": 688861923, "name": "Rottmannstraße", "highway": "secondary", "klass": "secondary", "lanes": 2.0, "maxspeed": 50.0, "surface": "asphalt", "oneway": "yes" }, "geometry": { "type": "LineString", "coordinates": [ [ 8.6833127, 49.4265201 ], [ 8.6832768, 49.4265592 ] ] } },
{ "type": "Feature", "properties": { "osm_id": 688861924, "name": "Zeppelinstraße", "highway": "residential", "klass": "residential", "lanes": 2.0, "maxspeed": 30.0, "surface": "asphalt", "oneway": null }, "geometry": { "type": "LineString", "coordinates": [ [ 8.6826513, 49.4257999 ], [ 8.6826799, 49.4257706 ], [ 8.683285, 49.4251111 ] ] } },
{ "type": "Feature", "properties": { "osm_id": 688861928, "name": "Poststraße", "highway": "residential", "klass": "residential", "lanes": null, "maxspeed": 30.0, "surface": "asphalt", "oneway": "yes" }, "geometry": { "type": "LineString", "coordinates": [ [ 8.6924509, 49.4084424 ], [ 8.6924216, 49.4084017 ], [ 8.6923957, 49.4083709 ] ] } },
{ "type": "Feature", "properties": { "osm_id": 688894993, "name": "Mannheimer Straße", "highway": "tertiary", "klass": "tertiary", "lanes": null, "maxspeed": 30.0, "surface": "asphalt", "oneway": null }, "geometry": { "type": "LineString", "coordinates": [ [ 8.6504596, 49.4224034 ], [ 8.650761, 49.4218951 ], [ 8.6510379, 49.4213791 ] ] } },
{ "type": "Feature", "properties": { "osm_id": 693364568, "name": "Brückenstraße", "highway": "secondary", "klass": "secondary", "lanes": 2.0, "maxspeed": 30.0, "surface": "asphalt", "oneway": null }, "geometry": { "type": "LineString", "coordinates": [ [ 8.6920238, 49.4165922 ], [ 8.6920251, 49.4166711 ] ] } },
{ "type": "Feature", "properties": { "osm_id": 697719732, "name": "Kastellweg", "highway": "residential", "klass": "residential", "lanes": 1.0, "maxspeed": 30.0, "surface": "asphalt", "oneway": "yes" }, "geometry": { "type": "LineString", "coordinates": [ [ 8.679435, 49.4129519 ], [ 8.6794082, 49.4130084 ], [ 8.6793925, 49.4130182 ] ] } },
{ "type": "Feature", "properties": { "osm_id": 701676700, "name": "Friedrich-Ebert-Anlage", "highway": "residential", "klass": "residential", "lanes": null, "maxspeed": null, "surface": "asphalt", "oneway": "yes" }, "geometry": { "type": "LineString", "coordinates": [ [ 8.699452, 49.4084116 ], [ 8.6993004, 49.408386 ], [ 8.6989926, 49.4083348 ], [ 8.6986062, 49.4082702 ], [ 8.6982159, 49.4082002 ], [ 8.6978259, 49.4081301 ], [ 8.6969661, 49.4079416 ] ] } },
{ "type": "Feature", "properties": { "osm_id": 708024004, "name": "Kirchstraße", "highway": "residential", "klass": "residential", "lanes": null, "maxspeed": 30.0, "surface": "asphalt", "oneway": null }, "geometry": { "type": "LineString", "coordinates": [ [ 8.6790128, 49.4079335 ], [ 8.6789959, 49.4084468 ], [ 8.6789933, 49.4085108 ], [ 8.6789919, 49.408557 ], [ 8.6789829, 49.4088341 ] ] } },
{ "type": "Feature", "properties": { "osm_id": 708024005, "name": "Kirchstraße", "highway": "residential", "klass": "residential", "lanes": null, "maxspeed": 30.0, "surface": "asphalt", "oneway": null }, "geometry": { "type": "LineString", "coordinates": [ [ 8.6791005, 49.4053771 ], [ 8.6791182, 49.4054393 ], [ 8.6790987, 49.4057592 ], [ 8.6790771, 49.4061131 ], [ 8.6790656, 49.4063011 ], [ 8.679017, 49.4077577 ], [ 8.6790154, 49.4078061 ] ] } },
{ "type": "Feature", "properties": { "osm_id": 711863509, "name": "Grüne Meile", "highway": "unclassified", "klass": "unclassified", "lanes": 1.0, "maxspeed": 30.0, "surface": "asphalt", "oneway": "yes" }, "geometry": { "type": "LineString", "coordinates": [ [ 8.6712997, 49.4026965 ], [ 8.6713846, 49.4026971 ], [ 8.6714252, 49.4027006 ], [ 8.6714716, 49.4027171 ], [ 8.6715492, 49.4027575 ], [ 8.6715786, 49.4027797 ], [ 8.6715936, 49.4027931 ] ] } },
{ "type": "Feature", "properties": { "osm_id": 712541459, "name": "Uferstraße", "highway": "tertiary", "klass": "tertiary", "lanes": 2.0, "maxspeed": 30.0, "surface": "asphalt", "oneway": null }, "geometry": { "type": "LineString", "coordinates": [ [ 8.6941625, 49.4134123 ], [ 8.6947407, 49.4134437 ], [ 8.6954095, 49.41348 ], [ 8.6955737, 49.4134886 ], [ 8.6956267, 49.4134914 ], [ 8.6956934, 49.4134966 ], [ 8.6957806, 49.4135092 ], [ 8.6958331, 49.4135206 ] ] } },
{ "type": "Feature", "properties": { "osm_id": 713462675, "name": "Max-Planck-Ring", "highway": "residential", "klass": "residential", "lanes": null, "maxspeed": 30.0, "surface": "asphalt", "oneway": "no" }, "geometry": { "type": "LineString", "coordinates": [ [ 8.6750572, 49.4029517 ], [ 8.6748257, 49.4030527 ], [ 8.67476, 49.4030813 ] ] } },
{ "type": "Feature", "properties": { "osm_id": 720664749, "name": "Czernyring", "highway": "secondary", "klass": "secondary", "lanes": 2.0, "maxspeed": 50.0, "surface": "asphalt", "oneway": "no" }, "geometry": { "type": "LineString", "coordinates": [ [ 8.6819969, 49.3983078 ], [ 8.6817909, 49.3984776 ], [ 8.6816696, 49.3985698 ], [ 8.6815413, 49.3986645 ], [ 8.6813993, 49.3987735 ] ] } },
{ "type": "Feature", "properties": { "osm_id": 720899550, "name": "Newtonstraße", "highway": "residential", "klass": "residential", "lanes": null, "maxspeed": 30.0, "surface": "asphalt", "oneway": null }, "geometry": { "type": "LineString", "coordinates": [ [ 8.6728554, 49.4000453 ], [ 8.6719557, 49.4004853 ] ] } },
{ "type": "Feature", "properties": { "osm_id": 721164928, "name": "Kurfürsten-Anlage", "highway": "secondary", "klass": "secondary", "lanes": 1.0, "maxspeed": 50.0, "surface": "asphalt", "oneway": "yes" }, "geometry": { "type": "LineString", "coordinates": [ [ 8.6767847, 49.4049064 ], [ 8.6766721, 49.4049404 ], [ 8.6765666, 49.4049596 ], [ 8.6763146, 49.4050118 ], [ 8.6761516, 49.4050455 ], [ 8.6757908, 49.4051223 ], [ 8.675735, 49.4051351 ], [ 8.6756674, 49.4051489 ] ] } },
{ "type": "Feature", "properties": { "osm_id": 721164929, "name": "Kurfürsten-Anlage", "highway": "secondary", "klass": "secondary", "lanes": 2.0, "maxspeed": 50.0, "surface": "asphalt", "oneway": "yes" }, "geometry": { "type": "LineString", "coordinates": [ [ 8.6767961, 49.4048365 ], [ 8.6768469, 49.404813 ], [ 8.6768781, 49.4047884 ], [ 8.676903, 49.4047592 ] ] } },
{ "type": "Feature", "properties": { "osm_id": 721931267, "name": "Berliner Straße", "highway": "primary", "klass": "primary", "lanes": 2.0, "maxspeed": 50.0, "surface": "asphalt", "oneway": "yes" }, "geometry": { "type": "LineString", "coordinates": [ [ 8.6764702, 49.4194743 ], [ 8.6764782, 49.4196864 ] ] } },
{ "type": "Feature", "properties": { "osm_id": 721931268, "name": "Berliner Straße", "highway": "residential", "klass": "residential", "lanes": 2.0, "maxspeed": 50.0, "surface": "asphalt", "oneway": "yes" }, "geometry": { "type": "LineString", "coordinates": [ [ 8.6764702, 49.4194743 ], [ 8.6763576, 49.4196027 ] ] } },
{ "type": "Feature", "properties": { "osm_id": 721931269, "name": "Im Neuenheimer Feld", "highway": "residential", "klass": "residential", "lanes": 3.0, "maxspeed": null, "surface": "asphalt", "oneway": null }, "geometry": { "type": "LineString", "coordinates": [ [ 8.6749603, 49.4195109 ], [ 8.6749668, 49.4194843 ], [ 8.6750103, 49.4193067 ], [ 8.6750203, 49.419131 ], [ 8.6750364, 49.4190538 ] ] } },
{ "type": "Feature", "properties": { "osm_id": 721931270, "name": "Im Neuenheimer Feld", "highway": "residential", "klass": "residential", "lanes": 3.0, "maxspeed": null, "surface": "asphalt", "oneway": null }, "geometry": { "type": "LineString", "coordinates": [ [ 8.6749653, 49.4196395 ], [ 8.6749603, 49.4195109 ] ] } },
{ "type": "Feature", "properties": { "osm_id": 721933838, "name": "Berliner Straße", "highway": "primary", "klass": "primary", "lanes": 2.0, "maxspeed": 50.0, "surface": "asphalt", "oneway": "yes" }, "geometry": { "type": "LineString", "coordinates": [ [ 8.6761206, 49.4193076 ], [ 8.6760972, 49.4181246 ] ] } },
{ "type": "Feature", "properties": { "osm_id": 721933839, "name": "Mönchhofstraße", "highway": "tertiary", "klass": "tertiary", "lanes": 1.0, "maxspeed": 30.0, "surface": "asphalt", "oneway": "yes" }, "geometry": { "type": "LineString", "coordinates": [ [ 8.6777971, 49.417012 ], [ 8.6777824, 49.4170152 ], [ 8.6771629, 49.417008 ] ] } },
{ "type": "Feature", "properties": { "osm_id": 722722889, "name": "Kurfürsten-Anlage", "highway": "secondary", "klass": "secondary", "lanes": 2.0, "maxspeed": 50.0, "surface": "asphalt", "oneway": "yes" }, "geometry": { "type": "LineString", "coordinates": [ [ 8.6807508, 49.4046977 ], [ 8.6808171, 49.4047094 ], [ 8.6809773, 49.4047377 ], [ 8.681188, 49.404775 ] ] } },
{ "type": "Feature", "properties": { "osm_id": 722916169, "name": "Karl-Metz-Straße", "highway": "residential", "klass": "residential", "lanes": 1.0, "maxspeed": null, "surface": "paving_stones", "oneway": "yes" }, "geometry": { "type": "LineString", "coordinates": [ [ 8.6749005, 49.4053468 ], [ 8.6749021, 49.4053199 ], [ 8.6749051, 49.4053003 ], [ 8.6749204, 49.4052176 ] ] } },
{ "type": "Feature", "properties": { "osm_id": 723084548, "name": "Im Neuenheimer Feld", "highway": "residential", "klass": "residential", "lanes": 2.0, "maxspeed": 50.0, "surface": "asphalt", "oneway": null }, "geometry": { "type": "LineString", "coordinates": [ [ 8.6682421, 49.419139 ], [ 8.6685833, 49.4191881 ], [ 8.6691814, 49.4193033 ], [ 8.6697005, 49.4194263 ], [ 8.6698488, 49.4194587 ], [ 8.6701419, 49.419524 ], [ 8.6703013, 49.4195554 ], [ 8.6705653, 49.4195962 ], [ 8.670754, 49.4196172 ], [ 8.6709937, 49.4196365 ], [ 8.6713947, 49.419648 ], [ 8.671897, 49.4196476 ], [ 8.6722179, 49.4196474 ], [ 8.67274, 49.4196454 ], [ 8.672806, 49.4196451 ], [ 8.6747911, 49.4196375 ], [ 8.6749653, 49.4196395 ] ] } },
{ "type": "Feature", "properties": { "osm_id": 723890575, "name": "Kurfürsten-Anlage", "highway": "secondary", "klass": "secondary", "lanes": 2.0, "maxspeed": 50.0, "surface": "asphalt", "oneway": "yes" }, "geometry": { "type": "LineString", "coordinates": [ [ 8.6750392, 49.4052012 ], [ 8.6751469, 49.4051826 ] ] } },
{ "type": "Feature", "properties": { "osm_id": 724510546, "name": "Römerkreis", "highway": "secondary", "klass": "secondary", "lanes": 3.0, "maxspeed": 50.0, "surface": "asphalt", "oneway": "yes" }, "geometry": { "type": "LineString", "coordinates": [ [ 8.6848877, 49.4058528 ], [ 8.6848299, 49.4058758 ], [ 8.6847147, 49.4059208 ] ] } },
{ "type": "Feature", "properties": { "osm_id": 724510548, "name": "Rohrbacher Straße", "highway": "secondary", "klass": "secondary", "lanes": 3.0, "maxspeed": 50.0, "surface": "asphalt", "oneway": "yes" }, "geometry": { "type": "LineString", "coordinates": [ [ 8.692676, 49.4071883 ], [ 8.6927294, 49.4070509 ] ] } },
{ "type": "Feature", "properties": { "osm_id": 727623110, "name": "Berliner Straße", "highway": "primary", "klass": "primary", "lanes": 1.0, "maxspeed": 50.0, "surface": "asphalt", "oneway": "yes" }, "geometry": { "type": "LineString", "coordinates": [ [ 8.679978, 49.424031 ], [ 8.6796965, 49.423839 ], [ 8.679578, 49.4237582 ], [ 8.6789957, 49.4233611 ], [ 8.6781813, 49.4228704 ], [ 8.6779024, 49.4227107 ], [ 8.6778352, 49.4226722 ], [ 8.677634, 49.4225559 ] ] } },
{ "type": "Feature", "properties": { "osm_id": 727623111, "name": "Zeppelinstraße", "highway": "residential", "klass": "residential", "lanes": 2.0, "maxspeed": 30.0, "surface": "asphalt", "oneway": null }, "geometry": { "type": "LineString", "coordinates": [ [ 8.6825443, 49.4259283 ], [ 8.6825637, 49.4259038 ], [ 8.6825885, 49.4258751 ], [ 8.6826173, 49.4258413 ] ] } },
{ "type": "Feature", "properties": { "osm_id": 727623112, "name": "Berliner Straße", "highway": "primary", "klass": "primary", "lanes": 2.0, "maxspeed": 50.0, "surface": "asphalt", "oneway": "yes" }, "geometry": { "type": "LineString", "coordinates": [ [ 8.6826173, 49.4258413 ], [ 8.6829886, 49.4261689 ], [ 8.6830459, 49.4262203 ], [ 8.6830889, 49.4262596 ], [ 8.6831157, 49.4262835 ], [ 8.6831341, 49.426301 ], [ 8.6831679, 49.4263359 ], [ 8.6832002, 49.4263863 ] ] } },
{ "type": "Feature", "properties": { "osm_id": 727623113, "name": "Zeppelinstraße", "highway": "residential", "klass": "residential", "lanes": 2.0, "maxspeed": 30.0, "surface": "asphalt", "oneway": null }, "geometry": { "type": "LineString", "coordinates": [ [ 8.6826173, 49.4258413 ], [ 8.6826513, 49.4257999 ] ] } },
{ "type": "Feature", "properties": { "osm_id": 727844926, "name": "Rahmengasse", "highway": "living_street", "klass": "living_street", "lanes": null, "maxspeed": null, "surface": "asphalt", "oneway": "yes" }, "geometry": { "type": "LineString", "coordinates": [ [ 8.6907433, 49.4151263 ], [ 8.6909814, 49.4151356 ] ] } },
{ "type": "Feature", "properties": { "osm_id": 737300556, "name": "Rohrbacher Straße", "highway": "secondary", "klass": "secondary", "lanes": 2.0, "maxspeed": 50.0, "surface": "asphalt", "oneway": "yes" }, "geometry": { "type": "LineString", "coordinates": [ [ 8.6927546, 49.4068652 ], [ 8.6927469, 49.4066458 ], [ 8.6927964, 49.4065666 ] ] } },
{ "type": "Feature", "properties": { "osm_id": 737300557, "name": "Rohrbacher Straße", "highway": "secondary", "klass": "secondary", "lanes": 2.0, "maxspeed": 50.0, "surface": "asphalt", "oneway": "yes" }, "geometry": { "type": "LineString", "coordinates": [ [ 8.6927483, 49.4069492 ], [ 8.6927546, 49.4068652 ] ] } },
{ "type": "Feature", "properties": { "osm_id": 772029885, "name": "Hofmeisterweg", "highway": "residential", "klass": "residential", "lanes": 2.0, "maxspeed": 10.0, "surface": "asphalt", "oneway": null }, "geometry": { "type": "LineString", "coordinates": [ [ 8.666644, 49.4145692 ], [ 8.6664819, 49.4145966 ], [ 8.6663864, 49.4146189 ], [ 8.6660378, 49.4146917 ], [ 8.6659406, 49.4147139 ], [ 8.6658811, 49.4147283 ] ] } },
{ "type": "Feature", "properties": { "osm_id": 772029886, "name": "Hofmeisterweg", "highway": "residential", "klass": "residential", "lanes": 2.0, "maxspeed": 10.0, "surface": "asphalt", "oneway": "yes" }, "geometry": { "type": "LineString", "coordinates": [ [ 8.6658811, 49.4147283 ], [ 8.6654921, 49.4148203 ], [ 8.6652034, 49.4148892 ] ] } },
{ "type": "Feature", "properties": { "osm_id": 772029887, "name": "Hofmeisterweg", "highway": "residential", "klass": "residential", "lanes": 2.0, "maxspeed": 30.0, "surface": "asphalt", "oneway": "yes" }, "geometry": { "type": "LineString", "coordinates": [ [ 8.664923, 49.4147752 ], [ 8.6655, 49.4146381 ] ] } },
{ "type": "Feature", "properties": { "osm_id": 773777528, "name": "Carl-Friedrich-Gauß-Ring", "highway": "residential", "klass": "residential", "lanes": null, "maxspeed": 50.0, "surface": "asphalt", "oneway": null }, "geometry": { "type": "LineString", "coordinates": [ [ 8.6705712, 49.3939307 ], [ 8.6704741, 49.3939376 ], [ 8.6703676, 49.3939521 ], [ 8.6700008, 49.394004 ], [ 8.6697561, 49.3940398 ], [ 8.6695676, 49.3940672 ], [ 8.6693772, 49.3940941 ], [ 8.6692131, 49.3941177 ], [ 8.6691665, 49.3941243 ] ] } },
{ "type": "Feature", "properties": { "osm_id": 773777532, "name": "Carl-Friedrich-Gauß-Ring", "highway": "residential", "klass": "residential", "lanes": null, "maxspeed": 50.0, "surface": "asphalt", "oneway": null }, "geometry": { "type": "LineString", "coordinates": [ [ 8.6717034, 49.3948062 ], [ 8.6717663, 49.3948591 ], [ 8.6719738, 49.3950333 ], [ 8.6724456, 49.3954296 ], [ 8.6728719, 49.3958014 ], [ 8.6728933, 49.3958319 ], [ 8.6729, 49.3958608 ], [ 8.6728933, 49.3959009 ], [ 8.6728759, 49.3959271 ], [ 8.6728343, 49.3959602 ], [ 8.6727044, 49.3960255 ], [ 8.6724158, 49.39618 ], [ 8.6721387, 49.3963238 ], [ 8.6719201, 49.3964222 ] ] } },
{ "type": "Feature", "properties": { "osm_id": 779439126, "name": "Hirschgasse", "highway": "residential", "klass": "residential", "lanes": null, "maxspeed": 10.0, "surface": "asphalt", "oneway": null }, "geometry": { "type": "LineString", "coordinates": [ [ 8.7134205, 49.4178727 ], [ 8.7133082, 49.4178251 ], [ 8.7132808, 49.4178062 ], [ 8.7132694, 49.4177906 ], [ 8.713266, 49.4177713 ], [ 8.7132682, 49.417749 ] ] } },
{ "type": "Feature", "properties": { "osm_id": 783750001, "name": "Chaisenweg", "highway": "unclassified", "klass": "unclassified", "lanes": null, "maxspeed": 30.0, "surface": "asphalt", "oneway": null }, "geometry": { "type": "LineString", "coordinates": [ [ 8.7039234, 49.4196762 ], [ 8.7039097, 49.4196125 ], [ 8.7038853, 49.4195609 ], [ 8.703862, 49.4195319 ], [ 8.7038299, 49.4194984 ], [ 8.7037946, 49.4194702 ], [ 8.703748, 49.4194407 ], [ 8.703694, 49.4194117 ], [ 8.7036366, 49.419385 ] ] } },
{ "type": "Feature", "properties": { "osm_id": 783931397, "name": "Neuenheimer Landstraße", "highway": "secondary", "klass": "secondary", "lanes": 2.0, "maxspeed": 30.0, "surface": "asphalt", "oneway": "no" }, "geometry": { "type": "LineString", "coordinates": [ [ 8.6934689, 49.4138487 ], [ 8.6936326, 49.4138274 ], [ 8.6941915, 49.4137459 ] ] } },
{ "type": "Feature", "properties": { "osm_id": 787291600, "name": "Grüne Meile", "highway": "unclassified", "klass": "unclassified", "lanes": 1.0, "maxspeed": 10.0, "surface": "asphalt", "oneway": "yes" }, "geometry": { "type": "LineString", "coordinates": [ [ 8.6689376, 49.4032996 ], [ 8.6688511, 49.4033191 ], [ 8.6680137, 49.4034943 ], [ 8.6679662, 49.4035043 ], [ 8.6678859, 49.4035216 ], [ 8.6676419, 49.403575 ] ] } },
{ "type": "Feature", "properties": { "osm_id": 787291601, "name": "Grüne Meile", "highway": "unclassified", "klass": "unclassified", "lanes": 1.0, "maxspeed": 10.0, "surface": "asphalt", "oneway": "yes" }, "geometry": { "type": "LineString", "coordinates": [ [ 8.6675939, 49.4034891 ], [ 8.6679217, 49.4034211 ], [ 8.6688076, 49.403227 ], [ 8.6688948, 49.4032084 ] ] } },
{ "type": "Feature", "properties": { "osm_id": 787291607, "name": "Grüne Meile", "highway": "unclassified", "klass": "unclassified", "lanes": 1.0, "maxspeed": 30.0, "surface": "asphalt", "oneway": "yes" }, "geometry": { "type": "LineString", "coordinates": [ [ 8.6620936, 49.4046479 ], [ 8.6622705, 49.4046085 ], [ 8.6631272, 49.4044212 ], [ 8.6641168, 49.4042261 ], [ 8.6650828, 49.4040218 ], [ 8.6659186, 49.4038459 ], [ 8.6661076, 49.4038057 ] ] } },
{ "type": "Feature", "properties": { "osm_id": 787291608, "name": "Grüne Meile", "highway": "unclassified", "klass": "unclassified", "lanes": 1.0, "maxspeed": 30.0, "surface": "asphalt", "oneway": "yes" }, "geometry": { "type": "LineString", "coordinates": [ [ 8.6676419, 49.403575 ], [ 8.6675598, 49.4035921 ], [ 8.6675309, 49.403598 ], [ 8.6673222, 49.4036405 ], [ 8.6663147, 49.4038675 ], [ 8.6661573, 49.4038896 ] ] } },
{ "type": "Feature", "properties": { "osm_id": 788197404, "name": "Kurfürsten-Anlage", "highway": "secondary", "klass": "secondary", "lanes": 2.0, "maxspeed": 50.0, "surface": "asphalt", "oneway": "yes" }, "geometry": { "type": "LineString", "coordinates": [ [ 8.6785217, 49.4043316 ], [ 8.6787264, 49.4043622 ] ] } },
{ "type": "Feature", "properties": { "osm_id": 789683302, "name": "Klingenteichstraße", "highway": "tertiary", "klass": "tertiary", "lanes": 2.0, "maxspeed": 50.0, "surface": "asphalt", "oneway": null }, "geometry": { "type": "LineString", "coordinates": [ [ 8.7114545, 49.405048 ], [ 8.7115779, 49.405046 ], [ 8.7117119, 49.4050378 ], [ 8.7118437, 49.4050245 ], [ 8.7119826, 49.4050064 ], [ 8.7120963, 49.4049867 ], [ 8.7122452, 49.4049558 ], [ 8.7126265, 49.4048646 ], [ 8.7129657, 49.4047822 ], [ 8.7132274, 49.404713 ], [ 8.7134892, 49.4046385 ], [ 8.7138109, 49.4045453 ] ] } },
{ "type": "Feature", "properties": { "osm_id": 790851068, "name": "Im Neuenheimer Feld", "highway": "residential", "klass": "residential", "lanes": null, "maxspeed": 30.0, "surface": "asphalt", "oneway": "yes" }, "geometry": { "type": "LineString", "coordinates": [ [ 8.6748448, 49.4209883 ], [ 8.6754528, 49.4209861 ], [ 8.675578, 49.4210073 ] ] } },
{ "type": "Feature", "properties": { "osm_id": 795438340, "name": "Klingenteichstraße", "highway": "tertiary", "klass": "tertiary", "lanes": 2.0, "maxspeed": 50.0, "surface": "asphalt", "oneway": null }, "geometry": { "type": "LineString", "coordinates": [ [ 8.7138109, 49.4045453 ], [ 8.7139947, 49.4044962 ], [ 8.7141866, 49.4044523 ] ] } },
{ "type": "Feature", "properties": { "osm_id": 796383904, "name": "Max-Jarecki-Straße", "highway": "residential", "klass": "residential", "lanes": 1.0, "maxspeed": 30.0, "surface": "asphalt", "oneway": "yes" }, "geometry": { "type": "LineString", "coordinates": [ [ 8.6729279, 49.4019388 ], [ 8.6728642, 49.4019054 ], [ 8.6728314, 49.4018582 ], [ 8.6727898, 49.4017921 ], [ 8.6727174, 49.4016744 ], [ 8.6726264, 49.4015384 ] ] } },
{ "type": "Feature", "properties": { "osm_id": 796383905, "name": "Max-Jarecki-Straße", "highway": "residential", "klass": "residential", "lanes": 2.0, "maxspeed": 30.0, "surface": "asphalt", "oneway": "no" }, "geometry": { "type": "LineString", "coordinates": [ [ 8.6713405, 49.3995751 ], [ 8.6717742, 49.4002098 ], [ 8.6719557, 49.4004853 ], [ 8.6720562, 49.4006275 ], [ 8.6723984, 49.4011361 ] ] } },
{ "type": "Feature", "properties": { "osm_id": 800378925, "name": "Neckarstaden", "highway": "primary", "klass": "primary", "lanes": 2.0, "maxspeed": 50.0, "surface": "asphalt", "oneway": "yes" }, "geometry": { "type": "LineString", "coordinates": [ [ 8.7079095, 49.4135211 ], [ 8.7078288, 49.4135218 ], [ 8.7077018, 49.413525 ] ] } },
{ "type": "Feature", "properties": { "osm_id": 800395106, "name": "Jensenstraße", "highway": "residential", "klass": "residential", "lanes": null, "maxspeed": 30.0, "surface": "asphalt", "oneway": null }, "geometry": { "type": "LineString", "coordinates": [ [ 8.6688948, 49.4032084 ], [ 8.6689094, 49.4032396 ], [ 8.6689215, 49.4032652 ], [ 8.6689376, 49.4032996 ] ] } },
{ "type": "Feature", "properties": { "osm_id": 800395107, "name": "Kopernikusstraße", "highway": "residential", "klass": "residential", "lanes": null, "maxspeed": 30.0, "surface": "asphalt", "oneway": null }, "geometry": { "type": "LineString", "coordinates": [ [ 8.6689376, 49.4032996 ], [ 8.6689588, 49.4033463 ] ] } },
{ "type": "Feature", "properties": { "osm_id": 807121665, "name": "Caroline-Herschel-Straße", "highway": "residential", "klass": "residential", "lanes": null, "maxspeed": null, "surface": "asphalt", "oneway": null }, "geometry": { "type": "LineString", "coordinates": [ [ 8.6707345, 49.3952964 ], [ 8.6717034, 49.3948062 ] ] } },
{ "type": "Feature", "properties": { "osm_id": 807121667, "name": "Nikola-Tesla-Straße", "highway": "residential", "klass": "residential", "lanes": null, "maxspeed": null, "surface": "asphalt", "oneway": null }, "geometry": { "type": "LineString", "coordinates": [ [ 8.6707345, 49.3952964 ], [ 8.6707953, 49.3953474 ], [ 8.6714796, 49.39592 ], [ 8.6724456, 49.3954296 ] ] } },
{ "type": "Feature", "properties": { "osm_id": 807130086, "name": "Carl-Friedrich-Gauß-Ring", "highway": "residential", "klass": "residential", "lanes": 2.0, "maxspeed": 50.0, "surface": "asphalt", "oneway": "yes" }, "geometry": { "type": "LineString", "coordinates": [ [ 8.6682757, 49.3943579 ], [ 8.6680931, 49.3943847 ] ] } },
{ "type": "Feature", "properties": { "osm_id": 807153702, "name": "Klingenteichstraße", "highway": "tertiary", "klass": "tertiary", "lanes": 1.0, "maxspeed": 50.0, "surface": "asphalt", "oneway": null }, "geometry": { "type": "LineString", "coordinates": [ [ 8.7148478, 49.4060575 ], [ 8.7147212, 49.4060982 ], [ 8.714688, 49.4061135 ], [ 8.7146614, 49.406135 ], [ 8.7146492, 49.4061564 ] ] } },
{ "type": "Feature", "properties": { "osm_id": 810070512, "name": "Henkel-Teroson-Straße", "highway": "tertiary", "klass": "tertiary", "lanes": 2.0, "maxspeed": 30.0, "surface": "asphalt", "oneway": null }, "geometry": { "type": "LineString", "coordinates": [ [ 8.6516564, 49.4064562 ], [ 8.6516099, 49.4066967 ], [ 8.6514988, 49.4072713 ], [ 8.6514947, 49.4073057 ], [ 8.6514878, 49.4073673 ], [ 8.65148, 49.4074369 ], [ 8.651484, 49.4075024 ] ] } },
{ "type": "Feature", "properties": { "osm_id": 810070514, "name": "Gutachweg", "highway": "residential", "klass": "residential", "lanes": 1.0, "maxspeed": 30.0, "surface": "asphalt", "oneway": null }, "geometry": { "type": "LineString", "coordinates": [ [ 8.6522328, 49.4119487 ], [ 8.6523018, 49.4114895 ] ] } },
{ "type": "Feature", "properties": { "osm_id": 813216802, "name": "Speyerer Straße", "highway": "primary", "klass": "primary", "lanes": 2.0, "maxspeed": 50.0, "surface": "asphalt", "oneway": "yes" }, "geometry": { "type": "LineString", "coordinates": [ [ 8.6779132, 49.4003581 ], [ 8.6777483, 49.4002623 ], [ 8.677698, 49.400233 ], [ 8.6775845, 49.4001631 ], [ 8.6775343, 49.4001334 ], [ 8.6775259, 49.400133 ], [ 8.677494, 49.4001135 ], [ 8.6774642, 49.4000952 ], [ 8.6773977, 49.4000511 ] ] } },
{ "type": "Feature", "properties": { "osm_id": 813740898, "name": "Klingenteichstraße", "highway": "tertiary", "klass": "tertiary", "lanes": 1.0, "maxspeed": 50.0, "surface": "asphalt", "oneway": null }, "geometry": { "type": "LineString", "coordinates": [ [ 8.715812, 49.4049304 ], [ 8.7158073, 49.4050078 ], [ 8.7157959, 49.4050805 ], [ 8.7157727, 49.4051559 ], [ 8.7157464, 49.4052303 ], [ 8.7157101, 49.40532 ], [ 8.7156604, 49.4054222 ], [ 8.7155984, 49.4055338 ], [ 8.7155364, 49.4056182 ], [ 8.7154781, 49.405685 ], [ 8.715427, 49.4057346 ], [ 8.7152925, 49.4058452 ], [ 8.7151844, 49.4059134 ], [ 8.7150718, 49.4059738 ], [ 8.7149711, 49.4060142 ], [ 8.7148478, 49.4060575 ] ] } },
{ "type": "Feature", "properties": { "osm_id": 816222983, "name": "Kurfürsten-Anlage", "highway": "primary", "klass": "primary", "lanes": 3.0, "maxspeed": 30.0, "surface": "asphalt", "oneway": "yes" }, "geometry": { "type": "LineString", "coordinates": [ [ 8.6857752, 49.4061325 ], [ 8.6852199, 49.4060245 ], [ 8.6850637, 49.4059958 ] ] } },
{ "type": "Feature", "properties": { "osm_id": 816222989, "name": "Kleinschmidtstraße", "highway": "residential", "klass": "residential", "lanes": 1.0, "maxspeed": 30.0, "surface": "asphalt", "oneway": "yes" }, "geometry": { "type": "LineString", "coordinates": [ [ 8.6872292, 49.4063772 ], [ 8.6871939, 49.4063555 ], [ 8.6871425, 49.4063286 ], [ 8.6871079, 49.4063019 ] ] } },
{ "type": "Feature", "properties": { "osm_id": 816478073, "name": "Kurfürsten-Anlage", "highway": "secondary", "klass": "secondary", "lanes": 2.0, "maxspeed": 50.0, "surface": "asphalt", "oneway": "yes" }, "geometry": { "type": "LineString", "coordinates": [ [ 8.6749204, 49.4052176 ], [ 8.6749857, 49.4052092 ], [ 8.6750392, 49.4052012 ] ] } },
{ "type": "Feature", "properties": { "osm_id": 816821351, "name": "Mönchhofstraße", "highway": "tertiary", "klass": "tertiary", "lanes": 1.0, "maxspeed": 30.0, "surface": "asphalt", "oneway": "yes" }, "geometry": { "type": "LineString", "coordinates": [ [ 8.677802, 49.4169467 ], [ 8.6779899, 49.4169706 ] ] } },
{ "type": "Feature", "properties": { "osm_id": 816821352, "name": "Mönchhofstraße", "highway": "tertiary", "klass": "tertiary", "lanes": 1.0, "maxspeed": 30.0, "surface": "asphalt", "oneway": "yes" }, "geometry": { "type": "LineString", "coordinates": [ [ 8.6779899, 49.4169706 ], [ 8.6777971, 49.417012 ] ] } },
{ "type": "Feature", "properties": { "osm_id": 817522825, "name": "Am Karlstor", "highway": "secondary_link", "klass": "secondary", "lanes": 1.0, "maxspeed": 50.0, "surface": "asphalt", "oneway": "yes" }, "geometry": { "type": "LineString", "coordinates": [ [ 8.7177306, 49.4139032 ], [ 8.7178456, 49.4138941 ], [ 8.7178941, 49.4138952 ] ] } },
{ "type": "Feature", "properties": { "osm_id": 818000559, "name": "Dossenheimer Landstraße", "highway": "residential", "klass": "residential", "lanes": null, "maxspeed": 30.0, "surface": "asphalt", "oneway": null }, "geometry": { "type": "LineString", "coordinates": [ [ 8.6834822, 49.428093 ], [ 8.6836014, 49.4280792 ], [ 8.6836382, 49.4280746 ], [ 8.6837988, 49.4280437 ], [ 8.6838899, 49.4280168 ] ] } },
{ "type": "Feature", "properties": { "osm_id": 818529479, "name": "Hans-Thoma-Platz", "highway": "residential", "klass": "residential", "lanes": 2.0, "maxspeed": 30.0, "surface": "asphalt", "oneway": null }, "geometry": { "type": "LineString", "coordinates": [ [ 8.6828496, 49.4281528 ], [ 8.6829723, 49.4281406 ], [ 8.6830094, 49.4281369 ], [ 8.6830958, 49.4281283 ], [ 8.6831985, 49.4281195 ] ] } },
{ "type": "Feature", "properties": { "osm_id": 820358169, "name": "Berthold-Mogel-Straße", "highway": "residential", "klass": "residential", "lanes": null, "maxspeed": 30.0, "surface": "asphalt", "oneway": null }, "geometry": { "type": "LineString", "coordinates": [ [ 8.6860532, 49.3903679 ], [ 8.6869194, 49.3904027 ], [ 8.6869958, 49.3904058 ], [ 8.6874016, 49.3904221 ] ] } },
{ "type": "Feature", "properties": { "osm_id": 829590184, "name": "Schwalbenweg", "highway": "residential", "klass": "residential", "lanes": null, "maxspeed": 30.0, "surface": "asphalt", "oneway": null }, "geometry": { "type": "LineString", "coordinates": [ [ 8.6515934, 49.3989493 ], [ 8.6514074, 49.3989281 ], [ 8.6510367, 49.3988858 ] ] } },
{ "type": "Feature", "properties": { "osm_id": 829590187, "name": "Richard-Drach-Straße", "highway": "residential", "klass": "residential", "lanes": null, "maxspeed": 30.0, "surface": "asphalt", "oneway": null }, "geometry": { "type": "LineString", "coordinates": [ [ 8.6502287, 49.4007058 ], [ 8.6495874, 49.4006288 ] ] } },
{ "type": "Feature", "properties": { "osm_id": 831594727, "name": "Kirchheimer Weg", "highway": "tertiary", "klass": "tertiary", "lanes": 1.0, "maxspeed": 50.0, "surface": "asphalt", "oneway": "yes" }, "geometry": { "type": "LineString", "coordinates": [ [ 8.6758923, 49.3927243 ], [ 8.6757083, 49.3922272 ], [ 8.6756091, 49.3919519 ], [ 8.6755791, 49.3918858 ] ] } },
{ "type": "Feature", "properties": { "osm_id": 831594728, "name": "Margot-Becke-Ring", "highway": "residential", "klass": "residential", "lanes": null, "maxspeed": 30.0, "surface": "asphalt", "oneway": null }, "geometry": { "type": "LineString", "coordinates": [ [ 8.6760849, 49.3931445 ], [ 8.6759758, 49.3931557 ], [ 8.6758466, 49.3931731 ], [ 8.6744931, 49.3933632 ], [ 8.6736191, 49.3934849 ], [ 8.6733398, 49.393524 ], [ 8.6732729, 49.3935438 ], [ 8.6732332, 49.3935629 ] ] } },
{ "type": "Feature", "properties": { "osm_id": 831594729, "name": "Kirchheimer Weg", "highway": "tertiary", "klass": "tertiary", "lanes": 1.0, "maxspeed": 50.0, "surface": "asphalt", "oneway": "yes" }, "geometry": { "type": "LineString", "coordinates": [ [ 8.6760229, 49.3925801 ], [ 8.6760779, 49.3927231 ], [ 8.6761077, 49.3928008 ] ] } },
{ "type": "Feature", "properties": { "osm_id": 845689914, "name": "Lutherstraße", "highway": "residential", "klass": "residential", "lanes": 2.0, "maxspeed": 30.0, "surface": "asphalt", "oneway": null }, "geometry": { "type": "LineString", "coordinates": [ [ 8.690203, 49.4133239 ], [ 8.6901647, 49.4136477 ], [ 8.6901519, 49.4138822 ], [ 8.6901513, 49.4139082 ] ] } },
{ "type": "Feature", "properties": { "osm_id": 845689915, "name": "Quinckestraße", "highway": "residential", "klass": "residential", "lanes": 2.0, "maxspeed": 30.0, "surface": "asphalt", "oneway": null }, "geometry": { "type": "LineString", "coordinates": [ [ 8.6829333, 49.4129758 ], [ 8.6829328, 49.4129688 ], [ 8.6829869, 49.4127324 ], [ 8.6830413, 49.4124984 ] ] } },
{ "type": "Feature", "properties": { "osm_id": 847555751, "name": "Keplerstraße", "highway": "residential", "klass": "residential", "lanes": 1.0, "maxspeed": 30.0, "surface": "asphalt", "oneway": "yes" }, "geometry": { "type": "LineString", "coordinates": [ [ 8.6863126, 49.4128418 ], [ 8.6863064, 49.4128759 ], [ 8.6862416, 49.4132333 ], [ 8.6861414, 49.4137585 ], [ 8.6860996, 49.4139573 ], [ 8.6860917, 49.4139951 ] ] } },
{ "type": "Feature", "properties": { "osm_id": 847555752, "name": "Blumenthalstraße", "highway": "residential", "klass": "residential", "lanes": 2.0, "maxspeed": 30.0, "surface": "asphalt", "oneway": null }, "geometry": { "type": "LineString", "coordinates": [ [ 8.680902, 49.4200979 ], [ 8.6807789, 49.4200715 ], [ 8.6806823, 49.4200529 ], [ 8.6798278, 49.4199299 ], [ 8.6793473, 49.4198604 ], [ 8.6789127, 49.4198017 ], [ 8.6787668, 49.4197754 ] ] } },
{ "type": "Feature", "properties": { "osm_id": 848303438, "name": "George-Boole-Weg", "highway": "residential", "klass": "residential", "lanes": null, "maxspeed": 30.0, "surface": "asphalt", "oneway": null }, "geometry": { "type": "LineString", "coordinates": [ [ 8.6734055, 49.3940911 ], [ 8.6727297, 49.3941901 ], [ 8.672649, 49.3942239 ], [ 8.6724124, 49.3943232 ] ] } },
{ "type": "Feature", "properties": { "osm_id": 848771757, "name": "Harbigweg", "highway": "residential", "klass": "residential", "lanes": null, "maxspeed": 30.0, "surface": "asphalt", "oneway": null }, "geometry": { "type": "LineString", "coordinates": [ [ 8.6689682, 49.3924842 ], [ 8.6690825, 49.3925828 ], [ 8.6696862, 49.3931055 ], [ 8.6697437, 49.3931739 ], [ 8.6697731, 49.3932249 ], [ 8.6698069, 49.3932648 ], [ 8.670276, 49.393648 ] ] } },
{ "type": "Feature", "properties": { "osm_id": 849049865, "name": "Im Neuenheimer Feld", "highway": "residential", "klass": "residential", "lanes": 1.0, "maxspeed": 50.0, "surface": "asphalt", "oneway": "yes" }, "geometry": { "type": "LineString", "coordinates": [ [ 8.6759767, 49.4197702 ], [ 8.6759065, 49.4197322 ], [ 8.6756977, 49.4196683 ] ] } },
{ "type": "Feature", "properties": { "osm_id": 849049866, "name": "Im Neuenheimer Feld", "highway": "residential", "klass": "residential", "lanes": 2.0, "maxspeed": 50.0, "surface": "asphalt", "oneway": "yes" }, "geometry": { "type": "LineString", "coordinates": [ [ 8.6756977, 49.4196683 ], [ 8.6754947, 49.4196664 ] ] } },
{ "type": "Feature", "properties": { "osm_id": 849049868, "name": "Im Neuenheimer Feld", "highway": "residential", "klass": "residential", "lanes": 1.0, "maxspeed": 50.0, "surface": "asphalt", "oneway": "yes" }, "geometry": { "type": "LineString", "coordinates": [ [ 8.676301, 49.4195927 ], [ 8.6763576, 49.4196027 ] ] } },
{ "type": "Feature", "properties": { "osm_id": 849049869, "name": "Im Neuenheimer Feld", "highway": "residential", "klass": "residential", "lanes": 2.0, "maxspeed": 50.0, "surface": "asphalt", "oneway": "yes" }, "geometry": { "type": "LineString", "coordinates": [ [ 8.676078, 49.4193575 ], [ 8.6761206, 49.4193076 ] ] } },
{ "type": "Feature", "properties": { "osm_id": 849054095, "name": "Rottmannstraße", "highway": "secondary", "klass": "secondary", "lanes": 2.0, "maxspeed": 50.0, "surface": "asphalt", "oneway": null }, "geometry": { "type": "LineString", "coordinates": [ [ 8.6877288, 49.4244271 ], [ 8.6875865, 49.4245179 ], [ 8.6875325, 49.4245468 ], [ 8.6873544, 49.4246172 ] ] } },
{ "type": "Feature", "properties": { "osm_id": 849188312, "name": "Margot-Becke-Ring", "highway": "residential", "klass": "residential", "lanes": null, "maxspeed": 30.0, "surface": "asphalt", "oneway": null }, "geometry": { "type": "LineString", "coordinates": [ [ 8.6761553, 49.3946666 ], [ 8.676267, 49.3946509 ] ] } },
{ "type": "Feature", "properties": { "osm_id": 849360190, "name": "Neckarstaden", "highway": "primary", "klass": "primary", "lanes": 1.0, "maxspeed": 50.0, "surface": "asphalt", "oneway": "yes" }, "geometry": { "type": "LineString", "coordinates": [ [ 8.6981142, 49.4121774 ], [ 8.6979543, 49.4121356 ] ] } },
{ "type": "Feature", "properties": { "osm_id": 855584791, "name": "Alte Eppelheimer Straße", "highway": "residential", "klass": "residential", "lanes": 1.0, "maxspeed": 50.0, "surface": "asphalt", "oneway": "no" }, "geometry": { "type": "LineString", "coordinates": [ [ 8.6726028, 49.4060164 ], [ 8.6726781, 49.4060172 ], [ 8.6728005, 49.4060184 ], [ 8.6731754, 49.4060211 ], [ 8.6732714, 49.4060213 ] ] } },
{ "type": "Feature", "properties": { "osm_id": 857719257, "name": "Klingenteichstraße", "highway": "tertiary", "klass": "tertiary", "lanes": 2.0, "maxspeed": 50.0, "surface": "asphalt", "oneway": null }, "geometry": { "type": "LineString", "coordinates": [ [ 8.7153857, 49.404232 ], [ 8.7154684, 49.4042829 ], [ 8.7155187, 49.4043204 ], [ 8.7155726, 49.4043695 ] ] } },
{ "type": "Feature", "properties": { "osm_id": 863816627, "name": "Mannheimer Straße", "highway": "tertiary", "klass": "tertiary", "lanes": 2.0, "maxspeed": 50.0, "surface": "asphalt", "oneway": null }, "geometry": { "type": "LineString", "coordinates": [ [ 8.6581734, 49.4123417 ], [ 8.6584746, 49.4121551 ], [ 8.658854, 49.4119566 ], [ 8.6589341, 49.4119169 ], [ 8.6598872, 49.4114634 ], [ 8.660635, 49.411171 ], [ 8.661599, 49.4108244 ], [ 8.6626234, 49.4104866 ], [ 8.6627523, 49.4104441 ] ] } },
{ "type": "Feature", "properties": { "osm_id": 863816629, "name": "Mannheimer Straße", "highway": "tertiary", "klass": "tertiary", "lanes": 2.0, "maxspeed": 30.0, "surface": "asphalt", "oneway": null }, "geometry": { "type": "LineString", "coordinates": [ [ 8.6524233, 49.418496 ], [ 8.6526145, 49.4181192 ] ] } },
{ "type": "Feature", "properties": { "osm_id": 863816630, "name": "Mannheimer Straße", "highway": "tertiary", "klass": "tertiary", "lanes": 2.0, "maxspeed": 50.0, "surface": "asphalt", "oneway": null }, "geometry": { "type": "LineString", "coordinates": [ [ 8.6528537, 49.4176382 ], [ 8.6532475, 49.4168225 ], [ 8.6533321, 49.4166539 ], [ 8.6534393, 49.4164919 ], [ 8.6536391, 49.4161891 ], [ 8.6536686, 49.4161498 ] ] } },
{ "type": "Feature", "properties": { "osm_id": 864113769, "name": "Mönchhofplatz", "highway": "residential", "klass": "residential", "lanes": 2.0, "maxspeed": 50.0, "surface": "asphalt", "oneway": null }, "geometry": { "type": "LineString", "coordinates": [ [ 8.6921804, 49.4171675 ], [ 8.6927151, 49.4172378 ], [ 8.69286, 49.4172567 ] ] } },
{ "type": "Feature", "properties": { "osm_id": 866712785, "name": "Jahnstraße", "highway": "residential", "klass": "residential", "lanes": 2.0, "maxspeed": 30.0, "surface": "asphalt", "oneway": null }, "geometry": { "type": "LineString", "coordinates": [ [ 8.679435, 49.4129519 ], [ 8.6795169, 49.4129763 ] ] } },
{ "type": "Feature", "properties": { "osm_id": 866975478, "name": "Czernyring", "highway": "secondary", "klass": "secondary", "lanes": 4.0, "maxspeed": 50.0, "surface": "asphalt", "oneway": null }, "geometry": { "type": "LineString", "coordinates": [ [ 8.6699375, 49.4047452 ], [ 8.6701759, 49.4045516 ] ] } },
{ "type": "Feature", "properties": { "osm_id": 866975479, "name": "Czernyring", "highway": "secondary", "klass": "secondary", "lanes": 1.0, "maxspeed": 50.0, "surface": "asphalt", "oneway": "yes" }, "geometry": { "type": "LineString", "coordinates": [ [ 8.669681, 49.404973 ], [ 8.6696511, 49.4050304 ], [ 8.6696407, 49.4050599 ], [ 8.6696313, 49.4050898 ], [ 8.6696258, 49.4051068 ], [ 8.6696196, 49.4051317 ], [ 8.6696145, 49.4051621 ], [ 8.6696148, 49.4051777 ], [ 8.6696174, 49.4051918 ], [ 8.669624, 49.4052102 ], [ 8.6696319, 49.4052247 ], [ 8.6696422, 49.4052396 ], [ 8.6696676, 49.4052676 ] ] } },
{ "type": "Feature", "properties": { "osm_id": 866975480, "name": "Eppelheimer Straße", "highway": "secondary", "klass": "secondary", "lanes": 1.0, "maxspeed": 50.0, "surface": "asphalt", "oneway": "yes" }, "geometry": { "type": "LineString", "coordinates": [ [ 8.6690548, 49.4050463 ], [ 8.6691179, 49.4050252 ], [ 8.6691509, 49.4050168 ], [ 8.6691941, 49.4050061 ], [ 8.669228, 49.4049986 ], [ 8.6692753, 49.4049924 ], [ 8.6693256, 49.4049854 ], [ 8.6693774, 49.4049769 ], [ 8.6694403, 49.4049621 ], [ 8.6695443, 49.4049303 ] ] } },
{ "type": "Feature", "properties": { "osm_id": 866975481, "name": "Czernyring", "highway": "secondary", "klass": "secondary", "lanes": 3.0, "maxspeed": 50.0, "surface": "asphalt", "oneway": "yes" }, "geometry": { "type": "LineString", "coordinates": [ [ 8.6699375, 49.4047452 ], [ 8.6697109, 49.4049496 ], [ 8.669681, 49.404973 ] ] } },
{ "type": "Feature", "properties": { "osm_id": 866975483, "name": "Eppelheimer Straße", "highway": "secondary", "klass": "secondary", "lanes": 2.0, "maxspeed": 50.0, "surface": "asphalt", "oneway": "yes" }, "geometry": { "type": "LineString", "coordinates": [ [ 8.6690548, 49.4050463 ], [ 8.6692628, 49.4050733 ], [ 8.6693138, 49.4050808 ], [ 8.6693477, 49.4050876 ], [ 8.6693648, 49.4050915 ], [ 8.6693894, 49.405098 ], [ 8.6693971, 49.4051002 ], [ 8.669401, 49.4051015 ] ] } },
{ "type": "Feature", "properties": { "osm_id": 866975484, "name": "Czernyring", "highway": "secondary", "klass": "secondary", "lanes": 1.0, "maxspeed": 50.0, "surface": "asphalt", "oneway": "yes" }, "geometry": { "type": "LineString", "coordinates": [ [ 8.6694434, 49.4050993 ], [ 8.6694486, 49.4050869 ], [ 8.6694552, 49.4050731 ], [ 8.6694634, 49.4050585 ], [ 8.6694807, 49.405029 ], [ 8.6695443, 49.4049303 ] ] } },
{ "type": "Feature", "properties": { "osm_id": 866975486, "name": "Eppelheimer Straße", "highway": "secondary", "klass": "secondary", "lanes": 2.0, "maxspeed": 50.0, "surface": "asphalt", "oneway": "yes" }, "geometry": { "type": "LineString", "coordinates": [ [ 8.6694103, 49.4050916 ], [ 8.6693934, 49.4050969 ], [ 8.6693894, 49.405098 ], [ 8.6693662, 49.4051042 ], [ 8.6693465, 49.4051091 ], [ 8.6692554, 49.4051274 ], [ 8.6691805, 49.4051401 ], [ 8.6690532, 49.4051593 ] ] } },
{ "type": "Feature", "properties": { "osm_id": 866975487, "name": "Eppelheimer Straße", "highway": "secondary", "klass": "secondary", "lanes": 2.0, "maxspeed": 50.0, "surface": "asphalt", "oneway": "yes" }, "geometry": { "type": "LineString", "coordinates": [ [ 8.6690532, 49.4051593 ], [ 8.6690005, 49.4051655 ], [ 8.668939, 49.4051717 ], [ 8.6688251, 49.4051771 ], [ 8.6686705, 49.4051853 ], [ 8.6685001, 49.405199 ], [ 8.6684239, 49.4052064 ], [ 8.6683418, 49.4052132 ] ] } },
{ "type": "Feature", "properties": { "osm_id": 870286222, "name": "Steigerweg", "highway": "tertiary", "klass": "tertiary", "lanes": null, "maxspeed": 30.0, "surface": "asphalt", "oneway": "yes" }, "geometry": { "type": "LineString", "coordinates": [ [ 8.6917055, 49.3997277 ], [ 8.6917188, 49.3997056 ], [ 8.691746, 49.3996607 ], [ 8.6917659, 49.3996374 ], [ 8.6917847, 49.3996172 ], [ 8.69181, 49.3995983 ] ] } },
{ "type": "Feature", "properties": { "osm_id": 870763753, "name": "Handschuhsheimer Landstraße", "highway": "secondary", "klass": "secondary", "lanes": 1.0, "maxspeed": 50.0, "surface": "asphalt", "oneway": "yes" }, "geometry": { "type": "LineString", "coordinates": [ [ 8.6903909, 49.4193678 ], [ 8.6903964, 49.4193209 ], [ 8.6903975, 49.4192237 ], [ 8.6904107, 49.4190887 ], [ 8.6904208, 49.4190488 ], [ 8.6904406, 49.4190052 ] ] } },
{ "type": "Feature", "properties": { "osm_id": 870789342, "name": "Handschuhsheimer Landstraße", "highway": "residential", "klass": "residential", "lanes": null, "maxspeed": 30.0, "surface": "asphalt", "oneway": "yes" }, "geometry": { "type": "LineString", "coordinates": [ [ 8.6892517, 49.4213132 ], [ 8.6892542, 49.4213356 ], [ 8.6892574, 49.421365 ], [ 8.6892633, 49.4214192 ] ] } },
{ "type": "Feature", "properties": { "osm_id": 874090504, "name": "Kirchheimer Weg", "highway": "tertiary", "klass": "tertiary", "lanes": 1.0, "maxspeed": 30.0, "surface": "asphalt", "oneway": "yes" }, "geometry": { "type": "LineString", "coordinates": [ [ 8.6768113, 49.3943137 ], [ 8.6767464, 49.3941793 ], [ 8.6765206, 49.3937944 ], [ 8.6763568, 49.3935278 ], [ 8.6761694, 49.3932655 ], [ 8.6761493, 49.3932348 ] ] } },
{ "type": "Feature", "properties": { "osm_id": 874090506, "name": "Kirchheimer Weg", "highway": "tertiary", "klass": "tertiary", "lanes": null, "maxspeed": 30.0, "surface": "asphalt", "oneway": "yes" }, "geometry": { "type": "LineString", "coordinates": [ [ 8.677017, 49.3945427 ], [ 8.6770441, 49.3945969 ] ] } },
{ "type": "Feature", "properties": { "osm_id": 874090507, "name": "Kirchheimer Weg", "highway": "tertiary", "klass": "tertiary", "lanes": 1.0, "maxspeed": 30.0, "surface": "asphalt", "oneway": "yes" }, "geometry": { "type": "LineString", "coordinates": [ [ 8.6770441, 49.3945969 ], [ 8.6770718, 49.3946524 ], [ 8.6771602, 49.3948258 ] ] } },
{ "type": "Feature", "properties": { "osm_id": 878936936, "name": "Schützenstraße", "highway": "residential", "klass": "residential", "lanes": null, "maxspeed": 30.0, "surface": "asphalt", "oneway": "yes" }, "geometry": { "type": "LineString", "coordinates": [ [ 8.6503715, 49.4002259 ], [ 8.651207, 49.4003213 ] ] } },
{ "type": "Feature", "properties": { "osm_id": 888906024, "name": "Schwalbenweg", "highway": "residential", "klass": "residential", "lanes": null, "maxspeed": 30.0, "surface": "asphalt", "oneway": null }, "geometry": { "type": "LineString", "coordinates": [ [ 8.6544935, 49.3993321 ], [ 8.6544317, 49.3993172 ] ] } },
{ "type": "Feature", "properties": { "osm_id": 888906025, "name": "Schwalbenweg", "highway": "residential", "klass": "residential", "lanes": 1.0, "maxspeed": 30.0, "surface": "asphalt", "oneway": "yes" }, "geometry": { "type": "LineString", "coordinates": [ [ 8.6544317, 49.3993172 ], [ 8.6543859, 49.3993149 ], [ 8.6541278, 49.3992618 ] ] } },
{ "type": "Feature", "properties": { "osm_id": 888906026, "name": "Schwalbenweg", "highway": "residential", "klass": "residential", "lanes": 1.0, "maxspeed": 30.0, "surface": "asphalt", "oneway": "yes" }, "geometry": { "type": "LineString", "coordinates": [ [ 8.6541278, 49.3992618 ], [ 8.654316, 49.3992356 ], [ 8.6544832, 49.3992315 ] ] } },
{ "type": "Feature", "properties": { "osm_id": 893444023, "name": "Tiergartenstraße", "highway": "residential", "klass": "residential", "lanes": 2.0, "maxspeed": 30.0, "surface": "asphalt", "oneway": null }, "geometry": { "type": "LineString", "coordinates": [ [ 8.6593598, 49.4204987 ], [ 8.6596019, 49.4200657 ] ] } },
{ "type": "Feature", "properties": { "osm_id": 893444024, "name": "Tiergartenstraße", "highway": "residential", "klass": "residential", "lanes": 2.0, "maxspeed": 30.0, "surface": "asphalt", "oneway": null }, "geometry": { "type": "LineString", "coordinates": [ [ 8.6596019, 49.4200657 ], [ 8.6597529, 49.4197749 ] ] } },
{ "type": "Feature", "properties": { "osm_id": 893598646, "name": "Henkel-Teroson-Straße", "highway": "tertiary", "klass": "tertiary", "lanes": 4.0, "maxspeed": 50.0, "surface": "asphalt", "oneway": null }, "geometry": { "type": "LineString", "coordinates": [ [ 8.651548, 49.407778 ], [ 8.6512703, 49.4078809 ], [ 8.6508095, 49.408052 ] ] } },
{ "type": "Feature", "properties": { "osm_id": 896111189, "name": "Harbigweg", "highway": "residential", "klass": "residential", "lanes": null, "maxspeed": 30.0, "surface": "asphalt", "oneway": null }, "geometry": { "type": "LineString", "coordinates": [ [ 8.670276, 49.393648 ], [ 8.6705175, 49.3938571 ], [ 8.6705484, 49.3938963 ], [ 8.6705712, 49.3939307 ] ] } },
{ "type": "Feature", "properties": { "osm_id": 898024650, "name": "Marie-Baum-Straße", "highway": "living_street", "klass": "living_street", "lanes": null, "maxspeed": null, "surface": "asphalt", "oneway": null }, "geometry": { "type": "LineString", "coordinates": [ [ 8.6595507, 49.4046168 ], [ 8.6596239, 49.4046793 ], [ 8.6597667, 49.4048014 ], [ 8.6598146, 49.4048425 ], [ 8.6598315, 49.4048569 ], [ 8.6600003, 49.4050013 ], [ 8.6600586, 49.4050695 ] ] } },
{ "type": "Feature", "properties": { "osm_id": 898025965, "name": "Diebsweg", "highway": "secondary", "klass": "secondary", "lanes": 2.0, "maxspeed": 50.0, "surface": "asphalt", "oneway": null }, "geometry": { "type": "LineString", "coordinates": [ [ 8.6523651, 49.4043745 ], [ 8.6522886, 49.4045553 ], [ 8.6522066, 49.4047427 ], [ 8.6521681, 49.4048399 ], [ 8.6520513, 49.4051567 ] ] } },
{ "type": "Feature", "properties": { "osm_id": 901220227, "name": "Römerstraße", "highway": "primary", "klass": "primary", "lanes": 5.0, "maxspeed": 50.0, "surface": "asphalt", "oneway": null }, "geometry": { "type": "LineString", "coordinates": [ [ 8.6857633, 49.3935248 ], [ 8.685772, 49.3933909 ], [ 8.6857732, 49.3933607 ], [ 8.6857867, 49.3930196 ] ] } },
{ "type": "Feature", "properties": { "osm_id": 901288733, "name": "Kirchheimer Weg", "highway": "tertiary", "klass": "tertiary", "lanes": 1.0, "maxspeed": 50.0, "surface": "asphalt", "oneway": "yes" }, "geometry": { "type": "LineString", "coordinates": [ [ 8.6760849, 49.3931445 ], [ 8.6760319, 49.3930762 ] ] } },
{ "type": "Feature", "properties": { "osm_id": 901288734, "name": "Kirchheimer Weg", "highway": "tertiary", "klass": "tertiary", "lanes": 1.0, "maxspeed": 30.0, "surface": "asphalt", "oneway": "yes" }, "geometry": { "type": "LineString", "coordinates": [ [ 8.6768709, 49.3944369 ], [ 8.6768113, 49.3943137 ] ] } },
{ "type": "Feature", "properties": { "osm_id": 901288735, "name": "Kirchheimer Weg", "highway": "tertiary", "klass": "tertiary", "lanes": 1.0, "maxspeed": 30.0, "surface": "asphalt", "oneway": "yes" }, "geometry": { "type": "LineString", "coordinates": [ [ 8.6775824, 49.3958399 ], [ 8.6775444, 49.3957408 ] ] } },
{ "type": "Feature", "properties": { "osm_id": 901990781, "name": "Lessingstraße", "highway": "primary", "klass": "primary", "lanes": 2.0, "maxspeed": 50.0, "surface": "asphalt", "oneway": "yes" }, "geometry": { "type": "LineString", "coordinates": [ [ 8.682474, 49.4000218 ], [ 8.682346, 49.400119 ] ] } },
{ "type": "Feature", "properties": { "osm_id": 901990783, "name": "Römerstraße", "highway": "primary", "klass": "primary", "lanes": 2.0, "maxspeed": 50.0, "surface": "asphalt", "oneway": "yes" }, "geometry": { "type": "LineString", "coordinates": [ [ 8.6854067, 49.3967246 ], [ 8.6855744, 49.3952476 ], [ 8.6856357, 49.3942298 ] ] } },
{ "type": "Feature", "properties": { "osm_id": 902638255, "name": "Im Neuenheimer Feld", "highway": "residential", "klass": "residential", "lanes": 3.0, "maxspeed": null, "surface": "asphalt", "oneway": "yes" }, "geometry": { "type": "LineString", "coordinates": [ [ 8.6756751, 49.4169203 ], [ 8.6759578, 49.4169184 ], [ 8.676125, 49.4169174 ], [ 8.6761881, 49.4169143 ] ] } },
{ "type": "Feature", "properties": { "osm_id": 903418345, "name": "Henkel-Teroson-Straße", "highway": "residential", "klass": "residential", "lanes": null, "maxspeed": null, "surface": "asphalt", "oneway": null }, "geometry": { "type": "LineString", "coordinates": [ [ 8.6532291, 49.4065815 ], [ 8.6537534, 49.4067162 ], [ 8.6539877, 49.406773 ] ] } },
{ "type": "Feature", "properties": { "osm_id": 903441463, "name": "Mittermaierstraße", "highway": "primary", "klass": "primary", "lanes": 2.0, "maxspeed": 50.0, "surface": "asphalt", "oneway": "yes" }, "geometry": { "type": "LineString", "coordinates": [ [ 8.676874, 49.4081283 ], [ 8.6768707, 49.4082359 ], [ 8.6768644, 49.4084148 ], [ 8.6768513, 49.4088062 ] ] } },
{ "type": "Feature", "properties": { "osm_id": 904701059, "name": "Carl-Bosch-Straße", "highway": "residential", "klass": "residential", "lanes": null, "maxspeed": 10.0, "surface": "asphalt", "oneway": null }, "geometry": { "type": "LineString", "coordinates": [ [ 8.6814331, 49.395431 ], [ 8.6814428, 49.395338 ], [ 8.681461, 49.3951049 ], [ 8.68149, 49.3947901 ] ] } },
{ "type": "Feature", "properties": { "osm_id": 906466806, "name": "Carl-Friedrich-Gauß-Ring", "highway": "residential", "klass": "residential", "lanes": 2.0, "maxspeed": 50.0, "surface": "asphalt", "oneway": "yes" }, "geometry": { "type": "LineString", "coordinates": [ [ 8.6686775, 49.3942199 ], [ 8.6684726, 49.3942643 ], [ 8.6684136, 49.3942902 ] ] } },
{ "type": "Feature", "properties": { "osm_id": 906466807, "name": "Carl-Friedrich-Gauß-Ring", "highway": "residential", "klass": "residential", "lanes": 2.0, "maxspeed": 50.0, "surface": "asphalt", "oneway": "yes" }, "geometry": { "type": "LineString", "coordinates": [ [ 8.6684136, 49.3942902 ], [ 8.6682757, 49.3943579 ] ] } },
{ "type": "Feature", "properties": { "osm_id": 907338503, "name": "Römerstraße", "highway": "primary", "klass": "primary", "lanes": 2.0, "maxspeed": 50.0, "surface": "asphalt", "oneway": "yes" }, "geometry": { "type": "LineString", "coordinates": [ [ 8.6852184, 49.3982735 ], [ 8.6852357, 49.3981664 ] ] } },
{ "type": "Feature", "properties": { "osm_id": 907649526, "name": "Speyerer Straße", "highway": "primary", "klass": "primary", "lanes": 2.0, "maxspeed": 50.0, "surface": "asphalt", "oneway": "yes" }, "geometry": { "type": "LineString", "coordinates": [ [ 8.6689191, 49.3948978 ], [ 8.6690518, 49.395028 ], [ 8.6691789, 49.395152 ], [ 8.6693743, 49.3953218 ], [ 8.669609, 49.3955142 ], [ 8.6698414, 49.3957002 ], [ 8.6700162, 49.3958483 ] ] } },
{ "type": "Feature", "properties": { "osm_id": 907649527, "name": "Speyerer Straße", "highway": "primary", "klass": "primary", "lanes": 2.0, "maxspeed": 50.0, "surface": "asphalt", "oneway": "yes" }, "geometry": { "type": "LineString", "coordinates": [ [ 8.6699091, 49.395909 ], [ 8.6697281, 49.3957547 ], [ 8.6693053, 49.3954003 ], [ 8.6688222, 49.3950009 ] ] } },
{ "type": "Feature", "properties": { "osm_id": 907649528, "name": "Speyerer Straße", "highway": "primary", "klass": "primary", "lanes": 2.0, "maxspeed": 50.0, "surface": "asphalt", "oneway": "yes" }, "geometry": { "type": "LineString", "coordinates": [ [ 8.6682757, 49.3943579 ], [ 8.6683626, 49.3944273 ], [ 8.6686494, 49.3946662 ], [ 8.6687797, 49.3947778 ], [ 8.6689191, 49.3948978 ] ] } },
{ "type": "Feature", "properties": { "osm_id": 907649529, "name": "Speyerer Straße", "highway": "primary", "klass": "primary", "lanes": 3.0, "maxspeed": 50.0, "surface": "asphalt", "oneway": "yes" }, "geometry": { "type": "LineString", "coordinates": [ [ 8.6688222, 49.3950009 ], [ 8.6682661, 49.3945324 ], [ 8.6682299, 49.3945001 ], [ 8.6680931, 49.3943847 ] ] } },
{ "type": "Feature", "properties": { "osm_id": 907649530, "name": "Speyerer Straße", "highway": "primary", "klass": "primary", "lanes": 3.0, "maxspeed": 50.0, "surface": "asphalt", "oneway": "yes" }, "geometry": { "type": "LineString", "coordinates": [ [ 8.6674244, 49.3936767 ], [ 8.6677187, 49.3939243 ], [ 8.6678696, 49.3940446 ], [ 8.667948, 49.3941048 ], [ 8.6680307, 49.3941649 ], [ 8.6681746, 49.3942726 ] ] } },
{ "type": "Feature", "properties": { "osm_id": 908451315, "name": "Römerstraße", "highway": "primary", "klass": "primary", "lanes": 3.0, "maxspeed": 50.0, "surface": "asphalt", "oneway": "yes" }, "geometry": { "type": "LineString", "coordinates": [ [ 8.6855509, 49.397426 ], [ 8.6855474, 49.3975106 ] ] } },
{ "type": "Feature", "properties": { "osm_id": 908451316, "name": "Fichtestraße", "highway": "residential", "klass": "residential", "lanes": 2.0, "maxspeed": 30.0, "surface": "asphalt", "oneway": null }, "geometry": { "type": "LineString", "coordinates": [ [ 8.6879198, 49.39361 ], [ 8.6879271, 49.3935577 ] ] } },
{ "type": "Feature", "properties": { "osm_id": 908451317, "name": "Franz-Marc-Straße", "highway": "residential", "klass": "residential", "lanes": 2.0, "maxspeed": 30.0, "surface": "asphalt", "oneway": null }, "geometry": { "type": "LineString", "coordinates": [ [ 8.6879137, 49.393669 ], [ 8.6879198, 49.39361 ] ] } },
{ "type": "Feature", "properties": { "osm_id": 908451318, "name": "Philipp-Otto-Runge-Straße", "highway": "residential", "klass": "residential", "lanes": null, "maxspeed": 30.0, "surface": "sett", "oneway": null }, "geometry": { "type": "LineString", "coordinates": [ [ 8.6860084, 49.3936546 ], [ 8.6860027, 49.3937035 ] ] } },
{ "type": "Feature", "properties": { "osm_id": 911003291, "name": "Harbigweg", "highway": "residential", "klass": "residential", "lanes": 2.0, "maxspeed": 30.0, "surface": "asphalt", "oneway": null }, "geometry": { "type": "LineString", "coordinates": [ [ 8.6734029, 49.3914314 ], [ 8.6739958, 49.3913515 ] ] } },
{ "type": "Feature", "properties": { "osm_id": 917710519, "name": "Carl-Schurz-Straße", "highway": "residential", "klass": "residential", "lanes": null, "maxspeed": 30.0, "surface": "asphalt", "oneway": null }, "geometry": { "type": "LineString", "coordinates": [ [ 8.685924, 49.3915898 ], [ 8.6864638, 49.391611 ], [ 8.68665, 49.3916184 ], [ 8.6872664, 49.3916392 ] ] } },
{ "type": "Feature", "properties": { "osm_id": 917885343, "name": "Berliner Straße", "highway": "primary", "klass": "primary", "lanes": 2.0, "maxspeed": 50.0, "surface": "asphalt", "oneway": "yes" }, "geometry": { "type": "LineString", "coordinates": [ [ 8.6768804, 49.4218067 ], [ 8.6770205, 49.4219509 ], [ 8.6771652, 49.4220817 ], [ 8.6776292, 49.4223642 ], [ 8.6776779, 49.4223917 ], [ 8.677779, 49.4224498 ] ] } },
{ "type": "Feature", "properties": { "osm_id": 917885344, "name": "Berliner Straße", "highway": "primary", "klass": "primary", "lanes": 2.0, "maxspeed": 50.0, "surface": "asphalt", "oneway": "yes" }, "geometry": { "type": "LineString", "coordinates": [ [ 8.6764951, 49.4207944 ], [ 8.6765007, 49.4209656 ], [ 8.6765218, 49.4211404 ] ] } },
{ "type": "Feature", "properties": { "osm_id": 917885345, "name": "Berliner Straße", "highway": "primary", "klass": "primary", "lanes": 2.0, "maxspeed": 50.0, "surface": "asphalt", "oneway": "yes" }, "geometry": { "type": "LineString", "coordinates": [ [ 8.6832002, 49.4263863 ], [ 8.6832298, 49.4264456 ], [ 8.6832492, 49.4264878 ], [ 8.6832768, 49.4265592 ] ] } },
{ "type": "Feature", "properties": { "osm_id": 918161795, "name": "Oberer Gaisbergweg", "highway": "residential", "klass": "residential", "lanes": 1.0, "maxspeed": null, "surface": "asphalt", "oneway": null }, "geometry": { "type": "LineString", "coordinates": [ [ 8.6952802, 49.4030569 ], [ 8.6953165, 49.4031477 ], [ 8.6953335, 49.4031869 ], [ 8.6953622, 49.403233 ], [ 8.6954162, 49.4032974 ] ] } },
{ "type": "Feature", "properties": { "osm_id": 923799323, "name": "In den Pfädelsäckern", "highway": "residential", "klass": "residential", "lanes": 2.0, "maxspeed": 30.0, "surface": "asphalt", "oneway": "yes" }, "geometry": { "type": "LineString", "coordinates": [ [ 8.6798046, 49.4256285 ], [ 8.6795816, 49.4259294 ], [ 8.6793306, 49.4262593 ], [ 8.6790626, 49.4265955 ], [ 8.6788688, 49.4269594 ] ] } },
{ "type": "Feature", "properties": { "osm_id": 923799324, "name": "In den Pfädelsäckern", "highway": "residential", "klass": "residential", "lanes": 2.0, "maxspeed": 30.0, "surface": "asphalt", "oneway": "no" }, "geometry": { "type": "LineString", "coordinates": [ [ 8.6801502, 49.4272603 ], [ 8.6801883, 49.4272943 ], [ 8.6800116, 49.4277357 ] ] } },
{ "type": "Feature", "properties": { "osm_id": 925822033, "name": "Handschuhsheimer Landstraße", "highway": "living_street", "klass": "living_street", "lanes": null, "maxspeed": null, "surface": "sett", "oneway": "yes" }, "geometry": { "type": "LineString", "coordinates": [ [ 8.6879509, 49.428135 ], [ 8.6878949, 49.4281726 ] ] } },
{ "type": "Feature", "properties": { "osm_id": 927865278, "name": "Blumenthalstraße", "highway": "residential", "klass": "residential", "lanes": 2.0, "maxspeed": 30.0, "surface": "asphalt", "oneway": null }, "geometry": { "type": "LineString", "coordinates": [ [ 8.6847432, 49.4207335 ], [ 8.6846472, 49.4207206 ], [ 8.6828616, 49.4204138 ], [ 8.6827721, 49.4203963 ] ] } },
{ "type": "Feature", "properties": { "osm_id": 931819742, "name": "Blumenthalstraße", "highway": "residential", "klass": "residential", "lanes": 2.0, "maxspeed": 30.0, "surface": "asphalt", "oneway": null }, "geometry": { "type": "LineString", "coordinates": [ [ 8.684832, 49.4207458 ], [ 8.6847432, 49.4207335 ] ] } },
{ "type": "Feature", "properties": { "osm_id": 931819743, "name": "Eckenerstraße", "highway": "residential", "klass": "residential", "lanes": 2.0, "maxspeed": 30.0, "surface": "asphalt", "oneway": "no" }, "geometry": { "type": "LineString", "coordinates": [ [ 8.6847206, 49.4207871 ], [ 8.6846649, 49.4208889 ], [ 8.6843715, 49.4213526 ] ] } },
{ "type": "Feature", "properties": { "osm_id": 931819762, "name": "Langgewann", "highway": "living_street", "klass": "living_street", "lanes": null, "maxspeed": null, "surface": "asphalt", "oneway": null }, "geometry": { "type": "LineString", "coordinates": [ [ 8.677268, 49.4210127 ], [ 8.6772676, 49.4209277 ] ] } },
{ "type": "Feature", "properties": { "osm_id": 931819778, "name": "Max-Reger-Straße", "highway": "residential", "klass": "residential", "lanes": 2.0, "maxspeed": 30.0, "surface": "asphalt", "oneway": null }, "geometry": { "type": "LineString", "coordinates": [ [ 8.6827721, 49.4203963 ], [ 8.6827642, 49.4204463 ] ] } },
{ "type": "Feature", "properties": { "osm_id": 932097063, "name": "Gerhart-Hauptmann-Straße", "highway": "residential", "klass": "residential", "lanes": 1.0, "maxspeed": 30.0, "surface": "asphalt", "oneway": "yes" }, "geometry": { "type": "LineString", "coordinates": [ [ 8.6791255, 49.4143415 ], [ 8.6788755, 49.4143419 ], [ 8.6785622, 49.4143394 ], [ 8.6781104, 49.4143366 ], [ 8.6779792, 49.4143355 ], [ 8.6776662, 49.4143317 ], [ 8.6772672, 49.4143233 ], [ 8.6771536, 49.4143212 ], [ 8.6767461, 49.4143127 ], [ 8.6766651, 49.4143118 ] ] } },
{ "type": "Feature", "properties": { "osm_id": 932097064, "name": "Ladenburger Straße", "highway": "residential", "klass": "residential", "lanes": 1.0, "maxspeed": 30.0, "surface": "asphalt", "oneway": "yes" }, "geometry": { "type": "LineString", "coordinates": [ [ 8.6878793, 49.41424 ], [ 8.6861684, 49.4140487 ], [ 8.6861064, 49.4140414 ], [ 8.6860865, 49.414039 ] ] } },
{ "type": "Feature", "properties": { "osm_id": 932097066, "name": "Humboldtstraße", "highway": "residential", "klass": "residential", "lanes": 1.0, "maxspeed": 30.0, "surface": "asphalt", "oneway": "yes" }, "geometry": { "type": "LineString", "coordinates": [ [ 8.6779371, 49.4153941 ], [ 8.6779345, 49.4153484 ], [ 8.677945, 49.4151155 ], [ 8.677951, 49.4149658 ], [ 8.6779723, 49.4144352 ], [ 8.6779792, 49.4143355 ], [ 8.6779871, 49.4139411 ], [ 8.6780017, 49.4136493 ], [ 8.6780171, 49.413342 ], [ 8.6780287, 49.4131086 ] ] } },
{ "type": "Feature", "properties": { "osm_id": 934976768, "name": "Speyerer Straße", "highway": "primary", "klass": "primary", "lanes": 2.0, "maxspeed": 50.0, "surface": "asphalt", "oneway": "yes" }, "geometry": { "type": "LineString", "coordinates": [ [ 8.6710683, 49.3967062 ], [ 8.6709267, 49.396629 ], [ 8.6709004, 49.3966147 ] ] } },
{ "type": "Feature", "properties": { "osm_id": 938446415, "name": "Hebelstraße", "highway": "secondary", "klass": "secondary", "lanes": 1.0, "maxspeed": 50.0, "surface": "asphalt", "oneway": "yes" }, "geometry": { "type": "LineString", "coordinates": [ [ 8.6850161, 49.3973345 ], [ 8.6851726, 49.3973311 ], [ 8.6852311, 49.3973305 ], [ 8.6853459, 49.3973456 ] ] } },
{ "type": "Feature", "properties": { "osm_id": 938446416, "name": "Römerstraße", "highway": "primary", "klass": "primary", "lanes": 2.0, "maxspeed": 50.0, "surface": "asphalt", "oneway": "yes" }, "geometry": { "type": "LineString", "coordinates": [ [ 8.6853609, 49.3971255 ], [ 8.6854067, 49.3967246 ] ] } },
{ "type": "Feature", "properties": { "osm_id": 938446417, "name": "Hebelstraße", "highway": "secondary", "klass": "secondary", "lanes": 2.0, "maxspeed": 50.0, "surface": "asphalt", "oneway": "yes" }, "geometry": { "type": "LineString", "coordinates": [ [ 8.6850143, 49.397393 ], [ 8.6847861, 49.3973441 ] ] } },
{ "type": "Feature", "properties": { "osm_id": 938446419, "name": "Gleisdreieck", "highway": "residential", "klass": "residential", "lanes": 1.0, "maxspeed": null, "surface": "asphalt", "oneway": "yes" }, "geometry": { "type": "LineString", "coordinates": [ [ 8.6852357, 49.3981664 ], [ 8.6851553, 49.3981831 ] ] } },
{ "type": "Feature", "properties": { "osm_id": 938446420, "name": "Römerstraße", "highway": "primary", "klass": "primary", "lanes": 2.0, "maxspeed": 50.0, "surface": "asphalt", "oneway": "yes" }, "geometry": { "type": "LineString", "coordinates": [ [ 8.6851967, 49.3983766 ], [ 8.6852184, 49.3982735 ] ] } },
{ "type": "Feature", "properties": { "osm_id": 938446421, "name": "Gleisdreieck", "highway": "residential", "klass": "residential", "lanes": null, "maxspeed": null, "surface": "asphalt", "oneway": "yes" }, "geometry": { "type": "LineString", "coordinates": [ [ 8.6849461, 49.3982276 ], [ 8.6844857, 49.3983137 ], [ 8.6842957, 49.3983405 ], [ 8.6841589, 49.3983406 ], [ 8.6840853, 49.3982934 ], [ 8.6840482, 49.3982284 ], [ 8.6841007, 49.3974775 ], [ 8.6841068, 49.3974123 ], [ 8.6841096, 49.3973973 ], [ 8.6841562, 49.3973234 ] ] } },
{ "type": "Feature", "properties": { "osm_id": 938446422, "name": "Römerstraße", "highway": "primary", "klass": "primary", "lanes": 3.0, "maxspeed": 50.0, "surface": "asphalt", "oneway": "yes" }, "geometry": { "type": "LineString", "coordinates": [ [ 8.6854615, 49.3980773 ], [ 8.6854243, 49.3982277 ] ] } },
{ "type": "Feature", "properties": { "osm_id": 938564951, "name": "Lessingstraße", "highway": "primary", "klass": "primary", "lanes": 2.0, "maxspeed": 50.0, "surface": "asphalt", "oneway": "yes" }, "geometry": { "type": "LineString", "coordinates": [ [ 8.6817184, 49.4005332 ], [ 8.6818757, 49.4003551 ], [ 8.6821045, 49.4001682 ] ] } },
{ "type": "Feature", "properties": { "osm_id": 938564952, "name": "Gleisdreieck", "highway": "residential", "klass": "residential", "lanes": null, "maxspeed": null, "surface": "asphalt", "oneway": "yes" }, "geometry": { "type": "LineString", "coordinates": [ [ 8.6851179, 49.3982959 ], [ 8.685083, 49.3982653 ] ] } },
{ "type": "Feature", "properties": { "osm_id": 938564953, "name": "Gleisdreieck", "highway": "residential", "klass": "residential", "lanes": 1.0, "maxspeed": null, "surface": "asphalt", "oneway": "yes" }, "geometry": { "type": "LineString", "coordinates": [ [ 8.6851553, 49.3981831 ], [ 8.6849461, 49.3982276 ] ] } },
{ "type": "Feature", "properties": { "osm_id": 938564957, "name": "Czernyring", "highway": "secondary", "klass": "secondary", "lanes": 2.0, "maxspeed": 50.0, "surface": "asphalt", "oneway": null }, "geometry": { "type": "LineString", "coordinates": [ [ 8.6824969, 49.3977918 ], [ 8.6823193, 49.3980009 ] ] } },
{ "type": "Feature", "properties": { "osm_id": 938564961, "name": "Hebelstraße", "highway": "secondary", "klass": "secondary", "lanes": 3.0, "maxspeed": 50.0, "surface": "asphalt", "oneway": null }, "geometry": { "type": "LineString", "coordinates": [ [ 8.6829107, 49.3972795 ], [ 8.6826359, 49.3972719 ] ] } },
{ "type": "Feature", "properties": { "osm_id": 938564979, "name": "Czernyring", "highway": "secondary", "klass": "secondary", "lanes": 2.0, "maxspeed": 50.0, "surface": "asphalt", "oneway": null }, "geometry": { "type": "LineString", "coordinates": [ [ 8.6823193, 49.3980009 ], [ 8.6821981, 49.3981255 ], [ 8.6820873, 49.3982238 ], [ 8.6819969, 49.3983078 ] ] } },
{ "type": "Feature", "properties": { "osm_id": 938763800, "name": "Czernyring", "highway": "secondary", "klass": "secondary", "lanes": 2.0, "maxspeed": 30.0, "surface": "asphalt", "oneway": "yes" }, "geometry": { "type": "LineString", "coordinates": [ [ 8.6720891, 49.4076713 ], [ 8.6719039, 49.407494 ], [ 8.6716324, 49.4072341 ], [ 8.6714632, 49.4071049 ] ] } },
{ "type": "Feature", "properties": { "osm_id": 939289454, "name": "Feuerbachstraße", "highway": "residential", "klass": "residential", "lanes": 3.0, "maxspeed": 30.0, "surface": "asphalt", "oneway": null }, "geometry": { "type": "LineString", "coordinates": [ [ 8.685988, 49.3935342 ], [ 8.6859046, 49.3935307 ], [ 8.6857633, 49.3935248 ] ] } },
{ "type": "Feature", "properties": { "osm_id": 942877817, "name": "Speyerer Straße", "highway": "primary", "klass": "primary", "lanes": 2.0, "maxspeed": 50.0, "surface": "asphalt", "oneway": "yes" }, "geometry": { "type": "LineString", "coordinates": [ [ 8.6678521, 49.3941831 ], [ 8.6676397, 49.3939999 ], [ 8.6675283, 49.3939038 ] ] } },
{ "type": "Feature", "properties": { "osm_id": 943924597, "name": "Henkel-Teroson-Straße", "highway": "tertiary", "klass": "tertiary", "lanes": 3.0, "maxspeed": 30.0, "surface": "asphalt", "oneway": null }, "geometry": { "type": "LineString", "coordinates": [ [ 8.6518224, 49.4056639 ], [ 8.651811, 49.4056934 ], [ 8.6517995, 49.4057229 ] ] } },
{ "type": "Feature", "properties": { "osm_id": 949951880, "name": "Grüne Meile", "highway": "unclassified", "klass": "unclassified", "lanes": 1.0, "maxspeed": 30.0, "surface": "asphalt", "oneway": "yes" }, "geometry": { "type": "LineString", "coordinates": [ [ 8.6661076, 49.4038057 ], [ 8.666267, 49.4037727 ], [ 8.6672802, 49.4035577 ], [ 8.6675939, 49.4034891 ] ] } },
{ "type": "Feature", "properties": { "osm_id": 949951881, "name": "Da-Vinci-Straße", "highway": "residential", "klass": "residential", "lanes": null, "maxspeed": 30.0, "surface": "asphalt", "oneway": null }, "geometry": { "type": "LineString", "coordinates": [ [ 8.6660745, 49.4037495 ], [ 8.6661076, 49.4038057 ] ] } },
{ "type": "Feature", "properties": { "osm_id": 949951882, "name": "Da-Vinci-Straße", "highway": "residential", "klass": "residential", "lanes": null, "maxspeed": 30.0, "surface": "asphalt", "oneway": null }, "geometry": { "type": "LineString", "coordinates": [ [ 8.6661573, 49.4038896 ], [ 8.6661881, 49.403945 ], [ 8.6664634, 49.4044164 ], [ 8.6666951, 49.4048 ] ] } },
{ "type": "Feature", "properties": { "osm_id": 949951883, "name": "Grüne Meile", "highway": "unclassified", "klass": "unclassified", "lanes": 1.0, "maxspeed": 30.0, "surface": "asphalt", "oneway": "yes" }, "geometry": { "type": "LineString", "coordinates": [ [ 8.6661573, 49.4038896 ], [ 8.665959, 49.40393 ], [ 8.6628823, 49.4045811 ], [ 8.662319, 49.4047022 ], [ 8.6621296, 49.4047437 ] ] } },
{ "type": "Feature", "properties": { "osm_id": 967024764, "name": null, "highway": "residential", "klass": "residential", "lanes": null, "maxspeed": 30.0, "surface": "asphalt", "oneway": null }, "geometry": { "type": "LineString", "coordinates": [ [ 8.6872084, 49.3922945 ], [ 8.6868147, 49.392281 ], [ 8.686412, 49.3922646 ], [ 8.6861353, 49.3922534 ], [ 8.6858615, 49.3922423 ] ] } },
{ "type": "Feature", "properties": { "osm_id": 967057600, "name": "Römerstraße", "highway": "primary", "klass": "primary", "lanes": 4.0, "maxspeed": 50.0, "surface": "asphalt", "oneway": null }, "geometry": { "type": "LineString", "coordinates": [ [ 8.6859846, 49.3910278 ], [ 8.6860532, 49.3903679 ] ] } },
{ "type": "Feature", "properties": { "osm_id": 967057601, "name": null, "highway": "residential", "klass": "residential", "lanes": null, "maxspeed": 30.0, "surface": "asphalt", "oneway": null }, "geometry": { "type": "LineString", "coordinates": [ [ 8.6859846, 49.3910278 ], [ 8.6862453, 49.3910387 ], [ 8.6865297, 49.3910507 ], [ 8.6873169, 49.3910825 ] ] } },
{ "type": "Feature", "properties": { "osm_id": 972263337, "name": "Mittermaierstraße", "highway": "primary", "klass": "primary", "lanes": 2.0, "maxspeed": 50.0, "surface": "asphalt", "oneway": "yes" }, "geometry": { "type": "LineString", "coordinates": [ [ 8.6768513, 49.4088062 ], [ 8.6768523, 49.4088727 ], [ 8.6768508, 49.40894 ] ] } },
{ "type": "Feature", "properties": { "osm_id": 975366233, "name": "Diebsweg", "highway": "secondary", "klass": "secondary", "lanes": 2.0, "maxspeed": 50.0, "surface": "asphalt", "oneway": null }, "geometry": { "type": "LineString", "coordinates": [ [ 8.6540857, 49.4006832 ], [ 8.6540581, 49.4008123 ] ] } },
{ "type": "Feature", "properties": { "osm_id": 985145778, "name": "Am Brückentor", "highway": "living_street", "klass": "living_street", "lanes": null, "maxspeed": null, "surface": "sett", "oneway": null }, "geometry": { "type": "LineString", "coordinates": [ [ 8.707892, 49.4133164 ], [ 8.7080347, 49.4133091 ], [ 8.7082165, 49.4133019 ] ] } },
{ "type": "Feature", "properties": { "osm_id": 988959799, "name": "Mittermaierstraße", "highway": "primary", "klass": "primary", "lanes": 2.0, "maxspeed": 50.0, "surface": "asphalt", "oneway": "yes" }, "geometry": { "type": "LineString", "coordinates": [ [ 8.6768508, 49.40894 ], [ 8.676853, 49.4092614 ] ] } },
{ "type": "Feature", "properties": { "osm_id": 992421321, "name": "Friedrich-Ebert-Anlage", "highway": "secondary", "klass": "secondary", "lanes": 2.0, "maxspeed": 50.0, "surface": "asphalt", "oneway": "yes" }, "geometry": { "type": "LineString", "coordinates": [ [ 8.7015973, 49.4084886 ], [ 8.7024685, 49.4086124 ], [ 8.7025211, 49.4086199 ] ] } },
{ "type": "Feature", "properties": { "osm_id": 995237340, "name": "Brückenkopfstraße", "highway": "residential", "klass": "residential", "lanes": null, "maxspeed": 30.0, "surface": "paving_stones", "oneway": "yes" }, "geometry": { "type": "LineString", "coordinates": [ [ 8.6912546, 49.4138252 ], [ 8.6913316, 49.4138285 ], [ 8.6915035, 49.413836 ] ] } },
{ "type": "Feature", "properties": { "osm_id": 998147488, "name": "Max-Planck-Ring", "highway": "unclassified", "klass": "unclassified", "lanes": 3.0, "maxspeed": 30.0, "surface": "asphalt", "oneway": null }, "geometry": { "type": "LineString", "coordinates": [ [ 8.672021, 49.4032547 ], [ 8.6719189, 49.4031595 ] ] } },
{ "type": "Feature", "properties": { "osm_id": 998147489, "name": "Max-Planck-Ring", "highway": "residential", "klass": "residential", "lanes": null, "maxspeed": 30.0, "surface": "asphalt", "oneway": "yes" }, "geometry": { "type": "LineString", "coordinates": [ [ 8.672755, 49.4039518 ], [ 8.672932, 49.4038774 ] ] } },
{ "type": "Feature", "properties": { "osm_id": 998147490, "name": "Maria-Mitchell-Straße", "highway": "residential", "klass": "residential", "lanes": 2.0, "maxspeed": null, "surface": "asphalt", "oneway": null }, "geometry": { "type": "LineString", "coordinates": [ [ 8.6709346, 49.4039418 ], [ 8.6706093, 49.4040779 ], [ 8.6705316, 49.4040393 ] ] } },
{ "type": "Feature", "properties": { "osm_id": 998147493, "name": "Langer Anger", "highway": "living_street", "klass": "living_street", "lanes": 1.0, "maxspeed": null, "surface": "asphalt", "oneway": "yes" }, "geometry": { "type": "LineString", "coordinates": [ [ 8.6590203, 49.4053737 ], [ 8.659065, 49.4053574 ], [ 8.659753, 49.4051059 ], [ 8.6598833, 49.4050582 ], [ 8.6599396, 49.4050538 ], [ 8.6600586, 49.4050695 ] ] } },
{ "type": "Feature", "properties": { "osm_id": 999612988, "name": "Im Neuenheimer Feld", "highway": "residential", "klass": "residential", "lanes": null, "maxspeed": 50.0, "surface": "asphalt", "oneway": "yes" }, "geometry": { "type": "LineString", "coordinates": [ [ 8.6671807, 49.4190669 ], [ 8.6673435, 49.4190844 ], [ 8.6676028, 49.4190902 ], [ 8.667702, 49.4190927 ], [ 8.6678481, 49.4191182 ] ] } },
{ "type": "Feature", "properties": { "osm_id": 999612989, "name": "Im Neuenheimer Feld", "highway": "residential", "klass": "residential", "lanes": null, "maxspeed": 50.0, "surface": "asphalt", "oneway": "yes" }, "geometry": { "type": "LineString", "coordinates": [ [ 8.6678481, 49.4191182 ], [ 8.6676986, 49.4191371 ], [ 8.6676014, 49.4191421 ], [ 8.6670917, 49.4191491 ], [ 8.6668964, 49.4191449 ] ] } },
{ "type": "Feature", "properties": { "osm_id": 999612990, "name": "Kirschnerstraße", "highway": "residential", "klass": "residential", "lanes": null, "maxspeed": 30.0, "surface": "asphalt", "oneway": null }, "geometry": { "type": "LineString", "coordinates": [ [ 8.6736685, 49.4137051 ], [ 8.6736342, 49.4137054 ], [ 8.6734821, 49.4137069 ] ] } },
{ "type": "Feature", "properties": { "osm_id": 999612992, "name": "Kirschnerstraße", "highway": "residential", "klass": "residential", "lanes": null, "maxspeed": 30.0, "surface": "asphalt", "oneway": null }, "geometry": { "type": "LineString", "coordinates": [ [ 8.6746784, 49.4137107 ], [ 8.6741294, 49.4137034 ], [ 8.6739991, 49.4137027 ], [ 8.6738696, 49.4137021 ], [ 8.6738296, 49.4137018 ], [ 8.6736685, 49.4137051 ] ] } },
{ "type": "Feature", "properties": { "osm_id": 999665845, "name": "Kurfürsten-Anlage", "highway": "secondary", "klass": "secondary", "lanes": 2.0, "maxspeed": 50.0, "surface": "asphalt", "oneway": "yes" }, "geometry": { "type": "LineString", "coordinates": [ [ 8.6782244, 49.4042776 ], [ 8.6785217, 49.4043316 ] ] } },
{ "type": "Feature", "properties": { "osm_id": 999665846, "name": "Kurfürsten-Anlage", "highway": "secondary", "klass": "secondary", "lanes": 2.0, "maxspeed": 50.0, "surface": "asphalt", "oneway": "yes" }, "geometry": { "type": "LineString", "coordinates": [ [ 8.6776318, 49.4041714 ], [ 8.6779744, 49.4042345 ] ] } },
{ "type": "Feature", "properties": { "osm_id": 999665847, "name": "Tiergartenstraße", "highway": "residential", "klass": "residential", "lanes": null, "maxspeed": 30.0, "surface": "asphalt", "oneway": null }, "geometry": { "type": "LineString", "coordinates": [ [ 8.6601862, 49.4263972 ], [ 8.6606384, 49.426501 ] ] } },
{ "type": "Feature", "properties": { "osm_id": 999668897, "name": "Im Neuenheimer Feld", "highway": "residential", "klass": "residential", "lanes": 2.0, "maxspeed": 30.0, "surface": "asphalt", "oneway": null }, "geometry": { "type": "LineString", "coordinates": [ [ 8.6750434, 49.4189144 ], [ 8.6750446, 49.4188135 ], [ 8.6750446, 49.4187811 ] ] } },
{ "type": "Feature", "properties": { "osm_id": 999668898, "name": "Im Neuenheimer Feld", "highway": "residential", "klass": "residential", "lanes": 2.0, "maxspeed": 30.0, "surface": "asphalt", "oneway": null }, "geometry": { "type": "LineString", "coordinates": [ [ 8.6750364, 49.4190538 ], [ 8.6750431, 49.4189408 ], [ 8.6750434, 49.4189144 ] ] } },
{ "type": "Feature", "properties": { "osm_id": 999679533, "name": "Hans-Thoma-Platz", "highway": "residential", "klass": "residential", "lanes": 2.0, "maxspeed": 30.0, "surface": "asphalt", "oneway": null }, "geometry": { "type": "LineString", "coordinates": [ [ 8.6824755, 49.42819 ], [ 8.6825741, 49.4281802 ] ] } },
{ "type": "Feature", "properties": { "osm_id": 1002641846, "name": "Kurfürsten-Anlage", "highway": "tertiary", "klass": "tertiary", "lanes": 2.0, "maxspeed": null, "surface": "asphalt", "oneway": null }, "geometry": { "type": "LineString", "coordinates": [ [ 8.6810853, 49.4050262 ], [ 8.6810287, 49.4051606 ] ] } },
{ "type": "Feature", "properties": { "osm_id": 1005351265, "name": "Handschuhsheimer Landstraße", "highway": "secondary", "klass": "secondary", "lanes": 2.0, "maxspeed": 50.0, "surface": "asphalt", "oneway": null }, "geometry": { "type": "LineString", "coordinates": [ [ 8.6919797, 49.4171209 ], [ 8.6919412, 49.4172202 ], [ 8.6919307, 49.4172347 ] ] } },
{ "type": "Feature", "properties": { "osm_id": 1010641184, "name": "Ringstraße", "highway": "primary", "klass": "primary", "lanes": 2.0, "maxspeed": 30.0, "surface": "asphalt", "oneway": "yes" }, "geometry": { "type": "LineString", "coordinates": [ [ 8.6814458, 49.4033559 ], [ 8.6813067, 49.4032272 ] ] } },
{ "type": "Feature", "properties": { "osm_id": 1012259106, "name": "Friedrich-Ebert-Anlage", "highway": "secondary", "klass": "secondary", "lanes": 4.0, "maxspeed": 50.0, "surface": "asphalt", "oneway": "yes" }, "geometry": { "type": "LineString", "coordinates": [ [ 8.6944375, 49.4076031 ], [ 8.6943269, 49.407586 ] ] } },
{ "type": "Feature", "properties": { "osm_id": 1017557102, "name": "Carl-Friedrich-Gauß-Ring", "highway": "residential", "klass": "residential", "lanes": 2.0, "maxspeed": 50.0, "surface": "asphalt", "oneway": "yes" }, "geometry": { "type": "LineString", "coordinates": [ [ 8.6691665, 49.3941243 ], [ 8.669082, 49.3941542 ], [ 8.668982, 49.3941725 ], [ 8.6686775, 49.3942199 ] ] } },
{ "type": "Feature", "properties": { "osm_id": 1017557103, "name": "Carl-Friedrich-Gauß-Ring", "highway": "residential", "klass": "residential", "lanes": 1.0, "maxspeed": 50.0, "surface": "asphalt", "oneway": "yes" }, "geometry": { "type": "LineString", "coordinates": [ [ 8.6683282, 49.3942158 ], [ 8.6684515, 49.3941984 ], [ 8.6687427, 49.3941583 ] ] } },
{ "type": "Feature", "properties": { "osm_id": 1017557104, "name": "Carl-Friedrich-Gauß-Ring", "highway": "residential", "klass": "residential", "lanes": 1.0, "maxspeed": 50.0, "surface": "asphalt", "oneway": "yes" }, "geometry": { "type": "LineString", "coordinates": [ [ 8.6680931, 49.3943847 ], [ 8.6681746, 49.3942726 ] ] } },
{ "type": "Feature", "properties": { "osm_id": 1017557105, "name": "Speyerer Straße", "highway": "primary", "klass": "primary", "lanes": 2.0, "maxspeed": 50.0, "surface": "asphalt", "oneway": "yes" }, "geometry": { "type": "LineString", "coordinates": [ [ 8.6681746, 49.3942726 ], [ 8.6682757, 49.3943579 ] ] } },
{ "type": "Feature", "properties": { "osm_id": 1017557106, "name": "Carl-Friedrich-Gauß-Ring", "highway": "residential", "klass": "residential", "lanes": 1.0, "maxspeed": 50.0, "surface": "asphalt", "oneway": "yes" }, "geometry": { "type": "LineString", "coordinates": [ [ 8.6687427, 49.3941583 ], [ 8.6688315, 49.3941491 ], [ 8.6689641, 49.3941429 ], [ 8.6691665, 49.3941243 ] ] } },
{ "type": "Feature", "properties": { "osm_id": 1017557107, "name": "Carl-Friedrich-Gauß-Ring", "highway": "residential", "klass": "residential", "lanes": 1.0, "maxspeed": 50.0, "surface": "asphalt", "oneway": "yes" }, "geometry": { "type": "LineString", "coordinates": [ [ 8.6681746, 49.3942726 ], [ 8.6683282, 49.3942158 ] ] } },
{ "type": "Feature", "properties": { "osm_id": 1019108333, "name": "Diebsweg", "highway": "secondary", "klass": "secondary", "lanes": 2.0, "maxspeed": 50.0, "surface": "asphalt", "oneway": null }, "geometry": { "type": "LineString", "coordinates": [ [ 8.6520513, 49.4051567 ], [ 8.6520165, 49.405239 ], [ 8.6519733, 49.4053414 ] ] } },
{ "type": "Feature", "properties": { "osm_id": 1019214985, "name": "Kirchheimer Weg", "highway": "tertiary", "klass": "tertiary", "lanes": 1.0, "maxspeed": 50.0, "surface": "asphalt", "oneway": "yes" }, "geometry": { "type": "LineString", "coordinates": [ [ 8.6760319, 49.3930762 ], [ 8.6760238, 49.3930583 ], [ 8.6759794, 49.3929596 ], [ 8.6758923, 49.3927243 ] ] } },
{ "type": "Feature", "properties": { "osm_id": 1021431491, "name": "Czernyring", "highway": "secondary", "klass": "secondary", "lanes": 1.0, "maxspeed": 30.0, "surface": "asphalt", "oneway": null }, "geometry": { "type": "LineString", "coordinates": [ [ 8.6768464, 49.4007037 ], [ 8.6763608, 49.4008776 ], [ 8.676102, 49.4010748 ] ] } },
{ "type": "Feature", "properties": { "osm_id": 1021431494, "name": "Speyerer Straße", "highway": "primary", "klass": "primary", "lanes": 2.0, "maxspeed": 50.0, "surface": "asphalt", "oneway": "yes" }, "geometry": { "type": "LineString", "coordinates": [ [ 8.6783275, 49.4003815 ], [ 8.6786932, 49.4006386 ], [ 8.6789555, 49.4008478 ], [ 8.6790135, 49.4008934 ] ] } },
{ "type": "Feature", "properties": { "osm_id": 1026087568, "name": "Berliner Straße", "highway": "primary", "klass": "primary", "lanes": null, "maxspeed": 50.0, "surface": "asphalt", "oneway": "yes" }, "geometry": { "type": "LineString", "coordinates": [ [ 8.6825443, 49.4259283 ], [ 8.6821047, 49.4255455 ], [ 8.6815098, 49.4250582 ], [ 8.6812827, 49.4248964 ], [ 8.6812408, 49.4248667 ], [ 8.6810802, 49.4247549 ], [ 8.6805742, 49.4244261 ] ] } },
{ "type": "Feature", "properties": { "osm_id": 1026087569, "name": "Berliner Straße", "highway": "primary", "klass": "primary", "lanes": 2.0, "maxspeed": 50.0, "surface": "asphalt", "oneway": "yes" }, "geometry": { "type": "LineString", "coordinates": [ [ 8.6805742, 49.4244261 ], [ 8.6802368, 49.4242057 ] ] } },
{ "type": "Feature", "properties": { "osm_id": 1026087570, "name": "Berliner Straße", "highway": "primary", "klass": "primary", "lanes": 2.0, "maxspeed": 50.0, "surface": "asphalt", "oneway": "yes" }, "geometry": { "type": "LineString", "coordinates": [ [ 8.6802368, 49.4242057 ], [ 8.6800473, 49.4240782 ], [ 8.6799932, 49.4240413 ], [ 8.679978, 49.424031 ] ] } },
{ "type": "Feature", "properties": { "osm_id": 1026087571, "name": "Berliner Straße", "highway": "primary", "klass": "primary", "lanes": 2.0, "maxspeed": 50.0, "surface": "asphalt", "oneway": "yes" }, "geometry": { "type": "LineString", "coordinates": [ [ 8.6762171, 49.4209774 ], [ 8.6761781, 49.4207928 ], [ 8.6761441, 49.4204601 ] ] } },
{ "type": "Feature", "properties": { "osm_id": 1026090342, "name": "Andreas-Hofer-Weg", "highway": "living_street", "klass": "living_street", "lanes": null, "maxspeed": null, "surface": "paving_stones", "oneway": null }, "geometry": { "type": "LineString", "coordinates": [ [ 8.6787142, 49.4282973 ], [ 8.6784261, 49.4282416 ], [ 8.6784376, 49.4281745 ] ] } },
{ "type": "Feature", "properties": { "osm_id": 1026171526, "name": "Kurfürsten-Anlage", "highway": "secondary", "klass": "secondary", "lanes": 2.0, "maxspeed": 50.0, "surface": "asphalt", "oneway": null }, "geometry": { "type": "LineString", "coordinates": [ [ 8.6726144, 49.4059147 ], [ 8.6726028, 49.4060164 ] ] } },
{ "type": "Feature", "properties": { "osm_id": 1026216147, "name": "Keplerstraße", "highway": "residential", "klass": "residential", "lanes": 1.0, "maxspeed": 30.0, "surface": "asphalt", "oneway": "yes" }, "geometry": { "type": "LineString", "coordinates": [ [ 8.6860917, 49.4139951 ], [ 8.6860865, 49.414039 ] ] } },
{ "type": "Feature", "properties": { "osm_id": 1026216148, "name": "Keplerstraße", "highway": "residential", "klass": "residential", "lanes": 1.0, "maxspeed": 30.0, "surface": "asphalt", "oneway": "no" }, "geometry": { "type": "LineString", "coordinates": [ [ 8.6860865, 49.414039 ], [ 8.6860798, 49.4140867 ], [ 8.6858872, 49.4149638 ], [ 8.6858803, 49.4150061 ], [ 8.6858743, 49.4150436 ], [ 8.6857337, 49.415662 ] ] } },
{ "type": "Feature", "properties": { "osm_id": 1026216149, "name": "Keplerstraße", "highway": "residential", "klass": "residential", "lanes": 1.0, "maxspeed": 30.0, "surface": "asphalt", "oneway": "yes" }, "geometry": { "type": "LineString", "coordinates": [ [ 8.6857337, 49.415662 ], [ 8.6857181, 49.4157114 ] ] } },
{ "type": "Feature", "properties": { "osm_id": 1026216150, "name": "Keplerstraße", "highway": "residential", "klass": "residential", "lanes": 1.0, "maxspeed": 30.0, "surface": "asphalt", "oneway": "no" }, "geometry": { "type": "LineString", "coordinates": [ [ 8.6857181, 49.4157114 ], [ 8.6857062, 49.4157546 ], [ 8.6853729, 49.4173054 ] ] } },
{ "type": "Feature", "properties": { "osm_id": 1026216151, "name": "Keplerstraße", "highway": "residential", "klass": "residential", "lanes": 1.0, "maxspeed": 30.0, "surface": "asphalt", "oneway": "yes" }, "geometry": { "type": "LineString", "coordinates": [ [ 8.6853729, 49.4173054 ], [ 8.6853666, 49.417333 ], [ 8.6853595, 49.417365 ] ] } },
{ "type": "Feature", "properties": { "osm_id": 1026216152, "name": "Keplerstraße", "highway": "residential", "klass": "residential", "lanes": 1.0, "maxspeed": 30.0, "surface": "asphalt", "oneway": "no" }, "geometry": { "type": "LineString", "coordinates": [ [ 8.6850255, 49.4192646 ], [ 8.6850173, 49.4193104 ], [ 8.684917, 49.4198744 ], [ 8.6848865, 49.4200373 ], [ 8.6848804, 49.4200695 ], [ 8.6848037, 49.4204738 ], [ 8.6847726, 49.4206638 ] ] } },
{ "type": "Feature", "properties": { "osm_id": 1026216153, "name": "Keplerstraße", "highway": "residential", "klass": "residential", "lanes": 1.0, "maxspeed": 30.0, "surface": "asphalt", "oneway": "yes" }, "geometry": { "type": "LineString", "coordinates": [ [ 8.685035, 49.4192107 ], [ 8.6850255, 49.4192646 ] ] } },
{ "type": "Feature", "properties": { "osm_id": 1026216154, "name": "Keplerstraße", "highway": "residential", "klass": "residential", "lanes": 1.0, "maxspeed": 30.0, "surface": "asphalt", "oneway": "yes" }, "geometry": { "type": "LineString", "coordinates": [ [ 8.6847726, 49.4206638 ], [ 8.6847432, 49.4207335 ] ] } },
{ "type": "Feature", "properties": { "osm_id": 1026864393, "name": "Römerstraße", "highway": "primary", "klass": "primary", "lanes": 4.0, "maxspeed": 50.0, "surface": "asphalt", "oneway": null }, "geometry": { "type": "LineString", "coordinates": [ [ 8.6859478, 49.3913826 ], [ 8.6859523, 49.3913391 ], [ 8.6859846, 49.3910278 ] ] } },
{ "type": "Feature", "properties": { "osm_id": 1027670211, "name": "Römerstraße", "highway": "primary", "klass": "primary", "lanes": 4.0, "maxspeed": 50.0, "surface": "asphalt", "oneway": null }, "geometry": { "type": "LineString", "coordinates": [ [ 8.6857867, 49.3930196 ], [ 8.6858042, 49.3928023 ] ] } },
{ "type": "Feature", "properties": { "osm_id": 1027670212, "name": null, "highway": "residential", "klass": "residential", "lanes": null, "maxspeed": 30.0, "surface": "asphalt", "oneway": null }, "geometry": { "type": "LineString", "coordinates": [ [ 8.6871509, 49.3928526 ], [ 8.6865263, 49.3928294 ], [ 8.6860667, 49.3928123 ], [ 8.6858042, 49.3928023 ] ] } },
{ "type": "Feature", "properties": { "osm_id": 1027670214, "name": "Römerstraße", "highway": "primary", "klass": "primary", "lanes": 4.0, "maxspeed": 50.0, "surface": "asphalt", "oneway": null }, "geometry": { "type": "LineString", "coordinates": [ [ 8.6858615, 49.3922423 ], [ 8.685924, 49.3915898 ] ] } },
{ "type": "Feature", "properties": { "osm_id": 1027670217, "name": "Römerstraße", "highway": "primary", "klass": "primary", "lanes": 4.0, "maxspeed": 50.0, "surface": "asphalt", "oneway": null }, "geometry": { "type": "LineString", "coordinates": [ [ 8.685924, 49.3915898 ], [ 8.6859478, 49.3913826 ] ] } },
{ "type": "Feature", "properties": { "osm_id": 1027696384, "name": "Römerstraße", "highway": "primary", "klass": "primary", "lanes": 5.0, "maxspeed": 50.0, "surface": "asphalt", "oneway": null }, "geometry": { "type": "LineString", "coordinates": [ [ 8.6860532, 49.3903679 ], [ 8.6860581, 49.3903207 ] ] } },
{ "type": "Feature", "properties": { "osm_id": 1027696385, "name": "Römerstraße", "highway": "primary", "klass": "primary", "lanes": 4.0, "maxspeed": 50.0, "surface": "asphalt", "oneway": null }, "geometry": { "type": "LineString", "coordinates": [ [ 8.6858388, 49.3924312 ], [ 8.6858615, 49.3922423 ] ] } },
{ "type": "Feature", "properties": { "osm_id": 1030916967, "name": null, "highway": "primary_link", "klass": "primary", "lanes": 1.0, "maxspeed": 50.0, "surface": "asphalt", "oneway": "yes" }, "geometry": { "type": "LineString", "coordinates": [ [ 8.6927453, 49.4112706 ], [ 8.6927204, 49.4112784 ], [ 8.6926957, 49.411284 ] ] } },
{ "type": "Feature", "properties": { "osm_id": 1030916968, "name": "Bismarckstraße", "highway": "primary", "klass": "primary", "lanes": 2.0, "maxspeed": 30.0, "surface": "asphalt", "oneway": "yes" }, "geometry": { "type": "LineString", "coordinates": [ [ 8.6920461, 49.411125 ], [ 8.6920321, 49.4110759 ], [ 8.6920269, 49.4110047 ], [ 8.692037, 49.4109651 ] ] } },
{ "type": "Feature", "properties": { "osm_id": 1030916969, "name": "Mittermaierstraße", "highway": "primary", "klass": "primary", "lanes": 2.0, "maxspeed": 30.0, "surface": "asphalt", "oneway": "yes" }, "geometry": { "type": "LineString", "coordinates": [ [ 8.6768595, 49.4050879 ], [ 8.6768594, 49.4050373 ], [ 8.6768601, 49.4050109 ], [ 8.6768731, 49.40491 ], [ 8.6768797, 49.4048695 ] ] } },
{ "type": "Feature", "properties": { "osm_id": 1031496145, "name": "Vangerowstraße", "highway": "primary", "klass": "primary", "lanes": 2.0, "maxspeed": 50.0, "surface": "asphalt", "oneway": "yes" }, "geometry": { "type": "LineString", "coordinates": [ [ 8.6703788, 49.4090597 ], [ 8.6706438, 49.4090397 ] ] } },
{ "type": "Feature", "properties": { "osm_id": 1031661401, "name": "Vangerowstraße", "highway": "secondary", "klass": "secondary", "lanes": 1.0, "maxspeed": 50.0, "surface": "asphalt", "oneway": "yes" }, "geometry": { "type": "LineString", "coordinates": [ [ 8.6766556, 49.408766 ], [ 8.6767212, 49.4087477 ] ] } },
{ "type": "Feature", "properties": { "osm_id": 1031661403, "name": "Karl-Metz-Straße", "highway": "residential", "klass": "residential", "lanes": 1.0, "maxspeed": 50.0, "surface": "asphalt", "oneway": "yes" }, "geometry": { "type": "LineString", "coordinates": [ [ 8.6747135, 49.4090064 ], [ 8.674721, 49.4088567 ], [ 8.6747221, 49.4087787 ] ] } },
{ "type": "Feature", "properties": { "osm_id": 1031915576, "name": "Berliner Straße", "highway": "primary", "klass": "primary", "lanes": 2.0, "maxspeed": 50.0, "surface": "asphalt", "oneway": "yes" }, "geometry": { "type": "LineString", "coordinates": [ [ 8.6767523, 49.4126694 ], [ 8.6767502, 49.4127011 ], [ 8.6767452, 49.4127787 ], [ 8.6767302, 49.4132019 ] ] } },
{ "type": "Feature", "properties": { "osm_id": 1033861836, "name": "Speyerer Straße", "highway": "primary", "klass": "primary", "lanes": 2.0, "maxspeed": 50.0, "surface": "asphalt", "oneway": "yes" }, "geometry": { "type": "LineString", "coordinates": [ [ 8.6780545, 49.4004453 ], [ 8.6780174, 49.4004228 ], [ 8.6779599, 49.400387 ] ] } },
{ "type": "Feature", "properties": { "osm_id": 1041606837, "name": "Neckarstaden", "highway": "primary", "klass": "primary", "lanes": 1.0, "maxspeed": 50.0, "surface": "asphalt", "oneway": "yes" }, "geometry": { "type": "LineString", "coordinates": [ [ 8.6979543, 49.4121356 ], [ 8.6975551, 49.4120504 ] ] } },
{ "type": "Feature", "properties": { "osm_id": 1049342047, "name": "Friedrich-Ebert-Anlage", "highway": "secondary", "klass": "secondary", "lanes": 2.0, "maxspeed": 30.0, "surface": "asphalt", "oneway": "yes" }, "geometry": { "type": "LineString", "coordinates": [ [ 8.7008873, 49.4087401 ], [ 8.7008131, 49.4087276 ], [ 8.7005594, 49.4086849 ], [ 8.7004521, 49.4086668 ] ] } },
{ "type": "Feature", "properties": { "osm_id": 1049678714, "name": "Alte Eppelheimer Straße", "highway": "residential", "klass": "residential", "lanes": 2.0, "maxspeed": 30.0, "surface": "asphalt", "oneway": null }, "geometry": { "type": "LineString", "coordinates": [ [ 8.6776634, 49.4061718 ], [ 8.6778125, 49.4061855 ], [ 8.6781929, 49.4062206 ], [ 8.6783687, 49.4062368 ], [ 8.6790656, 49.4063011 ] ] } },
{ "type": "Feature", "properties": { "osm_id": 1049678715, "name": "Alte Eppelheimer Straße", "highway": "residential", "klass": "residential", "lanes": 3.0, "maxspeed": 30.0, "surface": "asphalt", "oneway": null }, "geometry": { "type": "LineString", "coordinates": [ [ 8.6770311, 49.4060993 ], [ 8.6776634, 49.4061718 ] ] } },
{ "type": "Feature", "properties": { "osm_id": 1050809437, "name": null, "highway": "living_street", "klass": "living_street", "lanes": null, "maxspeed": null, "surface": "paving_stones", "oneway": "yes" }, "geometry": { "type": "LineString", "coordinates": [ [ 8.675911, 49.3940226 ], [ 8.6760707, 49.3939938 ], [ 8.6763477, 49.3939555 ], [ 8.6765651, 49.3945128 ], [ 8.6766009, 49.3946046 ] ] } },
{ "type": "Feature", "properties": { "osm_id": 1051531483, "name": "Marie-Baum-Straße", "highway": "living_street", "klass": "living_street", "lanes": null, "maxspeed": null, "surface": "asphalt", "oneway": null }, "geometry": { "type": "LineString", "coordinates": [ [ 8.6595507, 49.4046168 ], [ 8.6595268, 49.404597 ] ] } },
{ "type": "Feature", "properties": { "osm_id": 1051799137, "name": "Grüne Meile", "highway": "residential", "klass": "residential", "lanes": 1.0, "maxspeed": 30.0, "surface": "asphalt", "oneway": "yes" }, "geometry": { "type": "LineString", "coordinates": [ [ 8.6621296, 49.4047437 ], [ 8.6620204, 49.4047675 ], [ 8.6602943, 49.4051437 ], [ 8.6601367, 49.4051839 ], [ 8.6601034, 49.4051398 ], [ 8.6600872, 49.4051146 ], [ 8.6600586, 49.4050695 ] ] } },
{ "type": "Feature", "properties": { "osm_id": 1051799139, "name": "Grüne Meile", "highway": "residential", "klass": "residential", "lanes": 1.0, "maxspeed": 30.0, "surface": "asphalt", "oneway": "yes" }, "geometry": { "type": "LineString", "coordinates": [ [ 8.6600586, 49.4050695 ], [ 8.6619837, 49.4046707 ], [ 8.6620936, 49.4046479 ] ] } },
{ "type": "Feature", "properties": { "osm_id": 1056091056, "name": "Schwindstraße", "highway": "residential", "klass": "residential", "lanes": null, "maxspeed": null, "surface": "paving_stones", "oneway": null }, "geometry": { "type": "LineString", "coordinates": [ [ 8.685527, 49.3934858 ], [ 8.6854927, 49.3937926 ] ] } },
{ "type": "Feature", "properties": { "osm_id": 1059036921, "name": "Römerstraße", "highway": "tertiary", "klass": "tertiary", "lanes": 3.0, "maxspeed": 30.0, "surface": "asphalt", "oneway": null }, "geometry": { "type": "LineString", "coordinates": [ [ 8.6843262, 49.4075474 ], [ 8.6843487, 49.4073234 ] ] } },
{ "type": "Feature", "properties": { "osm_id": 1059038255, "name": "Plöck", "highway": "residential", "klass": "residential", "lanes": 1.0, "maxspeed": 15.0, "surface": "asphalt", "oneway": "yes" }, "geometry": { "type": "LineString", "coordinates": [ [ 8.6970299, 49.4089396 ], [ 8.6970992, 49.4089445 ], [ 8.6972032, 49.4089538 ] ] } },
{ "type": "Feature", "properties": { "osm_id": 1065569212, "name": "Römerstraße", "highway": "tertiary", "klass": "tertiary", "lanes": 3.0, "maxspeed": 30.0, "surface": "asphalt", "oneway": null }, "geometry": { "type": "LineString", "coordinates": [ [ 8.6843487, 49.4073234 ], [ 8.684365, 49.4069594 ] ] } },
{ "type": "Feature", "properties": { "osm_id": 1065730863, "name": "Amselgasse", "highway": "living_street", "klass": "living_street", "lanes": 1.0, "maxspeed": null, "surface": "asphalt", "oneway": "yes" }, "geometry": { "type": "LineString", "coordinates": [ [ 8.6892914, 49.4294074 ], [ 8.6895158, 49.4293884 ] ] } },
{ "type": "Feature", "properties": { "osm_id": 1066082739, "name": "Hebelstraße", "highway": "secondary", "klass": "secondary", "lanes": 3.0, "maxspeed": 50.0, "surface": "asphalt", "oneway": null }, "geometry": { "type": "LineString", "coordinates": [ [ 8.6819378, 49.3972417 ], [ 8.6816413, 49.397218 ] ] } },
{ "type": "Feature", "properties": { "osm_id": 1066162969, "name": "Margot-Becke-Ring", "highway": "residential", "klass": "residential", "lanes": null, "maxspeed": 30.0, "surface": "asphalt", "oneway": null }, "geometry": { "type": "LineString", "coordinates": [ [ 8.673258, 49.3936391 ], [ 8.6732332, 49.3935629 ] ] } },
{ "type": "Feature", "properties": { "osm_id": 1068801535, "name": "Jahnstraße", "highway": "residential", "klass": "residential", "lanes": 3.0, "maxspeed": 30.0, "surface": "asphalt", "oneway": "yes" }, "geometry": { "type": "LineString", "coordinates": [ [ 8.6757637, 49.4125785 ], [ 8.6761514, 49.4125864 ] ] } },
{ "type": "Feature", "properties": { "osm_id": 1068801536, "name": "Jahnstraße", "highway": "residential", "klass": "residential", "lanes": 1.0, "maxspeed": 30.0, "surface": "asphalt", "oneway": "yes" }, "geometry": { "type": "LineString", "coordinates": [ [ 8.6764198, 49.412674 ], [ 8.6762513, 49.4126695 ] ] } },
{ "type": "Feature", "properties": { "osm_id": 1068801588, "name": "Vangerowstraße", "highway": "residential", "klass": "residential", "lanes": null, "maxspeed": 30.0, "surface": "asphalt", "oneway": "yes" }, "geometry": { "type": "LineString", "coordinates": [ [ 8.6820552, 49.4087793 ], [ 8.6826068, 49.4087733 ], [ 8.6828374, 49.4087736 ] ] } },
{ "type": "Feature", "properties": { "osm_id": 1068801665, "name": "Thibautstraße", "highway": "residential", "klass": "residential", "lanes": null, "maxspeed": 30.0, "surface": "asphalt", "oneway": "yes" }, "geometry": { "type": "LineString", "coordinates": [ [ 8.6878623, 49.4083861 ], [ 8.6877755, 49.4085886 ] ] } },
{ "type": "Feature", "properties": { "osm_id": 1069933533, "name": "Einsteinstraße", "highway": "residential", "klass": "residential", "lanes": null, "maxspeed": null, "surface": "asphalt", "oneway": null }, "geometry": { "type": "LineString", "coordinates": [ [ 8.6745579, 49.4015494 ], [ 8.6746144, 49.4015893 ], [ 8.6746439, 49.4016101 ], [ 8.6747566, 49.4016897 ] ] } },
{ "type": "Feature", "properties": { "osm_id": 1069934229, "name": "Schillerstraße", "highway": "residential", "klass": "residential", "lanes": null, "maxspeed": 30.0, "surface": "asphalt", "oneway": "yes" }, "geometry": { "type": "LineString", "coordinates": [ [ 8.6884372, 49.399156 ], [ 8.6884111, 49.3991047 ], [ 8.6883661, 49.3990643 ] ] } },
{ "type": "Feature", "properties": { "osm_id": 1070944380, "name": "Margot-Becke-Ring", "highway": "residential", "klass": "residential", "lanes": null, "maxspeed": 30.0, "surface": "asphalt", "oneway": null }, "geometry": { "type": "LineString", "coordinates": [ [ 8.676267, 49.3946509 ], [ 8.6762865, 49.3946482 ], [ 8.6766009, 49.3946046 ] ] } },
{ "type": "Feature", "properties": { "osm_id": 1071958003, "name": "Rohrbacher Straße", "highway": "primary", "klass": "primary", "lanes": 2.0, "maxspeed": 30.0, "surface": "asphalt", "oneway": "yes" }, "geometry": { "type": "LineString", "coordinates": [ [ 8.6924727, 49.4082508 ], [ 8.6924775, 49.4082086 ] ] } },
{ "type": "Feature", "properties": { "osm_id": 1071968662, "name": "Rohrbacher Straße", "highway": "secondary", "klass": "secondary", "lanes": 2.0, "maxspeed": 50.0, "surface": "asphalt", "oneway": null }, "geometry": { "type": "LineString", "coordinates": [ [ 8.6916271, 49.402454 ], [ 8.6917627, 49.4027834 ], [ 8.6918899, 49.4030919 ], [ 8.6918994, 49.4031151 ], [ 8.6919034, 49.4031248 ], [ 8.6919122, 49.4031518 ], [ 8.6919302, 49.4032074 ], [ 8.6921475, 49.4038765 ] ] } },
{ "type": "Feature", "properties": { "osm_id": 1072276972, "name": "Max-Jarecki-Straße", "highway": "residential", "klass": "residential", "lanes": 2.0, "maxspeed": 30.0, "surface": "asphalt", "oneway": null }, "geometry": { "type": "LineString", "coordinates": [ [ 8.6731499, 49.4022476 ], [ 8.6731836, 49.4022896 ], [ 8.6732056, 49.4023114 ], [ 8.6733069, 49.4024112 ] ] } },
{ "type": "Feature", "properties": { "osm_id": 1072276973, "name": "Max-Jarecki-Straße", "highway": "residential", "klass": "residential", "lanes": 1.0, "maxspeed": 30.0, "surface": "asphalt", "oneway": "yes" }, "geometry": { "type": "LineString", "coordinates": [ [ 8.6731499, 49.4022476 ], [ 8.6732153, 49.4022774 ], [ 8.673254, 49.4022919 ], [ 8.6732912, 49.4023017 ], [ 8.6733878, 49.4023076 ], [ 8.6735456, 49.402293 ] ] } },
{ "type": "Feature", "properties": { "osm_id": 1075753299, "name": "Mannheimer Straße", "highway": "tertiary", "klass": "tertiary", "lanes": null, "maxspeed": 50.0, "surface": "asphalt", "oneway": null }, "geometry": { "type": "LineString", "coordinates": [ [ 8.6551384, 49.4144533 ], [ 8.655264, 49.4143371 ] ] } },
{ "type": "Feature", "properties": { "osm_id": 1075753300, "name": "Diebsweg", "highway": "secondary", "klass": "secondary", "lanes": 2.0, "maxspeed": null, "surface": "asphalt", "oneway": null }, "geometry": { "type": "LineString", "coordinates": [ [ 8.6565432, 49.3950431 ], [ 8.6562026, 49.3958214 ] ] } },
{ "type": "Feature", "properties": { "osm_id": 1077902162, "name": "Steubenstraße", "highway": "residential", "klass": "residential", "lanes": 2.0, "maxspeed": 30.0, "surface": "asphalt", "oneway": null }, "geometry": { "type": "LineString", "coordinates": [ [ 8.6877646, 49.4247439 ], [ 8.6878279, 49.4245416 ], [ 8.6878309, 49.4244998 ] ] } },
{ "type": "Feature", "properties": { "osm_id": 1080554589, "name": "Schneidmühlstraße", "highway": "residential", "klass": "residential", "lanes": null, "maxspeed": null, "surface": "asphalt", "oneway": "yes" }, "geometry": { "type": "LineString", "coordinates": [ [ 8.6918197, 49.4096653 ], [ 8.6917331, 49.4100902 ] ] } },
{ "type": "Feature", "properties": { "osm_id": 1080555817, "name": "Friedrich-Ebert-Anlage", "highway": "secondary", "klass": "secondary", "lanes": 2.0, "maxspeed": 30.0, "surface": "asphalt", "oneway": "yes" }, "geometry": { "type": "LineString", "coordinates": [ [ 8.7004521, 49.4086668 ], [ 8.6999439, 49.4085783 ], [ 8.6997096, 49.4085374 ], [ 8.6995872, 49.4085161 ] ] } },
{ "type": "Feature", "properties": { "osm_id": 1080556095, "name": "Klingenteichstraße", "highway": "tertiary", "klass": "tertiary", "lanes": null, "maxspeed": 50.0, "surface": "asphalt", "oneway": "yes" }, "geometry": { "type": "LineString", "coordinates": [ [ 8.7049611, 49.4088298 ], [ 8.7047493, 49.4088792 ] ] } },
{ "type": "Feature", "properties": { "osm_id": 1080556167, "name": "Friedrich-Ebert-Anlage", "highway": "secondary", "klass": "secondary", "lanes": 2.0, "maxspeed": 50.0, "surface": "asphalt", "oneway": "yes" }, "geometry": { "type": "LineString", "coordinates": [ [ 8.7047493, 49.4088792 ], [ 8.7049782, 49.4088976 ] ] } },
{ "type": "Feature", "properties": { "osm_id": 1080751263, "name": null, "highway": "primary_link", "klass": "primary", "lanes": 1.0, "maxspeed": 50.0, "surface": "asphalt", "oneway": "yes" }, "geometry": { "type": "LineString", "coordinates": [ [ 8.69199, 49.4112703 ], [ 8.6917882, 49.4112136 ] ] } },
{ "type": "Feature", "properties": { "osm_id": 1080751266, "name": "Bergheimer Straße", "highway": "tertiary", "klass": "tertiary", "lanes": 2.0, "maxspeed": 30.0, "surface": "asphalt", "oneway": "yes" }, "geometry": { "type": "LineString", "coordinates": [ [ 8.6914736, 49.4088809 ], [ 8.6919516, 49.4089516 ], [ 8.6921251, 49.4089706 ] ] } },
{ "type": "Feature", "properties": { "osm_id": 1082958234, "name": "Kaiserstraße", "highway": "residential", "klass": "residential", "lanes": null, "maxspeed": 30.0, "surface": "asphalt", "oneway": null }, "geometry": { "type": "LineString", "coordinates": [ [ 8.6806669, 49.4037566 ], [ 8.6806808, 49.4037496 ], [ 8.6810385, 49.4035676 ] ] } },
{ "type": "Feature", "properties": { "osm_id": 1083321801, "name": "Poststraße", "highway": "residential", "klass": "residential", "lanes": null, "maxspeed": 30.0, "surface": "asphalt", "oneway": "yes" }, "geometry": { "type": "LineString", "coordinates": [ [ 8.692334, 49.4082476 ], [ 8.692379, 49.408231 ], [ 8.6924082, 49.4082151 ], [ 8.6924775, 49.4082086 ] ] } },
{ "type": "Feature", "properties": { "osm_id": 1083321804, "name": "Plöck", "highway": "residential", "klass": "residential", "lanes": null, "maxspeed": 50.0, "surface": "asphalt", "oneway": "yes" }, "geometry": { "type": "LineString", "coordinates": [ [ 8.693083, 49.4086393 ], [ 8.6931126, 49.4086442 ], [ 8.6935517, 49.4087163 ] ] } },
{ "type": "Feature", "properties": { "osm_id": 1083321806, "name": "Neckarstaden", "highway": "primary", "klass": "primary", "lanes": 1.0, "maxspeed": 50.0, "surface": "asphalt", "oneway": "yes" }, "geometry": { "type": "LineString", "coordinates": [ [ 8.693025, 49.4113231 ], [ 8.6931061, 49.4113874 ], [ 8.6931712, 49.4114402 ] ] } },
{ "type": "Feature", "properties": { "osm_id": 1083446436, "name": "Auf dem Heiligenberg", "highway": "unclassified", "klass": "unclassified", "lanes": null, "maxspeed": null, "surface": "asphalt", "oneway": null }, "geometry": { "type": "LineString", "coordinates": [ [ 8.7058447, 49.4221809 ], [ 8.7058522, 49.4221316 ] ] } },
{ "type": "Feature", "properties": { "osm_id": 1084388593, "name": "Neue Schlossstraße", "highway": "residential", "klass": "residential", "lanes": null, "maxspeed": 30.0, "surface": "asphalt", "oneway": null }, "geometry": { "type": "LineString", "coordinates": [ [ 8.7122207, 49.4109266 ], [ 8.7122587, 49.4109416 ], [ 8.7122913, 49.4109517 ], [ 8.7123186, 49.4109568 ], [ 8.7123472, 49.410959 ], [ 8.7123734, 49.410959 ], [ 8.7123978, 49.4109567 ], [ 8.7124177, 49.410954 ], [ 8.7124394, 49.410949 ], [ 8.7124612, 49.4109415 ], [ 8.7124838, 49.4109321 ], [ 8.7125037, 49.4109202 ], [ 8.7125233, 49.4109054 ], [ 8.7125328, 49.4108957 ] ] } },
{ "type": "Feature", "properties": { "osm_id": 1085167915, "name": "Ladenburger Straße", "highway": "residential", "klass": "residential", "lanes": 1.0, "maxspeed": 30.0, "surface": "asphalt", "oneway": "yes" }, "geometry": { "type": "LineString", "coordinates": [ [ 8.6841482, 49.4138253 ], [ 8.6836073, 49.413982 ], [ 8.6835285, 49.4139929 ], [ 8.6834255, 49.4140046 ], [ 8.683286, 49.4140128 ], [ 8.6831607, 49.4140026 ] ] } },
{ "type": "Feature", "properties": { "osm_id": 1092203907, "name": "Furtwänglerstraße", "highway": "residential", "klass": "residential", "lanes": null, "maxspeed": 30.0, "surface": "asphalt", "oneway": null }, "geometry": { "type": "LineString", "coordinates": [ [ 8.6802826, 49.4235254 ], [ 8.6802137, 49.4236058 ], [ 8.6800951, 49.4237189 ], [ 8.680011, 49.4237761 ], [ 8.6799576, 49.4238064 ] ] } },
{ "type": "Feature", "properties": { "osm_id": 1094752266, "name": "Sophie-von-Kowalevsky-Straße", "highway": "residential", "klass": "residential", "lanes": null, "maxspeed": 30.0, "surface": "asphalt", "oneway": null }, "geometry": { "type": "LineString", "coordinates": [ [ 8.6728392, 49.3948728 ], [ 8.6725149, 49.3949149 ], [ 8.6724675, 49.3949214 ], [ 8.6722586, 49.3949512 ], [ 8.6721546, 49.3949709 ], [ 8.6720592, 49.3950038 ], [ 8.6719738, 49.3950333 ] ] } },
{ "type": "Feature", "properties": { "osm_id": 1095738776, "name": "Feuerbachstraße", "highway": "residential", "klass": "residential", "lanes": 3.0, "maxspeed": 30.0, "surface": "asphalt", "oneway": null }, "geometry": { "type": "LineString", "coordinates": [ [ 8.6862999, 49.3935432 ], [ 8.6860191, 49.3935354 ] ] } },
{ "type": "Feature", "properties": { "osm_id": 1097988698, "name": "Turnerstraße", "highway": "residential", "klass": "residential", "lanes": null, "maxspeed": 30.0, "surface": "asphalt", "oneway": null }, "geometry": { "type": "LineString", "coordinates": [ [ 8.689271, 49.38976 ], [ 8.6892424, 49.3901914 ], [ 8.6892187, 49.3905483 ] ] } },
{ "type": "Feature", "properties": { "osm_id": 1099696081, "name": "Lessingstraße", "highway": "primary_link", "klass": "primary", "lanes": 3.0, "maxspeed": 50.0, "surface": "asphalt", "oneway": "yes" }, "geometry": { "type": "LineString", "coordinates": [ [ 8.6809755, 49.4014076 ], [ 8.6806867, 49.4016513 ] ] } },
{ "type": "Feature", "properties": { "osm_id": 1099696082, "name": "Zähringerstraße", "highway": "residential", "klass": "residential", "lanes": null, "maxspeed": 50.0, "surface": "asphalt", "oneway": "yes" }, "geometry": { "type": "LineString", "coordinates": [ [ 8.6809755, 49.4014076 ], [ 8.6809551, 49.401458 ], [ 8.6809445, 49.4015065 ], [ 8.6809566, 49.4015755 ] ] } },
{ "type": "Feature", "properties": { "osm_id": 1099696083, "name": "Zähringerstraße", "highway": "living_street", "klass": "living_street", "lanes": null, "maxspeed": null, "surface": "asphalt", "oneway": "yes" }, "geometry": { "type": "LineString", "coordinates": [ [ 8.6810571, 49.4016993 ], [ 8.6809342, 49.4016744 ], [ 8.6808233, 49.4016551 ] ] } },
{ "type": "Feature", "properties": { "osm_id": 1099696084, "name": "Lessingstraße", "highway": "primary_link", "klass": "primary", "lanes": 1.0, "maxspeed": 50.0, "surface": "asphalt", "oneway": "yes" }, "geometry": { "type": "LineString", "coordinates": [ [ 8.6810793, 49.40132 ], [ 8.6809755, 49.4014076 ] ] } },
{ "type": "Feature", "properties": { "osm_id": 1099696087, "name": "Zähringerstraße", "highway": "living_street", "klass": "living_street", "lanes": null, "maxspeed": null, "surface": "asphalt", "oneway": "yes" }, "geometry": { "type": "LineString", "coordinates": [ [ 8.6809566, 49.4015755 ], [ 8.6810085, 49.4016535 ], [ 8.6810571, 49.4016993 ] ] } },
{ "type": "Feature", "properties": { "osm_id": 1099800136, "name": "Lessingstraße", "highway": "primary", "klass": "primary", "lanes": 3.0, "maxspeed": 50.0, "surface": "asphalt", "oneway": "yes" }, "geometry": { "type": "LineString", "coordinates": [ [ 8.6783697, 49.4030886 ], [ 8.6781397, 49.4033067 ] ] } },
{ "type": "Feature", "properties": { "osm_id": 1099800140, "name": "Lessingstraße", "highway": "primary", "klass": "primary", "lanes": 2.0, "maxspeed": 50.0, "surface": "asphalt", "oneway": "yes" }, "geometry": { "type": "LineString", "coordinates": [ [ 8.6832807, 49.3992964 ], [ 8.6834776, 49.3991843 ], [ 8.6836182, 49.3991139 ], [ 8.6838688, 49.3990081 ], [ 8.6840949, 49.3989175 ] ] } },
{ "type": "Feature", "properties": { "osm_id": 1099800141, "name": "Lessingstraße", "highway": "primary", "klass": "primary", "lanes": 3.0, "maxspeed": 50.0, "surface": "asphalt", "oneway": "yes" }, "geometry": { "type": "LineString", "coordinates": [ [ 8.6828895, 49.3995601 ], [ 8.683218, 49.3993336 ], [ 8.6832807, 49.3992964 ] ] } },
{ "type": "Feature", "properties": { "osm_id": 1099800142, "name": "Lessingstraße", "highway": "primary", "klass": "primary", "lanes": 2.0, "maxspeed": 50.0, "surface": "asphalt", "oneway": "yes" }, "geometry": { "type": "LineString", "coordinates": [ [ 8.6852059, 49.3987348 ], [ 8.6851102, 49.3987436 ], [ 8.6850124, 49.3987609 ], [ 8.6845927, 49.398862 ], [ 8.6843535, 49.3989396 ], [ 8.6841247, 49.3990258 ], [ 8.6838978, 49.3991219 ] ] } },
{ "type": "Feature", "properties": { "osm_id": 1099800143, "name": "Lessingstraße", "highway": "primary", "klass": "primary", "lanes": 2.0, "maxspeed": 50.0, "surface": "asphalt", "oneway": "yes" }, "geometry": { "type": "LineString", "coordinates": [ [ 8.6838978, 49.3991219 ], [ 8.6836088, 49.399255 ], [ 8.6834511, 49.3993363 ] ] } },
{ "type": "Feature", "properties": { "osm_id": 1100721393, "name": "Rummerweg", "highway": "living_street", "klass": "living_street", "lanes": null, "maxspeed": null, "surface": "asphalt", "oneway": null }, "geometry": { "type": "LineString", "coordinates": [ [ 8.6900188, 49.4266886 ], [ 8.6900129, 49.4265726 ], [ 8.6900575, 49.4264151 ], [ 8.6902072, 49.4260575 ] ] } },
{ "type": "Feature", "properties": { "osm_id": 1102353718, "name": "Im Neuenheimer Feld", "highway": "residential", "klass": "residential", "lanes": null, "maxspeed": null, "surface": "asphalt", "oneway": null }, "geometry": { "type": "LineString", "coordinates": [ [ 8.6748483, 49.4218721 ], [ 8.6749302, 49.4219344 ] ] } },
{ "type": "Feature", "properties": { "osm_id": 1102353719, "name": "Im Neuenheimer Feld", "highway": "residential", "klass": "residential", "lanes": null, "maxspeed": 20.0, "surface": "asphalt", "oneway": null }, "geometry": { "type": "LineString", "coordinates": [ [ 8.674837, 49.4216418 ], [ 8.6748461, 49.421827 ], [ 8.6748472, 49.421849 ], [ 8.6748483, 49.4218721 ] ] } },
{ "type": "Feature", "properties": { "osm_id": 1104434578, "name": "Speyerer Straße", "highway": "primary", "klass": "primary", "lanes": 3.0, "maxspeed": 50.0, "surface": "asphalt", "oneway": "yes" }, "geometry": { "type": "LineString", "coordinates": [ [ 8.6770694, 49.3998657 ], [ 8.676893, 49.3997713 ] ] } },
{ "type": "Feature", "properties": { "osm_id": 1104436914, "name": "Speyerer Straße", "highway": "primary", "klass": "primary", "lanes": 3.0, "maxspeed": 50.0, "surface": "asphalt", "oneway": "yes" }, "geometry": { "type": "LineString", "coordinates": [ [ 8.6757897, 49.3991888 ], [ 8.6755898, 49.3990841 ] ] } },
{ "type": "Feature", "properties": { "osm_id": 1104602051, "name": "Oftersheimer Weg", "highway": "residential", "klass": "residential", "lanes": 1.0, "maxspeed": 30.0, "surface": "asphalt", "oneway": "yes" }, "geometry": { "type": "LineString", "coordinates": [ [ 8.6643486, 49.3912156 ], [ 8.664032, 49.3911091 ] ] } },
{ "type": "Feature", "properties": { "osm_id": 1115473377, "name": "Handschuhsheimer Landstraße", "highway": "living_street", "klass": "living_street", "lanes": null, "maxspeed": null, "surface": "paving_stones", "oneway": null }, "geometry": { "type": "LineString", "coordinates": [ [ 8.6888353, 49.4263923 ], [ 8.6888479, 49.4263232 ], [ 8.6888663, 49.4262222 ], [ 8.6889115, 49.42602 ] ] } },
{ "type": "Feature", "properties": { "osm_id": 1115530967, "name": "Mühltalstraße", "highway": "residential", "klass": "residential", "lanes": null, "maxspeed": 30.0, "surface": "asphalt", "oneway": null }, "geometry": { "type": "LineString", "coordinates": [ [ 8.6876205, 49.4295257 ], [ 8.6876341, 49.4296747 ], [ 8.6876397, 49.4297365 ], [ 8.687782, 49.4300115 ], [ 8.687819, 49.4300677 ], [ 8.6878675, 49.430124 ], [ 8.6879249, 49.4301851 ], [ 8.6879735, 49.4302275 ] ] } },
{ "type": "Feature", "properties": { "osm_id": 1119200039, "name": "Rohrbacher Straße", "highway": "primary", "klass": "primary", "lanes": 2.0, "maxspeed": 30.0, "surface": "asphalt", "oneway": "yes" }, "geometry": { "type": "LineString", "coordinates": [ [ 8.6924402, 49.4085366 ], [ 8.6924509, 49.4084424 ] ] } },
{ "type": "Feature", "properties": { "osm_id": 1119200040, "name": "Plöck", "highway": "residential", "klass": "residential", "lanes": null, "maxspeed": 50.0, "surface": "asphalt", "oneway": "no" }, "geometry": { "type": "LineString", "coordinates": [ [ 8.6925559, 49.408554 ], [ 8.6926265, 49.4085646 ] ] } },
{ "type": "Feature", "properties": { "osm_id": 1123962749, "name": "Wielandtstraße", "highway": "residential", "klass": "residential", "lanes": null, "maxspeed": 30.0, "surface": "asphalt", "oneway": null }, "geometry": { "type": "LineString", "coordinates": [ [ 8.6818807, 49.4173918 ], [ 8.6818718, 49.4174499 ], [ 8.6818654, 49.4174706 ], [ 8.6817838, 49.4176316 ], [ 8.6815331, 49.4182199 ], [ 8.6815154, 49.4182828 ] ] } },
{ "type": "Feature", "properties": { "osm_id": 1123962750, "name": "Schröderstraße", "highway": "residential", "klass": "residential", "lanes": 1.0, "maxspeed": 30.0, "surface": "asphalt", "oneway": "yes" }, "geometry": { "type": "LineString", "coordinates": [ [ 8.6857181, 49.4157114 ], [ 8.6858109, 49.4157087 ], [ 8.6864717, 49.415726 ], [ 8.6866519, 49.4157291 ], [ 8.6867885, 49.4157328 ], [ 8.6876181, 49.4157552 ], [ 8.687763, 49.415759 ] ] } },
{ "type": "Feature", "properties": { "osm_id": 1124012285, "name": "Quinckestraße", "highway": "residential", "klass": "residential", "lanes": 2.0, "maxspeed": 30.0, "surface": "asphalt", "oneway": null }, "geometry": { "type": "LineString", "coordinates": [ [ 8.6832967, 49.4185634 ], [ 8.6833083, 49.4185138 ], [ 8.6833379, 49.4184291 ], [ 8.6835578, 49.4175606 ], [ 8.6835729, 49.4174508 ], [ 8.6835751, 49.4174347 ], [ 8.6835954, 49.4173723 ] ] } },
{ "type": "Feature", "properties": { "osm_id": 1124012286, "name": "Wielandtstraße", "highway": "residential", "klass": "residential", "lanes": null, "maxspeed": 30.0, "surface": "asphalt", "oneway": null }, "geometry": { "type": "LineString", "coordinates": [ [ 8.6815154, 49.4182828 ], [ 8.681496, 49.418313 ], [ 8.6814563, 49.4184322 ], [ 8.6812123, 49.4190153 ], [ 8.6812146, 49.4190642 ] ] } },
{ "type": "Feature", "properties": { "osm_id": 1124012348, "name": "Seitzstraße", "highway": "residential", "klass": "residential", "lanes": null, "maxspeed": 30.0, "surface": "asphalt", "oneway": null }, "geometry": { "type": "LineString", "coordinates": [ [ 8.6797322, 49.4179961 ], [ 8.6796788, 49.417989 ], [ 8.6779413, 49.4177194 ], [ 8.677855, 49.4177134 ] ] } },
{ "type": "Feature", "properties": { "osm_id": 1124130351, "name": "Furtwänglerstraße", "highway": "residential", "klass": "residential", "lanes": null, "maxspeed": 30.0, "surface": "asphalt", "oneway": null }, "geometry": { "type": "LineString", "coordinates": [ [ 8.680902, 49.4200979 ], [ 8.6808561, 49.4202172 ], [ 8.6807921, 49.4204412 ] ] } },
{ "type": "Feature", "properties": { "osm_id": 1124130679, "name": "Furtwänglerstraße", "highway": "residential", "klass": "residential", "lanes": null, "maxspeed": 30.0, "surface": "asphalt", "oneway": null }, "geometry": { "type": "LineString", "coordinates": [ [ 8.6805845, 49.4229766 ], [ 8.6804468, 49.4232769 ], [ 8.6802826, 49.4235254 ] ] } },
{ "type": "Feature", "properties": { "osm_id": 1124130720, "name": "Blumenthalstraße", "highway": "residential", "klass": "residential", "lanes": 2.0, "maxspeed": 30.0, "surface": "asphalt", "oneway": null }, "geometry": { "type": "LineString", "coordinates": [ [ 8.6868406, 49.4210539 ], [ 8.6862882, 49.4209892 ], [ 8.6861855, 49.4209741 ] ] } },
{ "type": "Feature", "properties": { "osm_id": 1124130727, "name": "Blumenthalstraße", "highway": "residential", "klass": "residential", "lanes": 2.0, "maxspeed": 30.0, "surface": "asphalt", "oneway": null }, "geometry": { "type": "LineString", "coordinates": [ [ 8.6861855, 49.4209741 ], [ 8.684832, 49.4207458 ] ] } },
{ "type": "Feature", "properties": { "osm_id": 1124130728, "name": "Blumenthalstraße", "highway": "residential", "klass": "residential", "lanes": 2.0, "maxspeed": 30.0, "surface": "asphalt", "oneway": null }, "geometry": { "type": "LineString", "coordinates": [ [ 8.6827721, 49.4203963 ], [ 8.6826888, 49.4203811 ], [ 8.6810484, 49.4201242 ], [ 8.680902, 49.4200979 ] ] } },
{ "type": "Feature", "properties": { "osm_id": 1124235506, "name": "Gundolfstraße", "highway": "residential", "klass": "residential", "lanes": null, "maxspeed": 30.0, "surface": "asphalt", "oneway": null }, "geometry": { "type": "LineString", "coordinates": [ [ 8.6770008, 49.4190558 ], [ 8.67689, 49.4191121 ] ] } },
{ "type": "Feature", "properties": { "osm_id": 1124235507, "name": "Gundolfstraße", "highway": "residential", "klass": "residential", "lanes": null, "maxspeed": 30.0, "surface": "asphalt", "oneway": null }, "geometry": { "type": "LineString", "coordinates": [ [ 8.6779899, 49.4169706 ], [ 8.677888, 49.4170881 ], [ 8.6778843, 49.4170921 ], [ 8.6778695, 49.4173421 ], [ 8.6778528, 49.4176777 ], [ 8.677855, 49.4177134 ] ] } },
{ "type": "Feature", "properties": { "osm_id": 1124235508, "name": "Mönchhofstraße", "highway": "tertiary", "klass": "tertiary", "lanes": 1.0, "maxspeed": 30.0, "surface": "asphalt", "oneway": "yes" }, "geometry": { "type": "LineString", "coordinates": [ [ 8.6771852, 49.416928 ], [ 8.6777937, 49.4169456 ], [ 8.677802, 49.4169467 ] ] } },
{ "type": "Feature", "properties": { "osm_id": 1124364562, "name": "Mönchhofstraße", "highway": "tertiary", "klass": "tertiary", "lanes": null, "maxspeed": 30.0, "surface": "asphalt", "oneway": null }, "geometry": { "type": "LineString", "coordinates": [ [ 8.686407, 49.4173652 ], [ 8.6857128, 49.4173701 ], [ 8.6854422, 49.4173652 ], [ 8.6853595, 49.417365 ], [ 8.6852943, 49.4173648 ], [ 8.6850196, 49.4173704 ], [ 8.6846809, 49.4173698 ], [ 8.6846676, 49.4173698 ], [ 8.6846458, 49.4173698 ], [ 8.6837095, 49.4173682 ], [ 8.6835954, 49.4173723 ] ] } },
{ "type": "Feature", "properties": { "osm_id": 1124364563, "name": "Mönchhofstraße", "highway": "tertiary", "klass": "tertiary", "lanes": 2.0, "maxspeed": 30.0, "surface": "asphalt", "oneway": null }, "geometry": { "type": "LineString", "coordinates": [ [ 8.6870302, 49.41736 ], [ 8.6868063, 49.4173651 ], [ 8.6867175, 49.4173656 ], [ 8.686407, 49.4173652 ] ] } },
{ "type": "Feature", "properties": { "osm_id": 1124364564, "name": "Werderstraße", "highway": "residential", "klass": "residential", "lanes": null, "maxspeed": 30.0, "surface": "asphalt", "oneway": "yes" }, "geometry": { "type": "LineString", "coordinates": [ [ 8.6871101, 49.4194837 ], [ 8.6871183, 49.4194343 ], [ 8.6871925, 49.4190035 ], [ 8.6872452, 49.4186973 ], [ 8.6872913, 49.4184672 ], [ 8.6872976, 49.4184251 ], [ 8.6873038, 49.4183834 ], [ 8.6874131, 49.4178171 ], [ 8.6874458, 49.4174901 ] ] } },
{ "type": "Feature", "properties": { "osm_id": 1124364565, "name": "Werderstraße", "highway": "residential", "klass": "residential", "lanes": null, "maxspeed": 30.0, "surface": "asphalt", "oneway": "yes" }, "geometry": { "type": "LineString", "coordinates": [ [ 8.6874458, 49.4174901 ], [ 8.6874546, 49.417402 ], [ 8.6874665, 49.4173512 ] ] } },
{ "type": "Feature", "properties": { "osm_id": 1124364566, "name": "Werderstraße", "highway": "residential", "klass": "residential", "lanes": null, "maxspeed": 30.0, "surface": "asphalt", "oneway": "yes" }, "geometry": { "type": "LineString", "coordinates": [ [ 8.6874665, 49.4173512 ], [ 8.6874749, 49.4173084 ], [ 8.6875154, 49.4170786 ] ] } },
{ "type": "Feature", "properties": { "osm_id": 1124367086, "name": "Bleichstraße", "highway": "residential", "klass": "residential", "lanes": 1.0, "maxspeed": 30.0, "surface": "asphalt", "oneway": "yes" }, "geometry": { "type": "LineString", "coordinates": [ [ 8.6891735, 49.4141462 ], [ 8.6891621, 49.4142041 ], [ 8.6891215, 49.41437 ] ] } },
{ "type": "Feature", "properties": { "osm_id": 1124368750, "name": "Jahnstraße", "highway": "residential", "klass": "residential", "lanes": 2.0, "maxspeed": 30.0, "surface": "asphalt", "oneway": null }, "geometry": { "type": "LineString", "coordinates": [ [ 8.681303, 49.4134766 ], [ 8.681385, 49.4134976 ], [ 8.6829705, 49.4139134 ], [ 8.6831607, 49.4140026 ] ] } },
{ "type": "Feature", "properties": { "osm_id": 1124370120, "name": "Humboldtstraße", "highway": "residential", "klass": "residential", "lanes": 1.0, "maxspeed": 30.0, "surface": "asphalt", "oneway": "yes" }, "geometry": { "type": "LineString", "coordinates": [ [ 8.6780287, 49.4131086 ], [ 8.6780455, 49.4127733 ], [ 8.6780502, 49.412679 ] ] } },
{ "type": "Feature", "properties": { "osm_id": 1124370975, "name": "Humboldtstraße", "highway": "residential", "klass": "residential", "lanes": 1.0, "maxspeed": 30.0, "surface": "asphalt", "oneway": "yes" }, "geometry": { "type": "LineString", "coordinates": [ [ 8.6780206, 49.4157117 ], [ 8.678006, 49.4156697 ], [ 8.6779993, 49.4156341 ], [ 8.6779803, 49.4155575 ], [ 8.6779692, 49.415519 ], [ 8.6779459, 49.415435 ], [ 8.6779371, 49.4153941 ] ] } },
{ "type": "Feature", "properties": { "osm_id": 1124444517, "name": "Seitzstraße", "highway": "residential", "klass": "residential", "lanes": null, "maxspeed": 30.0, "surface": "asphalt", "oneway": null }, "geometry": { "type": "LineString", "coordinates": [ [ 8.6832967, 49.4185634 ], [ 8.6832166, 49.4185552 ], [ 8.6815154, 49.4182828 ] ] } },
{ "type": "Feature", "properties": { "osm_id": 1124445168, "name": "Handschuhsheimer Landstraße", "highway": "secondary", "klass": "secondary", "lanes": 1.0, "maxspeed": 50.0, "surface": "asphalt", "oneway": "yes" }, "geometry": { "type": "LineString", "coordinates": [ [ 8.6906212, 49.4190948 ], [ 8.6905276, 49.4192161 ], [ 8.69044, 49.4193101 ], [ 8.6903909, 49.4193678 ] ] } },
{ "type": "Feature", "properties": { "osm_id": 1124445170, "name": "Handschuhsheimer Landstraße", "highway": "secondary", "klass": "secondary", "lanes": 1.0, "maxspeed": 50.0, "surface": "asphalt", "oneway": "yes" }, "geometry": { "type": "LineString", "coordinates": [ [ 8.6909117, 49.418411 ], [ 8.6906737, 49.4189757 ], [ 8.6906672, 49.4189931 ], [ 8.6906356, 49.4190712 ], [ 8.6906212, 49.4190948 ] ] } },
{ "type": "Feature", "properties": { "osm_id": 1124445202, "name": "Moltkestraße", "highway": "residential", "klass": "residential", "lanes": null, "maxspeed": 30.0, "surface": "asphalt", "oneway": "yes" }, "geometry": { "type": "LineString", "coordinates": [ [ 8.6864934, 49.4194274 ], [ 8.6870286, 49.4194751 ], [ 8.6871101, 49.4194837 ] ] } },
{ "type": "Feature", "properties": { "osm_id": 1124445203, "name": "Im Gabelacker", "highway": "residential", "klass": "residential", "lanes": 2.0, "maxspeed": 30.0, "surface": "asphalt", "oneway": null }, "geometry": { "type": "LineString", "coordinates": [ [ 8.6793201, 49.4187603 ], [ 8.6793738, 49.4187694 ], [ 8.6796132, 49.4188085 ], [ 8.6811257, 49.4190501 ], [ 8.6812146, 49.4190642 ] ] } },
{ "type": "Feature", "properties": { "osm_id": 1124785795, "name": "Uferstraße", "highway": "residential", "klass": "residential", "lanes": 2.0, "maxspeed": 30.0, "surface": "asphalt", "oneway": "no" }, "geometry": { "type": "LineString", "coordinates": [ [ 8.6786186, 49.4116985 ], [ 8.6783366, 49.4116633 ], [ 8.6782465, 49.4116536 ], [ 8.6781321, 49.4116412 ], [ 8.6778092, 49.411611 ], [ 8.6776006, 49.411594 ], [ 8.6775093, 49.4115878 ], [ 8.6774362, 49.4115828 ], [ 8.6772176, 49.4115714 ], [ 8.6768818, 49.4115584 ] ] } },
{ "type": "Feature", "properties": { "osm_id": 1124796863, "name": "Uferstraße", "highway": "tertiary", "klass": "tertiary", "lanes": null, "maxspeed": 30.0, "surface": "asphalt", "oneway": "no" }, "geometry": { "type": "LineString", "coordinates": [ [ 8.6830413, 49.4124984 ], [ 8.6835719, 49.412537 ], [ 8.6839843, 49.4125705 ], [ 8.6842612, 49.412596 ], [ 8.6843423, 49.4126034 ], [ 8.6845896, 49.4126245 ], [ 8.6850104, 49.4126597 ], [ 8.6854141, 49.4126935 ], [ 8.685847, 49.4127315 ], [ 8.6859376, 49.4127384 ], [ 8.686213, 49.412761 ], [ 8.6863267, 49.4127703 ] ] } },
{ "type": "Feature", "properties": { "osm_id": 1125223091, "name": "Handschuhsheimer Landstraße", "highway": "residential", "klass": "residential", "lanes": null, "maxspeed": 30.0, "surface": "asphalt", "oneway": "yes" }, "geometry": { "type": "LineString", "coordinates": [ [ 8.689281, 49.4215907 ], [ 8.6893445, 49.4221734 ], [ 8.689347, 49.4221967 ] ] } },
{ "type": "Feature", "properties": { "osm_id": 1125248596, "name": "Steubenstraße", "highway": "secondary", "klass": "secondary", "lanes": 2.0, "maxspeed": 50.0, "surface": "asphalt", "oneway": null }, "geometry": { "type": "LineString", "coordinates": [ [ 8.6892517, 49.4213132 ], [ 8.6892109, 49.4214011 ] ] } },
{ "type": "Feature", "properties": { "osm_id": 1131940479, "name": "Fichtestraße", "highway": "residential", "klass": "residential", "lanes": 2.0, "maxspeed": 30.0, "surface": "asphalt", "oneway": null }, "geometry": { "type": "LineString", "coordinates": [ [ 8.6879271, 49.3935577 ], [ 8.6880028, 49.3928641 ] ] } },
{ "type": "Feature", "properties": { "osm_id": 1133271405, "name": "Oberer Gaisbergweg", "highway": "unclassified", "klass": "unclassified", "lanes": 1.0, "maxspeed": null, "surface": "asphalt", "oneway": null }, "geometry": { "type": "LineString", "coordinates": [ [ 8.6964773, 49.4042514 ], [ 8.6965681, 49.4043159 ] ] } },
{ "type": "Feature", "properties": { "osm_id": 1137828396, "name": "Czernyring", "highway": "secondary", "klass": "secondary", "lanes": 2.0, "maxspeed": 50.0, "surface": "asphalt", "oneway": null }, "geometry": { "type": "LineString", "coordinates": [ [ 8.6793296, 49.399876 ], [ 8.6792311, 49.3999177 ], [ 8.6791163, 49.399962 ], [ 8.6788821, 49.4000564 ] ] } },
{ "type": "Feature", "properties": { "osm_id": 1138272700, "name": "Kurfürsten-Anlage", "highway": "secondary", "klass": "secondary", "lanes": 3.0, "maxspeed": 50.0, "surface": "asphalt", "oneway": "yes" }, "geometry": { "type": "LineString", "coordinates": [ [ 8.6835035, 49.4051684 ], [ 8.6836668, 49.4051946 ], [ 8.683771, 49.4052015 ], [ 8.6837931, 49.4052021 ], [ 8.6838481, 49.4052035 ], [ 8.6838635, 49.4052035 ], [ 8.6839011, 49.4052035 ], [ 8.6839441, 49.4052024 ] ] } },
{ "type": "Feature", "properties": { "osm_id": 1147057752, "name": "Dossenheimer Landstraße", "highway": "primary", "klass": "primary", "lanes": 2.0, "maxspeed": 50.0, "surface": "asphalt", "oneway": null }, "geometry": { "type": "LineString", "coordinates": [ [ 8.6832597, 49.4283732 ], [ 8.6832441, 49.4284016 ], [ 8.6831662, 49.428543 ], [ 8.6831449, 49.4285816 ] ] } },
{ "type": "Feature", "properties": { "osm_id": 1147059903, "name": "Kapellenweg", "highway": "residential", "klass": "residential", "lanes": null, "maxspeed": 30.0, "surface": "asphalt", "oneway": null }, "geometry": { "type": "LineString", "coordinates": [ [ 8.6879696, 49.4245018 ], [ 8.6890272, 49.4245989 ] ] } },
{ "type": "Feature", "properties": { "osm_id": 1150690742, "name": "Schillerstraße", "highway": "residential", "klass": "residential", "lanes": null, "maxspeed": 30.0, "surface": "asphalt", "oneway": "yes" }, "geometry": { "type": "LineString", "coordinates": [ [ 8.6884374, 49.3992144 ], [ 8.6884904, 49.3991838 ], [ 8.6885319, 49.3991598 ], [ 8.6886804, 49.3991028 ] ] } },
{ "type": "Feature", "properties": { "osm_id": 1150690743, "name": "Schillerstraße", "highway": "residential", "klass": "residential", "lanes": null, "maxspeed": 30.0, "surface": "asphalt", "oneway": "yes" }, "geometry": { "type": "LineString", "coordinates": [ [ 8.6886804, 49.3991028 ], [ 8.688626, 49.3991769 ], [ 8.6886114, 49.3991968 ], [ 8.6885681, 49.3992195 ], [ 8.6882807, 49.3994034 ] ] } },
{ "type": "Feature", "properties": { "osm_id": 1152295832, "name": "Hanna-von-Hoerner-Straße", "highway": "residential", "klass": "residential", "lanes": 2.0, "maxspeed": null, "surface": "paving_stones", "oneway": null }, "geometry": { "type": "LineString", "coordinates": [ [ 8.6652724, 49.4054882 ], [ 8.6652773, 49.4055226 ], [ 8.6652814, 49.4056857 ] ] } },
{ "type": "Feature", "properties": { "osm_id": 1152295884, "name": "Fehrentzstraße", "highway": "residential", "klass": "residential", "lanes": null, "maxspeed": 30.0, "surface": "asphalt", "oneway": null }, "geometry": { "type": "LineString", "coordinates": [ [ 8.6828374, 49.4087736 ], [ 8.6828421, 49.4087501 ] ] } },
{ "type": "Feature", "properties": { "osm_id": 1162571731, "name": "Kettengasse", "highway": "residential", "klass": "residential", "lanes": null, "maxspeed": 30.0, "surface": "asphalt", "oneway": "yes" }, "geometry": { "type": "LineString", "coordinates": [ [ 8.7085859, 49.4100916 ], [ 8.7086332, 49.410008 ], [ 8.7086913, 49.4097051 ] ] } },
{ "type": "Feature", "properties": { "osm_id": 1164158303, "name": "Fehrentzstraße", "highway": "residential", "klass": "residential", "lanes": null, "maxspeed": 30.0, "surface": "asphalt", "oneway": "no" }, "geometry": { "type": "LineString", "coordinates": [ [ 8.6847209, 49.4099064 ], [ 8.6846004, 49.4098674 ], [ 8.6844816, 49.409829 ], [ 8.6844259, 49.409811 ] ] } },
{ "type": "Feature", "properties": { "osm_id": 1164648998, "name": "Caroline-Herschel-Straße", "highway": "residential", "klass": "residential", "lanes": null, "maxspeed": null, "surface": "asphalt", "oneway": null }, "geometry": { "type": "LineString", "coordinates": [ [ 8.6700509, 49.3956208 ], [ 8.6701311, 49.3955972 ], [ 8.6702892, 49.3955184 ], [ 8.6707345, 49.3952964 ] ] } },
{ "type": "Feature", "properties": { "osm_id": 1165580529, "name": "Mönchgasse", "highway": "residential", "klass": "residential", "lanes": 1.0, "maxspeed": 50.0, "surface": "asphalt", "oneway": "yes" }, "geometry": { "type": "LineString", "coordinates": [ [ 8.7116755, 49.4135661 ], [ 8.7117267, 49.4136146 ], [ 8.7117958, 49.4136735 ] ] } },
{ "type": "Feature", "properties": { "osm_id": 1168198495, "name": "Carl-Benz-Straße", "highway": "secondary", "klass": "secondary", "lanes": null, "maxspeed": 50.0, "surface": "asphalt", "oneway": "yes" }, "geometry": { "type": "LineString", "coordinates": [ [ 8.6776254, 49.3998924 ], [ 8.6776715, 49.3998583 ] ] } },
{ "type": "Feature", "properties": { "osm_id": 1185407754, "name": "Bismarckstraße", "highway": "primary", "klass": "primary", "lanes": 2.0, "maxspeed": 30.0, "surface": "asphalt", "oneway": "yes" }, "geometry": { "type": "LineString", "coordinates": [ [ 8.6924957, 49.4113385 ], [ 8.6922942, 49.4112652 ] ] } },
{ "type": "Feature", "properties": { "osm_id": 1185407755, "name": null, "highway": "primary_link", "klass": "primary", "lanes": 1.0, "maxspeed": 50.0, "surface": "asphalt", "oneway": "yes" }, "geometry": { "type": "LineString", "coordinates": [ [ 8.6926957, 49.411284 ], [ 8.6926652, 49.4112887 ], [ 8.6926254, 49.41129 ], [ 8.6925698, 49.4112886 ], [ 8.6925085, 49.4112849 ], [ 8.6922942, 49.4112652 ] ] } },
{ "type": "Feature", "properties": { "osm_id": 1185791190, "name": "Bergheimer Straße", "highway": "secondary", "klass": "secondary", "lanes": 3.0, "maxspeed": 30.0, "surface": "asphalt", "oneway": "yes" }, "geometry": { "type": "LineString", "coordinates": [ [ 8.6710305, 49.4079778 ], [ 8.6715811, 49.4079688 ], [ 8.6718031, 49.4079574 ] ] } },
{ "type": "Feature", "properties": { "osm_id": 1187527547, "name": "Iqbal-Ufer", "highway": "primary", "klass": "primary", "lanes": 2.0, "maxspeed": 50.0, "surface": "asphalt", "oneway": "no" }, "geometry": { "type": "LineString", "coordinates": [ [ 8.6820718, 49.4099811 ], [ 8.6824055, 49.4099947 ], [ 8.682953, 49.4099895 ] ] } },
{ "type": "Feature", "properties": { "osm_id": 1187527548, "name": "Iqbal-Ufer", "highway": "primary", "klass": "primary", "lanes": 2.0, "maxspeed": 50.0, "surface": "asphalt", "oneway": null }, "geometry": { "type": "LineString", "coordinates": [ [ 8.6794635, 49.4098321 ], [ 8.6801287, 49.4098827 ] ] } },
{ "type": "Feature", "properties": { "osm_id": 1187528264, "name": "Untere Neckarstraße", "highway": "residential", "klass": "residential", "lanes": 3.0, "maxspeed": null, "surface": "asphalt", "oneway": null }, "geometry": { "type": "LineString", "coordinates": [ [ 8.6966477, 49.4119301 ], [ 8.69666, 49.4118918 ], [ 8.6966982, 49.4117724 ] ] } },
{ "type": "Feature", "properties": { "osm_id": 1192040740, "name": "Dantestraße", "highway": "living_street", "klass": "living_street", "lanes": null, "maxspeed": null, "surface": "asphalt", "oneway": null }, "geometry": { "type": "LineString", "coordinates": [ [ 8.6862269, 49.4004999 ], [ 8.6850615, 49.4004411 ] ] } },
{ "type": "Feature", "properties": { "osm_id": 1192040742, "name": "Dantestraße", "highway": "living_street", "klass": "living_street", "lanes": null, "maxspeed": null, "surface": "paving_stones", "oneway": null }, "geometry": { "type": "LineString", "coordinates": [ [ 8.6866958, 49.4005354 ], [ 8.6865162, 49.4005282 ], [ 8.6864983, 49.4005093 ] ] } },
{ "type": "Feature", "properties": { "osm_id": 1192049170, "name": "Czernyring", "highway": "secondary", "klass": "secondary", "lanes": 2.0, "maxspeed": 50.0, "surface": "asphalt", "oneway": "yes" }, "geometry": { "type": "LineString", "coordinates": [ [ 8.6694928, 49.4053369 ], [ 8.6694833, 49.4053271 ], [ 8.6694784, 49.4053222 ] ] } },
{ "type": "Feature", "properties": { "osm_id": 1192049174, "name": "Eppelheimer Straße", "highway": "secondary", "klass": "secondary", "lanes": 1.0, "maxspeed": 50.0, "surface": "asphalt", "oneway": "yes" }, "geometry": { "type": "LineString", "coordinates": [ [ 8.6691714, 49.4051826 ], [ 8.6691311, 49.4051711 ], [ 8.6690532, 49.4051593 ] ] } },
{ "type": "Feature", "properties": { "osm_id": 1192072416, "name": "Schwetzinger Terrasse", "highway": "living_street", "klass": "living_street", "lanes": null, "maxspeed": null, "surface": "asphalt", "oneway": null }, "geometry": { "type": "LineString", "coordinates": [ [ 8.6712841, 49.3985845 ], [ 8.6713028, 49.3986022 ], [ 8.6712688, 49.3986182 ] ] } },
{ "type": "Feature", "properties": { "osm_id": 1192072417, "name": "Schwetzinger Terrasse", "highway": "living_street", "klass": "living_street", "lanes": null, "maxspeed": null, "surface": "paving_stones", "oneway": null }, "geometry": { "type": "LineString", "coordinates": [ [ 8.6708427, 49.3988185 ], [ 8.6707757, 49.3988414 ], [ 8.6707586, 49.3988168 ] ] } },
{ "type": "Feature", "properties": { "osm_id": 1204117609, "name": "Dossenheimer Landstraße", "highway": "residential", "klass": "residential", "lanes": 2.0, "maxspeed": 30.0, "surface": "asphalt", "oneway": null }, "geometry": { "type": "LineString", "coordinates": [ [ 8.6838899, 49.4280168 ], [ 8.6840101, 49.4279813 ], [ 8.6841543, 49.4279352 ] ] } },
{ "type": "Feature", "properties": { "osm_id": 1204117610, "name": "Hans-Thoma-Platz", "highway": "residential", "klass": "residential", "lanes": 2.0, "maxspeed": 30.0, "surface": "asphalt", "oneway": null }, "geometry": { "type": "LineString", "coordinates": [ [ 8.6825741, 49.4281802 ], [ 8.6827269, 49.428165 ], [ 8.6828496, 49.4281528 ] ] } },
{ "type": "Feature", "properties": { "osm_id": 1204762026, "name": "Bergheimer Straße", "highway": "tertiary", "klass": "tertiary", "lanes": 1.0, "maxspeed": 30.0, "surface": "asphalt", "oneway": "yes" }, "geometry": { "type": "LineString", "coordinates": [ [ 8.6763746, 49.4079649 ], [ 8.6761479, 49.4079631 ] ] } },
{ "type": "Feature", "properties": { "osm_id": 1205938136, "name": "Carl-Bosch-Straße", "highway": "residential", "klass": "residential", "lanes": null, "maxspeed": 30.0, "surface": "asphalt", "oneway": null }, "geometry": { "type": "LineString", "coordinates": [ [ 8.6812661, 49.3972009 ], [ 8.6812852, 49.3970125 ], [ 8.6812878, 49.3969842 ], [ 8.6813138, 49.3966532 ], [ 8.6813618, 49.3961815 ], [ 8.6813891, 49.3958877 ], [ 8.6813985, 49.3957861 ], [ 8.6814169, 49.3955876 ] ] } },
{ "type": "Feature", "properties": { "osm_id": 1207703238, "name": "Bergheimer Straße", "highway": "tertiary", "klass": "tertiary", "lanes": 1.0, "maxspeed": 30.0, "surface": "asphalt", "oneway": "yes" }, "geometry": { "type": "LineString", "coordinates": [ [ 8.6769427, 49.4078257 ], [ 8.6770638, 49.4078259 ] ] } },
{ "type": "Feature", "properties": { "osm_id": 1207703239, "name": "Bergheimer Straße", "highway": "tertiary", "klass": "tertiary", "lanes": 1.0, "maxspeed": 30.0, "surface": "asphalt", "oneway": "yes" }, "geometry": { "type": "LineString", "coordinates": [ [ 8.6767519, 49.4079599 ], [ 8.6767008, 49.4079611 ], [ 8.6766725, 49.4079623 ] ] } },
{ "type": "Feature", "properties": { "osm_id": 1214480803, "name": "Hans-Böckler-Straße", "highway": "residential", "klass": "residential", "lanes": null, "maxspeed": 30.0, "surface": "asphalt", "oneway": "yes" }, "geometry": { "type": "LineString", "coordinates": [ [ 8.6940754, 49.405936 ], [ 8.6934482, 49.406073 ], [ 8.693413, 49.4060807 ], [ 8.6931375, 49.4061409 ] ] } },
{ "type": "Feature", "properties": { "osm_id": 1214480804, "name": "Bunsenstraße", "highway": "living_street", "klass": "living_street", "lanes": null, "maxspeed": null, "surface": "asphalt", "oneway": "yes" }, "geometry": { "type": "LineString", "coordinates": [ [ 8.6924651, 49.4049936 ], [ 8.6906935, 49.4052314 ] ] } },
{ "type": "Feature", "properties": { "osm_id": 1214480805, "name": "Bunsenstraße", "highway": "living_street", "klass": "living_street", "lanes": null, "maxspeed": null, "surface": "asphalt", "oneway": "yes" }, "geometry": { "type": "LineString", "coordinates": [ [ 8.6898717, 49.4053474 ], [ 8.689079, 49.4054515 ] ] } },
{ "type": "Feature", "properties": { "osm_id": 1214480828, "name": "Häusserstraße", "highway": "living_street", "klass": "living_street", "lanes": null, "maxspeed": null, "surface": "asphalt", "oneway": "yes" }, "geometry": { "type": "LineString", "coordinates": [ [ 8.6905413, 49.4047708 ], [ 8.6906935, 49.4052314 ] ] } },
{ "type": "Feature", "properties": { "osm_id": 1214480829, "name": "Häusserstraße", "highway": "living_street", "klass": "living_street", "lanes": null, "maxspeed": null, "surface": "asphalt", "oneway": null }, "geometry": { "type": "LineString", "coordinates": [ [ 8.690058, 49.4033373 ], [ 8.6899213, 49.4029382 ], [ 8.6899132, 49.4029145 ], [ 8.6898828, 49.4028257 ], [ 8.6898194, 49.4026404 ], [ 8.6897817, 49.4025305 ], [ 8.6897292, 49.4023773 ], [ 8.689722, 49.4023562 ], [ 8.6896544, 49.4021587 ], [ 8.6896086, 49.4020248 ], [ 8.6895539, 49.4018651 ] ] } },
{ "type": "Feature", "properties": { "osm_id": 1214572003, "name": "Klausenpfad", "highway": "residential", "klass": "residential", "lanes": null, "maxspeed": 30.0, "surface": "asphalt", "oneway": "yes" }, "geometry": { "type": "LineString", "coordinates": [ [ 8.6842989, 49.4269972 ], [ 8.6849413, 49.4276165 ], [ 8.684973, 49.4277108 ] ] } },
{ "type": "Feature", "properties": { "osm_id": 1219558883, "name": "Da-Vinci-Straße", "highway": "residential", "klass": "residential", "lanes": null, "maxspeed": 30.0, "surface": "asphalt", "oneway": null }, "geometry": { "type": "LineString", "coordinates": [ [ 8.6669915, 49.405284 ], [ 8.6669525, 49.4052209 ] ] } },
{ "type": "Feature", "properties": { "osm_id": 1219558884, "name": "Da-Vinci-Straße", "highway": "residential", "klass": "residential", "lanes": 3.0, "maxspeed": 30.0, "surface": "asphalt", "oneway": null }, "geometry": { "type": "LineString", "coordinates": [ [ 8.6666951, 49.4048 ], [ 8.6668807, 49.4051073 ], [ 8.6668952, 49.4051294 ] ] } },
{ "type": "Feature", "properties": { "osm_id": 1242185772, "name": "Gottlieb-Daimler-Straße", "highway": "residential", "klass": "residential", "lanes": 2.0, "maxspeed": null, "surface": "asphalt", "oneway": null }, "geometry": { "type": "LineString", "coordinates": [ [ 8.6772802, 49.3980782 ], [ 8.6769285, 49.3982852 ], [ 8.675788, 49.3989563 ], [ 8.6757352, 49.3989927 ] ] } },
{ "type": "Feature", "properties": { "osm_id": 1243696256, "name": null, "highway": "living_street", "klass": "living_street", "lanes": null, "maxspeed": null, "surface": "paving_stones", "oneway": "no" }, "geometry": { "type": "LineString", "coordinates": [ [ 8.668116, 49.40014 ], [ 8.6683705, 49.4000169 ], [ 8.6684918, 49.3999559 ], [ 8.6688776, 49.3997748 ] ] } },
{ "type": "Feature", "properties": { "osm_id": 1248083946, "name": "Tiergartenstraße", "highway": "residential", "klass": "residential", "lanes": 2.0, "maxspeed": 30.0, "surface": "asphalt", "oneway": null }, "geometry": { "type": "LineString", "coordinates": [ [ 8.6578048, 49.4234906 ], [ 8.6578643, 49.4233682 ], [ 8.6582801, 49.4225876 ], [ 8.6583958, 49.4223712 ] ] } },
{ "type": "Feature", "properties": { "osm_id": 1248084725, "name": "Tiergartenstraße", "highway": "residential", "klass": "residential", "lanes": null, "maxspeed": 30.0, "surface": "asphalt", "oneway": null }, "geometry": { "type": "LineString", "coordinates": [ [ 8.6584136, 49.4260068 ], [ 8.6586845, 49.4260664 ], [ 8.6600759, 49.4263728 ], [ 8.6601862, 49.4263972 ] ] } },
{ "type": "Feature", "properties": { "osm_id": 1248150183, "name": "Tiergartenstraße", "highway": "residential", "klass": "residential", "lanes": 2.0, "maxspeed": 30.0, "surface": "asphalt", "oneway": null }, "geometry": { "type": "LineString", "coordinates": [ [ 8.6567264, 49.4256039 ], [ 8.6567082, 49.425564 ], [ 8.6567963, 49.4253961 ], [ 8.6568876, 49.4252096 ], [ 8.6570019, 49.4249914 ] ] } },
{ "type": "Feature", "properties": { "osm_id": 1248150190, "name": "Tiergartenstraße", "highway": "residential", "klass": "residential", "lanes": 2.0, "maxspeed": 30.0, "surface": "asphalt", "oneway": null }, "geometry": { "type": "LineString", "coordinates": [ [ 8.6597529, 49.4197749 ], [ 8.6598696, 49.4196736 ], [ 8.6602814, 49.4189107 ] ] } },
{ "type": "Feature", "properties": { "osm_id": 1267370441, "name": "Uferstraße", "highway": "tertiary", "klass": "tertiary", "lanes": 1.0, "maxspeed": 30.0, "surface": "asphalt", "oneway": "yes" }, "geometry": { "type": "LineString", "coordinates": [ [ 8.682365, 49.412453 ], [ 8.6822388, 49.4124761 ], [ 8.6821595, 49.412487 ], [ 8.6820566, 49.4125057 ], [ 8.6819411, 49.4125378 ], [ 8.6817718, 49.4125591 ] ] } },
{ "type": "Feature", "properties": { "osm_id": 1267370442, "name": "Posseltstraße", "highway": "tertiary", "klass": "tertiary", "lanes": 2.0, "maxspeed": 30.0, "surface": "asphalt", "oneway": null }, "geometry": { "type": "LineString", "coordinates": [ [ 8.6817718, 49.4125591 ], [ 8.6815844, 49.4126097 ], [ 8.6814842, 49.4126302 ] ] } },
{ "type": "Feature", "properties": { "osm_id": 1267370444, "name": "Uferstraße", "highway": "residential", "klass": "residential", "lanes": 2.0, "maxspeed": 30.0, "surface": "asphalt", "oneway": "no" }, "geometry": { "type": "LineString", "coordinates": [ [ 8.6820365, 49.4124461 ], [ 8.6819846, 49.4124023 ], [ 8.6819485, 49.4123841 ], [ 8.6819264, 49.4123761 ], [ 8.6818862, 49.4123615 ], [ 8.6817102, 49.4123262 ] ] } },
{ "type": "Feature", "properties": { "osm_id": 1267370447, "name": "Uferstraße", "highway": "tertiary", "klass": "tertiary", "lanes": 1.0, "maxspeed": 30.0, "surface": "asphalt", "oneway": "yes" }, "geometry": { "type": "LineString", "coordinates": [ [ 8.6820365, 49.4124461 ], [ 8.6821282, 49.4124324 ], [ 8.6822063, 49.4124337 ], [ 8.68228, 49.41244 ], [ 8.682365, 49.412453 ] ] } },
{ "type": "Feature", "properties": { "osm_id": 1267370448, "name": "Uferstraße", "highway": "residential", "klass": "residential", "lanes": 2.0, "maxspeed": 30.0, "surface": "asphalt", "oneway": "no" }, "geometry": { "type": "LineString", "coordinates": [ [ 8.679976, 49.4119253 ], [ 8.6796456, 49.411861 ], [ 8.6794821, 49.4118296 ], [ 8.6790693, 49.4117617 ], [ 8.6788591, 49.4117314 ], [ 8.6786387, 49.4117009 ], [ 8.6786186, 49.4116985 ] ] } },
{ "type": "Feature", "properties": { "osm_id": 1267370451, "name": "Uferstraße", "highway": "tertiary", "klass": "tertiary", "lanes": null, "maxspeed": 30.0, "surface": "asphalt", "oneway": "no" }, "geometry": { "type": "LineString", "coordinates": [ [ 8.691579, 49.4133385 ], [ 8.6919259, 49.4133461 ], [ 8.692061, 49.4133495 ], [ 8.6923026, 49.4133557 ], [ 8.6925526, 49.4133609 ], [ 8.6928656, 49.4133677 ] ] } },
{ "type": "Feature", "properties": { "osm_id": 1270350498, "name": "Carl-Bosch-Straße", "highway": "residential", "klass": "residential", "lanes": null, "maxspeed": 30.0, "surface": "asphalt", "oneway": null }, "geometry": { "type": "LineString", "coordinates": [ [ 8.6814169, 49.3955876 ], [ 8.6814331, 49.395431 ] ] } },
{ "type": "Feature", "properties": { "osm_id": 1270441501, "name": "Max-Jarecki-Straße", "highway": "residential", "klass": "residential", "lanes": 2.0, "maxspeed": 30.0, "surface": "asphalt", "oneway": "no" }, "geometry": { "type": "LineString", "coordinates": [ [ 8.6723984, 49.4011361 ], [ 8.6724495, 49.4012161 ] ] } },
{ "type": "Feature", "properties": { "osm_id": 1272903617, "name": "Maria-Mitchell-Straße", "highway": "residential", "klass": "residential", "lanes": 1.0, "maxspeed": 30.0, "surface": "asphalt", "oneway": null }, "geometry": { "type": "LineString", "coordinates": [ [ 8.6700785, 49.4031129 ], [ 8.6701818, 49.4033244 ] ] } },
{ "type": "Feature", "properties": { "osm_id": 1272903618, "name": "Jensenstraße", "highway": "residential", "klass": "residential", "lanes": null, "maxspeed": null, "surface": "asphalt", "oneway": null }, "geometry": { "type": "LineString", "coordinates": [ [ 8.6700086, 49.4029719 ], [ 8.6699808, 49.4029159 ] ] } },
{ "type": "Feature", "properties": { "osm_id": 1272903619, "name": "Grüne Meile", "highway": "unclassified", "klass": "unclassified", "lanes": 1.0, "maxspeed": 30.0, "surface": "asphalt", "oneway": "yes" }, "geometry": { "type": "LineString", "coordinates": [ [ 8.6688948, 49.4032084 ], [ 8.6690078, 49.403184 ], [ 8.6698371, 49.4030079 ], [ 8.6700086, 49.4029719 ] ] } },
{ "type": "Feature", "properties": { "osm_id": 1272903620, "name": "Grüne Meile", "highway": "unclassified", "klass": "unclassified", "lanes": 1.0, "maxspeed": 30.0, "surface": "asphalt", "oneway": "yes" }, "geometry": { "type": "LineString", "coordinates": [ [ 8.6700551, 49.4030655 ], [ 8.6698852, 49.4031014 ], [ 8.6690526, 49.4032755 ], [ 8.6689376, 49.4032996 ] ] } },
{ "type": "Feature", "properties": { "osm_id": 1272903621, "name": "Jensenstraße", "highway": "residential", "klass": "residential", "lanes": 1.0, "maxspeed": 30.0, "surface": "asphalt", "oneway": null }, "geometry": { "type": "LineString", "coordinates": [ [ 8.6700785, 49.4031129 ], [ 8.6700551, 49.4030655 ] ] } },
{ "type": "Feature", "properties": { "osm_id": 1273609013, "name": "Rohrbacher Straße", "highway": "secondary", "klass": "secondary", "lanes": 2.0, "maxspeed": 50.0, "surface": "asphalt", "oneway": null }, "geometry": { "type": "LineString", "coordinates": [ [ 8.6900158, 49.3942708 ], [ 8.6899929, 49.3944852 ], [ 8.6899332, 49.3949413 ] ] } },
{ "type": "Feature", "properties": { "osm_id": 1278757093, "name": "Neckarstaden", "highway": "primary", "klass": "primary", "lanes": 1.0, "maxspeed": 50.0, "surface": "asphalt", "oneway": "yes" }, "geometry": { "type": "LineString", "coordinates": [ [ 8.7088348, 49.4134432 ], [ 8.7089429, 49.4134502 ], [ 8.7091118, 49.4134622 ], [ 8.7092301, 49.4134731 ], [ 8.7093325, 49.4134877 ] ] } },
{ "type": "Feature", "properties": { "osm_id": 1278757134, "name": "Schlossberg", "highway": "residential", "klass": "residential", "lanes": null, "maxspeed": 30.0, "surface": "paving_stones", "oneway": "yes" }, "geometry": { "type": "LineString", "coordinates": [ [ 8.7092955, 49.409038 ], [ 8.7092691, 49.4090378 ], [ 8.7089819, 49.4090245 ], [ 8.7089075, 49.4090221 ], [ 8.7088823, 49.409023 ], [ 8.7088591, 49.4090273 ] ] } },
{ "type": "Feature", "properties": { "osm_id": 1278757290, "name": "Neckarstaden", "highway": "primary", "klass": "primary", "lanes": 1.0, "maxspeed": 50.0, "surface": "asphalt", "oneway": "yes" }, "geometry": { "type": "LineString", "coordinates": [ [ 8.6988561, 49.4123758 ], [ 8.6987469, 49.4123684 ], [ 8.6986123, 49.4123604 ], [ 8.6980964, 49.4123123 ] ] } },
{ "type": "Feature", "properties": { "osm_id": 1278757313, "name": "Tiergartenstraße", "highway": "residential", "klass": "residential", "lanes": 2.0, "maxspeed": 30.0, "surface": "asphalt", "oneway": null }, "geometry": { "type": "LineString", "coordinates": [ [ 8.6649507, 49.4148266 ], [ 8.664923, 49.4147752 ] ] } },
{ "type": "Feature", "properties": { "osm_id": 1279193561, "name": "Mannheimer Straße", "highway": "residential", "klass": "residential", "lanes": null, "maxspeed": 30.0, "surface": "asphalt", "oneway": "yes" }, "geometry": { "type": "LineString", "coordinates": [ [ 8.6681644, 49.4083394 ], [ 8.668085, 49.4083627 ] ] } },
{ "type": "Feature", "properties": { "osm_id": 1281130623, "name": "Kastellweg", "highway": "residential", "klass": "residential", "lanes": 1.0, "maxspeed": 30.0, "surface": "asphalt", "oneway": "yes" }, "geometry": { "type": "LineString", "coordinates": [ [ 8.6793925, 49.4130182 ], [ 8.6793525, 49.4131626 ] ] } },
{ "type": "Feature", "properties": { "osm_id": 1281130837, "name": "Scheffelstraße", "highway": "residential", "klass": "residential", "lanes": null, "maxspeed": 30.0, "surface": "asphalt", "oneway": null }, "geometry": { "type": "LineString", "coordinates": [ [ 8.7120736, 49.4165455 ], [ 8.7123075, 49.4165582 ], [ 8.7130162, 49.4165859 ], [ 8.7130654, 49.4165845 ], [ 8.7130994, 49.4165803 ], [ 8.713139, 49.4165704 ], [ 8.7131813, 49.4165522 ], [ 8.7132076, 49.4165342 ], [ 8.7132483, 49.4165046 ] ] } },
{ "type": "Feature", "properties": { "osm_id": 1281130839, "name": "Werrgasse", "highway": "residential", "klass": "residential", "lanes": null, "maxspeed": 30.0, "surface": "asphalt", "oneway": null }, "geometry": { "type": "LineString", "coordinates": [ [ 8.7101545, 49.4161056 ], [ 8.7101719, 49.4162517 ], [ 8.7101887, 49.4163579 ], [ 8.7101905, 49.4163724 ] ] } },
{ "type": "Feature", "properties": { "osm_id": 1281133643, "name": "Wilhelmstraße", "highway": "living_street", "klass": "living_street", "lanes": 1.0, "maxspeed": null, "surface": "asphalt", "oneway": null }, "geometry": { "type": "LineString", "coordinates": [ [ 8.6848293, 49.402642 ], [ 8.6848537, 49.4026431 ], [ 8.6853273, 49.4026591 ], [ 8.6869448, 49.4026977 ] ] } },
{ "type": "Feature", "properties": { "osm_id": 1282786950, "name": "Emil-Maier-Straße", "highway": "residential", "klass": "residential", "lanes": 2.0, "maxspeed": 50.0, "surface": "asphalt", "oneway": null }, "geometry": { "type": "LineString", "coordinates": [ [ 8.6725807, 49.4065386 ], [ 8.6725832, 49.406485 ], [ 8.6725856, 49.4064334 ], [ 8.6725926, 49.4062847 ], [ 8.6726008, 49.4061107 ], [ 8.6726028, 49.4060164 ] ] } },
{ "type": "Feature", "properties": { "osm_id": 1282786951, "name": "Emil-Maier-Straße", "highway": "residential", "klass": "residential", "lanes": null, "maxspeed": null, "surface": "asphalt", "oneway": null }, "geometry": { "type": "LineString", "coordinates": [ [ 8.6725497, 49.4072002 ], [ 8.6725526, 49.407139 ], [ 8.6725807, 49.4065386 ] ] } },
{ "type": "Feature", "properties": { "osm_id": 1283273643, "name": "Im Neuenheimer Feld", "highway": "residential", "klass": "residential", "lanes": null, "maxspeed": 30.0, "surface": "asphalt", "oneway": "yes" }, "geometry": { "type": "LineString", "coordinates": [ [ 8.6615111, 49.4231737 ], [ 8.6614813, 49.4231899 ], [ 8.6614357, 49.4231891 ], [ 8.6613754, 49.4231801 ], [ 8.6607115, 49.4230065 ], [ 8.6604762, 49.4229444 ] ] } },
{ "type": "Feature", "properties": { "osm_id": 1284190242, "name": "Langer Anger", "highway": "residential", "klass": "residential", "lanes": 3.0, "maxspeed": 50.0, "surface": "asphalt", "oneway": null }, "geometry": { "type": "LineString", "coordinates": [ [ 8.6736464, 49.3981471 ], [ 8.6737032, 49.3981086 ] ] } },
{ "type": "Feature", "properties": { "osm_id": 1284598235, "name": "Czernyring", "highway": "secondary", "klass": "secondary", "lanes": 2.0, "maxspeed": 30.0, "surface": "asphalt", "oneway": "yes" }, "geometry": { "type": "LineString", "coordinates": [ [ 8.6709516, 49.4064575 ], [ 8.6711578, 49.4066263 ] ] } },
{ "type": "Feature", "properties": { "osm_id": 1284598281, "name": "Max-Planck-Ring", "highway": "residential", "klass": "residential", "lanes": null, "maxspeed": 30.0, "surface": "asphalt", "oneway": "no" }, "geometry": { "type": "LineString", "coordinates": [ [ 8.6747233, 49.4030973 ], [ 8.6746463, 49.4031309 ], [ 8.6745913, 49.4031549 ] ] } },
{ "type": "Feature", "properties": { "osm_id": 1285332035, "name": "Rohrbacher Straße", "highway": "secondary", "klass": "secondary", "lanes": 2.0, "maxspeed": 50.0, "surface": "asphalt", "oneway": null }, "geometry": { "type": "LineString", "coordinates": [ [ 8.6901089, 49.3933997 ], [ 8.6900768, 49.3936865 ] ] } },
{ "type": "Feature", "properties": { "osm_id": 1285332036, "name": "Panoramastraße", "highway": "residential", "klass": "residential", "lanes": 2.0, "maxspeed": 30.0, "surface": "asphalt", "oneway": null }, "geometry": { "type": "LineString", "coordinates": [ [ 8.6914537, 49.3941144 ], [ 8.6914569, 49.3941936 ], [ 8.6915363, 49.3944351 ], [ 8.6915762, 49.3944926 ], [ 8.6916491, 49.3945377 ], [ 8.6916805, 49.3945502 ], [ 8.6917309, 49.3945619 ], [ 8.6917841, 49.3945681 ], [ 8.6918377, 49.3945687 ], [ 8.6918948, 49.3945619 ], [ 8.6919346, 49.3945524 ], [ 8.6919925, 49.3945321 ], [ 8.6920416, 49.3944991 ], [ 8.6920658, 49.3944679 ], [ 8.6920859, 49.3944275 ], [ 8.6920973, 49.3943856 ], [ 8.6921765, 49.3938701 ], [ 8.6922041, 49.3937888 ], [ 8.6922512, 49.3936878 ], [ 8.6924599, 49.3933503 ], [ 8.6925016, 49.3932483 ], [ 8.6925323, 49.3931149 ] ] } },
{ "type": "Feature", "properties": { "osm_id": 1285666888, "name": "Blücherstraße", "highway": "tertiary", "klass": "tertiary", "lanes": 1.0, "maxspeed": 30.0, "surface": "asphalt", "oneway": "yes" }, "geometry": { "type": "LineString", "coordinates": [ [ 8.6710791, 49.4069664 ], [ 8.6711094, 49.4068976 ], [ 8.6711248, 49.4068476 ] ] } },
{ "type": "Feature", "properties": { "osm_id": 1285667925, "name": "Kirschnerstraße", "highway": "residential", "klass": "residential", "lanes": null, "maxspeed": 30.0, "surface": "asphalt", "oneway": null }, "geometry": { "type": "LineString", "coordinates": [ [ 8.6734821, 49.4137069 ], [ 8.6733631, 49.4137084 ], [ 8.6723598, 49.4137206 ], [ 8.672314, 49.413716 ], [ 8.6721013, 49.4136727 ], [ 8.67172, 49.4135722 ], [ 8.6716713, 49.4135579 ], [ 8.6714054, 49.4134865 ], [ 8.6712531, 49.413441 ], [ 8.6712126, 49.4134307 ] ] } },
{ "type": "Feature", "properties": { "osm_id": 1285668479, "name": "Neue Schlossstraße", "highway": "residential", "klass": "residential", "lanes": null, "maxspeed": 30.0, "surface": "asphalt", "oneway": "yes" }, "geometry": { "type": "LineString", "coordinates": [ [ 8.7099217, 49.409371 ], [ 8.7101942, 49.4094 ], [ 8.7103807, 49.4094258 ], [ 8.7104873, 49.4094453 ], [ 8.7105701, 49.4094639 ], [ 8.7106583, 49.4094889 ], [ 8.7107912, 49.4095354 ], [ 8.7110935, 49.4096457 ], [ 8.7113265, 49.4097261 ], [ 8.7115059, 49.4097884 ], [ 8.7115528, 49.4098009 ], [ 8.7117432, 49.4098519 ], [ 8.7119662, 49.4098976 ], [ 8.7121779, 49.409935 ], [ 8.7123832, 49.4099648 ], [ 8.7126262, 49.4099975 ], [ 8.7128182, 49.4100171 ], [ 8.7129524, 49.4100268 ], [ 8.71299, 49.4100288 ] ] } },
{ "type": "Feature", "properties": { "osm_id": 1285668634, "name": "Neue Schlossstraße", "highway": "residential", "klass": "residential", "lanes": null, "maxspeed": 30.0, "surface": "asphalt", "oneway": "yes" }, "geometry": { "type": "LineString", "coordinates": [ [ 8.71299, 49.4100288 ], [ 8.7130188, 49.4100275 ], [ 8.7130506, 49.4100231 ], [ 8.713065, 49.4100188 ] ] } },
{ "type": "Feature", "properties": { "osm_id": 1285668972, "name": "Schloss-Wolfsbrunnenweg", "highway": "residential", "klass": "residential", "lanes": null, "maxspeed": 30.0, "surface": "asphalt", "oneway": null }, "geometry": { "type": "LineString", "coordinates": [ [ 8.7133294, 49.4089878 ], [ 8.7132527, 49.4089933 ], [ 8.7132077, 49.4089947 ], [ 8.7131496, 49.4089957 ], [ 8.713084, 49.4089931 ], [ 8.7130379, 49.4089901 ], [ 8.7129883, 49.4089849 ], [ 8.7129155, 49.4089718 ], [ 8.7126716, 49.4089203 ], [ 8.712647, 49.4089159 ] ] } },
{ "type": "Feature", "properties": { "osm_id": 1286235879, "name": "Bergstraße", "highway": "residential", "klass": "residential", "lanes": 2.0, "maxspeed": 30.0, "surface": "asphalt", "oneway": null }, "geometry": { "type": "LineString", "coordinates": [ [ 8.6930818, 49.4166264 ], [ 8.6932278, 49.4159235 ] ] } },
{ "type": "Feature", "properties": { "osm_id": 1286235881, "name": "Bergstraße", "highway": "residential", "klass": "residential", "lanes": 1.0, "maxspeed": 30.0, "surface": "asphalt", "oneway": null }, "geometry": { "type": "LineString", "coordinates": [ [ 8.6933225, 49.4146994 ], [ 8.6933452, 49.4141588 ] ] } },
{ "type": "Feature", "properties": { "osm_id": 1286235882, "name": "Bergstraße", "highway": "residential", "klass": "residential", "lanes": 2.0, "maxspeed": 30.0, "surface": "asphalt", "oneway": null }, "geometry": { "type": "LineString", "coordinates": [ [ 8.6932278, 49.4159235 ], [ 8.6932617, 49.4156952 ], [ 8.6932985, 49.4151496 ], [ 8.6933161, 49.4148155 ] ] } },
{ "type": "Feature", "properties": { "osm_id": 1286925438, "name": null, "highway": "primary", "klass": "primary", "lanes": 2.0, "maxspeed": 50.0, "surface": "asphalt", "oneway": "yes" }, "geometry": { "type": "LineString", "coordinates": [ [ 8.6698685, 49.4090125 ], [ 8.6699397, 49.4090412 ], [ 8.6700076, 49.4090615 ], [ 8.6700973, 49.4090808 ] ] } },
{ "type": "Feature", "properties": { "osm_id": 1286925439, "name": "Vangerowstraße", "highway": "tertiary", "klass": "tertiary", "lanes": 3.0, "maxspeed": 50.0, "surface": "asphalt", "oneway": "yes" }, "geometry": { "type": "LineString", "coordinates": [ [ 8.6695009, 49.4091746 ], [ 8.6697165, 49.4091362 ] ] } },
{ "type": "Feature", "properties": { "osm_id": 1289712347, "name": "Rohrbacher Straße", "highway": "secondary", "klass": "secondary", "lanes": 2.0, "maxspeed": 50.0, "surface": "asphalt", "oneway": null }, "geometry": { "type": "LineString", "coordinates": [ [ 8.6894995, 49.3983527 ], [ 8.6895118, 49.3982319 ], [ 8.6895038, 49.3981599 ] ] } },
{ "type": "Feature", "properties": { "osm_id": 1289712372, "name": "Rohrbacher Straße", "highway": "secondary", "klass": "secondary", "lanes": 2.0, "maxspeed": 50.0, "surface": "asphalt", "oneway": null }, "geometry": { "type": "LineString", "coordinates": [ [ 8.6897766, 49.3962116 ], [ 8.689751, 49.3963665 ], [ 8.6897199, 49.3965435 ], [ 8.6896682, 49.396782 ], [ 8.6896254, 49.3970068 ] ] } },
{ "type": "Feature", "properties": { "osm_id": 1289712380, "name": "Rohrbacher Straße", "highway": "secondary", "klass": "secondary", "lanes": 2.0, "maxspeed": 50.0, "surface": "asphalt", "oneway": null }, "geometry": { "type": "LineString", "coordinates": [ [ 8.689878, 49.3954451 ], [ 8.6898731, 49.3954993 ], [ 8.6898703, 49.3955285 ], [ 8.689867, 49.3955607 ], [ 8.6898628, 49.3956034 ] ] } },
{ "type": "Feature", "properties": { "osm_id": 1289712385, "name": "Rohrbacher Straße", "highway": "secondary", "klass": "secondary", "lanes": 2.0, "maxspeed": 50.0, "surface": "asphalt", "oneway": null }, "geometry": { "type": "LineString", "coordinates": [ [ 8.6899332, 49.3949413 ], [ 8.6899016, 49.395183 ], [ 8.689878, 49.3954451 ] ] } },
{ "type": "Feature", "properties": { "osm_id": 1289712455, "name": "Friedrich-Ebert-Anlage", "highway": "secondary", "klass": "secondary", "lanes": 4.0, "maxspeed": 50.0, "surface": "asphalt", "oneway": "yes" }, "geometry": { "type": "LineString", "coordinates": [ [ 8.6952067, 49.4077312 ], [ 8.6949155, 49.4076823 ], [ 8.6944375, 49.4076031 ] ] } },
{ "type": "Feature", "properties": { "osm_id": 1290056276, "name": "Margot-Becke-Ring", "highway": "residential", "klass": "residential", "lanes": null, "maxspeed": 30.0, "surface": "asphalt", "oneway": null }, "geometry": { "type": "LineString", "coordinates": [ [ 8.6761553, 49.3946666 ], [ 8.6757806, 49.3947181 ], [ 8.6756335, 49.3947383 ], [ 8.6750367, 49.3948203 ], [ 8.674981, 49.3948279 ] ] } },
{ "type": "Feature", "properties": { "osm_id": 1290056277, "name": "Margot-Becke-Ring", "highway": "residential", "klass": "residential", "lanes": null, "maxspeed": 30.0, "surface": "asphalt", "oneway": null }, "geometry": { "type": "LineString", "coordinates": [ [ 8.674981, 49.3948279 ], [ 8.674962, 49.3948302 ], [ 8.6746313, 49.394875 ], [ 8.6744939, 49.3948937 ], [ 8.6742024, 49.3949337 ], [ 8.6739917, 49.3949624 ], [ 8.6738723, 49.3949787 ], [ 8.6738134, 49.3949784 ] ] } },
{ "type": "Feature", "properties": { "osm_id": 1290056278, "name": "Margot-Becke-Ring", "highway": "residential", "klass": "residential", "lanes": null, "maxspeed": 30.0, "surface": "asphalt", "oneway": null }, "geometry": { "type": "LineString", "coordinates": [ [ 8.6736246, 49.3947626 ], [ 8.6735991, 49.3946844 ], [ 8.6734703, 49.3942898 ], [ 8.6734055, 49.3940911 ], [ 8.673258, 49.3936391 ] ] } },
{ "type": "Feature", "properties": { "osm_id": 1291556419, "name": "Mannheimer Straße", "highway": "tertiary", "klass": "tertiary", "lanes": 3.0, "maxspeed": 50.0, "surface": "asphalt", "oneway": null }, "geometry": { "type": "LineString", "coordinates": [ [ 8.655264, 49.4143371 ], [ 8.6558002, 49.4139167 ] ] } },
{ "type": "Feature", "properties": { "osm_id": 1291556420, "name": "Mannheimer Straße", "highway": "tertiary", "klass": "tertiary", "lanes": null, "maxspeed": 50.0, "surface": "asphalt", "oneway": null }, "geometry": { "type": "LineString", "coordinates": [ [ 8.6558002, 49.4139167 ], [ 8.6581734, 49.4123417 ] ] } },
{ "type": "Feature", "properties": { "osm_id": 1299260085, "name": null, "highway": "residential", "klass": "residential", "lanes": null, "maxspeed": null, "surface": "asphalt", "oneway": "no" }, "geometry": { "type": "LineString", "coordinates": [ [ 8.6853609, 49.3971255 ], [ 8.6852932, 49.3970914 ], [ 8.6852399, 49.3970094 ], [ 8.6852492, 49.3967523 ] ] } },
{ "type": "Feature", "properties": { "osm_id": 1299373433, "name": "Ringstraße", "highway": "primary", "klass": "primary", "lanes": 2.0, "maxspeed": 30.0, "surface": "asphalt", "oneway": "yes" }, "geometry": { "type": "LineString", "coordinates": [ [ 8.6805151, 49.4024312 ], [ 8.6802258, 49.4021646 ] ] } },
{ "type": "Feature", "properties": { "osm_id": 1299862807, "name": "Vangerowstraße", "highway": "primary", "klass": "primary", "lanes": 2.0, "maxspeed": 50.0, "surface": "asphalt", "oneway": "yes" }, "geometry": { "type": "LineString", "coordinates": [ [ 8.6769969, 49.4090261 ], [ 8.6769142, 49.4090913 ], [ 8.676853, 49.4092614 ] ] } },
{ "type": "Feature", "properties": { "osm_id": 1300299732, "name": "Saupfercheckweg", "highway": "tertiary", "klass": "tertiary", "lanes": 2.0, "maxspeed": 50.0, "surface": "asphalt", "oneway": null }, "geometry": { "type": "LineString", "coordinates": [ [ 8.7039732, 49.3904329 ], [ 8.7045183, 49.3901345 ] ] } },
{ "type": "Feature", "properties": { "osm_id": 1301633493, "name": "Gneisenaustraße", "highway": "tertiary", "klass": "tertiary", "lanes": 2.0, "maxspeed": 30.0, "surface": "asphalt", "oneway": null }, "geometry": { "type": "LineString", "coordinates": [ [ 8.6682352, 49.4076128 ], [ 8.668228, 49.4077815 ] ] } },
{ "type": "Feature", "properties": { "osm_id": 1301633501, "name": "Mannheimer Straße", "highway": "residential", "klass": "residential", "lanes": null, "maxspeed": 30.0, "surface": "asphalt", "oneway": "yes" }, "geometry": { "type": "LineString", "coordinates": [ [ 8.6683047, 49.4082995 ], [ 8.6681644, 49.4083394 ] ] } },
{ "type": "Feature", "properties": { "osm_id": 1301750343, "name": "An der Neckarspitze", "highway": "residential", "klass": "residential", "lanes": null, "maxspeed": 30.0, "surface": "asphalt", "oneway": null }, "geometry": { "type": "LineString", "coordinates": [ [ 8.6629806, 49.4100899 ], [ 8.6629958, 49.4099072 ], [ 8.6630007, 49.4098482 ] ] } },
{ "type": "Feature", "properties": { "osm_id": 1302525268, "name": "Im Neuenheimer Feld", "highway": "residential", "klass": "residential", "lanes": 2.0, "maxspeed": 30.0, "surface": "asphalt", "oneway": null }, "geometry": { "type": "LineString", "coordinates": [ [ 8.6606565, 49.4182219 ], [ 8.6611263, 49.4183308 ] ] } },
{ "type": "Feature", "properties": { "osm_id": 1302525269, "name": "Lutherstraße", "highway": "residential", "klass": "residential", "lanes": null, "maxspeed": 30.0, "surface": "asphalt", "oneway": "yes" }, "geometry": { "type": "LineString", "coordinates": [ [ 8.6903562, 49.4174859 ], [ 8.6903666, 49.4178345 ], [ 8.690382, 49.4182506 ], [ 8.6903922, 49.4185256 ] ] } },
{ "type": "Feature", "properties": { "osm_id": 1302700104, "name": "Neckarstaden", "highway": "primary", "klass": "primary", "lanes": 2.0, "maxspeed": 50.0, "surface": "asphalt", "oneway": null }, "geometry": { "type": "LineString", "coordinates": [ [ 8.7035951, 49.4129934 ], [ 8.7053762, 49.4132552 ] ] } },
{ "type": "Feature", "properties": { "osm_id": 1303244790, "name": "Plöck", "highway": "residential", "klass": "residential", "lanes": null, "maxspeed": 50.0, "surface": "asphalt", "oneway": "no" }, "geometry": { "type": "LineString", "coordinates": [ [ 8.6926265, 49.4085646 ], [ 8.6926733, 49.4085716 ], [ 8.693083, 49.4086393 ] ] } },
{ "type": "Feature", "properties": { "osm_id": 1303281802, "name": "Steubenstraße", "highway": "residential", "klass": "residential", "lanes": 2.0, "maxspeed": 30.0, "surface": "asphalt", "oneway": null }, "geometry": { "type": "LineString", "coordinates": [ [ 8.6863554, 49.427788 ], [ 8.6863837, 49.4277215 ], [ 8.6865377, 49.4274334 ], [ 8.6865479, 49.4274087 ] ] } },
{ "type": "Feature", "properties": { "osm_id": 1303281803, "name": "Steubenstraße", "highway": "residential", "klass": "residential", "lanes": 2.0, "maxspeed": 30.0, "surface": "asphalt", "oneway": null }, "geometry": { "type": "LineString", "coordinates": [ [ 8.6865647, 49.427364 ], [ 8.6867729, 49.4268762 ] ] } },
{ "type": "Feature", "properties": { "osm_id": 1303282047, "name": "Steubenstraße", "highway": "residential", "klass": "residential", "lanes": 2.0, "maxspeed": 30.0, "surface": "asphalt", "oneway": null }, "geometry": { "type": "LineString", "coordinates": [ [ 8.6865479, 49.4274087 ], [ 8.6865647, 49.427364 ] ] } },
{ "type": "Feature", "properties": { "osm_id": 1303282418, "name": "Steubenstraße", "highway": "residential", "klass": "residential", "lanes": 2.0, "maxspeed": 30.0, "surface": "asphalt", "oneway": null }, "geometry": { "type": "LineString", "coordinates": [ [ 8.6867729, 49.4268762 ], [ 8.6867824, 49.4268543 ], [ 8.686988, 49.4264043 ], [ 8.6870338, 49.4262618 ], [ 8.6871178, 49.4261369 ] ] } },
{ "type": "Feature", "properties": { "osm_id": 1303311181, "name": "Dossenheimer Landstraße", "highway": "residential", "klass": "residential", "lanes": 2.0, "maxspeed": 30.0, "surface": "asphalt", "oneway": null }, "geometry": { "type": "LineString", "coordinates": [ [ 8.6867415, 49.4278825 ], [ 8.6871069, 49.4279816 ], [ 8.687425, 49.4280735 ] ] } },
{ "type": "Feature", "properties": { "osm_id": 1303311405, "name": "Pfarrgasse", "highway": "living_street", "klass": "living_street", "lanes": null, "maxspeed": null, "surface": "asphalt", "oneway": null }, "geometry": { "type": "LineString", "coordinates": [ [ 8.6878597, 49.4262478 ], [ 8.6871178, 49.4261369 ] ] } },
{ "type": "Feature", "properties": { "osm_id": 1303478321, "name": "Tiergartenstraße", "highway": "residential", "klass": "residential", "lanes": null, "maxspeed": 30.0, "surface": "asphalt", "oneway": null }, "geometry": { "type": "LineString", "coordinates": [ [ 8.6646861, 49.413471 ], [ 8.6646531, 49.4134213 ], [ 8.6646666, 49.4133445 ] ] } },
{ "type": "Feature", "properties": { "osm_id": 1303553014, "name": "Langer Anger", "highway": "residential", "klass": "residential", "lanes": 2.0, "maxspeed": 30.0, "surface": "asphalt", "oneway": null }, "geometry": { "type": "LineString", "coordinates": [ [ 8.6713405, 49.3995751 ], [ 8.6716384, 49.3994017 ], [ 8.6719178, 49.3992332 ] ] } },
{ "type": "Feature", "properties": { "osm_id": 1303709289, "name": "Im Neuenheimer Feld", "highway": "residential", "klass": "residential", "lanes": null, "maxspeed": 30.0, "surface": "asphalt", "oneway": null }, "geometry": { "type": "LineString", "coordinates": [ [ 8.6753097, 49.4145722 ], [ 8.6753259, 49.4144356 ], [ 8.6753282, 49.4140881 ], [ 8.6753242, 49.4137719 ], [ 8.6753255, 49.4137043 ] ] } },
{ "type": "Feature", "properties": { "osm_id": 1303720584, "name": "Speyerer Straße", "highway": "primary", "klass": "primary", "lanes": 2.0, "maxspeed": 50.0, "surface": "asphalt", "oneway": "yes" }, "geometry": { "type": "LineString", "coordinates": [ [ 8.6752916, 49.3989361 ], [ 8.6749338, 49.3987624 ] ] } },
{ "type": "Feature", "properties": { "osm_id": 1304500125, "name": "Hanna-von-Hoerner-Straße", "highway": "residential", "klass": "residential", "lanes": null, "maxspeed": null, "surface": "paving_stones", "oneway": null }, "geometry": { "type": "LineString", "coordinates": [ [ 8.6652814, 49.4056857 ], [ 8.6652804, 49.4059858 ] ] } },
{ "type": "Feature", "properties": { "osm_id": 1304500126, "name": "Hanna-von-Hoerner-Straße", "highway": "residential", "klass": "residential", "lanes": 2.0, "maxspeed": null, "surface": "paving_stones", "oneway": null }, "geometry": { "type": "LineString", "coordinates": [ [ 8.6652804, 49.4059858 ], [ 8.6652796, 49.4062202 ] ] } },
{ "type": "Feature", "properties": { "osm_id": 1304500127, "name": "Hanna-von-Hoerner-Straße", "highway": "residential", "klass": "residential", "lanes": null, "maxspeed": null, "surface": "paving_stones", "oneway": null }, "geometry": { "type": "LineString", "coordinates": [ [ 8.6652796, 49.4062202 ], [ 8.6652849, 49.4064101 ] ] } },
{ "type": "Feature", "properties": { "osm_id": 1304696445, "name": "Eppelheimer Straße", "highway": "secondary", "klass": "secondary", "lanes": 2.0, "maxspeed": 50.0, "surface": "asphalt", "oneway": "yes" }, "geometry": { "type": "LineString", "coordinates": [ [ 8.6657424, 49.40535 ], [ 8.6657864, 49.4053453 ], [ 8.6659204, 49.4053309 ], [ 8.6664611, 49.4052727 ], [ 8.6667055, 49.4052481 ], [ 8.6667729, 49.4052405 ], [ 8.6668817, 49.4052279 ], [ 8.6669525, 49.4052209 ] ] } },
{ "type": "Feature", "properties": { "osm_id": 1307447345, "name": "Max-Planck-Ring", "highway": "residential", "klass": "residential", "lanes": null, "maxspeed": 30.0, "surface": "asphalt", "oneway": "no" }, "geometry": { "type": "LineString", "coordinates": [ [ 8.67476, 49.4030813 ], [ 8.6747233, 49.4030973 ] ] } },
{ "type": "Feature", "properties": { "osm_id": 1307447346, "name": "Max-Planck-Ring", "highway": "residential", "klass": "residential", "lanes": null, "maxspeed": 30.0, "surface": "asphalt", "oneway": "no" }, "geometry": { "type": "LineString", "coordinates": [ [ 8.6758361, 49.4026119 ], [ 8.6750572, 49.4029517 ] ] } },
{ "type": "Feature", "properties": { "osm_id": 1307480192, "name": "Speyerer Straße", "highway": "primary", "klass": "primary", "lanes": 2.0, "maxspeed": 50.0, "surface": "asphalt", "oneway": "yes" }, "geometry": { "type": "LineString", "coordinates": [ [ 8.6777689, 49.4000738 ], [ 8.6777997, 49.4000901 ] ] } },
{ "type": "Feature", "properties": { "osm_id": 1309351862, "name": "Gneisenaustraße", "highway": "tertiary", "klass": "tertiary", "lanes": 2.0, "maxspeed": 50.0, "surface": "asphalt", "oneway": null }, "geometry": { "type": "LineString", "coordinates": [ [ 8.6705023, 49.4059442 ], [ 8.6700703, 49.4060334 ] ] } },
{ "type": "Feature", "properties": { "osm_id": 1309351863, "name": "Gneisenaustraße", "highway": "tertiary", "klass": "tertiary", "lanes": 2.0, "maxspeed": 50.0, "surface": "asphalt", "oneway": null }, "geometry": { "type": "LineString", "coordinates": [ [ 8.6724696, 49.4055673 ], [ 8.6718061, 49.4057185 ], [ 8.6713299, 49.4058056 ], [ 8.6705023, 49.4059442 ] ] } },
{ "type": "Feature", "properties": { "osm_id": 1311451673, "name": "Bergheimer Straße", "highway": "tertiary", "klass": "tertiary", "lanes": null, "maxspeed": 30.0, "surface": "asphalt", "oneway": "yes" }, "geometry": { "type": "LineString", "coordinates": [ [ 8.6919806, 49.4090978 ], [ 8.6914166, 49.4090001 ] ] } },
{ "type": "Feature", "properties": { "osm_id": 1312881011, "name": "Czernyring", "highway": "secondary", "klass": "secondary", "lanes": 5.0, "maxspeed": 50.0, "surface": "asphalt", "oneway": null }, "geometry": { "type": "LineString", "coordinates": [ [ 8.6747566, 49.4016897 ], [ 8.6749379, 49.4015966 ], [ 8.6749721, 49.4015798 ], [ 8.6752722, 49.4014298 ] ] } },
{ "type": "Feature", "properties": { "osm_id": 1314683248, "name": "Molkenkurweg", "highway": "unclassified", "klass": "unclassified", "lanes": null, "maxspeed": null, "surface": "asphalt", "oneway": null }, "geometry": { "type": "LineString", "coordinates": [ [ 8.7149523, 49.4069273 ], [ 8.715008, 49.4070382 ] ] } },
{ "type": "Feature", "properties": { "osm_id": 1317374613, "name": "Klingenteichstraße", "highway": "tertiary", "klass": "tertiary", "lanes": 2.0, "maxspeed": 30.0, "surface": "asphalt", "oneway": null }, "geometry": { "type": "LineString", "coordinates": [ [ 8.7098091, 49.4060774 ], [ 8.7098779, 49.4060384 ], [ 8.7099208, 49.4060152 ], [ 8.7100254, 49.4059577 ], [ 8.7101165, 49.4059045 ], [ 8.7101522, 49.4058805 ] ] } },
{ "type": "Feature", "properties": { "osm_id": 1317374615, "name": "Klingenteichstraße", "highway": "tertiary", "klass": "tertiary", "lanes": 2.0, "maxspeed": 30.0, "surface": "asphalt", "oneway": null }, "geometry": { "type": "LineString", "coordinates": [ [ 8.7081309, 49.4058671 ], [ 8.7081194, 49.4058689 ], [ 8.708108, 49.4058697 ], [ 8.708096, 49.4058695 ], [ 8.7080803, 49.4058678 ], [ 8.708064, 49.4058645 ], [ 8.708058, 49.4058627 ] ] } },
{ "type": "Feature", "properties": { "osm_id": 1319287405, "name": "Schröderstraße", "highway": "residential", "klass": "residential", "lanes": 1.0, "maxspeed": 30.0, "surface": "asphalt", "oneway": "yes" }, "geometry": { "type": "LineString", "coordinates": [ [ 8.6837959, 49.4157241 ], [ 8.6838707, 49.4157229 ], [ 8.6856357, 49.415715 ], [ 8.6857181, 49.4157114 ] ] } },
{ "type": "Feature", "properties": { "osm_id": 1320369116, "name": "Kurfürsten-Anlage", "highway": "secondary", "klass": "secondary", "lanes": 2.0, "maxspeed": 50.0, "surface": "asphalt", "oneway": "yes" }, "geometry": { "type": "LineString", "coordinates": [ [ 8.6804787, 49.404646 ], [ 8.6807508, 49.4046977 ] ] } },
{ "type": "Feature", "properties": { "osm_id": 1320369117, "name": "Kurfürsten-Anlage", "highway": "secondary", "klass": "secondary", "lanes": 2.0, "maxspeed": 50.0, "surface": "asphalt", "oneway": "yes" }, "geometry": { "type": "LineString", "coordinates": [ [ 8.6751469, 49.4051826 ], [ 8.6752352, 49.4051657 ], [ 8.675373, 49.4051368 ], [ 8.6756265, 49.4050831 ], [ 8.6756997, 49.4050667 ] ] } },
{ "type": "Feature", "properties": { "osm_id": 1320369118, "name": "Kurfürsten-Anlage", "highway": "secondary", "klass": "secondary", "lanes": 3.0, "maxspeed": 50.0, "surface": "asphalt", "oneway": null }, "geometry": { "type": "LineString", "coordinates": [ [ 8.6738505, 49.4053238 ], [ 8.6736732, 49.4053553 ] ] } },
{ "type": "Feature", "properties": { "osm_id": 1322067589, "name": "Franz-Knauff-Straße", "highway": "secondary", "klass": "secondary", "lanes": 4.0, "maxspeed": 30.0, "surface": "asphalt", "oneway": "no" }, "geometry": { "type": "LineString", "coordinates": [ [ 8.6860534, 49.3987983 ], [ 8.6867133, 49.3988717 ] ] } },
{ "type": "Feature", "properties": { "osm_id": 1322067597, "name": "Franz-Knauff-Straße", "highway": "secondary", "klass": "secondary", "lanes": 3.0, "maxspeed": 30.0, "surface": "asphalt", "oneway": "no" }, "geometry": { "type": "LineString", "coordinates": [ [ 8.6881127, 49.3990343 ], [ 8.6883661, 49.3990643 ] ] } },
{ "type": "Feature", "properties": { "osm_id": 1322071511, "name": "Lessingstraße", "highway": "primary", "klass": "primary", "lanes": 2.0, "maxspeed": 50.0, "surface": "asphalt", "oneway": "yes" }, "geometry": { "type": "LineString", "coordinates": [ [ 8.6786586, 49.4028383 ], [ 8.6783697, 49.4030886 ] ] } },
{ "type": "Feature", "properties": { "osm_id": 1322333928, "name": "Max-Planck-Ring", "highway": "residential", "klass": "residential", "lanes": null, "maxspeed": 30.0, "surface": "asphalt", "oneway": "yes" }, "geometry": { "type": "LineString", "coordinates": [ [ 8.6758361, 49.4026119 ], [ 8.6757908, 49.4026758 ], [ 8.6751387, 49.4029684 ], [ 8.6750936, 49.4029887 ], [ 8.6747642, 49.4031365 ], [ 8.6741759, 49.4033926 ], [ 8.6732031, 49.4038217 ], [ 8.6730533, 49.4038973 ], [ 8.6728337, 49.4039948 ], [ 8.672755, 49.4039518 ] ] } },
{ "type": "Feature", "properties": { "osm_id": 1322333929, "name": "Max-Planck-Ring", "highway": "residential", "klass": "residential", "lanes": 2.0, "maxspeed": 30.0, "surface": "asphalt", "oneway": null }, "geometry": { "type": "LineString", "coordinates": [ [ 8.672755, 49.4039518 ], [ 8.6727044, 49.4039047 ], [ 8.6726404, 49.4038453 ], [ 8.672568, 49.403778 ], [ 8.6725083, 49.4037225 ] ] } },
{ "type": "Feature", "properties": { "osm_id": 1322333930, "name": "Max-Planck-Ring", "highway": "residential", "klass": "residential", "lanes": 3.0, "maxspeed": 30.0, "surface": "asphalt", "oneway": null }, "geometry": { "type": "LineString", "coordinates": [ [ 8.6725083, 49.4037225 ], [ 8.6720949, 49.4033276 ], [ 8.672021, 49.4032547 ] ] } },
{ "type": "Feature", "properties": { "osm_id": 1322339749, "name": "Gottlieb-Daimler-Straße", "highway": "residential", "klass": "residential", "lanes": 2.0, "maxspeed": null, "surface": "asphalt", "oneway": null }, "geometry": { "type": "LineString", "coordinates": [ [ 8.6791279, 49.3969941 ], [ 8.6789435, 49.3970908 ] ] } },
{ "type": "Feature", "properties": { "osm_id": 1322339750, "name": "Carl-Benz-Straße", "highway": "secondary", "klass": "secondary", "lanes": 2.0, "maxspeed": 50.0, "surface": "asphalt", "oneway": "yes" }, "geometry": { "type": "LineString", "coordinates": [ [ 8.6791385, 49.3981934 ], [ 8.6792441, 49.3980636 ], [ 8.6792664, 49.3980338 ] ] } },
{ "type": "Feature", "properties": { "osm_id": 1322339751, "name": "Max-Planck-Ring", "highway": "residential", "klass": "residential", "lanes": 2.0, "maxspeed": 30.0, "surface": "asphalt", "oneway": null }, "geometry": { "type": "LineString", "coordinates": [ [ 8.6754028, 49.4022272 ], [ 8.6754469, 49.4022663 ], [ 8.6754711, 49.4022879 ] ] } },
{ "type": "Feature", "properties": { "osm_id": 1322339752, "name": "Max-Planck-Ring", "highway": "residential", "klass": "residential", "lanes": 3.0, "maxspeed": 30.0, "surface": "asphalt", "oneway": null }, "geometry": { "type": "LineString", "coordinates": [ [ 8.6754711, 49.4022879 ], [ 8.6756303, 49.4024291 ] ] } },
{ "type": "Feature", "properties": { "osm_id": 1322339754, "name": "Max-Planck-Ring", "highway": "residential", "klass": "residential", "lanes": 2.0, "maxspeed": 30.0, "surface": "asphalt", "oneway": null }, "geometry": { "type": "LineString", "coordinates": [ [ 8.6756303, 49.4024291 ], [ 8.6758361, 49.4026119 ] ] } },
{ "type": "Feature", "properties": { "osm_id": 1323629357, "name": "Zähringerstraße", "highway": "living_street", "klass": "living_street", "lanes": null, "maxspeed": null, "surface": "paving_stones", "oneway": "yes" }, "geometry": { "type": "LineString", "coordinates": [ [ 8.6828514, 49.4018111 ], [ 8.681516, 49.4017469 ], [ 8.6813556, 49.4017096 ] ] } },
{ "type": "Feature", "properties": { "osm_id": 1324305389, "name": "Kleinschmidtstraße", "highway": "living_street", "klass": "living_street", "lanes": null, "maxspeed": null, "surface": "paving_stones", "oneway": null }, "geometry": { "type": "LineString", "coordinates": [ [ 8.687272, 49.4002135 ], [ 8.6873071, 49.4002235 ] ] } },
{ "type": "Feature", "properties": { "osm_id": 1328515355, "name": "Harbigweg", "highway": "residential", "klass": "residential", "lanes": null, "maxspeed": 30.0, "surface": "asphalt", "oneway": null }, "geometry": { "type": "LineString", "coordinates": [ [ 8.6685643, 49.39209 ], [ 8.6685914, 49.3921634 ], [ 8.6688963, 49.3924215 ], [ 8.6689682, 49.3924842 ] ] } },
{ "type": "Feature", "properties": { "osm_id": 1328540976, "name": "Lessingstraße", "highway": "primary", "klass": "primary", "lanes": 3.0, "maxspeed": 50.0, "surface": "asphalt", "oneway": "yes" }, "geometry": { "type": "LineString", "coordinates": [ [ 8.6768797, 49.4048695 ], [ 8.6768878, 49.4048204 ], [ 8.676903, 49.4047592 ] ] } },
{ "type": "Feature", "properties": { "osm_id": 1328540977, "name": "Kurfürsten-Anlage", "highway": "secondary", "klass": "secondary", "lanes": 2.0, "maxspeed": 50.0, "surface": "asphalt", "oneway": "yes" }, "geometry": { "type": "LineString", "coordinates": [ [ 8.6766641, 49.4048704 ], [ 8.6767293, 49.4048561 ], [ 8.6767961, 49.4048365 ] ] } },
{ "type": "Feature", "properties": { "osm_id": 1328540978, "name": "Kurfürsten-Anlage", "highway": "secondary", "klass": "secondary", "lanes": 2.0, "maxspeed": 50.0, "surface": "asphalt", "oneway": "yes" }, "geometry": { "type": "LineString", "coordinates": [ [ 8.6756997, 49.4050667 ], [ 8.6764656, 49.4049135 ], [ 8.6766641, 49.4048704 ] ] } },
{ "type": "Feature", "properties": { "osm_id": 1328540983, "name": "Karl-Metz-Straße", "highway": "residential", "klass": "residential", "lanes": 2.0, "maxspeed": null, "surface": "paving_stones", "oneway": null }, "geometry": { "type": "LineString", "coordinates": [ [ 8.6749005, 49.4053468 ], [ 8.6749003, 49.405417 ] ] } },
{ "type": "Feature", "properties": { "osm_id": 1328540984, "name": "Kurfürsten-Anlage", "highway": "secondary", "klass": "secondary", "lanes": 1.0, "maxspeed": 50.0, "surface": "asphalt", "oneway": "yes" }, "geometry": { "type": "LineString", "coordinates": [ [ 8.6751115, 49.4052523 ], [ 8.6750046, 49.4052336 ], [ 8.6749204, 49.4052176 ] ] } },
{ "type": "Feature", "properties": { "osm_id": 1328540989, "name": "Kurfürsten-Anlage", "highway": "secondary", "klass": "secondary", "lanes": 1.0, "maxspeed": 50.0, "surface": "asphalt", "oneway": "yes" }, "geometry": { "type": "LineString", "coordinates": [ [ 8.675426, 49.4051987 ], [ 8.6752819, 49.4052279 ], [ 8.6751947, 49.4052441 ], [ 8.6751115, 49.4052523 ] ] } },
{ "type": "Feature", "properties": { "osm_id": 1328540990, "name": "Kurfürsten-Anlage", "highway": "secondary", "klass": "secondary", "lanes": 2.0, "maxspeed": 50.0, "surface": "asphalt", "oneway": "yes" }, "geometry": { "type": "LineString", "coordinates": [ [ 8.6756674, 49.4051489 ], [ 8.675426, 49.4051987 ] ] } },
{ "type": "Feature", "properties": { "osm_id": 1328540992, "name": "Kurfürsten-Anlage", "highway": "secondary", "klass": "secondary", "lanes": 4.0, "maxspeed": 50.0, "surface": "asphalt", "oneway": null }, "geometry": { "type": "LineString", "coordinates": [ [ 8.6743626, 49.4052523 ], [ 8.6742552, 49.4052602 ], [ 8.6741533, 49.4052738 ], [ 8.6738505, 49.4053238 ] ] } },
{ "type": "Feature", "properties": { "osm_id": 1328540995, "name": "Kurfürsten-Anlage", "highway": "secondary", "klass": "secondary", "lanes": 2.0, "maxspeed": 50.0, "surface": "asphalt", "oneway": null }, "geometry": { "type": "LineString", "coordinates": [ [ 8.6736732, 49.4053553 ], [ 8.6735258, 49.405378 ] ] } },
{ "type": "Feature", "properties": { "osm_id": 1329065126, "name": "Feuerbachstraße", "highway": "residential", "klass": "residential", "lanes": 3.0, "maxspeed": 30.0, "surface": "asphalt", "oneway": null }, "geometry": { "type": "LineString", "coordinates": [ [ 8.6860191, 49.3935354 ], [ 8.685988, 49.3935342 ] ] } },
{ "type": "Feature", "properties": { "osm_id": 1330179593, "name": "Elsa-Brändström-Straße", "highway": "residential", "klass": "residential", "lanes": null, "maxspeed": 30.0, "surface": "asphalt", "oneway": null }, "geometry": { "type": "LineString", "coordinates": [ [ 8.6844683, 49.3913199 ], [ 8.6844085, 49.3920222 ] ] } },
{ "type": "Feature", "properties": { "osm_id": 1331935206, "name": "Burgstraße", "highway": "residential", "klass": "residential", "lanes": null, "maxspeed": 30.0, "surface": "asphalt", "oneway": "yes" }, "geometry": { "type": "LineString", "coordinates": [ [ 8.6857364, 49.4291566 ], [ 8.685714, 49.4292077 ], [ 8.6853677, 49.4296443 ] ] } },
{ "type": "Feature", "properties": { "osm_id": 1347278689, "name": "Molkenkurweg", "highway": "unclassified", "klass": "unclassified", "lanes": null, "maxspeed": 30.0, "surface": "asphalt", "oneway": null }, "geometry": { "type": "LineString", "coordinates": [ [ 8.7191856, 49.4084584 ], [ 8.7195569, 49.4084531 ], [ 8.7200603, 49.4084371 ], [ 8.7201684, 49.4084381 ], [ 8.7203071, 49.4084433 ], [ 8.7204514, 49.4084563 ], [ 8.7205461, 49.4084674 ], [ 8.7207173, 49.4084886 ], [ 8.7207649, 49.4084968 ], [ 8.7208012, 49.408503 ], [ 8.7208268, 49.4085114 ], [ 8.7208517, 49.4085244 ], [ 8.7208713, 49.4085419 ], [ 8.720887, 49.4085625 ], [ 8.7208939, 49.4085847 ], [ 8.720898, 49.4086103 ], [ 8.7208936, 49.4086394 ], [ 8.720884, 49.408661 ], [ 8.7208684, 49.4086752 ] ] } },
{ "type": "Feature", "properties": { "osm_id": 1348807465, "name": "Kopernikusstraße", "highway": "residential", "klass": "residential", "lanes": null, "maxspeed": 30.0, "surface": "asphalt", "oneway": null }, "geometry": { "type": "LineString", "coordinates": [ [ 8.6689588, 49.4033463 ], [ 8.6690572, 49.4035457 ], [ 8.6690839, 49.4035998 ], [ 8.6692693, 49.4039824 ] ] } },
{ "type": "Feature", "properties": { "osm_id": 1348807466, "name": "Eppelheimer Straße", "highway": "unclassified", "klass": "unclassified", "lanes": 1.0, "maxspeed": 50.0, "surface": "asphalt", "oneway": "yes" }, "geometry": { "type": "LineString", "coordinates": [ [ 8.6521374, 49.4055702 ], [ 8.6525487, 49.4056626 ], [ 8.6529032, 49.4057499 ] ] } },
{ "type": "Feature", "properties": { "osm_id": 1355818006, "name": "Kühruhweg", "highway": "tertiary", "klass": "tertiary", "lanes": 2.0, "maxspeed": null, "surface": "asphalt", "oneway": null }, "geometry": { "type": "LineString", "coordinates": [ [ 8.7081799, 49.3939275 ], [ 8.7084609, 49.3940326 ], [ 8.7084989, 49.3940454 ], [ 8.7085336, 49.3940544 ], [ 8.7085684, 49.3940616 ], [ 8.7086029, 49.394065 ], [ 8.7086575, 49.3940682 ], [ 8.7087138, 49.3940651 ] ] } },
{ "type": "Feature", "properties": { "osm_id": 1360949986, "name": "Dantestraße", "highway": "tertiary", "klass": "tertiary", "lanes": 1.0, "maxspeed": 30.0, "surface": "asphalt", "oneway": "yes" }, "geometry": { "type": "LineString", "coordinates": [ [ 8.6910866, 49.4002333 ], [ 8.6909883, 49.4002508 ], [ 8.6909487, 49.400258 ], [ 8.6909091, 49.4002652 ], [ 8.6907966, 49.4002829 ], [ 8.6907072, 49.4002982 ] ] } },
{ "type": "Feature", "properties": { "osm_id": 1377179949, "name": "Salomon-Calvi-Straße", "highway": "residential", "klass": "residential", "lanes": null, "maxspeed": 20.0, "surface": "asphalt", "oneway": null }, "geometry": { "type": "LineString", "coordinates": [ [ 8.6742024, 49.3949337 ], [ 8.6742883, 49.3951943 ] ] } },
{ "type": "Feature", "properties": { "osm_id": 1377179950, "name": "Palo-Alto-Platz", "highway": "living_street", "klass": "living_street", "lanes": null, "maxspeed": null, "surface": "paving_stones", "oneway": null }, "geometry": { "type": "LineString", "coordinates": [ [ 8.675911, 49.3940226 ], [ 8.6759477, 49.3940439 ], [ 8.6759757, 49.394106 ], [ 8.6759878, 49.3941437 ], [ 8.6759923, 49.3941578 ], [ 8.6759959, 49.3941689 ], [ 8.6760914, 49.3944664 ], [ 8.6761261, 49.3945743 ], [ 8.6761553, 49.3946666 ] ] } },
{ "type": "Feature", "properties": { "osm_id": 1378122079, "name": "Kirschnerstraße", "highway": "residential", "klass": "residential", "lanes": null, "maxspeed": 30.0, "surface": "asphalt", "oneway": null }, "geometry": { "type": "LineString", "coordinates": [ [ 8.6752647, 49.4136016 ], [ 8.6753873, 49.4135719 ] ] } },
{ "type": "Feature", "properties": { "osm_id": 1381163248, "name": "Nadlerstraße", "highway": "residential", "klass": "residential", "lanes": 1.0, "maxspeed": null, "surface": "asphalt", "oneway": "yes" }, "geometry": { "type": "LineString", "coordinates": [ [ 8.6955949, 49.4084495 ], [ 8.6958127, 49.4079187 ], [ 8.6958401, 49.4078408 ] ] } },
{ "type": "Feature", "properties": { "osm_id": 1381167299, "name": "Friedrich-Ebert-Anlage", "highway": "residential", "klass": "residential", "lanes": null, "maxspeed": null, "surface": "asphalt", "oneway": "yes" }, "geometry": { "type": "LineString", "coordinates": [ [ 8.6957914, 49.4076762 ], [ 8.69612, 49.4077505 ] ] } },
{ "type": "Feature", "properties": { "osm_id": 1381167463, "name": "Friedrich-Ebert-Anlage", "highway": "residential", "klass": "residential", "lanes": null, "maxspeed": null, "surface": "asphalt", "oneway": "yes" }, "geometry": { "type": "LineString", "coordinates": [ [ 8.6966398, 49.4078681 ], [ 8.6966986, 49.4078814 ] ] } },
{ "type": "Feature", "properties": { "osm_id": 1381167558, "name": "Friedrich-Ebert-Anlage", "highway": "residential", "klass": "residential", "lanes": null, "maxspeed": null, "surface": "asphalt", "oneway": "yes" }, "geometry": { "type": "LineString", "coordinates": [ [ 8.69612, 49.4077505 ], [ 8.6966398, 49.4078681 ] ] } },
{ "type": "Feature", "properties": { "osm_id": 1381657859, "name": "Schneidmühlstraße", "highway": "residential", "klass": "residential", "lanes": null, "maxspeed": null, "surface": "paving_stones", "oneway": "yes" }, "geometry": { "type": "LineString", "coordinates": [ [ 8.6917331, 49.4100902 ], [ 8.6916059, 49.4105594 ] ] } },
{ "type": "Feature", "properties": { "osm_id": 1387775867, "name": "Baumschulenweg", "highway": "tertiary", "klass": "tertiary", "lanes": 1.0, "maxspeed": 50.0, "surface": "asphalt", "oneway": "yes" }, "geometry": { "type": "LineString", "coordinates": [ [ 8.671211, 49.3969185 ], [ 8.6708638, 49.3968803 ], [ 8.6705161, 49.396842 ], [ 8.6702495, 49.3967858 ] ] } },
{ "type": "Feature", "properties": { "osm_id": 1387775913, "name": "Baumschulenweg", "highway": "tertiary", "klass": "tertiary", "lanes": 2.0, "maxspeed": 50.0, "surface": "asphalt", "oneway": "yes" }, "geometry": { "type": "LineString", "coordinates": [ [ 8.6707878, 49.3966534 ], [ 8.6709004, 49.3966147 ] ] } },
{ "type": "Feature", "properties": { "osm_id": 1389830986, "name": "Da-Vinci-Straße", "highway": "residential", "klass": "residential", "lanes": null, "maxspeed": 30.0, "surface": "asphalt", "oneway": null }, "geometry": { "type": "LineString", "coordinates": [ [ 8.6668952, 49.4051294 ], [ 8.6669086, 49.4051498 ], [ 8.6669525, 49.4052209 ] ] } },
{ "type": "Feature", "properties": { "osm_id": 1390752663, "name": "Zollhofgarten", "highway": "living_street", "klass": "living_street", "lanes": null, "maxspeed": null, "surface": "sett", "oneway": null }, "geometry": { "type": "LineString", "coordinates": [ [ 8.6694733, 49.4019108 ], [ 8.6687648, 49.4020639 ], [ 8.6685207, 49.4021137 ] ] } },
{ "type": "Feature", "properties": { "osm_id": 1390762199, "name": "Grüne Meile", "highway": "unclassified", "klass": "unclassified", "lanes": 1.0, "maxspeed": 30.0, "surface": "asphalt", "oneway": "yes" }, "geometry": { "type": "LineString", "coordinates": [ [ 8.6700086, 49.4029719 ], [ 8.6701708, 49.4029378 ], [ 8.6710465, 49.4027452 ], [ 8.6711957, 49.4027124 ], [ 8.6712997, 49.4026965 ] ] } },
{ "type": "Feature", "properties": { "osm_id": 1390762898, "name": "Grüne Meile", "highway": "unclassified", "klass": "unclassified", "lanes": 1.0, "maxspeed": 30.0, "surface": "asphalt", "oneway": "yes" }, "geometry": { "type": "LineString", "coordinates": [ [ 8.6712633, 49.4028088 ], [ 8.6711936, 49.4028221 ], [ 8.6702182, 49.403031 ], [ 8.6700551, 49.4030655 ] ] } },
{ "type": "Feature", "properties": { "osm_id": 1396050998, "name": "Hanna-von-Hoerner-Straße", "highway": "residential", "klass": "residential", "lanes": 2.0, "maxspeed": 30.0, "surface": "asphalt", "oneway": null }, "geometry": { "type": "LineString", "coordinates": [ [ 8.659113, 49.4070234 ], [ 8.6597962, 49.4069664 ], [ 8.660507, 49.4069245 ], [ 8.6613189, 49.4068693 ] ] } },
{ "type": "Feature", "properties": { "osm_id": 1396051001, "name": null, "highway": "residential", "klass": "residential", "lanes": 2.0, "maxspeed": 30.0, "surface": "asphalt", "oneway": null }, "geometry": { "type": "LineString", "coordinates": [ [ 8.6613189, 49.4068693 ], [ 8.6613592, 49.4068589 ], [ 8.6613967, 49.4068415 ], [ 8.6614215, 49.4068179 ], [ 8.6614457, 49.4067812 ], [ 8.6614645, 49.4067228 ], [ 8.6614725, 49.4066477 ], [ 8.6614803, 49.4060718 ], [ 8.6614807, 49.406035 ], [ 8.6614785, 49.4060106 ], [ 8.6614781, 49.4059845 ], [ 8.6614801, 49.4059409 ] ] } },
{ "type": "Feature", "properties": { "osm_id": 1396053523, "name": "Eppelheimer Straße", "highway": "secondary", "klass": "secondary", "lanes": 1.0, "maxspeed": 50.0, "surface": "asphalt", "oneway": "yes" }, "geometry": { "type": "LineString", "coordinates": [ [ 8.6630463, 49.4056705 ], [ 8.6632095, 49.4056447 ], [ 8.6635656, 49.4055967 ], [ 8.6639812, 49.4055503 ], [ 8.6640916, 49.4055373 ] ] } },
{ "type": "Feature", "properties": { "osm_id": 1396053524, "name": "Eppelheimer Straße", "highway": "secondary", "klass": "secondary", "lanes": 1.0, "maxspeed": 50.0, "surface": "asphalt", "oneway": "yes" }, "geometry": { "type": "LineString", "coordinates": [ [ 8.6625104, 49.4057553 ], [ 8.6630463, 49.4056705 ] ] } },
{ "type": "Feature", "properties": { "osm_id": 1396053525, "name": "Eppelheimer Straße", "highway": "secondary", "klass": "secondary", "lanes": 1.0, "maxspeed": 50.0, "surface": "asphalt", "oneway": "yes" }, "geometry": { "type": "LineString", "coordinates": [ [ 8.6630903, 49.4057448 ], [ 8.6627694, 49.4057962 ], [ 8.6626224, 49.4058211 ], [ 8.6625404, 49.405835 ] ] } },
{ "type": "Feature", "properties": { "osm_id": 1396053764, "name": "Agnesistraße", "highway": "residential", "klass": "residential", "lanes": 2.0, "maxspeed": 30.0, "surface": "asphalt", "oneway": null }, "geometry": { "type": "LineString", "coordinates": [ [ 8.6625104, 49.4057553 ], [ 8.6624982, 49.4057227 ], [ 8.6624085, 49.4054845 ] ] } },
{ "type": "Feature", "properties": { "osm_id": 1408786484, "name": "Bergstraße", "highway": "residential", "klass": "residential", "lanes": 1.0, "maxspeed": 30.0, "surface": "asphalt", "oneway": null }, "geometry": { "type": "LineString", "coordinates": [ [ 8.6933452, 49.4141588 ], [ 8.6933506, 49.4140367 ] ] } },
{ "type": "Feature", "properties": { "osm_id": 1412206268, "name": "Schwalbenweg", "highway": "residential", "klass": "residential", "lanes": null, "maxspeed": 30.0, "surface": "asphalt", "oneway": null }, "geometry": { "type": "LineString", "coordinates": [ [ 8.6541278, 49.3992618 ], [ 8.6523939, 49.3990552 ] ] } },
{ "type": "Feature", "properties": { "osm_id": 1412224963, "name": "Henkel-Teroson-Straße", "highway": "tertiary", "klass": "tertiary", "lanes": 3.0, "maxspeed": 30.0, "surface": "asphalt", "oneway": null }, "geometry": { "type": "LineString", "coordinates": [ [ 8.6517286, 49.4059674 ], [ 8.6516564, 49.4064562 ] ] } },
{ "type": "Feature", "properties": { "osm_id": 1415475433, "name": "Bierhelderhofweg", "highway": "tertiary", "klass": "tertiary", "lanes": 2.0, "maxspeed": null, "surface": "asphalt", "oneway": null }, "geometry": { "type": "LineString", "coordinates": [ [ 8.7026714, 49.39187 ], [ 8.702637, 49.3918315 ], [ 8.7026247, 49.3918154 ], [ 8.7026151, 49.3918017 ], [ 8.7026055, 49.3917845 ], [ 8.7025982, 49.3917665 ], [ 8.7025924, 49.3917461 ], [ 8.7025888, 49.3917201 ], [ 8.7025878, 49.3916981 ], [ 8.7025892, 49.3916759 ], [ 8.7025922, 49.3916549 ], [ 8.7025979, 49.3916311 ], [ 8.7026043, 49.3916124 ], [ 8.702613, 49.391593 ], [ 8.7026232, 49.3915741 ], [ 8.7026345, 49.3915576 ], [ 8.7026513, 49.3915356 ], [ 8.7026767, 49.3915076 ], [ 8.702759, 49.3914182 ], [ 8.7028193, 49.3913519 ], [ 8.7028683, 49.3912982 ], [ 8.7028883, 49.3912762 ], [ 8.7030464, 49.3911057 ], [ 8.7031299, 49.3910166 ], [ 8.7032081, 49.3909351 ] ] } },
{ "type": "Feature", "properties": { "osm_id": 1415475434, "name": "Steigerweg", "highway": "tertiary", "klass": "tertiary", "lanes": 2.0, "maxspeed": null, "surface": "asphalt", "oneway": null }, "geometry": { "type": "LineString", "coordinates": [ [ 8.696575, 49.3961209 ], [ 8.6965767, 49.3961127 ], [ 8.6965816, 49.3961042 ], [ 8.6965964, 49.3960883 ], [ 8.6966193, 49.3960725 ], [ 8.696645, 49.3960611 ], [ 8.696679, 49.3960525 ], [ 8.696707, 49.3960506 ], [ 8.6967367, 49.3960517 ], [ 8.6968015, 49.3960594 ], [ 8.6968933, 49.396075 ], [ 8.6970307, 49.3960951 ], [ 8.6971092, 49.3961034 ], [ 8.6971779, 49.3961077 ], [ 8.6972627, 49.3961113 ], [ 8.697329, 49.3961108 ], [ 8.6973787, 49.3961091 ], [ 8.6974709, 49.3961037 ], [ 8.6975485, 49.3960964 ], [ 8.6977156, 49.3960768 ], [ 8.697886, 49.3960487 ], [ 8.6980356, 49.3960195 ] ] } },
{ "type": "Feature", "properties": { "osm_id": 1421294376, "name": "Czernyring", "highway": "secondary", "klass": "secondary", "lanes": 4.0, "maxspeed": 50.0, "surface": "asphalt", "oneway": null }, "geometry": { "type": "LineString", "coordinates": [ [ 8.6709346, 49.4039418 ], [ 8.6711231, 49.4037871 ] ] } },
{ "type": "Feature", "properties": { "osm_id": 1421294377, "name": "Czernyring", "highway": "secondary", "klass": "secondary", "lanes": 4.0, "maxspeed": 50.0, "surface": "asphalt", "oneway": null }, "geometry": { "type": "LineString", "coordinates": [ [ 8.6703205, 49.4044439 ], [ 8.67041, 49.4043686 ], [ 8.6709346, 49.4039418 ] ] } },
{ "type": "Feature", "properties": { "osm_id": 1421294378, "name": "Czernyring", "highway": "secondary", "klass": "secondary", "lanes": 4.0, "maxspeed": 50.0, "surface": "asphalt", "oneway": null }, "geometry": { "type": "LineString", "coordinates": [ [ 8.6701759, 49.4045516 ], [ 8.6703205, 49.4044439 ] ] } },
{ "type": "Feature", "properties": { "osm_id": 1421391506, "name": "Czernyring", "highway": "secondary", "klass": "secondary", "lanes": 2.0, "maxspeed": 50.0, "surface": "asphalt", "oneway": "yes" }, "geometry": { "type": "LineString", "coordinates": [ [ 8.6768489, 49.4003556 ], [ 8.6770478, 49.4002451 ] ] } },
{ "type": "Feature", "properties": { "osm_id": 1421391508, "name": "Czernyring", "highway": "secondary", "klass": "secondary", "lanes": 3.0, "maxspeed": 50.0, "surface": "asphalt", "oneway": "yes" }, "geometry": { "type": "LineString", "coordinates": [ [ 8.6752722, 49.4014298 ], [ 8.6753325, 49.4013625 ], [ 8.6760034, 49.4010195 ] ] } },
{ "type": "Feature", "properties": { "osm_id": 1421391509, "name": "Czernyring", "highway": "secondary", "klass": "secondary", "lanes": 5.0, "maxspeed": 50.0, "surface": "asphalt", "oneway": null }, "geometry": { "type": "LineString", "coordinates": [ [ 8.6741342, 49.4020008 ], [ 8.6742628, 49.4019372 ], [ 8.6744588, 49.4018403 ] ] } },
{ "type": "Feature", "properties": { "osm_id": 1421391510, "name": "Czernyring", "highway": "secondary", "klass": "secondary", "lanes": 5.0, "maxspeed": 50.0, "surface": "asphalt", "oneway": null }, "geometry": { "type": "LineString", "coordinates": [ [ 8.6737944, 49.4021688 ], [ 8.6738585, 49.4021371 ], [ 8.6741342, 49.4020008 ] ] } },
{ "type": "Feature", "properties": { "osm_id": 1421391511, "name": "Czernyring", "highway": "secondary", "klass": "secondary", "lanes": 5.0, "maxspeed": 50.0, "surface": "asphalt", "oneway": null }, "geometry": { "type": "LineString", "coordinates": [ [ 8.6720893, 49.4030509 ], [ 8.6721359, 49.4030227 ], [ 8.6724393, 49.4028437 ] ] } },
{ "type": "Feature", "properties": { "osm_id": 1421401608, "name": "Langer Anger", "highway": "residential", "klass": "residential", "lanes": 2.0, "maxspeed": 50.0, "surface": "asphalt", "oneway": null }, "geometry": { "type": "LineString", "coordinates": [ [ 8.6731344, 49.398494 ], [ 8.673195, 49.3984529 ], [ 8.6732407, 49.398422 ] ] } },
{ "type": "Feature", "properties": { "osm_id": 1421401609, "name": "Kirchheimer Weg", "highway": "tertiary", "klass": "tertiary", "lanes": 1.0, "maxspeed": 30.0, "surface": "asphalt", "oneway": "yes" }, "geometry": { "type": "LineString", "coordinates": [ [ 8.6762139, 49.3931248 ], [ 8.6762591, 49.3932285 ] ] } },
{ "type": "Feature", "properties": { "osm_id": 1421472595, "name": null, "highway": "trunk", "klass": "trunk", "lanes": 2.0, "maxspeed": 70.0, "surface": "asphalt", "oneway": "yes" }, "geometry": { "type": "LineString", "coordinates": [ [ 8.6687741, 49.4081833 ], [ 8.6683105, 49.4082068 ], [ 8.6678718, 49.4082234 ] ] } },
{ "type": "Feature", "properties": { "osm_id": 1422630289, "name": "Tiergartenstraße", "highway": "residential", "klass": "residential", "lanes": 3.0, "maxspeed": 30.0, "surface": "asphalt", "oneway": null }, "geometry": { "type": "LineString", "coordinates": [ [ 8.6638931, 49.4151924 ], [ 8.6639616, 49.4151789 ], [ 8.6642774, 49.4151068 ], [ 8.6646493, 49.4150184 ] ] } },
{ "type": "Feature", "properties": { "osm_id": 1422630290, "name": "Tiergartenstraße", "highway": "residential", "klass": "residential", "lanes": 2.0, "maxspeed": 30.0, "surface": "asphalt", "oneway": null }, "geometry": { "type": "LineString", "coordinates": [ [ 8.6646493, 49.4150184 ], [ 8.6647391, 49.4149968 ], [ 8.6650226, 49.4149276 ] ] } },
{ "type": "Feature", "properties": { "osm_id": 1422645018, "name": "Goeppert-Mayer-Straße", "highway": "residential", "klass": "residential", "lanes": null, "maxspeed": 30.0, "surface": "asphalt", "oneway": null }, "geometry": { "type": "LineString", "coordinates": [ [ 8.673137, 49.401129 ], [ 8.6738758, 49.4009558 ] ] } },
{ "type": "Feature", "properties": { "osm_id": 1425015962, "name": "Im Neuenheimer Feld", "highway": "residential", "klass": "residential", "lanes": null, "maxspeed": null, "surface": "asphalt", "oneway": "no" }, "geometry": { "type": "LineString", "coordinates": [ [ 8.6678458, 49.4187828 ], [ 8.6678397, 49.4186741 ], [ 8.6678231, 49.4184123 ], [ 8.667806, 49.4181225 ] ] } },
{ "type": "Feature", "properties": { "osm_id": 1426684537, "name": "Häusserstraße", "highway": "living_street", "klass": "living_street", "lanes": null, "maxspeed": null, "surface": "asphalt", "oneway": "yes" }, "geometry": { "type": "LineString", "coordinates": [ [ 8.6888503, 49.3997837 ], [ 8.6889561, 49.4000953 ] ] } },
{ "type": "Feature", "properties": { "osm_id": 1426684538, "name": "Häusserstraße", "highway": "living_street", "klass": "living_street", "lanes": null, "maxspeed": null, "surface": "asphalt", "oneway": "yes" }, "geometry": { "type": "LineString", "coordinates": [ [ 8.6889561, 49.4000953 ], [ 8.6890158, 49.4002713 ], [ 8.6890236, 49.4002943 ], [ 8.6891159, 49.4005663 ] ] } },
{ "type": "Feature", "properties": { "osm_id": 1427216880, "name": "Max-Jarecki-Straße", "highway": "residential", "klass": "residential", "lanes": 1.0, "maxspeed": 30.0, "surface": "asphalt", "oneway": "yes" }, "geometry": { "type": "LineString", "coordinates": [ [ 8.6725054, 49.4012998 ], [ 8.672568, 49.4013317 ], [ 8.6729314, 49.4018844 ], [ 8.6729279, 49.4019388 ] ] } },
{ "type": "Feature", "properties": { "osm_id": 1427216881, "name": "Max-Jarecki-Straße", "highway": "residential", "klass": "residential", "lanes": 1.0, "maxspeed": 30.0, "surface": "asphalt", "oneway": null }, "geometry": { "type": "LineString", "coordinates": [ [ 8.6724495, 49.4012161 ], [ 8.6724841, 49.4012663 ], [ 8.6724945, 49.4012814 ], [ 8.6725054, 49.4012998 ] ] } },
{ "type": "Feature", "properties": { "osm_id": 1427261563, "name": "Schwetzinger Terrasse", "highway": "living_street", "klass": "living_street", "lanes": null, "maxspeed": null, "surface": "asphalt", "oneway": null }, "geometry": { "type": "LineString", "coordinates": [ [ 8.6712688, 49.3986182 ], [ 8.6712534, 49.3986254 ], [ 8.6712347, 49.3986342 ] ] } },
{ "type": "Feature", "properties": { "osm_id": 1427261572, "name": null, "highway": "living_street", "klass": "living_street", "lanes": null, "maxspeed": null, "surface": "paving_stones", "oneway": "yes" }, "geometry": { "type": "LineString", "coordinates": [ [ 8.668116, 49.40014 ], [ 8.668084, 49.4001555 ] ] } },
{ "type": "Feature", "properties": { "osm_id": 1431696986, "name": "Alte Bergheimer Straße", "highway": "residential", "klass": "residential", "lanes": null, "maxspeed": 30.0, "surface": "asphalt", "oneway": "yes" }, "geometry": { "type": "LineString", "coordinates": [ [ 8.6861765, 49.4076229 ], [ 8.6860876, 49.407608 ] ] } },
{ "type": "Feature", "properties": { "osm_id": 1431696987, "name": "Alte Bergheimer Straße", "highway": "residential", "klass": "residential", "lanes": null, "maxspeed": 30.0, "surface": "asphalt", "oneway": "yes" }, "geometry": { "type": "LineString", "coordinates": [ [ 8.6860876, 49.407608 ], [ 8.6858923, 49.4075753 ], [ 8.6857406, 49.40755 ] ] } },
{ "type": "Feature", "properties": { "osm_id": 1431954481, "name": "Margot-Becke-Ring", "highway": "residential", "klass": "residential", "lanes": null, "maxspeed": 30.0, "surface": "paving_stones", "oneway": null }, "geometry": { "type": "LineString", "coordinates": [ [ 8.6721301, 49.3936933 ], [ 8.671945, 49.3937186 ], [ 8.6717023, 49.3937519 ], [ 8.6707876, 49.3938779 ], [ 8.670714, 49.3938904 ], [ 8.6706673, 49.3938983 ], [ 8.6705712, 49.3939307 ] ] } },
{ "type": "Feature", "properties": { "osm_id": 1442563132, "name": "Margot-Becke-Ring", "highway": "residential", "klass": "residential", "lanes": null, "maxspeed": 30.0, "surface": "paving_stones", "oneway": null }, "geometry": { "type": "LineString", "coordinates": [ [ 8.6732332, 49.3935629 ], [ 8.6730903, 49.3935589 ], [ 8.6722491, 49.3936766 ], [ 8.6721301, 49.3936933 ] ] } },
{ "type": "Feature", "properties": { "osm_id": 1451075407, "name": "Rottmannstraße", "highway": "secondary", "klass": "secondary", "lanes": 1.0, "maxspeed": 50.0, "surface": null, "oneway": "yes" }, "geometry": { "type": "LineString", "coordinates": [ [ 8.6831157, 49.4262835 ], [ 8.6831728, 49.42629 ], [ 8.6832064, 49.4262914 ], [ 8.6832464, 49.4262943 ], [ 8.6832973, 49.4262906 ] ] } },
{ "type": "Feature", "properties": { "osm_id": 1452289306, "name": "Vangerowstraße", "highway": "primary", "klass": "primary", "lanes": 4.0, "maxspeed": 50.0, "surface": "asphalt", "oneway": null }, "geometry": { "type": "LineString", "coordinates": [ [ 8.6723564, 49.4088428 ], [ 8.6724251, 49.4088401 ], [ 8.6725677, 49.4088352 ] ] } },
{ "type": "Feature", "properties": { "osm_id": 1452294309, "name": "Vangerowstraße", "highway": "primary", "klass": "primary", "lanes": 5.0, "maxspeed": 50.0, "surface": "asphalt", "oneway": null }, "geometry": { "type": "LineString", "coordinates": [ [ 8.6743191, 49.4088857 ], [ 8.6743878, 49.4088978 ], [ 8.6745418, 49.4089385 ], [ 8.6747135, 49.4090064 ] ] } },
{ "type": "Feature", "properties": { "osm_id": 1452294310, "name": "Vangerowstraße", "highway": "secondary", "klass": "secondary", "lanes": 1.0, "maxspeed": 50.0, "surface": "asphalt", "oneway": "yes" }, "geometry": { "type": "LineString", "coordinates": [ [ 8.6747221, 49.4087787 ], [ 8.6749704, 49.4087781 ], [ 8.6752449, 49.4087774 ], [ 8.6755855, 49.4087728 ], [ 8.6759863, 49.4087721 ], [ 8.6766556, 49.408766 ] ] } },
{ "type": "Feature", "properties": { "osm_id": 1454001658, "name": "Rohrbacher Straße", "highway": "secondary", "klass": "secondary", "lanes": 2.0, "maxspeed": 50.0, "surface": "asphalt", "oneway": null }, "geometry": { "type": "LineString", "coordinates": [ [ 8.6902349, 49.3919857 ], [ 8.6902329, 49.3920132 ], [ 8.6902272, 49.3920931 ], [ 8.6902241, 49.3921368 ], [ 8.6902136, 49.3922842 ], [ 8.6901723, 49.3928034 ], [ 8.6901431, 49.3930683 ], [ 8.6901089, 49.3933997 ] ] } },
{ "type": "Feature", "properties": { "osm_id": 1454029993, "name": "Mönchbergsteige", "highway": "residential", "klass": "residential", "lanes": null, "maxspeed": 30.0, "surface": "asphalt", "oneway": null }, "geometry": { "type": "LineString", "coordinates": [ [ 8.6938472, 49.4177064 ], [ 8.6944114, 49.418176 ] ] } },
{ "type": "Feature", "properties": { "osm_id": 1454029994, "name": "Mönchbergsteige", "highway": "residential", "klass": "residential", "lanes": null, "maxspeed": 30.0, "surface": "asphalt", "oneway": null }, "geometry": { "type": "LineString", "coordinates": [ [ 8.6937515, 49.4176291 ], [ 8.6938472, 49.4177064 ] ] } },
{ "type": "Feature", "properties": { "osm_id": 1459638751, "name": "Blücherstraße", "highway": "tertiary", "klass": "tertiary", "lanes": 2.0, "maxspeed": 30.0, "surface": "asphalt", "oneway": "no" }, "geometry": { "type": "LineString", "coordinates": [ [ 8.6685342, 49.407093 ], [ 8.668339, 49.4070963 ] ] } },
{ "type": "Feature", "properties": { "osm_id": 1459952154, "name": "Grüne Meile", "highway": "unclassified", "klass": "unclassified", "lanes": 2.0, "maxspeed": 30.0, "surface": "asphalt", "oneway": null }, "geometry": { "type": "LineString", "coordinates": [ [ 8.6718724, 49.4031199 ], [ 8.6719189, 49.4031595 ] ] } },
{ "type": "Feature", "properties": { "osm_id": 1465214373, "name": null, "highway": "tertiary", "klass": "tertiary", "lanes": 2.0, "maxspeed": null, "surface": "asphalt", "oneway": null }, "geometry": { "type": "LineString", "coordinates": [ [ 8.6557913, 49.4068671 ], [ 8.6557833, 49.4067762 ], [ 8.6557834, 49.4067169 ], [ 8.6558694, 49.406557 ], [ 8.6559969, 49.4064148 ], [ 8.656324, 49.4062995 ], [ 8.657193, 49.4061425 ], [ 8.6575283, 49.4060866 ], [ 8.6583987, 49.4058571 ], [ 8.6586012, 49.4058615 ], [ 8.6587313, 49.4059461 ], [ 8.6588395, 49.4062549 ], [ 8.6588521, 49.4062909 ], [ 8.6588667, 49.4063169 ] ] } },
{ "type": "Feature", "properties": { "osm_id": 1467810131, "name": "Hebelstraße", "highway": "secondary", "klass": "secondary", "lanes": 5.0, "maxspeed": 50.0, "surface": "asphalt", "oneway": "no" }, "geometry": { "type": "LineString", "coordinates": [ [ 8.6847282, 49.3973413 ], [ 8.6847861, 49.3973441 ] ] } },
{ "type": "Feature", "properties": { "osm_id": 1467810132, "name": "Hebelstraße", "highway": "secondary", "klass": "secondary", "lanes": 3.0, "maxspeed": 50.0, "surface": "asphalt", "oneway": "no" }, "geometry": { "type": "LineString", "coordinates": [ [ 8.6841562, 49.3973234 ], [ 8.6842398, 49.3973268 ] ] } },
{ "type": "Feature", "properties": { "osm_id": 1467810133, "name": "Hebelstraße", "highway": "secondary", "klass": "secondary", "lanes": 3.0, "maxspeed": 50.0, "surface": "asphalt", "oneway": null }, "geometry": { "type": "LineString", "coordinates": [ [ 8.6816413, 49.397218 ], [ 8.6812661, 49.3972009 ] ] } },
{ "type": "Feature", "properties": { "osm_id": 1467821637, "name": "Speyerer Straße", "highway": "primary", "klass": "primary", "lanes": 2.0, "maxspeed": 50.0, "surface": "asphalt", "oneway": "yes" }, "geometry": { "type": "LineString", "coordinates": [ [ 8.6669405, 49.3932723 ], [ 8.6674244, 49.3936767 ] ] } },
{ "type": "Feature", "properties": { "osm_id": 1467821638, "name": "Speyerer Straße", "highway": "primary", "klass": "primary", "lanes": 2.0, "maxspeed": 50.0, "surface": "asphalt", "oneway": "yes" }, "geometry": { "type": "LineString", "coordinates": [ [ 8.6675283, 49.3939038 ], [ 8.6668391, 49.3933251 ] ] } },
{ "type": "Feature", "properties": { "osm_id": 1467821639, "name": "Speyerer Straße", "highway": "primary", "klass": "primary", "lanes": 2.0, "maxspeed": 50.0, "surface": "asphalt", "oneway": "yes" }, "geometry": { "type": "LineString", "coordinates": [ [ 8.6680931, 49.3943847 ], [ 8.6678521, 49.3941831 ] ] } },
{ "type": "Feature", "properties": { "osm_id": 1470289268, "name": "Schwalbenweg", "highway": "residential", "klass": "residential", "lanes": 1.0, "maxspeed": 30.0, "surface": "asphalt", "oneway": "yes" }, "geometry": { "type": "LineString", "coordinates": [ [ 8.6544832, 49.3992315 ], [ 8.6545504, 49.3992357 ] ] } },
{ "type": "Feature", "properties": { "osm_id": 1473734278, "name": null, "highway": "tertiary", "klass": "tertiary", "lanes": null, "maxspeed": null, "surface": "asphalt", "oneway": null }, "geometry": { "type": "LineString", "coordinates": [ [ 8.6588667, 49.4063169 ], [ 8.6588861, 49.4063516 ], [ 8.6589005, 49.4063772 ], [ 8.6589208, 49.4064134 ] ] } },
{ "type": "Feature", "properties": { "osm_id": 1476869755, "name": "Bergheimer Straße", "highway": "tertiary", "klass": "tertiary", "lanes": null, "maxspeed": 30.0, "surface": "asphalt", "oneway": "yes" }, "geometry": { "type": "LineString", "coordinates": [ [ 8.6842112, 49.4077499 ], [ 8.6843508, 49.4077556 ] ] } },
{ "type": "Feature", "properties": { "osm_id": 1476869756, "name": "Bergheimer Straße", "highway": "tertiary", "klass": "tertiary", "lanes": null, "maxspeed": 30.0, "surface": "asphalt", "oneway": "yes" }, "geometry": { "type": "LineString", "coordinates": [ [ 8.6830645, 49.4077569 ], [ 8.6831602, 49.4077558 ], [ 8.6839645, 49.4077414 ], [ 8.6841381, 49.4077471 ], [ 8.6842112, 49.4077499 ] ] } },
{ "type": "Feature", "properties": { "osm_id": 1476869757, "name": "Römerstraße", "highway": "tertiary", "klass": "tertiary", "lanes": null, "maxspeed": 30.0, "surface": "asphalt", "oneway": "yes" }, "geometry": { "type": "LineString", "coordinates": [ [ 8.6842112, 49.4077499 ], [ 8.6842324, 49.4076892 ] ] } },
{ "type": "Feature", "properties": { "osm_id": 1476869758, "name": "Römerstraße", "highway": "tertiary", "klass": "tertiary", "lanes": null, "maxspeed": 30.0, "surface": "asphalt", "oneway": "yes" }, "geometry": { "type": "LineString", "coordinates": [ [ 8.6842299, 49.4078048 ], [ 8.6842112, 49.4077499 ] ] } },
{ "type": "Feature", "properties": { "osm_id": 1476869760, "name": "Alte Eppelheimer Straße", "highway": "residential", "klass": "residential", "lanes": null, "maxspeed": 30.0, "surface": "asphalt", "oneway": null }, "geometry": { "type": "LineString", "coordinates": [ [ 8.6842725, 49.4073119 ], [ 8.6843487, 49.4073234 ] ] } },
{ "type": "Feature", "properties": { "osm_id": 1476869763, "name": "Alte Bergheimer Straße", "highway": "residential", "klass": "residential", "lanes": null, "maxspeed": 30.0, "surface": "asphalt", "oneway": "yes" }, "geometry": { "type": "LineString", "coordinates": [ [ 8.6844334, 49.4073369 ], [ 8.6843487, 49.4073234 ] ] } },
{ "type": "Feature", "properties": { "osm_id": 1488681100, "name": "Rohrbacher Straße", "highway": "secondary", "klass": "secondary", "lanes": 2.0, "maxspeed": 50.0, "surface": "asphalt", "oneway": null }, "geometry": { "type": "LineString", "coordinates": [ [ 8.6895038, 49.3981599 ], [ 8.6895024, 49.3981375 ] ] } },
{ "type": "Feature", "properties": { "osm_id": 1488681101, "name": "Rohrbacher Straße", "highway": "secondary", "klass": "secondary", "lanes": 1.0, "maxspeed": 50.0, "surface": "asphalt", "oneway": "yes" }, "geometry": { "type": "LineString", "coordinates": [ [ 8.6897633, 49.3991047 ], [ 8.6897564, 49.3990846 ], [ 8.689747, 49.3990645 ], [ 8.6897338, 49.3990453 ], [ 8.6897107, 49.3990154 ], [ 8.6896454, 49.398939 ] ] } },
{ "type": "Feature", "properties": { "osm_id": 1491191254, "name": "Eppelheimer Straße", "highway": "secondary", "klass": "secondary", "lanes": 1.0, "maxspeed": 50.0, "surface": "asphalt", "oneway": "yes" }, "geometry": { "type": "LineString", "coordinates": [ [ 8.6599894, 49.4062807 ], [ 8.6597999, 49.4063062 ], [ 8.6596812, 49.4063196 ], [ 8.6595487, 49.4063345 ], [ 8.6591837, 49.4063804 ], [ 8.6590741, 49.4063941 ], [ 8.6589208, 49.4064134 ] ] } },
{ "type": "Feature", "properties": { "osm_id": 1492940297, "name": "Römerkreis", "highway": "secondary", "klass": "secondary", "lanes": 3.0, "maxspeed": 50.0, "surface": "asphalt", "oneway": "yes" }, "geometry": { "type": "LineString", "coordinates": [ [ 8.6849261, 49.405837 ], [ 8.6848877, 49.4058528 ] ] } },
{ "type": "Feature", "properties": { "osm_id": 1494752841, "name": "Ringstraße", "highway": "primary", "klass": "primary", "lanes": 2.0, "maxspeed": 30.0, "surface": "asphalt", "oneway": "yes" }, "geometry": { "type": "LineString", "coordinates": [ [ 8.6802756, 49.40194 ], [ 8.6803627, 49.4020216 ], [ 8.6803671, 49.4020257 ] ] } },
{ "type": "Feature", "properties": { "osm_id": 1494752843, "name": "Speyerer Straße", "highway": "primary", "klass": "primary", "lanes": 3.0, "maxspeed": 50.0, "surface": "asphalt", "oneway": "yes" }, "geometry": { "type": "LineString", "coordinates": [ [ 8.6796364, 49.4014127 ], [ 8.6798027, 49.4015499 ] ] } },
{ "type": "Feature", "properties": { "osm_id": 1494752844, "name": "Speyerer Straße", "highway": "primary", "klass": "primary", "lanes": 2.0, "maxspeed": 50.0, "surface": "asphalt", "oneway": "yes" }, "geometry": { "type": "LineString", "coordinates": [ [ 8.6796969, 49.4017212 ], [ 8.6795937, 49.4016286 ] ] } },
{ "type": "Feature", "properties": { "osm_id": 1497282039, "name": "Carl-Friedrich-Gauß-Ring", "highway": "residential", "klass": "residential", "lanes": null, "maxspeed": 50.0, "surface": "asphalt", "oneway": null }, "geometry": { "type": "LineString", "coordinates": [ [ 8.6705712, 49.3939307 ], [ 8.6706253, 49.3939409 ], [ 8.6706619, 49.3939573 ], [ 8.6707013, 49.3939819 ], [ 8.6707841, 49.3940436 ], [ 8.6708495, 49.3940956 ], [ 8.6712231, 49.3944057 ], [ 8.671276, 49.39445 ], [ 8.6713654, 49.3945249 ], [ 8.6714033, 49.3945594 ], [ 8.6717034, 49.3948062 ] ] } },
{ "type": "Feature", "properties": { "osm_id": 1498081303, "name": "Eppelheimer Straße", "highway": "secondary", "klass": "secondary", "lanes": 1.0, "maxspeed": 50.0, "surface": "asphalt", "oneway": "yes" }, "geometry": { "type": "LineString", "coordinates": [ [ 8.6640916, 49.4055373 ], [ 8.6646836, 49.4054678 ], [ 8.6650877, 49.4054204 ], [ 8.6657424, 49.40535 ] ] } },
{ "type": "Feature", "properties": { "osm_id": 1498081304, "name": "Eppelheimer Straße", "highway": "secondary", "klass": "secondary", "lanes": 1.0, "maxspeed": 50.0, "surface": "asphalt", "oneway": "yes" }, "geometry": { "type": "LineString", "coordinates": [ [ 8.6669525, 49.4052209 ], [ 8.6670412, 49.4052122 ], [ 8.6671467, 49.4052031 ], [ 8.6672318, 49.4051976 ], [ 8.6673429, 49.4051912 ], [ 8.6675022, 49.4051842 ], [ 8.6676479, 49.4051782 ], [ 8.6677996, 49.4051688 ], [ 8.6680012, 49.4051433 ] ] } },
{ "type": "Feature", "properties": { "osm_id": 1498081305, "name": "Eppelheimer Straße", "highway": "secondary", "klass": "secondary", "lanes": 2.0, "maxspeed": 50.0, "surface": "asphalt", "oneway": "yes" }, "geometry": { "type": "LineString", "coordinates": [ [ 8.6669915, 49.405284 ], [ 8.6669201, 49.4052928 ], [ 8.6667923, 49.4053099 ], [ 8.6663245, 49.4053726 ], [ 8.6661475, 49.4053935 ], [ 8.665968, 49.4054117 ], [ 8.6658664, 49.4054228 ] ] } },
{ "type": "Feature", "properties": { "osm_id": 1498081307, "name": "Eppelheimer Straße", "highway": "secondary", "klass": "secondary", "lanes": 1.0, "maxspeed": 50.0, "surface": "asphalt", "oneway": "yes" }, "geometry": { "type": "LineString", "coordinates": [ [ 8.6658664, 49.4054228 ], [ 8.6657647, 49.405434 ], [ 8.6655245, 49.4054603 ], [ 8.6652724, 49.4054882 ], [ 8.664717, 49.4055493 ], [ 8.6642727, 49.4056 ], [ 8.6639993, 49.4056278 ], [ 8.6636709, 49.4056661 ], [ 8.6632252, 49.4057225 ], [ 8.6630903, 49.4057448 ] ] } },
{ "type": "Feature", "properties": { "osm_id": 1498081309, "name": "Eppelheimer Straße", "highway": "secondary", "klass": "secondary", "lanes": 1.0, "maxspeed": 50.0, "surface": "asphalt", "oneway": "yes" }, "geometry": { "type": "LineString", "coordinates": [ [ 8.6683418, 49.4052132 ], [ 8.6682567, 49.4052197 ], [ 8.6681136, 49.4052299 ], [ 8.667904, 49.4052399 ] ] } },
{ "type": "Feature", "properties": { "osm_id": 1499367209, "name": "Alte Eppelheimer Straße", "highway": "residential", "klass": "residential", "lanes": null, "maxspeed": 30.0, "surface": "asphalt", "oneway": null }, "geometry": { "type": "LineString", "coordinates": [ [ 8.6801796, 49.4063752 ], [ 8.6802405, 49.4063741 ], [ 8.6810394, 49.4064458 ], [ 8.681107, 49.4064515 ], [ 8.6823776, 49.4065559 ] ] } },
{ "type": "Feature", "properties": { "osm_id": 1509984554, "name": "Pfälzer Straße", "highway": "residential", "klass": "residential", "lanes": null, "maxspeed": 30.0, "surface": "asphalt", "oneway": null }, "geometry": { "type": "LineString", "coordinates": [ [ 8.6503793, 49.4182071 ], [ 8.6500682, 49.4189233 ] ] } },
{ "type": "Feature", "properties": { "osm_id": 1509984555, "name": "Pfälzer Straße", "highway": "residential", "klass": "residential", "lanes": null, "maxspeed": 30.0, "surface": "asphalt", "oneway": null }, "geometry": { "type": "LineString", "coordinates": [ [ 8.6500682, 49.4189233 ], [ 8.649976, 49.4191914 ], [ 8.6497734, 49.4197145 ], [ 8.6496732, 49.4199631 ], [ 8.6496491, 49.4200299 ], [ 8.6495345, 49.4204057 ] ] } },
{ "type": "Feature", "properties": { "osm_id": 1510191660, "name": "Oberfeldstraße", "highway": "residential", "klass": "residential", "lanes": null, "maxspeed": 30.0, "surface": "asphalt", "oneway": null }, "geometry": { "type": "LineString", "coordinates": [ [ 8.6500682, 49.4189233 ], [ 8.6515386, 49.4191842 ], [ 8.6520695, 49.4192733 ] ] } },
{ "type": "Feature", "properties": { "osm_id": 1510974171, "name": "Mannheimer Straße", "highway": "tertiary", "klass": "tertiary", "lanes": null, "maxspeed": 30.0, "surface": "asphalt", "oneway": null }, "geometry": { "type": "LineString", "coordinates": [ [ 8.6510379, 49.4213791 ], [ 8.6513865, 49.4207111 ], [ 8.6516579, 49.4201537 ] ] } },
{ "type": "Feature", "properties": { "osm_id": 1511630966, "name": "Am Lerchenbuckel", "highway": "residential", "klass": "residential", "lanes": null, "maxspeed": 30.0, "surface": "asphalt", "oneway": null }, "geometry": { "type": "LineString", "coordinates": [ [ 8.6516025, 49.4161711 ], [ 8.6513153, 49.4161467 ], [ 8.6510745, 49.4161259 ], [ 8.6508167, 49.4161006 ], [ 8.6505011, 49.4160814 ], [ 8.649954, 49.4160404 ] ] } },
{ "type": "Feature", "properties": { "osm_id": 1519625036, "name": "Langgewann", "highway": "residential", "klass": "residential", "lanes": null, "maxspeed": 30.0, "surface": "asphalt", "oneway": null }, "geometry": { "type": "LineString", "coordinates": [ [ 8.6778172, 49.4210245 ], [ 8.677687, 49.4210223 ] ] } },
{ "type": "Feature", "properties": { "osm_id": 1521214722, "name": "Kinzigweg", "highway": "residential", "klass": "residential", "lanes": null, "maxspeed": 10.0, "surface": "asphalt", "oneway": null }, "geometry": { "type": "LineString", "coordinates": [ [ 8.6503327, 49.4111127 ], [ 8.6503154, 49.4110518 ], [ 8.6501858, 49.410592 ] ] } },
{ "type": "Feature", "properties": { "osm_id": 1521214723, "name": "Kinzigweg", "highway": "residential", "klass": "residential", "lanes": null, "maxspeed": 10.0, "surface": "asphalt", "oneway": null }, "geometry": { "type": "LineString", "coordinates": [ [ 8.6500689, 49.4111501 ], [ 8.6503327, 49.4111127 ] ] } },
{ "type": "Feature", "properties": { "osm_id": 1523985760, "name": "Berliner Straße", "highway": "primary", "klass": "primary", "lanes": 3.0, "maxspeed": 50.0, "surface": "asphalt", "oneway": "yes" }, "geometry": { "type": "LineString", "coordinates": [ [ 8.6761752, 49.4170106 ], [ 8.6761881, 49.4169143 ] ] } },
{ "type": "Feature", "properties": { "osm_id": 1524802462, "name": null, "highway": "trunk", "klass": "trunk", "lanes": 2.0, "maxspeed": 30.0, "surface": "asphalt", "oneway": "yes" }, "geometry": { "type": "LineString", "coordinates": [ [ 8.6688553, 49.4081784 ], [ 8.6687741, 49.4081833 ] ] } },
{ "type": "Feature", "properties": { "osm_id": 1526734828, "name": "Kriegsstraße", "highway": "residential", "klass": "residential", "lanes": null, "maxspeed": 30.0, "surface": "asphalt", "oneway": null }, "geometry": { "type": "LineString", "coordinates": [ [ 8.6849287, 49.4288977 ], [ 8.685469, 49.4290772 ] ] } },
{ "type": "Feature", "properties": { "osm_id": 1526734829, "name": "Kriegsstraße", "highway": "residential", "klass": "residential", "lanes": null, "maxspeed": 30.0, "surface": "asphalt", "oneway": null }, "geometry": { "type": "LineString", "coordinates": [ [ 8.685469, 49.4290772 ], [ 8.6856684, 49.4291403 ], [ 8.6857364, 49.4291566 ] ] } },
{ "type": "Feature", "properties": { "osm_id": 1548056978, "name": "Belfortstraße", "highway": "residential", "klass": "residential", "lanes": null, "maxspeed": 30.0, "surface": "asphalt", "oneway": null }, "geometry": { "type": "LineString", "coordinates": [ [ 8.679122, 49.4033942 ], [ 8.6789705, 49.4032673 ] ] } },
{ "type": "Feature", "properties": { "osm_id": 1548057323, "name": "Belfortstraße", "highway": "residential", "klass": "residential", "lanes": null, "maxspeed": 30.0, "surface": "asphalt", "oneway": "no" }, "geometry": { "type": "LineString", "coordinates": [ [ 8.6786947, 49.4031006 ], [ 8.6786501, 49.4030899 ], [ 8.6785895, 49.4030887 ], [ 8.6784989, 49.403087 ] ] } },
{ "type": "Feature", "properties": { "osm_id": 1548057425, "name": "Wörthstraße", "highway": "residential", "klass": "residential", "lanes": null, "maxspeed": 30.0, "surface": "asphalt", "oneway": "no" }, "geometry": { "type": "LineString", "coordinates": [ [ 8.6796951, 49.4029003 ], [ 8.6789705, 49.4032673 ] ] } },
{ "type": "Feature", "properties": { "osm_id": 1558145907, "name": "Carl-Friedrich-Gauß-Ring", "highway": "residential", "klass": "residential", "lanes": 1.0, "maxspeed": 50.0, "surface": "asphalt", "oneway": "yes" }, "geometry": { "type": "LineString", "coordinates": [ [ 8.6713028, 49.3965269 ], [ 8.6714744, 49.3965168 ], [ 8.671623, 49.3965007 ] ] } },
{ "type": "Feature", "properties": { "osm_id": 1558145908, "name": "Carl-Friedrich-Gauß-Ring", "highway": "residential", "klass": "residential", "lanes": 1.0, "maxspeed": null, "surface": "asphalt", "oneway": "yes" }, "geometry": { "type": "LineString", "coordinates": [ [ 8.6714479, 49.3966419 ], [ 8.671445, 49.3966855 ], [ 8.6714432, 49.396731 ] ] } },
{ "type": "Feature", "properties": { "osm_id": 1563501026, "name": "Steigerweg", "highway": "tertiary", "klass": "tertiary", "lanes": 2.0, "maxspeed": null, "surface": "asphalt", "oneway": "no" }, "geometry": { "type": "LineString", "coordinates": [ [ 8.6979855, 49.3962859 ], [ 8.6979321, 49.3962861 ], [ 8.6976885, 49.396282 ], [ 8.6974602, 49.3962729 ], [ 8.6972117, 49.3962603 ], [ 8.6969995, 49.3962466 ], [ 8.6968128, 49.3962309 ], [ 8.6967222, 49.3962199 ], [ 8.6966886, 49.3962127 ], [ 8.6966622, 49.3962055 ], [ 8.696643, 49.3961987 ], [ 8.6966203, 49.3961866 ], [ 8.6966029, 49.3961738 ], [ 8.6965857, 49.3961578 ], [ 8.6965793, 49.3961485 ], [ 8.6965753, 49.3961372 ], [ 8.696575, 49.3961209 ] ] } },
{ "type": "Feature", "properties": { "osm_id": 1564188911, "name": "Berliner Straße", "highway": "primary", "klass": "primary", "lanes": 1.0, "maxspeed": 50.0, "surface": "asphalt", "oneway": "yes" }, "geometry": { "type": "LineString", "coordinates": [ [ 8.6826128, 49.4259939 ], [ 8.6825443, 49.4259283 ] ] } },
{ "type": "Feature", "properties": { "osm_id": 1564188912, "name": "Berliner Straße", "highway": "primary", "klass": "primary", "lanes": 1.0, "maxspeed": 50.0, "surface": "asphalt", "oneway": "yes" }, "geometry": { "type": "LineString", "coordinates": [ [ 8.6827532, 49.4261199 ], [ 8.6826679, 49.4260459 ], [ 8.6826128, 49.4259939 ] ] } },
{ "type": "Feature", "properties": { "osm_id": 1565507062, "name": "Kirchheimer Weg", "highway": "tertiary", "klass": "tertiary", "lanes": 1.0, "maxspeed": 30.0, "surface": "asphalt", "oneway": "yes" }, "geometry": { "type": "LineString", "coordinates": [ [ 8.6770289, 49.3947691 ], [ 8.6769266, 49.3945521 ] ] } }
]
}
