{
"type": "FeatureCollection",
"name": "heidelberg_birds_2023",
"crs": { "type": "name", "properties": { "name": "urn:ogc:def:crs:OGC:1.3:CRS84" } },
"features": [
{ "type": "Feature", "properties": { "key": 4018117887, "species": "Corvus corone", "scientificName": "Corvus corone Linnaeus, 1758", "eventDate": "2023-01-11T12:27:25Z", "uncertainty_m": null }, "geometry": { "type": "Point", "coordinates": [ 8.704116, 49.413052 ] } },
{ "type": "Feature", "properties": { "key": 4018119810, "species": "Cyanistes caeruleus", "scientificName": "Cyanistes caeruleus (Linnaeus, 1758)", "eventDate": "2023-01-11T15:49:00Z", "uncertainty_m": 8.0 }, "geometry": { "type": "Point", "coordinates": [ 8.554995, 49.428403 ] } },
{ "type": "Feature", "properties": { "key": 4018133851, "species": "Phalacrocorax carbo", "scientificName": "Phalacrocorax carbo (Linnaeus, 1758)", "eventDate": "2023-01-11T11:58:48Z", "uncertainty_m": null }, "geometry": { "type": "Point", "coordinates": [ 8.777302, 49.410398 ] } },
{ "type": "Feature", "properties": { "key": 4018139869, "species": "Cyanistes caeruleus", "scientificName": "Cyanistes caeruleus (Linnaeus, 1758)", "eventDate": "2023-01-11T15:49:04Z", "uncertainty_m": 8.0 }, "geometry": { "type": "Point", "coordinates": [ 8.554937, 49.428355 ] } },
{ "type": "Feature", "properties": { "key": 4018147870, "species": "Alopochen aegyptiaca", "scientificName": "Alopochen aegyptiaca (Linnaeus, 1766)", "eventDate": "2023-01-11T11:56:46Z", "uncertainty_m": null }, "geometry": { "type": "Point", "coordinates": [ 8.776435, 49.410163 ] } },
{ "type": "Feature", "properties": { "key": 4018163980, "species": "Parus major", "scientificName": "Parus major Linnaeus, 1758", "eventDate": "2023-01-12T16:15:59Z", "uncertainty_m": 32.0 }, "geometry": { "type": "Point", "coordinates": [ 8.554962, 49.428445 ] } },
{ "type": "Feature", "properties": { "key": 4018252914, "species": "Parus major", "scientificName": "Parus major Linnaeus, 1758", "eventDate": "2023-01-11T15:42:22Z", "uncertainty_m": 8.0 }, "geometry": { "type": "Point", "coordinates": [ 8.555087, 49.428303 ] } },
{ "type": "Feature", "properties": { "key": 4018279908, "species": "Sitta europaea", "scientificName": "Sitta europaea Linnaeus, 1758", "eventDate": "2023-01-11T15:49:04Z", "uncertainty_m": 8.0 }, "geometry": { "type": "Point", "coordinates": [ 8.554963, 49.428355 ] } },
{ "type": "Feature", "properties": { "key": 4018353476, "species": "Dryocopus martius", "scientificName": "Dryocopus martius (Linnaeus, 1758)", "eventDate": "2023-01-17T15:52:19Z", "uncertainty_m": 6.0 }, "geometry": { "type": "Point", "coordinates": [ 8.561444, 49.41792 ] } },
{ "type": "Feature", "properties": { "key": 4018361894, "species": "Anas platyrhynchos", "scientificName": "Anas platyrhynchos Linnaeus, 1758", "eventDate": "2023-01-11T11:58:04Z", "uncertainty_m": null }, "geometry": { "type": "Point", "coordinates": [ 8.777302, 49.410398 ] } },
{ "type": "Feature", "properties": { "key": 4018370477, "species": "Parus major", "scientificName": "Parus major Linnaeus, 1758", "eventDate": "2023-01-17T15:18:35Z", "uncertainty_m": 12.0 }, "geometry": { "type": "Point", "coordinates": [ 8.562822, 49.416007 ] } },
{ "type": "Feature", "properties": { "key": 4018373444, "species": "Dendrocopos major", "scientificName": "Dendrocopos major (Linnaeus, 1758)", "eventDate": "2023-01-17T16:01:34Z", "uncertainty_m": 8.0 }, "geometry": { "type": "Point", "coordinates": [ 8.558662, 49.418122 ] } },
{ "type": "Feature", "properties": { "key": 4018428448, "species": "Dendrocopos major", "scientificName": "Dendrocopos major (Linnaeus, 1758)", "eventDate": "2023-01-17T15:40:20Z", "uncertainty_m": 16.0 }, "geometry": { "type": "Point", "coordinates": [ 8.563181, 49.416693 ] } },
{ "type": "Feature", "properties": { "key": 4018429473, "species": "Anas platyrhynchos", "scientificName": "Anas platyrhynchos Linnaeus, 1758", "eventDate": "2023-01-17T14:02:10Z", "uncertainty_m": 6.0 }, "geometry": { "type": "Point", "coordinates": [ 8.675708, 49.477112 ] } },
{ "type": "Feature", "properties": { "key": 4018450430, "species": "Parus major", "scientificName": "Parus major Linnaeus, 1758", "eventDate": "2023-01-17T15:23:16Z", "uncertainty_m": 16.0 }, "geometry": { "type": "Point", "coordinates": [ 8.563001, 49.415973 ] } },
{ "type": "Feature", "properties": { "key": 4018455467, "species": "Parus major", "scientificName": "Parus major Linnaeus, 1758", "eventDate": "2023-01-17T15:25:52Z", "uncertainty_m": 6.0 }, "geometry": { "type": "Point", "coordinates": [ 8.563482, 49.416283 ] } },
{ "type": "Feature", "properties": { "key": 4018463469, "species": "Picus viridis", "scientificName": "Picus viridis Linnaeus, 1758", "eventDate": "2023-01-17T15:59:53Z", "uncertainty_m": 8.0 }, "geometry": { "type": "Point", "coordinates": [ 8.558697, 49.418128 ] } },
{ "type": "Feature", "properties": { "key": 4018466448, "species": "Turdus viscivorus", "scientificName": "Turdus viscivorus Linnaeus, 1758", "eventDate": "2023-01-17T15:30:56Z", "uncertainty_m": 16.0 }, "geometry": { "type": "Point", "coordinates": [ 8.563127, 49.416666 ] } },
{ "type": "Feature", "properties": { "key": 4018475882, "species": "Cyanistes caeruleus", "scientificName": "Cyanistes caeruleus (Linnaeus, 1758)", "eventDate": "2023-01-11T15:56:19Z", "uncertainty_m": 6.0 }, "geometry": { "type": "Point", "coordinates": [ 8.550742, 49.427974 ] } },
{ "type": "Feature", "properties": { "key": 4018531464, "species": "Dendrocoptes medius", "scientificName": "Dendrocoptes medius (Linnaeus, 1758)", "eventDate": "2023-01-17T15:34:22Z", "uncertainty_m": 24.0 }, "geometry": { "type": "Point", "coordinates": [ 8.56323, 49.41658 ] } },
{ "type": "Feature", "properties": { "key": 4018592459, "species": "Parus major", "scientificName": "Parus major Linnaeus, 1758", "eventDate": "2023-01-17T15:16:12Z", "uncertainty_m": 8.0 }, "geometry": { "type": "Point", "coordinates": [ 8.562823, 49.416034 ] } },
{ "type": "Feature", "properties": { "key": 4021968800, "species": "Strix aluco", "scientificName": "Strix aluco Linnaeus, 1758", "eventDate": "2023-01-21T10:59:00Z", "uncertainty_m": 33.0 }, "geometry": { "type": "Point", "coordinates": [ 8.701172, 49.442845 ] } },
{ "type": "Feature", "properties": { "key": 4022098463, "species": "Parus major", "scientificName": "Parus major Linnaeus, 1758", "eventDate": "2023-01-21T11:21:00Z", "uncertainty_m": 31.0 }, "geometry": { "type": "Point", "coordinates": [ 8.697538, 49.440635 ] } },
{ "type": "Feature", "properties": { "key": 4022136310, "species": "Turdus viscivorus", "scientificName": "Turdus viscivorus Linnaeus, 1758", "eventDate": "2023-01-23T16:22:47Z", "uncertainty_m": 12.0 }, "geometry": { "type": "Point", "coordinates": [ 8.560259, 49.424916 ] } },
{ "type": "Feature", "properties": { "key": 4022182746, "species": "Buteo buteo", "scientificName": "Buteo buteo (Linnaeus, 1758)", "eventDate": "2023-01-21T11:03:00Z", "uncertainty_m": 61.0 }, "geometry": { "type": "Point", "coordinates": [ 8.700778, 49.442834 ] } },
{ "type": "Feature", "properties": { "key": 4022224349, "species": "Parus major", "scientificName": "Parus major Linnaeus, 1758", "eventDate": "2023-01-21T09:52:00Z", "uncertainty_m": 16.0 }, "geometry": { "type": "Point", "coordinates": [ 8.684591, 49.435509 ] } },
{ "type": "Feature", "properties": { "key": 4022250033, "species": "Chroicocephalus ridibundus", "scientificName": "Chroicocephalus ridibundus (Linnaeus, 1766)", "eventDate": "2023-01-22T15:31:27Z", "uncertainty_m": null }, "geometry": { "type": "Point", "coordinates": [ 8.797478, 49.395658 ] } },
{ "type": "Feature", "properties": { "key": 4022299137, "species": "Chloris chloris", "scientificName": "Chloris chloris (Linnaeus, 1758)", "eventDate": "2023-01-21T09:55:00Z", "uncertainty_m": 13.0 }, "geometry": { "type": "Point", "coordinates": [ 8.689685, 49.434737 ] } },
{ "type": "Feature", "properties": { "key": 4022314789, "species": "Turdus viscivorus", "scientificName": "Turdus viscivorus Linnaeus, 1758", "eventDate": "2023-01-23T15:31:46Z", "uncertainty_m": 6.0 }, "geometry": { "type": "Point", "coordinates": [ 8.564978, 49.417811 ] } },
{ "type": "Feature", "properties": { "key": 4022342656, "species": "Parus major", "scientificName": "Parus major Linnaeus, 1758", "eventDate": "2023-01-23T15:39:54Z", "uncertainty_m": 6.0 }, "geometry": { "type": "Point", "coordinates": [ 8.558766, 49.418089 ] } },
{ "type": "Feature", "properties": { "key": 4022348405, "species": "Cyanistes caeruleus", "scientificName": "Cyanistes caeruleus (Linnaeus, 1758)", "eventDate": "2023-01-21T09:52:00Z", "uncertainty_m": 15.0 }, "geometry": { "type": "Point", "coordinates": [ 8.684278, 49.435371 ] } },
{ "type": "Feature", "properties": { "key": 4022369391, "species": "Fringilla coelebs", "scientificName": "Fringilla coelebs Linnaeus, 1758", "eventDate": "2023-01-21T11:22:00Z", "uncertainty_m": 31.0 }, "geometry": { "type": "Point", "coordinates": [ 8.697174, 49.440788 ] } },
{ "type": "Feature", "properties": { "key": 4022375607, "species": "Turdus viscivorus", "scientificName": "Turdus viscivorus Linnaeus, 1758", "eventDate": "2023-01-22T15:35:34Z", "uncertainty_m": 6.0 }, "geometry": { "type": "Point", "coordinates": [ 8.555494, 49.417967 ] } },
{ "type": "Feature", "properties": { "key": 4028608231, "species": "Chroicocephalus ridibundus", "scientificName": "Chroicocephalus ridibundus (Linnaeus, 1766)", "eventDate": "2023-01-24T16:36:00Z", "uncertainty_m": 1.0 }, "geometry": { "type": "Point", "coordinates": [ 8.799526, 49.394822 ] } },
{ "type": "Feature", "properties": { "key": 4028716851, "species": "Dendrocopos major", "scientificName": "Dendrocopos major (Linnaeus, 1758)", "eventDate": "2023-01-29T10:11:00Z", "uncertainty_m": 15.0 }, "geometry": { "type": "Point", "coordinates": [ 8.649788, 49.431489 ] } },
{ "type": "Feature", "properties": { "key": 4028724025, "species": "Accipiter nisus", "scientificName": "Accipiter nisus (Linnaeus, 1758)", "eventDate": "2023-01-26T09:54:52Z", "uncertainty_m": 1015.0 }, "geometry": { "type": "Point", "coordinates": [ 8.567108, 49.380263 ] } },
{ "type": "Feature", "properties": { "key": 4028747039, "species": "Troglodytes troglodytes", "scientificName": "Troglodytes troglodytes (Linnaeus, 1758)", "eventDate": "2023-01-29T11:52:00Z", "uncertainty_m": 15.0 }, "geometry": { "type": "Point", "coordinates": [ 8.608288, 49.456881 ] } },
{ "type": "Feature", "properties": { "key": 4028794273, "species": "Corvus corone", "scientificName": "Corvus corone Linnaeus, 1758", "eventDate": "2023-01-29T11:11:00Z", "uncertainty_m": 8.0 }, "geometry": { "type": "Point", "coordinates": [ 8.609224, 49.454283 ] } },
{ "type": "Feature", "properties": { "key": 4028875113, "species": "Rallus aquaticus", "scientificName": "Rallus aquaticus Linnaeus, 1758", "eventDate": "2023-01-29T11:19:00Z", "uncertainty_m": 10.0 }, "geometry": { "type": "Point", "coordinates": [ 8.608704, 49.455669 ] } },
{ "type": "Feature", "properties": { "key": 4028876240, "species": "Ardea cinerea", "scientificName": "Ardea cinerea Linnaeus, 1758", "eventDate": "2023-01-29T11:41:00Z", "uncertainty_m": 8.0 }, "geometry": { "type": "Point", "coordinates": [ 8.60846, 49.455537 ] } },
{ "type": "Feature", "properties": { "key": 4028938549, "species": "Ardea cinerea", "scientificName": "Ardea cinerea Linnaeus, 1758", "eventDate": "2023-01-24T16:22:00Z", "uncertainty_m": 3.0 }, "geometry": { "type": "Point", "coordinates": [ 8.805173, 49.392854 ] } },
{ "type": "Feature", "properties": { "key": 4028956641, "species": "Anas platyrhynchos", "scientificName": "Anas platyrhynchos Linnaeus, 1758", "eventDate": "2023-01-23T16:35:00Z", "uncertainty_m": 10.0 }, "geometry": { "type": "Point", "coordinates": [ 8.796144, 49.395575 ] } },
{ "type": "Feature", "properties": { "key": 4028959438, "species": "Alcedo atthis", "scientificName": "Alcedo atthis (Linnaeus, 1758)", "eventDate": "2023-01-24T16:22:00Z", "uncertainty_m": 3.0 }, "geometry": { "type": "Point", "coordinates": [ 8.804767, 49.392955 ] } },
{ "type": "Feature", "properties": { "key": 4028975585, "species": "Chroicocephalus ridibundus", "scientificName": "Chroicocephalus ridibundus (Linnaeus, 1766)", "eventDate": "2023-01-24T16:39:00Z", "uncertainty_m": 6.0 }, "geometry": { "type": "Point", "coordinates": [ 8.796183, 49.395824 ] } },
{ "type": "Feature", "properties": { "key": 4029001555, "species": "Chroicocephalus ridibundus", "scientificName": "Chroicocephalus ridibundus (Linnaeus, 1766)", "eventDate": "2023-01-24T16:39:00Z", "uncertainty_m": 1.0 }, "geometry": { "type": "Point", "coordinates": [ 8.796298, 49.395912 ] } },
{ "type": "Feature", "properties": { "key": 4029046064, "species": "Alcedo atthis", "scientificName": "Alcedo atthis (Linnaeus, 1758)", "eventDate": "2023-01-29T12:00:00Z", "uncertainty_m": 12.0 }, "geometry": { "type": "Point", "coordinates": [ 8.608287, 49.45572 ] } },
{ "type": "Feature", "properties": { "key": 4029062166, "species": "Phalacrocorax carbo", "scientificName": "Phalacrocorax carbo (Linnaeus, 1758)", "eventDate": "2023-01-29T11:37:00Z", "uncertainty_m": 8.0 }, "geometry": { "type": "Point", "coordinates": [ 8.608728, 49.455404 ] } },
{ "type": "Feature", "properties": { "key": 4029132318, "species": "Picus viridis", "scientificName": "Picus viridis Linnaeus, 1758", "eventDate": "2023-01-29T16:41:15Z", "uncertainty_m": null }, "geometry": { "type": "Point", "coordinates": [ 8.753717, 49.44505 ] } },
{ "type": "Feature", "properties": { "key": 4029185405, "species": "Chroicocephalus ridibundus", "scientificName": "Chroicocephalus ridibundus (Linnaeus, 1766)", "eventDate": "2023-01-24T16:36:00Z", "uncertainty_m": 2.0 }, "geometry": { "type": "Point", "coordinates": [ 8.799595, 49.394812 ] } },
{ "type": "Feature", "properties": { "key": 4029227589, "species": "Chroicocephalus ridibundus", "scientificName": "Chroicocephalus ridibundus (Linnaeus, 1766)", "eventDate": "2023-01-23T16:36:00Z", "uncertainty_m": 7.0 }, "geometry": { "type": "Point", "coordinates": [ 8.796252, 49.395923 ] } },
{ "type": "Feature", "properties": { "key": 4057465980, "species": "Troglodytes troglodytes", "scientificName": "Troglodytes troglodytes (Linnaeus, 1758)", "eventDate": "2023-01-29T00:00:00Z", "uncertainty_m": 6.0 }, "geometry": { "type": "Point", "coordinates": [ 8.672481, 49.347822 ] } },
{ "type": "Feature", "properties": { "key": 4057747305, "species": "Buteo buteo", "scientificName": "Buteo buteo (Linnaeus, 1758)", "eventDate": "2023-01-02T00:00:00Z", "uncertainty_m": 3.0 }, "geometry": { "type": "Point", "coordinates": [ 8.581478, 49.311124 ] } },
{ "type": "Feature", "properties": { "key": 4407223259, "species": "Columba palumbus", "scientificName": "Columba palumbus Linnaeus, 1758", "eventDate": "2023-01-02T11:08:00Z", "uncertainty_m": 187.0 }, "geometry": { "type": "Point", "coordinates": [ 8.697093, 49.410143 ] } },
{ "type": "Feature", "properties": { "key": 4407456500, "species": "Anser brachyrhynchus", "scientificName": "Anser brachyrhynchus Baillon, 1834", "eventDate": "2023-01-27T14:21:00Z", "uncertainty_m": 106.0 }, "geometry": { "type": "Point", "coordinates": [ 8.688026, 49.4129 ] } },
{ "type": "Feature", "properties": { "key": 4407472626, "species": "Anser brachyrhynchus", "scientificName": "Anser brachyrhynchus Baillon, 1834", "eventDate": "2023-01-26T13:22:00Z", "uncertainty_m": 438.0 }, "geometry": { "type": "Point", "coordinates": [ 8.685713, 49.422012 ] } },
{ "type": "Feature", "properties": { "key": 4407478618, "species": "Gallinula chloropus", "scientificName": "Gallinula chloropus (Linnaeus, 1758)", "eventDate": "2023-01-25T13:38:00Z", "uncertainty_m": 75.0 }, "geometry": { "type": "Point", "coordinates": [ 8.66837, 49.411495 ] } },
{ "type": "Feature", "properties": { "key": 4407506496, "species": "Gallinula chloropus", "scientificName": "Gallinula chloropus (Linnaeus, 1758)", "eventDate": "2023-01-25T10:06:00Z", "uncertainty_m": 570.0 }, "geometry": { "type": "Point", "coordinates": [ 8.668019, 49.41071 ] } },
{ "type": "Feature", "properties": { "key": 4407540601, "species": "Cyanistes caeruleus", "scientificName": "Cyanistes caeruleus (Linnaeus, 1758)", "eventDate": "2023-01-24T12:18:00Z", "uncertainty_m": 146.0 }, "geometry": { "type": "Point", "coordinates": [ 8.667671, 49.418033 ] } },
{ "type": "Feature", "properties": { "key": 4407586602, "species": "Cyanistes caeruleus", "scientificName": "Cyanistes caeruleus (Linnaeus, 1758)", "eventDate": "2023-01-24T12:18:00Z", "uncertainty_m": 278.0 }, "geometry": { "type": "Point", "coordinates": [ 8.711004, 49.411675 ] } },
{ "type": "Feature", "properties": { "key": 4424093652, "species": "Psittacula krameri", "scientificName": "Psittacula krameri (Scopoli, 1769)", "eventDate": "2023-01-24T17:21:00Z", "uncertainty_m": 1295.0 }, "geometry": { "type": "Point", "coordinates": [ 8.686451, 49.409821 ] } },
{ "type": "Feature", "properties": { "key": 4534203113, "species": "Corvus corone", "scientificName": "Corvus corone Linnaeus, 1758", "eventDate": "2023-01-07T00:00:00Z", "uncertainty_m": 5.0 }, "geometry": { "type": "Point", "coordinates": [ 8.603268, 49.37788 ] } },
{ "type": "Feature", "properties": { "key": 4534391309, "species": "Corvus frugilegus", "scientificName": "Corvus frugilegus Linnaeus, 1758", "eventDate": "2023-01-07T00:00:00Z", "uncertainty_m": 5.0 }, "geometry": { "type": "Point", "coordinates": [ 8.627107, 49.379501 ] } },
{ "type": "Feature", "properties": { "key": 4534530947, "species": "Psittacula krameri", "scientificName": "Psittacula krameri (Scopoli, 1769)", "eventDate": "2023-01-07T00:00:00Z", "uncertainty_m": 5.0 }, "geometry": { "type": "Point", "coordinates": [ 8.62811, 49.381538 ] } },
{ "type": "Feature", "properties": { "key": 4534952879, "species": "Dendrocopos major", "scientificName": "Dendrocopos major (Linnaeus, 1758)", "eventDate": "2023-01-07T00:00:00Z", "uncertainty_m": 5.0 }, "geometry": { "type": "Point", "coordinates": [ 8.627316, 49.387908 ] } },
{ "type": "Feature", "properties": { "key": 4608616093, "species": "Spinus spinus", "scientificName": "Spinus spinus (Linnaeus, 1758)", "eventDate": "2023-01-03T00:00:00Z", "uncertainty_m": null }, "geometry": { "type": "Point", "coordinates": [ 8.726642, 49.400978 ] } },
{ "type": "Feature", "properties": { "key": 4608745755, "species": "Emberiza citrinella", "scientificName": "Emberiza citrinella Linnaeus, 1758", "eventDate": "2023-01-06T00:00:00Z", "uncertainty_m": null }, "geometry": { "type": "Point", "coordinates": [ 8.674822, 49.476784 ] } },
{ "type": "Feature", "properties": { "key": 4608745756, "species": "Sturnus vulgaris", "scientificName": "Sturnus vulgaris Linnaeus, 1758", "eventDate": "2023-01-07T00:00:00Z", "uncertainty_m": null }, "geometry": { "type": "Point", "coordinates": [ 8.639581, 49.453114 ] } },
{ "type": "Feature", "properties": { "key": 4608775931, "species": "Columba palumbus", "scientificName": "Columba palumbus Linnaeus, 1758", "eventDate": "2023-01-06T00:00:00Z", "uncertainty_m": null }, "geometry": { "type": "Point", "coordinates": [ 8.671378, 49.47071 ] } },
{ "type": "Feature", "properties": { "key": 4608815864, "species": "Parus major", "scientificName": "Parus major Linnaeus, 1758", "eventDate": "2023-01-06T00:00:00Z", "uncertainty_m": null }, "geometry": { "type": "Point", "coordinates": [ 8.699978, 49.465 ] } },
{ "type": "Feature", "properties": { "key": 4608952801, "species": "Buteo buteo", "scientificName": "Buteo buteo (Linnaeus, 1758)", "eventDate": "2023-01-15T00:00:00Z", "uncertainty_m": null }, "geometry": { "type": "Point", "coordinates": [ 8.609012, 49.455147 ] } },
{ "type": "Feature", "properties": { "key": 4608975184, "species": "Alopochen aegyptiaca", "scientificName": "Alopochen aegyptiaca (Linnaeus, 1766)", "eventDate": "2023-01-14T00:00:00Z", "uncertainty_m": null }, "geometry": { "type": "Point", "coordinates": [ 8.691434, 49.412827 ] } },
{ "type": "Feature", "properties": { "key": 4608975794, "species": "Cyanistes caeruleus", "scientificName": "Cyanistes caeruleus (Linnaeus, 1758)", "eventDate": "2023-01-08T00:00:00Z", "uncertainty_m": null }, "geometry": { "type": "Point", "coordinates": [ 8.672848, 49.456497 ] } },
{ "type": "Feature", "properties": { "key": 4608998751, "species": "Psittacula krameri", "scientificName": "Psittacula krameri (Scopoli, 1769)", "eventDate": "2023-01-12T00:00:00Z", "uncertainty_m": null }, "geometry": { "type": "Point", "coordinates": [ 8.692064, 49.410156 ] } },
{ "type": "Feature", "properties": { "key": 4609043419, "species": "Columba palumbus", "scientificName": "Columba palumbus Linnaeus, 1758", "eventDate": "2023-01-23T00:00:00Z", "uncertainty_m": null }, "geometry": { "type": "Point", "coordinates": [ 8.665815, 49.425297 ] } },
{ "type": "Feature", "properties": { "key": 4609054252, "species": "Corvus frugilegus", "scientificName": "Corvus frugilegus Linnaeus, 1758", "eventDate": "2023-01-15T00:00:00Z", "uncertainty_m": null }, "geometry": { "type": "Point", "coordinates": [ 8.671963, 49.456203 ] } },
{ "type": "Feature", "properties": { "key": 4609066972, "species": "Columba palumbus", "scientificName": "Columba palumbus Linnaeus, 1758", "eventDate": "2023-01-19T00:00:00Z", "uncertainty_m": null }, "geometry": { "type": "Point", "coordinates": [ 8.678938, 49.421394 ] } },
{ "type": "Feature", "properties": { "key": 4609071406, "species": "Carduelis carduelis", "scientificName": "Carduelis carduelis (Linnaeus, 1758)", "eventDate": "2023-01-23T00:00:00Z", "uncertainty_m": null }, "geometry": { "type": "Point", "coordinates": [ 8.665815, 49.425297 ] } },
{ "type": "Feature", "properties": { "key": 4609165610, "species": "Turdus merula", "scientificName": "Turdus merula Linnaeus, 1758", "eventDate": "2023-01-24T00:00:00Z", "uncertainty_m": null }, "geometry": { "type": "Point", "coordinates": [ 8.707174, 49.431812 ] } },
{ "type": "Feature", "properties": { "key": 4609347649, "species": "Pica pica", "scientificName": "Pica pica (Linnaeus, 1758)", "eventDate": "2023-01-31T00:00:00Z", "uncertainty_m": null }, "geometry": { "type": "Point", "coordinates": [ 8.665815, 49.425297 ] } },
{ "type": "Feature", "properties": { "key": 4609555398, "species": "Dendrocoptes medius", "scientificName": "Dendrocoptes medius (Linnaeus, 1758)", "eventDate": "2023-01-21T00:00:00Z", "uncertainty_m": null }, "geometry": { "type": "Point", "coordinates": [ 8.671378, 49.47071 ] } },
{ "type": "Feature", "properties": { "key": 4609599517, "species": "Parus major", "scientificName": "Parus major Linnaeus, 1758", "eventDate": "2023-01-21T00:00:00Z", "uncertainty_m": null }, "geometry": { "type": "Point", "coordinates": [ 8.683418, 49.44685 ] } },
{ "type": "Feature", "properties": { "key": 4609635629, "species": "Carduelis carduelis", "scientificName": "Carduelis carduelis (Linnaeus, 1758)", "eventDate": "2023-01-27T00:00:00Z", "uncertainty_m": null }, "geometry": { "type": "Point", "coordinates": [ 8.691434, 49.412827 ] } },
{ "type": "Feature", "properties": { "key": 4609787846, "species": "Alopochen aegyptiaca", "scientificName": "Alopochen aegyptiaca (Linnaeus, 1766)", "eventDate": "2023-01-27T00:00:00Z", "uncertainty_m": null }, "geometry": { "type": "Point", "coordinates": [ 8.691434, 49.412827 ] } },
{ "type": "Feature", "properties": { "key": 4609818666, "species": "Turdus merula", "scientificName": "Turdus merula Linnaeus, 1758", "eventDate": "2023-01-29T00:00:00Z", "uncertainty_m": null }, "geometry": { "type": "Point", "coordinates": [ 8.665815, 49.425297 ] } },
{ "type": "Feature", "properties": { "key": 4610069958, "species": "Poecile palustris", "scientificName": "Poecile palustris (Linnaeus, 1758)", "eventDate": "2023-01-27T00:00:00Z", "uncertainty_m": null }, "geometry": { "type": "Point", "coordinates": [ 8.671378, 49.47071 ] } },
{ "type": "Feature", "properties": { "key": 4612681483, "species": "Gallinula chloropus", "scientificName": "Gallinula chloropus (Linnaeus, 1758)", "eventDate": "2023-01-02T00:00:00Z", "uncertainty_m": null }, "geometry": { "type": "Point", "coordinates": [ 8.710427, 49.41371 ] } },
{ "type": "Feature", "properties": { "key": 4612744332, "species": "Psittacula krameri", "scientificName": "Psittacula krameri (Scopoli, 1769)", "eventDate": "2023-01-02T00:00:00Z", "uncertainty_m": null }, "geometry": { "type": "Point", "coordinates": [ 8.678938, 49.421394 ] } },
{ "type": "Feature", "properties": { "key": 4612849982, "species": "Aegithalos caudatus", "scientificName": "Aegithalos caudatus (Linnaeus, 1758)", "eventDate": "2023-01-03T00:00:00Z", "uncertainty_m": null }, "geometry": { "type": "Point", "coordinates": [ 8.726642, 49.400978 ] } },
{ "type": "Feature", "properties": { "key": 4612869091, "species": "Coloeus monedula", "scientificName": "Coloeus monedula (Linnaeus, 1758)", "eventDate": "2023-01-03T00:00:00Z", "uncertainty_m": null }, "geometry": { "type": "Point", "coordinates": [ 8.717177, 49.410854 ] } },
{ "type": "Feature", "properties": { "key": 4612883960, "species": "Dendrocopos major", "scientificName": "Dendrocopos major (Linnaeus, 1758)", "eventDate": "2023-01-03T00:00:00Z", "uncertainty_m": null }, "geometry": { "type": "Point", "coordinates": [ 8.726642, 49.400978 ] } },
{ "type": "Feature", "properties": { "key": 4613116878, "species": "Corvus corone", "scientificName": "Corvus corone Linnaeus, 1758", "eventDate": "2023-01-08T00:00:00Z", "uncertainty_m": null }, "geometry": { "type": "Point", "coordinates": [ 8.673265, 49.459534 ] } },
{ "type": "Feature", "properties": { "key": 4613126112, "species": "Regulus regulus", "scientificName": "Regulus regulus (Linnaeus, 1758)", "eventDate": "2023-01-05T00:00:00Z", "uncertainty_m": null }, "geometry": { "type": "Point", "coordinates": [ 8.683418, 49.44685 ] } },
{ "type": "Feature", "properties": { "key": 4613171788, "species": "Fringilla coelebs", "scientificName": "Fringilla coelebs Linnaeus, 1758", "eventDate": "2023-01-05T00:00:00Z", "uncertainty_m": null }, "geometry": { "type": "Point", "coordinates": [ 8.672848, 49.456497 ] } },
{ "type": "Feature", "properties": { "key": 4613188779, "species": "Parus major", "scientificName": "Parus major Linnaeus, 1758", "eventDate": "2023-01-05T00:00:00Z", "uncertainty_m": null }, "geometry": { "type": "Point", "coordinates": [ 8.672848, 49.456497 ] } },
{ "type": "Feature", "properties": { "key": 4613685112, "species": "Falco tinnunculus", "scientificName": "Falco tinnunculus Linnaeus, 1758", "eventDate": "2023-01-20T00:00:00Z", "uncertainty_m": null }, "geometry": { "type": "Point", "coordinates": [ 8.665815, 49.425297 ] } },
{ "type": "Feature", "properties": { "key": 4613707223, "species": "Branta canadensis", "scientificName": "Branta canadensis (Linnaeus, 1758)", "eventDate": "2023-01-20T00:00:00Z", "uncertainty_m": null }, "geometry": { "type": "Point", "coordinates": [ 8.691434, 49.412827 ] } },
{ "type": "Feature", "properties": { "key": 4613775314, "species": "Coloeus monedula", "scientificName": "Coloeus monedula (Linnaeus, 1758)", "eventDate": "2023-01-15T00:00:00Z", "uncertainty_m": null }, "geometry": { "type": "Point", "coordinates": [ 8.671963, 49.456203 ] } },
{ "type": "Feature", "properties": { "key": 4613802966, "species": "Sturnus vulgaris", "scientificName": "Sturnus vulgaris Linnaeus, 1758", "eventDate": "2023-01-22T00:00:00Z", "uncertainty_m": null }, "geometry": { "type": "Point", "coordinates": [ 8.669804, 49.381012 ] } },
{ "type": "Feature", "properties": { "key": 4613910483, "species": "Regulus regulus", "scientificName": "Regulus regulus (Linnaeus, 1758)", "eventDate": "2023-01-24T00:00:00Z", "uncertainty_m": null }, "geometry": { "type": "Point", "coordinates": [ 8.707174, 49.431812 ] } },
{ "type": "Feature", "properties": { "key": 4614007653, "species": "Turdus merula", "scientificName": "Turdus merula Linnaeus, 1758", "eventDate": "2023-01-25T00:00:00Z", "uncertainty_m": null }, "geometry": { "type": "Point", "coordinates": [ 8.668163, 49.41085 ] } },
{ "type": "Feature", "properties": { "key": 4614030760, "species": "Psittacula krameri", "scientificName": "Psittacula krameri (Scopoli, 1769)", "eventDate": "2023-01-25T00:00:00Z", "uncertainty_m": null }, "geometry": { "type": "Point", "coordinates": [ 8.557223, 49.415596 ] } },
{ "type": "Feature", "properties": { "key": 4614038793, "species": "Chloris chloris", "scientificName": "Chloris chloris (Linnaeus, 1758)", "eventDate": "2023-01-26T00:00:00Z", "uncertainty_m": null }, "geometry": { "type": "Point", "coordinates": [ 8.665815, 49.425297 ] } },
{ "type": "Feature", "properties": { "key": 4614079032, "species": "Aegithalos caudatus", "scientificName": "Aegithalos caudatus (Linnaeus, 1758)", "eventDate": "2023-01-20T00:00:00Z", "uncertainty_m": null }, "geometry": { "type": "Point", "coordinates": [ 8.665815, 49.425297 ] } },
{ "type": "Feature", "properties": { "key": 4614103783, "species": "Streptopelia decaocto", "scientificName": "Streptopelia decaocto (Frivaldszky, 1838)", "eventDate": "2023-01-25T00:00:00Z", "uncertainty_m": null }, "geometry": { "type": "Point", "coordinates": [ 8.655646, 49.44867 ] } },
{ "type": "Feature", "properties": { "key": 4614144797, "species": "Larus michahellis", "scientificName": "Larus michahellis J.F.Naumann, 1840", "eventDate": "2023-01-25T00:00:00Z", "uncertainty_m": null }, "geometry": { "type": "Point", "coordinates": [ 8.668163, 49.41085 ] } },
{ "type": "Feature", "properties": { "key": 4614192347, "species": "Corvus corax", "scientificName": "Corvus corax Linnaeus, 1758", "eventDate": "2023-01-23T00:00:00Z", "uncertainty_m": null }, "geometry": { "type": "Point", "coordinates": [ 8.665815, 49.425297 ] } },
{ "type": "Feature", "properties": { "key": 4614416521, "species": "Erithacus rubecula", "scientificName": "Erithacus rubecula (Linnaeus, 1758)", "eventDate": "2023-01-31T00:00:00Z", "uncertainty_m": null }, "geometry": { "type": "Point", "coordinates": [ 8.665815, 49.425297 ] } },
{ "type": "Feature", "properties": { "key": 4614493727, "species": "Turdus merula", "scientificName": "Turdus merula Linnaeus, 1758", "eventDate": "2023-01-25T00:00:00Z", "uncertainty_m": null }, "geometry": { "type": "Point", "coordinates": [ 8.668953, 49.415203 ] } },
{ "type": "Feature", "properties": { "key": 4614547630, "species": "Psittacula krameri", "scientificName": "Psittacula krameri (Scopoli, 1769)", "eventDate": "2023-01-16T00:00:00Z", "uncertainty_m": null }, "geometry": { "type": "Point", "coordinates": [ 8.684419, 49.410263 ] } },
{ "type": "Feature", "properties": { "key": 4615843658, "species": "Columba palumbus", "scientificName": "Columba palumbus Linnaeus, 1758", "eventDate": "2023-01-06T00:00:00Z", "uncertainty_m": null }, "geometry": { "type": "Point", "coordinates": [ 8.699978, 49.465 ] } },
{ "type": "Feature", "properties": { "key": 4616307747, "species": "Cyanistes caeruleus", "scientificName": "Cyanistes caeruleus (Linnaeus, 1758)", "eventDate": "2023-01-15T00:00:00Z", "uncertainty_m": null }, "geometry": { "type": "Point", "coordinates": [ 8.609012, 49.455147 ] } },
{ "type": "Feature", "properties": { "key": 4616582938, "species": "Parus major", "scientificName": "Parus major Linnaeus, 1758", "eventDate": "2023-01-19T00:00:00Z", "uncertainty_m": null }, "geometry": { "type": "Point", "coordinates": [ 8.678938, 49.421394 ] } },
{ "type": "Feature", "properties": { "key": 4617900664, "species": "Turdus viscivorus", "scientificName": "Turdus viscivorus Linnaeus, 1758", "eventDate": "2023-01-21T00:00:00Z", "uncertainty_m": null }, "geometry": { "type": "Point", "coordinates": [ 8.712895, 49.470592 ] } },
{ "type": "Feature", "properties": { "key": 4618336939, "species": "Cyanistes caeruleus", "scientificName": "Cyanistes caeruleus (Linnaeus, 1758)", "eventDate": "2023-01-08T00:00:00Z", "uncertainty_m": null }, "geometry": { "type": "Point", "coordinates": [ 8.673265, 49.459534 ] } },
{ "type": "Feature", "properties": { "key": 4618337061, "species": "Erithacus rubecula", "scientificName": "Erithacus rubecula (Linnaeus, 1758)", "eventDate": "2023-01-05T00:00:00Z", "uncertainty_m": null }, "geometry": { "type": "Point", "coordinates": [ 8.683418, 49.44685 ] } },
{ "type": "Feature", "properties": { "key": 4618693890, "species": "Corvus corone", "scientificName": "Corvus corone Linnaeus, 1758", "eventDate": "2023-01-28T00:00:00Z", "uncertainty_m": null }, "geometry": { "type": "Point", "coordinates": [ 8.678938, 49.421394 ] } },
{ "type": "Feature", "properties": { "key": 4619931354, "species": "Chloris chloris", "scientificName": "Chloris chloris (Linnaeus, 1758)", "eventDate": "2023-01-18T00:00:00Z", "uncertainty_m": null }, "geometry": { "type": "Point", "coordinates": [ 8.672848, 49.456497 ] } },
{ "type": "Feature", "properties": { "key": 4620188245, "species": "Alcedo atthis", "scientificName": "Alcedo atthis (Linnaeus, 1758)", "eventDate": "2023-01-14T00:00:00Z", "uncertainty_m": null }, "geometry": { "type": "Point", "coordinates": [ 8.691434, 49.412827 ] } },
{ "type": "Feature", "properties": { "key": 4622319847, "species": "Parus major", "scientificName": "Parus major Linnaeus, 1758", "eventDate": "2023-01-06T00:00:00Z", "uncertainty_m": null }, "geometry": { "type": "Point", "coordinates": [ 8.671378, 49.47071 ] } },
{ "type": "Feature", "properties": { "key": 4622463314, "species": "Sitta europaea", "scientificName": "Sitta europaea Linnaeus, 1758", "eventDate": "2023-01-21T00:00:00Z", "uncertainty_m": null }, "geometry": { "type": "Point", "coordinates": [ 8.712895, 49.470592 ] } },
{ "type": "Feature", "properties": { "key": 4622473053, "species": "Buteo buteo", "scientificName": "Buteo buteo (Linnaeus, 1758)", "eventDate": "2023-01-27T00:00:00Z", "uncertainty_m": null }, "geometry": { "type": "Point", "coordinates": [ 8.671378, 49.47071 ] } },
{ "type": "Feature", "properties": { "key": 4624311079, "species": "Psittacula krameri", "scientificName": "Psittacula krameri (Scopoli, 1769)", "eventDate": "2023-01-21T00:00:00Z", "uncertainty_m": null }, "geometry": { "type": "Point", "coordinates": [ 8.678938, 49.421394 ] } },
{ "type": "Feature", "properties": { "key": 4624533905, "species": "Ardea alba", "scientificName": "Ardea alba Linnaeus, 1758", "eventDate": "2023-01-07T00:00:00Z", "uncertainty_m": null }, "geometry": { "type": "Point", "coordinates": [ 8.637563, 49.37606 ] } },
{ "type": "Feature", "properties": { "key": 4624695774, "species": "Troglodytes troglodytes", "scientificName": "Troglodytes troglodytes (Linnaeus, 1758)", "eventDate": "2023-01-15T00:00:00Z", "uncertainty_m": null }, "geometry": { "type": "Point", "coordinates": [ 8.692978, 49.3702 ] } },
{ "type": "Feature", "properties": { "key": 4624833671, "species": "Columba palumbus", "scientificName": "Columba palumbus Linnaeus, 1758", "eventDate": "2023-01-31T00:00:00Z", "uncertainty_m": null }, "geometry": { "type": "Point", "coordinates": [ 8.665815, 49.425297 ] } },
{ "type": "Feature", "properties": { "key": 4625409946, "species": "Cyanistes caeruleus", "scientificName": "Cyanistes caeruleus (Linnaeus, 1758)", "eventDate": "2023-01-20T00:00:00Z", "uncertainty_m": null }, "geometry": { "type": "Point", "coordinates": [ 8.665815, 49.425297 ] } },
{ "type": "Feature", "properties": { "key": 4625637977, "species": "Parus major", "scientificName": "Parus major Linnaeus, 1758", "eventDate": "2023-01-26T00:00:00Z", "uncertainty_m": null }, "geometry": { "type": "Point", "coordinates": [ 8.665815, 49.425297 ] } },
{ "type": "Feature", "properties": { "key": 4625770951, "species": "Aegithalos caudatus", "scientificName": "Aegithalos caudatus (Linnaeus, 1758)", "eventDate": "2023-01-06T00:00:00Z", "uncertainty_m": null }, "geometry": { "type": "Point", "coordinates": [ 8.674822, 49.476784 ] } },
{ "type": "Feature", "properties": { "key": 4625822593, "species": "Cyanistes caeruleus", "scientificName": "Cyanistes caeruleus (Linnaeus, 1758)", "eventDate": "2023-01-23T00:00:00Z", "uncertainty_m": null }, "geometry": { "type": "Point", "coordinates": [ 8.665815, 49.425297 ] } },
{ "type": "Feature", "properties": { "key": 4625895866, "species": "Psittacula krameri", "scientificName": "Psittacula krameri (Scopoli, 1769)", "eventDate": "2023-01-25T00:00:00Z", "uncertainty_m": null }, "geometry": { "type": "Point", "coordinates": [ 8.691434, 49.412827 ] } },
{ "type": "Feature", "properties": { "key": 4626105800, "species": "Cygnus olor", "scientificName": "Cygnus olor (J.F.Gmelin, 1789)", "eventDate": "2023-01-26T00:00:00Z", "uncertainty_m": null }, "geometry": { "type": "Point", "coordinates": [ 8.65538, 49.456226 ] } },
{ "type": "Feature", "properties": { "key": 4626119889, "species": "Gallinula chloropus", "scientificName": "Gallinula chloropus (Linnaeus, 1758)", "eventDate": "2023-01-22T00:00:00Z", "uncertainty_m": null }, "geometry": { "type": "Point", "coordinates": [ 8.668163, 49.41085 ] } },
{ "type": "Feature", "properties": { "key": 4626230637, "species": "Corvus corone", "scientificName": "Corvus corone Linnaeus, 1758", "eventDate": "2023-01-21T00:00:00Z", "uncertainty_m": null }, "geometry": { "type": "Point", "coordinates": [ 8.684613, 49.43915 ] } },
{ "type": "Feature", "properties": { "key": 4626257799, "species": "Buteo buteo", "scientificName": "Buteo buteo (Linnaeus, 1758)", "eventDate": "2023-01-29T00:00:00Z", "uncertainty_m": null }, "geometry": { "type": "Point", "coordinates": [ 8.665815, 49.425297 ] } },
{ "type": "Feature", "properties": { "key": 4626852914, "species": "Cinclus cinclus", "scientificName": "Cinclus cinclus (Linnaeus, 1758)", "eventDate": "2023-01-06T00:00:00Z", "uncertainty_m": null }, "geometry": { "type": "Point", "coordinates": [ 8.674822, 49.476784 ] } },
{ "type": "Feature", "properties": { "key": 4626910372, "species": "Pica pica", "scientificName": "Pica pica (Linnaeus, 1758)", "eventDate": "2023-01-23T00:00:00Z", "uncertainty_m": null }, "geometry": { "type": "Point", "coordinates": [ 8.665815, 49.425297 ] } },
{ "type": "Feature", "properties": { "key": 4627155400, "species": "Larus michahellis", "scientificName": "Larus michahellis J.F.Naumann, 1840", "eventDate": "2023-01-14T00:00:00Z", "uncertainty_m": null }, "geometry": { "type": "Point", "coordinates": [ 8.691434, 49.412827 ] } },
{ "type": "Feature", "properties": { "key": 4627376380, "species": "Picus viridis", "scientificName": "Picus viridis Linnaeus, 1758", "eventDate": "2023-01-15T00:00:00Z", "uncertainty_m": null }, "geometry": { "type": "Point", "coordinates": [ 8.671963, 49.456203 ] } },
{ "type": "Feature", "properties": { "key": 4627696368, "species": "Coccothraustes coccothraustes", "scientificName": "Coccothraustes coccothraustes (Linnaeus, 1758)", "eventDate": "2023-01-23T00:00:00Z", "uncertainty_m": null }, "geometry": { "type": "Point", "coordinates": [ 8.665815, 49.425297 ] } },
{ "type": "Feature", "properties": { "key": 4627725905, "species": "Buteo buteo", "scientificName": "Buteo buteo (Linnaeus, 1758)", "eventDate": "2023-01-06T00:00:00Z", "uncertainty_m": null }, "geometry": { "type": "Point", "coordinates": [ 8.671378, 49.47071 ] } },
{ "type": "Feature", "properties": { "key": 4627766848, "species": "Parus major", "scientificName": "Parus major Linnaeus, 1758", "eventDate": "2023-01-25T00:00:00Z", "uncertainty_m": null }, "geometry": { "type": "Point", "coordinates": [ 8.557223, 49.415596 ] } },
{ "type": "Feature", "properties": { "key": 4627858700, "species": "Dendrocopos major", "scientificName": "Dendrocopos major (Linnaeus, 1758)", "eventDate": "2023-01-26T00:00:00Z", "uncertainty_m": null }, "geometry": { "type": "Point", "coordinates": [ 8.665815, 49.425297 ] } },
{ "type": "Feature", "properties": { "key": 4628492307, "species": "Falco tinnunculus", "scientificName": "Falco tinnunculus Linnaeus, 1758", "eventDate": "2023-01-22T00:00:00Z", "uncertainty_m": null }, "geometry": { "type": "Point", "coordinates": [ 8.678938, 49.421394 ] } },
{ "type": "Feature", "properties": { "key": 4628501278, "species": "Streptopelia decaocto", "scientificName": "Streptopelia decaocto (Frivaldszky, 1838)", "eventDate": "2023-01-31T00:00:00Z", "uncertainty_m": null }, "geometry": { "type": "Point", "coordinates": [ 8.655646, 49.44867 ] } },
{ "type": "Feature", "properties": { "key": 4628665739, "species": "Carduelis carduelis", "scientificName": "Carduelis carduelis (Linnaeus, 1758)", "eventDate": "2023-01-26T00:00:00Z", "uncertainty_m": null }, "geometry": { "type": "Point", "coordinates": [ 8.665815, 49.425297 ] } },
{ "type": "Feature", "properties": { "key": 4629303603, "species": "Falco tinnunculus", "scientificName": "Falco tinnunculus Linnaeus, 1758", "eventDate": "2023-01-15T00:00:00Z", "uncertainty_m": null }, "geometry": { "type": "Point", "coordinates": [ 8.692978, 49.3702 ] } },
{ "type": "Feature", "properties": { "key": 4629608322, "species": "Corvus corone", "scientificName": "Corvus corone Linnaeus, 1758", "eventDate": "2023-01-19T00:00:00Z", "uncertainty_m": null }, "geometry": { "type": "Point", "coordinates": [ 8.665815, 49.425297 ] } },
{ "type": "Feature", "properties": { "key": 4629785154, "species": "Branta canadensis", "scientificName": "Branta canadensis (Linnaeus, 1758)", "eventDate": "2023-01-31T00:00:00Z", "uncertainty_m": null }, "geometry": { "type": "Point", "coordinates": [ 8.691434, 49.412827 ] } },
{ "type": "Feature", "properties": { "key": 4630737912, "species": "Parus major", "scientificName": "Parus major Linnaeus, 1758", "eventDate": "2023-01-15T00:00:00Z", "uncertainty_m": null }, "geometry": { "type": "Point", "coordinates": [ 8.668163, 49.41085 ] } },
{ "type": "Feature", "properties": { "key": 4631686781, "species": "Columba palumbus", "scientificName": "Columba palumbus Linnaeus, 1758", "eventDate": "2023-01-13T00:00:00Z", "uncertainty_m": null }, "geometry": { "type": "Point", "coordinates": [ 8.69631, 49.380383 ] } },
{ "type": "Feature", "properties": { "key": 4632017976, "species": "Turdus iliacus", "scientificName": "Turdus iliacus Linnaeus, 1758", "eventDate": "2023-01-18T00:00:00Z", "uncertainty_m": null }, "geometry": { "type": "Point", "coordinates": [ 8.665815, 49.425297 ] } },
{ "type": "Feature", "properties": { "key": 4632815035, "species": "Coloeus monedula", "scientificName": "Coloeus monedula (Linnaeus, 1758)", "eventDate": "2023-01-27T00:00:00Z", "uncertainty_m": null }, "geometry": { "type": "Point", "coordinates": [ 8.671378, 49.47071 ] } },
{ "type": "Feature", "properties": { "key": 4634665925, "species": "Gallinula chloropus", "scientificName": "Gallinula chloropus (Linnaeus, 1758)", "eventDate": "2023-01-27T00:00:00Z", "uncertainty_m": null }, "geometry": { "type": "Point", "coordinates": [ 8.691434, 49.412827 ] } },
{ "type": "Feature", "properties": { "key": 4635565457, "species": "Parus major", "scientificName": "Parus major Linnaeus, 1758", "eventDate": "2023-01-24T00:00:00Z", "uncertainty_m": null }, "geometry": { "type": "Point", "coordinates": [ 8.678938, 49.421394 ] } },
{ "type": "Feature", "properties": { "key": 4635677522, "species": "Turdus merula", "scientificName": "Turdus merula Linnaeus, 1758", "eventDate": "2023-01-27T00:00:00Z", "uncertainty_m": null }, "geometry": { "type": "Point", "coordinates": [ 8.668163, 49.41085 ] } },
{ "type": "Feature", "properties": { "key": 4635856321, "species": "Turdus merula", "scientificName": "Turdus merula Linnaeus, 1758", "eventDate": "2023-01-30T00:00:00Z", "uncertainty_m": null }, "geometry": { "type": "Point", "coordinates": [ 8.678938, 49.421394 ] } },
{ "type": "Feature", "properties": { "key": 4636295609, "species": "Sitta europaea", "scientificName": "Sitta europaea Linnaeus, 1758", "eventDate": "2023-01-06T00:00:00Z", "uncertainty_m": null }, "geometry": { "type": "Point", "coordinates": [ 8.671378, 49.47071 ] } },
{ "type": "Feature", "properties": { "key": 4636500205, "species": "Chroicocephalus ridibundus", "scientificName": "Chroicocephalus ridibundus (Linnaeus, 1766)", "eventDate": "2023-01-14T00:00:00Z", "uncertainty_m": null }, "geometry": { "type": "Point", "coordinates": [ 8.651176, 49.428635 ] } },
{ "type": "Feature", "properties": { "key": 4636546594, "species": "Sitta europaea", "scientificName": "Sitta europaea Linnaeus, 1758", "eventDate": "2023-01-27T00:00:00Z", "uncertainty_m": null }, "geometry": { "type": "Point", "coordinates": [ 8.671378, 49.47071 ] } },
{ "type": "Feature", "properties": { "key": 4636589200, "species": "Picus viridis", "scientificName": "Picus viridis Linnaeus, 1758", "eventDate": "2023-01-21T00:00:00Z", "uncertainty_m": null }, "geometry": { "type": "Point", "coordinates": [ 8.678938, 49.421394 ] } },
{ "type": "Feature", "properties": { "key": 4636782836, "species": "Parus major", "scientificName": "Parus major Linnaeus, 1758", "eventDate": "2023-01-07T00:00:00Z", "uncertainty_m": null }, "geometry": { "type": "Point", "coordinates": [ 8.672848, 49.456497 ] } },
{ "type": "Feature", "properties": { "key": 4637070511, "species": "Fringilla coelebs", "scientificName": "Fringilla coelebs Linnaeus, 1758", "eventDate": "2023-01-30T00:00:00Z", "uncertainty_m": null }, "geometry": { "type": "Point", "coordinates": [ 8.678938, 49.421394 ] } },
{ "type": "Feature", "properties": { "key": 4637073295, "species": "Falco tinnunculus", "scientificName": "Falco tinnunculus Linnaeus, 1758", "eventDate": "2023-01-23T00:00:00Z", "uncertainty_m": null }, "geometry": { "type": "Point", "coordinates": [ 8.665815, 49.425297 ] } },
{ "type": "Feature", "properties": { "key": 4637091640, "species": "Cyanistes caeruleus", "scientificName": "Cyanistes caeruleus (Linnaeus, 1758)", "eventDate": "2023-01-07T00:00:00Z", "uncertainty_m": null }, "geometry": { "type": "Point", "coordinates": [ 8.672848, 49.456497 ] } },
{ "type": "Feature", "properties": { "key": 4637091641, "species": "Troglodytes troglodytes", "scientificName": "Troglodytes troglodytes (Linnaeus, 1758)", "eventDate": "2023-01-06T00:00:00Z", "uncertainty_m": null }, "geometry": { "type": "Point", "coordinates": [ 8.671378, 49.47071 ] } },
{ "type": "Feature", "properties": { "key": 4637280813, "species": "Emberiza citrinella", "scientificName": "Emberiza citrinella Linnaeus, 1758", "eventDate": "2023-01-31T00:00:00Z", "uncertainty_m": null }, "geometry": { "type": "Point", "coordinates": [ 8.665815, 49.425297 ] } },
{ "type": "Feature", "properties": { "key": 4637318196, "species": "Phalacrocorax carbo", "scientificName": "Phalacrocorax carbo (Linnaeus, 1758)", "eventDate": "2023-01-14T00:00:00Z", "uncertainty_m": null }, "geometry": { "type": "Point", "coordinates": [ 8.651176, 49.428635 ] } },
{ "type": "Feature", "properties": { "key": 4637860900, "species": "Buteo buteo", "scientificName": "Buteo buteo (Linnaeus, 1758)", "eventDate": "2023-01-28T00:00:00Z", "uncertainty_m": null }, "geometry": { "type": "Point", "coordinates": [ 8.624862, 49.455822 ] } },
{ "type": "Feature", "properties": { "key": 4637863288, "species": "Picus viridis", "scientificName": "Picus viridis Linnaeus, 1758", "eventDate": "2023-01-23T00:00:00Z", "uncertainty_m": null }, "geometry": { "type": "Point", "coordinates": [ 8.665815, 49.425297 ] } },
{ "type": "Feature", "properties": { "key": 4638577396, "species": "Corvus frugilegus", "scientificName": "Corvus frugilegus Linnaeus, 1758", "eventDate": "2023-01-19T00:00:00Z", "uncertainty_m": null }, "geometry": { "type": "Point", "coordinates": [ 8.665815, 49.425297 ] } },
{ "type": "Feature", "properties": { "key": 4638716636, "species": "Turdus merula", "scientificName": "Turdus merula Linnaeus, 1758", "eventDate": "2023-01-05T00:00:00Z", "uncertainty_m": null }, "geometry": { "type": "Point", "coordinates": [ 8.669804, 49.381012 ] } },
{ "type": "Feature", "properties": { "key": 4639899839, "species": "Psittacula krameri", "scientificName": "Psittacula krameri (Scopoli, 1769)", "eventDate": "2023-01-22T00:00:00Z", "uncertainty_m": null }, "geometry": { "type": "Point", "coordinates": [ 8.668163, 49.41085 ] } },
{ "type": "Feature", "properties": { "key": 4640056553, "species": "Parus major", "scientificName": "Parus major Linnaeus, 1758", "eventDate": "2023-01-21T00:00:00Z", "uncertainty_m": null }, "geometry": { "type": "Point", "coordinates": [ 8.684613, 49.43915 ] } },
{ "type": "Feature", "properties": { "key": 4640811332, "species": "Streptopelia decaocto", "scientificName": "Streptopelia decaocto (Frivaldszky, 1838)", "eventDate": "2023-01-21T00:00:00Z", "uncertainty_m": null }, "geometry": { "type": "Point", "coordinates": [ 8.683418, 49.44685 ] } },
{ "type": "Feature", "properties": { "key": 4640941738, "species": "Parus major", "scientificName": "Parus major Linnaeus, 1758", "eventDate": "2023-01-27T00:00:00Z", "uncertainty_m": null }, "geometry": { "type": "Point", "coordinates": [ 8.669804, 49.381012 ] } },
{ "type": "Feature", "properties": { "key": 4641518749, "species": "Falco peregrinus", "scientificName": "Falco peregrinus Tunstall, 1771", "eventDate": "2023-01-26T00:00:00Z", "uncertainty_m": null }, "geometry": { "type": "Point", "coordinates": [ 8.65538, 49.456226 ] } },
{ "type": "Feature", "properties": { "key": 4641646003, "species": "Cyanistes caeruleus", "scientificName": "Cyanistes caeruleus (Linnaeus, 1758)", "eventDate": "2023-01-06T00:00:00Z", "uncertainty_m": null }, "geometry": { "type": "Point", "coordinates": [ 8.669804, 49.381012 ] } },
{ "type": "Feature", "properties": { "key": 4641775702, "species": "Buteo buteo", "scientificName": "Buteo buteo (Linnaeus, 1758)", "eventDate": "2023-01-15T00:00:00Z", "uncertainty_m": null }, "geometry": { "type": "Point", "coordinates": [ 8.678938, 49.421394 ] } },
{ "type": "Feature", "properties": { "key": 4641920321, "species": "Anser cygnoides", "scientificName": "Anser cygnoides (Linnaeus, 1758)", "eventDate": "2023-01-14T00:00:00Z", "uncertainty_m": null }, "geometry": { "type": "Point", "coordinates": [ 8.691434, 49.412827 ] } },
{ "type": "Feature", "properties": { "key": 4641934764, "species": "Buteo buteo", "scientificName": "Buteo buteo (Linnaeus, 1758)", "eventDate": "2023-01-06T00:00:00Z", "uncertainty_m": null }, "geometry": { "type": "Point", "coordinates": [ 8.699978, 49.465 ] } },
{ "type": "Feature", "properties": { "key": 4642310742, "species": "Anas platyrhynchos", "scientificName": "Anas platyrhynchos Linnaeus, 1758", "eventDate": "2023-01-15T00:00:00Z", "uncertainty_m": null }, "geometry": { "type": "Point", "coordinates": [ 8.609012, 49.455147 ] } },
{ "type": "Feature", "properties": { "key": 4642524907, "species": "Dendrocoptes medius", "scientificName": "Dendrocoptes medius (Linnaeus, 1758)", "eventDate": "2023-01-27T00:00:00Z", "uncertainty_m": null }, "geometry": { "type": "Point", "coordinates": [ 8.671378, 49.47071 ] } },
{ "type": "Feature", "properties": { "key": 4642635943, "species": "Pica pica", "scientificName": "Pica pica (Linnaeus, 1758)", "eventDate": "2023-01-19T00:00:00Z", "uncertainty_m": null }, "geometry": { "type": "Point", "coordinates": [ 8.678938, 49.421394 ] } },
{ "type": "Feature", "properties": { "key": 4642660710, "species": "Psittacula krameri", "scientificName": "Psittacula krameri (Scopoli, 1769)", "eventDate": "2023-01-25T00:00:00Z", "uncertainty_m": null }, "geometry": { "type": "Point", "coordinates": [ 8.668953, 49.415203 ] } },
{ "type": "Feature", "properties": { "key": 4642803567, "species": "Coccothraustes coccothraustes", "scientificName": "Coccothraustes coccothraustes (Linnaeus, 1758)", "eventDate": "2023-01-26T00:00:00Z", "uncertainty_m": null }, "geometry": { "type": "Point", "coordinates": [ 8.665815, 49.425297 ] } },
{ "type": "Feature", "properties": { "key": 4643122876, "species": "Ardea alba", "scientificName": "Ardea alba Linnaeus, 1758", "eventDate": "2023-01-24T00:00:00Z", "uncertainty_m": null }, "geometry": { "type": "Point", "coordinates": [ 8.578208, 49.43819 ] } },
{ "type": "Feature", "properties": { "key": 4643242824, "species": "Corvus frugilegus", "scientificName": "Corvus frugilegus Linnaeus, 1758", "eventDate": "2023-01-26T00:00:00Z", "uncertainty_m": null }, "geometry": { "type": "Point", "coordinates": [ 8.665815, 49.425297 ] } },
{ "type": "Feature", "properties": { "key": 4643752800, "species": "Chloris chloris", "scientificName": "Chloris chloris (Linnaeus, 1758)", "eventDate": "2023-01-06T00:00:00Z", "uncertainty_m": null }, "geometry": { "type": "Point", "coordinates": [ 8.674822, 49.476784 ] } },
{ "type": "Feature", "properties": { "key": 4643752801, "species": "Ardea cinerea", "scientificName": "Ardea cinerea Linnaeus, 1758", "eventDate": "2023-01-07T00:00:00Z", "uncertainty_m": null }, "geometry": { "type": "Point", "coordinates": [ 8.639581, 49.453114 ] } },
{ "type": "Feature", "properties": { "key": 4643981446, "species": "Coloeus monedula", "scientificName": "Coloeus monedula (Linnaeus, 1758)", "eventDate": "2023-01-23T00:00:00Z", "uncertainty_m": null }, "geometry": { "type": "Point", "coordinates": [ 8.665815, 49.425297 ] } },
{ "type": "Feature", "properties": { "key": 4644074032, "species": "Garrulus glandarius", "scientificName": "Garrulus glandarius (Linnaeus, 1758)", "eventDate": "2023-01-20T00:00:00Z", "uncertainty_m": null }, "geometry": { "type": "Point", "coordinates": [ 8.665815, 49.425297 ] } },
{ "type": "Feature", "properties": { "key": 4644165905, "species": "Erithacus rubecula", "scientificName": "Erithacus rubecula (Linnaeus, 1758)", "eventDate": "2023-01-06T00:00:00Z", "uncertainty_m": null }, "geometry": { "type": "Point", "coordinates": [ 8.671378, 49.47071 ] } },
{ "type": "Feature", "properties": { "key": 4644467380, "species": "Picus viridis", "scientificName": "Picus viridis Linnaeus, 1758", "eventDate": "2023-01-14T00:00:00Z", "uncertainty_m": null }, "geometry": { "type": "Point", "coordinates": [ 8.651176, 49.428635 ] } },
{ "type": "Feature", "properties": { "key": 4644870845, "species": "Periparus ater", "scientificName": "Periparus ater (Linnaeus, 1758)", "eventDate": "2023-01-03T00:00:00Z", "uncertainty_m": null }, "geometry": { "type": "Point", "coordinates": [ 8.726642, 49.400978 ] } },
{ "type": "Feature", "properties": { "key": 4645015261, "species": "Turdus pilaris", "scientificName": "Turdus pilaris Linnaeus, 1758", "eventDate": "2023-01-22T00:00:00Z", "uncertainty_m": null }, "geometry": { "type": "Point", "coordinates": [ 8.678938, 49.421394 ] } },
{ "type": "Feature", "properties": { "key": 4645265693, "species": "Corvus corone", "scientificName": "Corvus corone Linnaeus, 1758", "eventDate": "2023-01-26T00:00:00Z", "uncertainty_m": null }, "geometry": { "type": "Point", "coordinates": [ 8.665815, 49.425297 ] } },
{ "type": "Feature", "properties": { "key": 4645280804, "species": "Corvus corone", "scientificName": "Corvus corone Linnaeus, 1758", "eventDate": "2023-01-31T00:00:00Z", "uncertainty_m": null }, "geometry": { "type": "Point", "coordinates": [ 8.655646, 49.44867 ] } },
{ "type": "Feature", "properties": { "key": 4646076365, "species": "Buteo buteo", "scientificName": "Buteo buteo (Linnaeus, 1758)", "eventDate": "2023-01-23T00:00:00Z", "uncertainty_m": null }, "geometry": { "type": "Point", "coordinates": [ 8.665815, 49.425297 ] } },
{ "type": "Feature", "properties": { "key": 4646321860, "species": "Ciconia ciconia", "scientificName": "Ciconia ciconia (Linnaeus, 1758)", "eventDate": "2023-01-15T00:00:00Z", "uncertainty_m": null }, "geometry": { "type": "Point", "coordinates": [ 8.668163, 49.41085 ] } },
{ "type": "Feature", "properties": { "key": 4647562355, "species": "Galerida cristata", "scientificName": "Galerida cristata (Linnaeus, 1758)", "eventDate": "2023-01-07T00:00:00Z", "uncertainty_m": null }, "geometry": { "type": "Point", "coordinates": [ 8.56977, 49.309017 ] } },
{ "type": "Feature", "properties": { "key": 4648087149, "species": "Columba palumbus", "scientificName": "Columba palumbus Linnaeus, 1758", "eventDate": "2023-01-15T00:00:00Z", "uncertainty_m": null }, "geometry": { "type": "Point", "coordinates": [ 8.678938, 49.421394 ] } },
{ "type": "Feature", "properties": { "key": 4648089836, "species": "Parus major", "scientificName": "Parus major Linnaeus, 1758", "eventDate": "2023-01-08T00:00:00Z", "uncertainty_m": null }, "geometry": { "type": "Point", "coordinates": [ 8.673265, 49.459534 ] } },
{ "type": "Feature", "properties": { "key": 4649235887, "species": "Columba palumbus", "scientificName": "Columba palumbus Linnaeus, 1758", "eventDate": "2023-01-22T00:00:00Z", "uncertainty_m": null }, "geometry": { "type": "Point", "coordinates": [ 8.668163, 49.41085 ] } },
{ "type": "Feature", "properties": { "key": 4649330826, "species": "Carduelis carduelis", "scientificName": "Carduelis carduelis (Linnaeus, 1758)", "eventDate": "2023-01-07T00:00:00Z", "uncertainty_m": null }, "geometry": { "type": "Point", "coordinates": [ 8.672848, 49.456497 ] } },
{ "type": "Feature", "properties": { "key": 4649690880, "species": "Parus major", "scientificName": "Parus major Linnaeus, 1758", "eventDate": "2023-01-06T00:00:00Z", "uncertainty_m": null }, "geometry": { "type": "Point", "coordinates": [ 8.674822, 49.476784 ] } },
{ "type": "Feature", "properties": { "key": 4649957452, "species": "Sitta europaea", "scientificName": "Sitta europaea Linnaeus, 1758", "eventDate": "2023-01-31T00:00:00Z", "uncertainty_m": null }, "geometry": { "type": "Point", "coordinates": [ 8.684613, 49.43915 ] } },
{ "type": "Feature", "properties": { "key": 4650234481, "species": "Garrulus glandarius", "scientificName": "Garrulus glandarius (Linnaeus, 1758)", "eventDate": "2023-01-23T00:00:00Z", "uncertainty_m": null }, "geometry": { "type": "Point", "coordinates": [ 8.665815, 49.425297 ] } },
{ "type": "Feature", "properties": { "key": 4650485341, "species": "Corvus frugilegus", "scientificName": "Corvus frugilegus Linnaeus, 1758", "eventDate": "2023-01-23T00:00:00Z", "uncertainty_m": null }, "geometry": { "type": "Point", "coordinates": [ 8.665815, 49.425297 ] } },
{ "type": "Feature", "properties": { "key": 4650574917, "species": "Athene noctua", "scientificName": "Athene noctua (Scopoli, 1769)", "eventDate": "2023-01-28T00:00:00Z", "uncertainty_m": null }, "geometry": { "type": "Point", "coordinates": [ 8.624862, 49.455822 ] } },
{ "type": "Feature", "properties": { "key": 4650935924, "species": "Garrulus glandarius", "scientificName": "Garrulus glandarius (Linnaeus, 1758)", "eventDate": "2023-01-08T00:00:00Z", "uncertainty_m": null }, "geometry": { "type": "Point", "coordinates": [ 8.672848, 49.456497 ] } },
{ "type": "Feature", "properties": { "key": 4651293699, "species": "Phalacrocorax carbo", "scientificName": "Phalacrocorax carbo (Linnaeus, 1758)", "eventDate": "2023-01-25T00:00:00Z", "uncertainty_m": null }, "geometry": { "type": "Point", "coordinates": [ 8.668163, 49.41085 ] } },
{ "type": "Feature", "properties": { "key": 4651323768, "species": "Turdus merula", "scientificName": "Turdus merula Linnaeus, 1758", "eventDate": "2023-01-22T00:00:00Z", "uncertainty_m": null }, "geometry": { "type": "Point", "coordinates": [ 8.668163, 49.41085 ] } },
{ "type": "Feature", "properties": { "key": 4651467453, "species": "Fringilla montifringilla", "scientificName": "Fringilla montifringilla Linnaeus, 1758", "eventDate": "2023-01-21T00:00:00Z", "uncertainty_m": null }, "geometry": { "type": "Point", "coordinates": [ 8.684613, 49.43915 ] } },
{ "type": "Feature", "properties": { "key": 4651467454, "species": "Coccothraustes coccothraustes", "scientificName": "Coccothraustes coccothraustes (Linnaeus, 1758)", "eventDate": "2023-01-21T00:00:00Z", "uncertainty_m": null }, "geometry": { "type": "Point", "coordinates": [ 8.672848, 49.456497 ] } },
{ "type": "Feature", "properties": { "key": 4651615929, "species": "Turdus merula", "scientificName": "Turdus merula Linnaeus, 1758", "eventDate": "2023-01-27T00:00:00Z", "uncertainty_m": null }, "geometry": { "type": "Point", "coordinates": [ 8.669804, 49.381012 ] } },
{ "type": "Feature", "properties": { "key": 4651893661, "species": "Sitta europaea", "scientificName": "Sitta europaea Linnaeus, 1758", "eventDate": "2023-01-21T00:00:00Z", "uncertainty_m": null }, "geometry": { "type": "Point", "coordinates": [ 8.683418, 49.44685 ] } },
{ "type": "Feature", "properties": { "key": 4652219785, "species": "Pica pica", "scientificName": "Pica pica (Linnaeus, 1758)", "eventDate": "2023-01-29T00:00:00Z", "uncertainty_m": null }, "geometry": { "type": "Point", "coordinates": [ 8.665815, 49.425297 ] } },
{ "type": "Feature", "properties": { "key": 4653426939, "species": "Phalacrocorax carbo", "scientificName": "Phalacrocorax carbo (Linnaeus, 1758)", "eventDate": "2023-01-22T00:00:00Z", "uncertainty_m": null }, "geometry": { "type": "Point", "coordinates": [ 8.668163, 49.41085 ] } },
{ "type": "Feature", "properties": { "key": 4653537667, "species": "Regulus regulus", "scientificName": "Regulus regulus (Linnaeus, 1758)", "eventDate": "2023-01-21T00:00:00Z", "uncertainty_m": null }, "geometry": { "type": "Point", "coordinates": [ 8.684613, 49.43915 ] } },
{ "type": "Feature", "properties": { "key": 4654707737, "species": "Garrulus glandarius", "scientificName": "Garrulus glandarius (Linnaeus, 1758)", "eventDate": "2023-01-15T00:00:00Z", "uncertainty_m": null }, "geometry": { "type": "Point", "coordinates": [ 8.692978, 49.3702 ] } },
{ "type": "Feature", "properties": { "key": 4654775894, "species": "Dendrocoptes medius", "scientificName": "Dendrocoptes medius (Linnaeus, 1758)", "eventDate": "2023-01-08T00:00:00Z", "uncertainty_m": null }, "geometry": { "type": "Point", "coordinates": [ 8.673265, 49.459534 ] } },
{ "type": "Feature", "properties": { "key": 4655457021, "species": "Troglodytes troglodytes", "scientificName": "Troglodytes troglodytes (Linnaeus, 1758)", "eventDate": "2023-01-26T00:00:00Z", "uncertainty_m": null }, "geometry": { "type": "Point", "coordinates": [ 8.665815, 49.425297 ] } },
{ "type": "Feature", "properties": { "key": 4655662673, "species": "Fringilla coelebs", "scientificName": "Fringilla coelebs Linnaeus, 1758", "eventDate": "2023-01-25T00:00:00Z", "uncertainty_m": null }, "geometry": { "type": "Point", "coordinates": [ 8.668163, 49.41085 ] } },
{ "type": "Feature", "properties": { "key": 4656469013, "species": "Motacilla cinerea", "scientificName": "Motacilla cinerea Tunstall, 1771", "eventDate": "2023-01-06T00:00:00Z", "uncertainty_m": null }, "geometry": { "type": "Point", "coordinates": [ 8.674822, 49.476784 ] } },
{ "type": "Feature", "properties": { "key": 4657023579, "species": "Coccothraustes coccothraustes", "scientificName": "Coccothraustes coccothraustes (Linnaeus, 1758)", "eventDate": "2023-01-21T00:00:00Z", "uncertainty_m": null }, "geometry": { "type": "Point", "coordinates": [ 8.671378, 49.47071 ] } },
{ "type": "Feature", "properties": { "key": 4657172804, "species": "Columba palumbus", "scientificName": "Columba palumbus Linnaeus, 1758", "eventDate": "2023-01-27T00:00:00Z", "uncertainty_m": null }, "geometry": { "type": "Point", "coordinates": [ 8.691434, 49.412827 ] } },
{ "type": "Feature", "properties": { "key": 4657227706, "species": "Chloris chloris", "scientificName": "Chloris chloris (Linnaeus, 1758)", "eventDate": "2023-01-05T00:00:00Z", "uncertainty_m": null }, "geometry": { "type": "Point", "coordinates": [ 8.672848, 49.456497 ] } },
{ "type": "Feature", "properties": { "key": 4657304476, "species": "Parus major", "scientificName": "Parus major Linnaeus, 1758", "eventDate": "2023-01-23T00:00:00Z", "uncertainty_m": null }, "geometry": { "type": "Point", "coordinates": [ 8.665815, 49.425297 ] } },
{ "type": "Feature", "properties": { "key": 4657652713, "species": "Passer domesticus", "scientificName": "Passer domesticus (Linnaeus, 1758)", "eventDate": "2023-01-22T00:00:00Z", "uncertainty_m": null }, "geometry": { "type": "Point", "coordinates": [ 8.668163, 49.41085 ] } },
{ "type": "Feature", "properties": { "key": 4658620676, "species": "Psittacula krameri", "scientificName": "Psittacula krameri (Scopoli, 1769)", "eventDate": "2023-01-15T00:00:00Z", "uncertainty_m": null }, "geometry": { "type": "Point", "coordinates": [ 8.678938, 49.421394 ] } },
{ "type": "Feature", "properties": { "key": 4659061701, "species": "Columba palumbus", "scientificName": "Columba palumbus Linnaeus, 1758", "eventDate": "2023-01-08T00:00:00Z", "uncertainty_m": null }, "geometry": { "type": "Point", "coordinates": [ 8.673265, 49.459534 ] } },
{ "type": "Feature", "properties": { "key": 4659560838, "species": "Dendrocopos major", "scientificName": "Dendrocopos major (Linnaeus, 1758)", "eventDate": "2023-01-15T00:00:00Z", "uncertainty_m": null }, "geometry": { "type": "Point", "coordinates": [ 8.692978, 49.3702 ] } },
{ "type": "Feature", "properties": { "key": 4659561197, "species": "Turdus merula", "scientificName": "Turdus merula Linnaeus, 1758", "eventDate": "2023-01-15T00:00:00Z", "uncertainty_m": null }, "geometry": { "type": "Point", "coordinates": [ 8.678938, 49.421394 ] } },
{ "type": "Feature", "properties": { "key": 4659675983, "species": "Picus viridis", "scientificName": "Picus viridis Linnaeus, 1758", "eventDate": "2023-01-31T00:00:00Z", "uncertainty_m": null }, "geometry": { "type": "Point", "coordinates": [ 8.655646, 49.44867 ] } },
{ "type": "Feature", "properties": { "key": 4659877677, "species": "Coccothraustes coccothraustes", "scientificName": "Coccothraustes coccothraustes (Linnaeus, 1758)", "eventDate": "2023-01-31T00:00:00Z", "uncertainty_m": null }, "geometry": { "type": "Point", "coordinates": [ 8.655646, 49.44867 ] } },
{ "type": "Feature", "properties": { "key": 4660403725, "species": "Garrulus glandarius", "scientificName": "Garrulus glandarius (Linnaeus, 1758)", "eventDate": "2023-01-03T00:00:00Z", "uncertainty_m": null }, "geometry": { "type": "Point", "coordinates": [ 8.726642, 49.400978 ] } },
{ "type": "Feature", "properties": { "key": 4660830830, "species": "Corvus corone", "scientificName": "Corvus corone Linnaeus, 1758", "eventDate": "2023-01-31T00:00:00Z", "uncertainty_m": null }, "geometry": { "type": "Point", "coordinates": [ 8.684613, 49.43915 ] } },
{ "type": "Feature", "properties": { "key": 4662413649, "species": "Dendrocopos major", "scientificName": "Dendrocopos major (Linnaeus, 1758)", "eventDate": "2023-01-06T00:00:00Z", "uncertainty_m": null }, "geometry": { "type": "Point", "coordinates": [ 8.699978, 49.465 ] } },
{ "type": "Feature", "properties": { "key": 4662735729, "species": "Branta canadensis", "scientificName": "Branta canadensis (Linnaeus, 1758)", "eventDate": "2023-01-15T00:00:00Z", "uncertainty_m": null }, "geometry": { "type": "Point", "coordinates": [ 8.609012, 49.455147 ] } },
{ "type": "Feature", "properties": { "key": 4662936821, "species": "Corvus corone", "scientificName": "Corvus corone Linnaeus, 1758", "eventDate": "2023-01-13T00:00:00Z", "uncertainty_m": null }, "geometry": { "type": "Point", "coordinates": [ 8.69631, 49.380383 ] } },
{ "type": "Feature", "properties": { "key": 4663331004, "species": "Coccothraustes coccothraustes", "scientificName": "Coccothraustes coccothraustes (Linnaeus, 1758)", "eventDate": "2023-01-18T00:00:00Z", "uncertainty_m": null }, "geometry": { "type": "Point", "coordinates": [ 8.665815, 49.425297 ] } },
{ "type": "Feature", "properties": { "key": 4663472086, "species": "Psittacula krameri", "scientificName": "Psittacula krameri (Scopoli, 1769)", "eventDate": "2023-01-07T00:00:00Z", "uncertainty_m": null }, "geometry": { "type": "Point", "coordinates": [ 8.717177, 49.410854 ] } },
{ "type": "Feature", "properties": { "key": 4663476049, "species": "Garrulus glandarius", "scientificName": "Garrulus glandarius (Linnaeus, 1758)", "eventDate": "2023-01-27T00:00:00Z", "uncertainty_m": null }, "geometry": { "type": "Point", "coordinates": [ 8.671378, 49.47071 ] } },
{ "type": "Feature", "properties": { "key": 4664782383, "species": "Poecile palustris", "scientificName": "Poecile palustris (Linnaeus, 1758)", "eventDate": "2023-01-21T00:00:00Z", "uncertainty_m": null }, "geometry": { "type": "Point", "coordinates": [ 8.671378, 49.47071 ] } },
{ "type": "Feature", "properties": { "key": 4664810477, "species": "Psittacula krameri", "scientificName": "Psittacula krameri (Scopoli, 1769)", "eventDate": "2023-01-25T00:00:00Z", "uncertainty_m": null }, "geometry": { "type": "Point", "coordinates": [ 8.668163, 49.41085 ] } },
{ "type": "Feature", "properties": { "key": 4665209323, "species": "Parus major", "scientificName": "Parus major Linnaeus, 1758", "eventDate": "2023-01-21T00:00:00Z", "uncertainty_m": null }, "geometry": { "type": "Point", "coordinates": [ 8.671378, 49.47071 ] } },
{ "type": "Feature", "properties": { "key": 4665269434, "species": "Carduelis carduelis", "scientificName": "Carduelis carduelis (Linnaeus, 1758)", "eventDate": "2023-01-25T00:00:00Z", "uncertainty_m": null }, "geometry": { "type": "Point", "coordinates": [ 8.668163, 49.41085 ] } },
{ "type": "Feature", "properties": { "key": 4665356520, "species": "Branta canadensis", "scientificName": "Branta canadensis (Linnaeus, 1758)", "eventDate": "2023-01-27T00:00:00Z", "uncertainty_m": null }, "geometry": { "type": "Point", "coordinates": [ 8.691434, 49.412827 ] } },
{ "type": "Feature", "properties": { "key": 4665428041, "species": "Coccothraustes coccothraustes", "scientificName": "Coccothraustes coccothraustes (Linnaeus, 1758)", "eventDate": "2023-01-27T00:00:00Z", "uncertainty_m": null }, "geometry": { "type": "Point", "coordinates": [ 8.671378, 49.47071 ] } },
{ "type": "Feature", "properties": { "key": 4665439622, "species": "Cyanistes caeruleus", "scientificName": "Cyanistes caeruleus (Linnaeus, 1758)", "eventDate": "2023-01-31T00:00:00Z", "uncertainty_m": null }, "geometry": { "type": "Point", "coordinates": [ 8.684613, 49.43915 ] } },
{ "type": "Feature", "properties": { "key": 4665870977, "species": "Ardea cinerea", "scientificName": "Ardea cinerea Linnaeus, 1758", "eventDate": "2023-01-05T00:00:00Z", "uncertainty_m": null }, "geometry": { "type": "Point", "coordinates": [ 8.603012, 49.474262 ] } },
{ "type": "Feature", "properties": { "key": 4666095286, "species": "Columba palumbus", "scientificName": "Columba palumbus Linnaeus, 1758", "eventDate": "2023-01-22T00:00:00Z", "uncertainty_m": null }, "geometry": { "type": "Point", "coordinates": [ 8.678938, 49.421394 ] } },
{ "type": "Feature", "properties": { "key": 4666186841, "species": "Pica pica", "scientificName": "Pica pica (Linnaeus, 1758)", "eventDate": "2023-01-05T00:00:00Z", "uncertainty_m": null }, "geometry": { "type": "Point", "coordinates": [ 8.672848, 49.456497 ] } },
{ "type": "Feature", "properties": { "key": 4666716970, "species": "Corvus corone", "scientificName": "Corvus corone Linnaeus, 1758", "eventDate": "2023-01-06T00:00:00Z", "uncertainty_m": null }, "geometry": { "type": "Point", "coordinates": [ 8.674822, 49.476784 ] } },
{ "type": "Feature", "properties": { "key": 4667110929, "species": "Erithacus rubecula", "scientificName": "Erithacus rubecula (Linnaeus, 1758)", "eventDate": "2023-01-20T00:00:00Z", "uncertainty_m": null }, "geometry": { "type": "Point", "coordinates": [ 8.665815, 49.425297 ] } },
{ "type": "Feature", "properties": { "key": 4667579690, "species": "Troglodytes troglodytes", "scientificName": "Troglodytes troglodytes (Linnaeus, 1758)", "eventDate": "2023-01-25T00:00:00Z", "uncertainty_m": null }, "geometry": { "type": "Point", "coordinates": [ 8.668163, 49.41085 ] } },
{ "type": "Feature", "properties": { "key": 4669055585, "species": "Poecile palustris", "scientificName": "Poecile palustris (Linnaeus, 1758)", "eventDate": "2023-01-21T00:00:00Z", "uncertainty_m": null }, "geometry": { "type": "Point", "coordinates": [ 8.712895, 49.470592 ] } },
{ "type": "Feature", "properties": { "key": 4669244574, "species": "Passer domesticus", "scientificName": "Passer domesticus (Linnaeus, 1758)", "eventDate": "2023-01-05T00:00:00Z", "uncertainty_m": null }, "geometry": { "type": "Point", "coordinates": [ 8.669804, 49.381012 ] } },
{ "type": "Feature", "properties": { "key": 4669253775, "species": "Cyanistes caeruleus", "scientificName": "Cyanistes caeruleus (Linnaeus, 1758)", "eventDate": "2023-01-13T00:00:00Z", "uncertainty_m": null }, "geometry": { "type": "Point", "coordinates": [ 8.69631, 49.380383 ] } },
{ "type": "Feature", "properties": { "key": 4670345635, "species": "Garrulus glandarius", "scientificName": "Garrulus glandarius (Linnaeus, 1758)", "eventDate": "2023-01-21T00:00:00Z", "uncertainty_m": null }, "geometry": { "type": "Point", "coordinates": [ 8.684613, 49.43915 ] } },
{ "type": "Feature", "properties": { "key": 4670345636, "species": "Certhia brachydactyla", "scientificName": "Certhia brachydactyla C.L.Brehm, 1820", "eventDate": "2023-01-21T00:00:00Z", "uncertainty_m": null }, "geometry": { "type": "Point", "coordinates": [ 8.683418, 49.44685 ] } },
{ "type": "Feature", "properties": { "key": 4670816303, "species": "Passer montanus", "scientificName": "Passer montanus (Linnaeus, 1758)", "eventDate": "2023-01-07T00:00:00Z", "uncertainty_m": null }, "geometry": { "type": "Point", "coordinates": [ 8.56977, 49.309017 ] } },
{ "type": "Feature", "properties": { "key": 4671022040, "species": "Columba palumbus", "scientificName": "Columba palumbus Linnaeus, 1758", "eventDate": "2023-01-06T00:00:00Z", "uncertainty_m": null }, "geometry": { "type": "Point", "coordinates": [ 8.669804, 49.381012 ] } },
{ "type": "Feature", "properties": { "key": 4672548834, "species": "Carduelis carduelis", "scientificName": "Carduelis carduelis (Linnaeus, 1758)", "eventDate": "2023-01-08T00:00:00Z", "uncertainty_m": null }, "geometry": { "type": "Point", "coordinates": [ 8.672848, 49.456497 ] } },
{ "type": "Feature", "properties": { "key": 4672637222, "species": "Psittacula krameri", "scientificName": "Psittacula krameri (Scopoli, 1769)", "eventDate": "2023-01-31T00:00:00Z", "uncertainty_m": null }, "geometry": { "type": "Point", "coordinates": [ 8.691434, 49.412827 ] } },
{ "type": "Feature", "properties": { "key": 4672843437, "species": "Turdus pilaris", "scientificName": "Turdus pilaris Linnaeus, 1758", "eventDate": "2023-01-14T00:00:00Z", "uncertainty_m": null }, "geometry": { "type": "Point", "coordinates": [ 8.651176, 49.428635 ] } },
{ "type": "Feature", "properties": { "key": 4672930026, "species": "Passer domesticus", "scientificName": "Passer domesticus (Linnaeus, 1758)", "eventDate": "2023-01-18T00:00:00Z", "uncertainty_m": null }, "geometry": { "type": "Point", "coordinates": [ 8.665815, 49.425297 ] } },
{ "type": "Feature", "properties": { "key": 4673224782, "species": "Cyanistes caeruleus", "scientificName": "Cyanistes caeruleus (Linnaeus, 1758)", "eventDate": "2023-01-27T00:00:00Z", "uncertainty_m": null }, "geometry": { "type": "Point", "coordinates": [ 8.671378, 49.47071 ] } },
{ "type": "Feature", "properties": { "key": 4673452578, "species": "Psittacula krameri", "scientificName": "Psittacula krameri (Scopoli, 1769)", "eventDate": "2023-01-24T00:00:00Z", "uncertainty_m": null }, "geometry": { "type": "Point", "coordinates": [ 8.678938, 49.421394 ] } },
{ "type": "Feature", "properties": { "key": 4673603743, "species": "Cyanistes caeruleus", "scientificName": "Cyanistes caeruleus (Linnaeus, 1758)", "eventDate": "2023-01-27T00:00:00Z", "uncertainty_m": null }, "geometry": { "type": "Point", "coordinates": [ 8.668163, 49.41085 ] } },
{ "type": "Feature", "properties": { "key": 4673876536, "species": "Psittacula krameri", "scientificName": "Psittacula krameri (Scopoli, 1769)", "eventDate": "2023-01-30T00:00:00Z", "uncertainty_m": null }, "geometry": { "type": "Point", "coordinates": [ 8.678938, 49.421394 ] } },
{ "type": "Feature", "properties": { "key": 4673877146, "species": "Turdus merula", "scientificName": "Turdus merula Linnaeus, 1758", "eventDate": "2023-01-29T00:00:00Z", "uncertainty_m": null }, "geometry": { "type": "Point", "coordinates": [ 8.681811, 49.45415 ] } },
{ "type": "Feature", "properties": { "key": 4674295006, "species": "Anser brachyrhynchus", "scientificName": "Anser brachyrhynchus Baillon, 1834", "eventDate": "2023-01-12T00:00:00Z", "uncertainty_m": null }, "geometry": { "type": "Point", "coordinates": [ 8.691434, 49.412827 ] } },
{ "type": "Feature", "properties": { "key": 4674984610, "species": "Corvus frugilegus", "scientificName": "Corvus frugilegus Linnaeus, 1758", "eventDate": "2023-01-23T00:00:00Z", "uncertainty_m": null }, "geometry": { "type": "Point", "coordinates": [ 8.665815, 49.425297 ] } },
{ "type": "Feature", "properties": { "key": 4675031675, "species": "Passer domesticus", "scientificName": "Passer domesticus (Linnaeus, 1758)", "eventDate": "2023-01-25T00:00:00Z", "uncertainty_m": null }, "geometry": { "type": "Point", "coordinates": [ 8.668163, 49.41085 ] } },
{ "type": "Feature", "properties": { "key": 4675502785, "species": "Chroicocephalus ridibundus", "scientificName": "Chroicocephalus ridibundus (Linnaeus, 1766)", "eventDate": "2023-01-15T00:00:00Z", "uncertainty_m": null }, "geometry": { "type": "Point", "coordinates": [ 8.668163, 49.41085 ] } },
{ "type": "Feature", "properties": { "key": 4676486445, "species": "Larus michahellis", "scientificName": "Larus michahellis J.F.Naumann, 1840", "eventDate": "2023-01-09T00:00:00Z", "uncertainty_m": null }, "geometry": { "type": "Point", "coordinates": [ 8.611779, 49.454887 ] } },
{ "type": "Feature", "properties": { "key": 4676737942, "species": "Corvus corone", "scientificName": "Corvus corone Linnaeus, 1758", "eventDate": "2023-01-12T00:00:00Z", "uncertainty_m": null }, "geometry": { "type": "Point", "coordinates": [ 8.656351, 49.385723 ] } },
{ "type": "Feature", "properties": { "key": 4677135688, "species": "Sitta europaea", "scientificName": "Sitta europaea Linnaeus, 1758", "eventDate": "2023-01-24T00:00:00Z", "uncertainty_m": null }, "geometry": { "type": "Point", "coordinates": [ 8.707174, 49.431812 ] } },
{ "type": "Feature", "properties": { "key": 4677170777, "species": "Poecile palustris", "scientificName": "Poecile palustris (Linnaeus, 1758)", "eventDate": "2023-01-08T00:00:00Z", "uncertainty_m": null }, "geometry": { "type": "Point", "coordinates": [ 8.673265, 49.459534 ] } },
{ "type": "Feature", "properties": { "key": 4677170910, "species": "Parus major", "scientificName": "Parus major Linnaeus, 1758", "eventDate": "2023-01-05T00:00:00Z", "uncertainty_m": null }, "geometry": { "type": "Point", "coordinates": [ 8.683418, 49.44685 ] } },
{ "type": "Feature", "properties": { "key": 4677510981, "species": "Chloris chloris", "scientificName": "Chloris chloris (Linnaeus, 1758)", "eventDate": "2023-01-25T00:00:00Z", "uncertainty_m": null }, "geometry": { "type": "Point", "coordinates": [ 8.665815, 49.425297 ] } },
{ "type": "Feature", "properties": { "key": 4677645769, "species": "Coloeus monedula", "scientificName": "Coloeus monedula (Linnaeus, 1758)", "eventDate": "2023-01-31T00:00:00Z", "uncertainty_m": null }, "geometry": { "type": "Point", "coordinates": [ 8.665815, 49.425297 ] } },
{ "type": "Feature", "properties": { "key": 4677706943, "species": "Regulus regulus", "scientificName": "Regulus regulus (Linnaeus, 1758)", "eventDate": "2023-01-03T00:00:00Z", "uncertainty_m": null }, "geometry": { "type": "Point", "coordinates": [ 8.726642, 49.400978 ] } },
{ "type": "Feature", "properties": { "key": 4677927846, "species": "Aegithalos caudatus", "scientificName": "Aegithalos caudatus (Linnaeus, 1758)", "eventDate": "2023-01-15T00:00:00Z", "uncertainty_m": null }, "geometry": { "type": "Point", "coordinates": [ 8.678938, 49.421394 ] } },
{ "type": "Feature", "properties": { "key": 4678250383, "species": "Alauda arvensis", "scientificName": "Alauda arvensis Linnaeus, 1758", "eventDate": "2023-01-29T00:00:00Z", "uncertainty_m": null }, "geometry": { "type": "Point", "coordinates": [ 8.56977, 49.309017 ] } },
{ "type": "Feature", "properties": { "key": 4678378699, "species": "Sitta europaea", "scientificName": "Sitta europaea Linnaeus, 1758", "eventDate": "2023-01-08T00:00:00Z", "uncertainty_m": null }, "geometry": { "type": "Point", "coordinates": [ 8.673265, 49.459534 ] } },
{ "type": "Feature", "properties": { "key": 4678481972, "species": "Parus major", "scientificName": "Parus major Linnaeus, 1758", "eventDate": "2023-01-18T00:00:00Z", "uncertainty_m": null }, "geometry": { "type": "Point", "coordinates": [ 8.665815, 49.425297 ] } },
{ "type": "Feature", "properties": { "key": 4678560787, "species": "Coccothraustes coccothraustes", "scientificName": "Coccothraustes coccothraustes (Linnaeus, 1758)", "eventDate": "2023-01-25T00:00:00Z", "uncertainty_m": null }, "geometry": { "type": "Point", "coordinates": [ 8.655646, 49.44867 ] } },
{ "type": "Feature", "properties": { "key": 4678803254, "species": "Turdus pilaris", "scientificName": "Turdus pilaris Linnaeus, 1758", "eventDate": "2023-01-23T00:00:00Z", "uncertainty_m": null }, "geometry": { "type": "Point", "coordinates": [ 8.665815, 49.425297 ] } },
{ "type": "Feature", "properties": { "key": 4678999054, "species": "Picus viridis", "scientificName": "Picus viridis Linnaeus, 1758", "eventDate": "2023-01-20T00:00:00Z", "uncertainty_m": null }, "geometry": { "type": "Point", "coordinates": [ 8.665815, 49.425297 ] } },
{ "type": "Feature", "properties": { "key": 4679009088, "species": "Parus major", "scientificName": "Parus major Linnaeus, 1758", "eventDate": "2023-01-22T00:00:00Z", "uncertainty_m": null }, "geometry": { "type": "Point", "coordinates": [ 8.668163, 49.41085 ] } },
{ "type": "Feature", "properties": { "key": 4679032550, "species": "Passer domesticus", "scientificName": "Passer domesticus (Linnaeus, 1758)", "eventDate": "2023-01-27T00:00:00Z", "uncertainty_m": null }, "geometry": { "type": "Point", "coordinates": [ 8.668163, 49.41085 ] } },
{ "type": "Feature", "properties": { "key": 4679283086, "species": "Passer domesticus", "scientificName": "Passer domesticus (Linnaeus, 1758)", "eventDate": "2023-01-25T00:00:00Z", "uncertainty_m": null }, "geometry": { "type": "Point", "coordinates": [ 8.691434, 49.412827 ] } },
{ "type": "Feature", "properties": { "key": 4679376072, "species": "Streptopelia decaocto", "scientificName": "Streptopelia decaocto (Frivaldszky, 1838)", "eventDate": "2023-01-28T00:00:00Z", "uncertainty_m": null }, "geometry": { "type": "Point", "coordinates": [ 8.678938, 49.421394 ] } },
{ "type": "Feature", "properties": { "key": 4679490047, "species": "Cyanistes caeruleus", "scientificName": "Cyanistes caeruleus (Linnaeus, 1758)", "eventDate": "2023-01-29T00:00:00Z", "uncertainty_m": null }, "geometry": { "type": "Point", "coordinates": [ 8.665815, 49.425297 ] } },
{ "type": "Feature", "properties": { "key": 4679617673, "species": "Corvus corone", "scientificName": "Corvus corone Linnaeus, 1758", "eventDate": "2023-01-27T00:00:00Z", "uncertainty_m": null }, "geometry": { "type": "Point", "coordinates": [ 8.691434, 49.412827 ] } },
{ "type": "Feature", "properties": { "key": 4681349133, "species": "Fringilla coelebs", "scientificName": "Fringilla coelebs Linnaeus, 1758", "eventDate": "2023-01-15T00:00:00Z", "uncertainty_m": null }, "geometry": { "type": "Point", "coordinates": [ 8.671963, 49.456203 ] } },
{ "type": "Feature", "properties": { "key": 4681742448, "species": "Turdus philomelos", "scientificName": "Turdus philomelos C.L.Brehm, 1831", "eventDate": "2023-01-24T00:00:00Z", "uncertainty_m": null }, "geometry": { "type": "Point", "coordinates": [ 8.707174, 49.431812 ] } },
{ "type": "Feature", "properties": { "key": 4682094890, "species": "Troglodytes troglodytes", "scientificName": "Troglodytes troglodytes (Linnaeus, 1758)", "eventDate": "2023-01-22T00:00:00Z", "uncertainty_m": null }, "geometry": { "type": "Point", "coordinates": [ 8.668163, 49.41085 ] } },
{ "type": "Feature", "properties": { "key": 4682246435, "species": "Dendrocopos major", "scientificName": "Dendrocopos major (Linnaeus, 1758)", "eventDate": "2023-01-31T00:00:00Z", "uncertainty_m": null }, "geometry": { "type": "Point", "coordinates": [ 8.665815, 49.425297 ] } },
{ "type": "Feature", "properties": { "key": 4682496904, "species": "Turdus merula", "scientificName": "Turdus merula Linnaeus, 1758", "eventDate": "2023-01-28T00:00:00Z", "uncertainty_m": null }, "geometry": { "type": "Point", "coordinates": [ 8.678938, 49.421394 ] } },
{ "type": "Feature", "properties": { "key": 4683246916, "species": "Anas platyrhynchos", "scientificName": "Anas platyrhynchos Linnaeus, 1758", "eventDate": "2023-01-06T00:00:00Z", "uncertainty_m": null }, "geometry": { "type": "Point", "coordinates": [ 8.674822, 49.476784 ] } },
{ "type": "Feature", "properties": { "key": 4683515681, "species": "Fringilla coelebs", "scientificName": "Fringilla coelebs Linnaeus, 1758", "eventDate": "2023-01-25T00:00:00Z", "uncertainty_m": null }, "geometry": { "type": "Point", "coordinates": [ 8.665815, 49.425297 ] } },
{ "type": "Feature", "properties": { "key": 4683704004, "species": "Passer domesticus", "scientificName": "Passer domesticus (Linnaeus, 1758)", "eventDate": "2023-01-15T00:00:00Z", "uncertainty_m": null }, "geometry": { "type": "Point", "coordinates": [ 8.609012, 49.455147 ] } },
{ "type": "Feature", "properties": { "key": 4684004487, "species": "Cyanistes caeruleus", "scientificName": "Cyanistes caeruleus (Linnaeus, 1758)", "eventDate": "2023-01-23T00:00:00Z", "uncertainty_m": null }, "geometry": { "type": "Point", "coordinates": [ 8.665815, 49.425297 ] } },
{ "type": "Feature", "properties": { "key": 4684842188, "species": "Psittacula krameri", "scientificName": "Psittacula krameri (Scopoli, 1769)", "eventDate": "2023-01-03T00:00:00Z", "uncertainty_m": null }, "geometry": { "type": "Point", "coordinates": [ 8.717177, 49.410854 ] } },
{ "type": "Feature", "properties": { "key": 4685052574, "species": "Columba livia", "scientificName": "Columba livia J.F.Gmelin, 1789", "eventDate": "2023-01-05T00:00:00Z", "uncertainty_m": null }, "geometry": { "type": "Point", "coordinates": [ 8.669804, 49.381012 ] } },
{ "type": "Feature", "properties": { "key": 4685336811, "species": "Cyanistes caeruleus", "scientificName": "Cyanistes caeruleus (Linnaeus, 1758)", "eventDate": "2023-01-06T00:00:00Z", "uncertainty_m": null }, "geometry": { "type": "Point", "coordinates": [ 8.671378, 49.47071 ] } },
{ "type": "Feature", "properties": { "key": 4685385841, "species": "Corvus frugilegus", "scientificName": "Corvus frugilegus Linnaeus, 1758", "eventDate": "2023-01-07T00:00:00Z", "uncertainty_m": null }, "geometry": { "type": "Point", "coordinates": [ 8.65538, 49.456226 ] } },
{ "type": "Feature", "properties": { "key": 4685556003, "species": "Passer domesticus", "scientificName": "Passer domesticus (Linnaeus, 1758)", "eventDate": "2023-01-06T00:00:00Z", "uncertainty_m": null }, "geometry": { "type": "Point", "coordinates": [ 8.669804, 49.381012 ] } },
{ "type": "Feature", "properties": { "key": 4685714907, "species": "Passer domesticus", "scientificName": "Passer domesticus (Linnaeus, 1758)", "eventDate": "2023-01-08T00:00:00Z", "uncertainty_m": null }, "geometry": { "type": "Point", "coordinates": [ 8.672848, 49.456497 ] } },
{ "type": "Feature", "properties": { "key": 4685758735, "species": "Corvus frugilegus", "scientificName": "Corvus frugilegus Linnaeus, 1758", "eventDate": "2023-01-05T00:00:00Z", "uncertainty_m": null }, "geometry": { "type": "Point", "coordinates": [ 8.65538, 49.456226 ] } },
{ "type": "Feature", "properties": { "key": 4685791322, "species": "Psittacula krameri", "scientificName": "Psittacula krameri (Scopoli, 1769)", "eventDate": "2023-01-14T00:00:00Z", "uncertainty_m": null }, "geometry": { "type": "Point", "coordinates": [ 8.651176, 49.428635 ] } },
{ "type": "Feature", "properties": { "key": 4685819953, "species": "Cyanistes caeruleus", "scientificName": "Cyanistes caeruleus (Linnaeus, 1758)", "eventDate": "2023-01-13T00:00:00Z", "uncertainty_m": null }, "geometry": { "type": "Point", "coordinates": [ 8.669804, 49.381012 ] } },
{ "type": "Feature", "properties": { "key": 4685884778, "species": "Pica pica", "scientificName": "Pica pica (Linnaeus, 1758)", "eventDate": "2023-01-13T00:00:00Z", "uncertainty_m": null }, "geometry": { "type": "Point", "coordinates": [ 8.669804, 49.381012 ] } },
{ "type": "Feature", "properties": { "key": 4685904813, "species": "Phasianus colchicus", "scientificName": "Phasianus colchicus Linnaeus, 1758", "eventDate": "2023-01-12T00:00:00Z", "uncertainty_m": null }, "geometry": { "type": "Point", "coordinates": [ 8.656351, 49.385723 ] } },
{ "type": "Feature", "properties": { "key": 4685988912, "species": "Erithacus rubecula", "scientificName": "Erithacus rubecula (Linnaeus, 1758)", "eventDate": "2023-01-06T00:00:00Z", "uncertainty_m": null }, "geometry": { "type": "Point", "coordinates": [ 8.674822, 49.476784 ] } },
{ "type": "Feature", "properties": { "key": 4685988913, "species": "Ardea alba", "scientificName": "Ardea alba Linnaeus, 1758", "eventDate": "2023-01-07T00:00:00Z", "uncertainty_m": null }, "geometry": { "type": "Point", "coordinates": [ 8.639581, 49.453114 ] } },
{ "type": "Feature", "properties": { "key": 4686066662, "species": "Erithacus rubecula", "scientificName": "Erithacus rubecula (Linnaeus, 1758)", "eventDate": "2023-01-06T00:00:00Z", "uncertainty_m": null }, "geometry": { "type": "Point", "coordinates": [ 8.671378, 49.47071 ] } },
{ "type": "Feature", "properties": { "key": 4686100780, "species": "Turdus merula", "scientificName": "Turdus merula Linnaeus, 1758", "eventDate": "2023-01-05T00:00:00Z", "uncertainty_m": null }, "geometry": { "type": "Point", "coordinates": [ 8.672848, 49.456497 ] } },
{ "type": "Feature", "properties": { "key": 4686185841, "species": "Pica pica", "scientificName": "Pica pica (Linnaeus, 1758)", "eventDate": "2023-01-06T00:00:00Z", "uncertainty_m": null }, "geometry": { "type": "Point", "coordinates": [ 8.671378, 49.47071 ] } },
{ "type": "Feature", "properties": { "key": 4686214935, "species": "Sturnus vulgaris", "scientificName": "Sturnus vulgaris Linnaeus, 1758", "eventDate": "2023-01-12T00:00:00Z", "uncertainty_m": null }, "geometry": { "type": "Point", "coordinates": [ 8.656351, 49.385723 ] } },
{ "type": "Feature", "properties": { "key": 4686267784, "species": "Passer domesticus", "scientificName": "Passer domesticus (Linnaeus, 1758)", "eventDate": "2023-01-15T00:00:00Z", "uncertainty_m": null }, "geometry": { "type": "Point", "coordinates": [ 8.678938, 49.421394 ] } },
{ "type": "Feature", "properties": { "key": 4686474439, "species": "Corvus frugilegus", "scientificName": "Corvus frugilegus Linnaeus, 1758", "eventDate": "2023-01-09T00:00:00Z", "uncertainty_m": null }, "geometry": { "type": "Point", "coordinates": [ 8.611779, 49.454887 ] } },
{ "type": "Feature", "properties": { "key": 4686532139, "species": "Psittacula krameri", "scientificName": "Psittacula krameri (Scopoli, 1769)", "eventDate": "2023-01-22T00:00:00Z", "uncertainty_m": null }, "geometry": { "type": "Point", "coordinates": [ 8.678938, 49.421394 ] } },
{ "type": "Feature", "properties": { "key": 4686597090, "species": "Chloris chloris", "scientificName": "Chloris chloris (Linnaeus, 1758)", "eventDate": "2023-01-20T00:00:00Z", "uncertainty_m": null }, "geometry": { "type": "Point", "coordinates": [ 8.665815, 49.425297 ] } },
{ "type": "Feature", "properties": { "key": 4686636587, "species": "Poecile palustris", "scientificName": "Poecile palustris (Linnaeus, 1758)", "eventDate": "2023-01-06T00:00:00Z", "uncertainty_m": null }, "geometry": { "type": "Point", "coordinates": [ 8.671378, 49.47071 ] } },
{ "type": "Feature", "properties": { "key": 4686636588, "species": "Poecile palustris", "scientificName": "Poecile palustris (Linnaeus, 1758)", "eventDate": "2023-01-06T00:00:00Z", "uncertainty_m": null }, "geometry": { "type": "Point", "coordinates": [ 8.699978, 49.465 ] } },
{ "type": "Feature", "properties": { "key": 4686672001, "species": "Sturnus vulgaris", "scientificName": "Sturnus vulgaris Linnaeus, 1758", "eventDate": "2023-01-13T00:00:00Z", "uncertainty_m": null }, "geometry": { "type": "Point", "coordinates": [ 8.669804, 49.381012 ] } },
{ "type": "Feature", "properties": { "key": 4686685784, "species": "Carduelis carduelis", "scientificName": "Carduelis carduelis (Linnaeus, 1758)", "eventDate": "2023-01-08T00:00:00Z", "uncertainty_m": null }, "geometry": { "type": "Point", "coordinates": [ 8.673265, 49.459534 ] } },
{ "type": "Feature", "properties": { "key": 4686799320, "species": "Buteo buteo", "scientificName": "Buteo buteo (Linnaeus, 1758)", "eventDate": "2023-01-14T00:00:00Z", "uncertainty_m": null }, "geometry": { "type": "Point", "coordinates": [ 8.651176, 49.428635 ] } },
{ "type": "Feature", "properties": { "key": 4686893934, "species": "Parus major", "scientificName": "Parus major Linnaeus, 1758", "eventDate": "2023-01-15T00:00:00Z", "uncertainty_m": null }, "geometry": { "type": "Point", "coordinates": [ 8.678938, 49.421394 ] } },
{ "type": "Feature", "properties": { "key": 4686946414, "species": "Fulica atra", "scientificName": "Fulica atra Linnaeus, 1758", "eventDate": "2023-01-14T00:00:00Z", "uncertainty_m": null }, "geometry": { "type": "Point", "coordinates": [ 8.691434, 49.412827 ] } },
{ "type": "Feature", "properties": { "key": 4687031966, "species": "Carduelis carduelis", "scientificName": "Carduelis carduelis (Linnaeus, 1758)", "eventDate": "2023-01-20T00:00:00Z", "uncertainty_m": null }, "geometry": { "type": "Point", "coordinates": [ 8.665815, 49.425297 ] } },
{ "type": "Feature", "properties": { "key": 4687036988, "species": "Pica pica", "scientificName": "Pica pica (Linnaeus, 1758)", "eventDate": "2023-01-20T00:00:00Z", "uncertainty_m": null }, "geometry": { "type": "Point", "coordinates": [ 8.665815, 49.425297 ] } },
{ "type": "Feature", "properties": { "key": 4687062561, "species": "Cyanistes caeruleus", "scientificName": "Cyanistes caeruleus (Linnaeus, 1758)", "eventDate": "2023-01-26T00:00:00Z", "uncertainty_m": null }, "geometry": { "type": "Point", "coordinates": [ 8.665815, 49.425297 ] } },
{ "type": "Feature", "properties": { "key": 4687100813, "species": "Corvus corone", "scientificName": "Corvus corone Linnaeus, 1758", "eventDate": "2023-01-24T00:00:00Z", "uncertainty_m": null }, "geometry": { "type": "Point", "coordinates": [ 8.578208, 49.43819 ] } },
{ "type": "Feature", "properties": { "key": 4687147321, "species": "Chloris chloris", "scientificName": "Chloris chloris (Linnaeus, 1758)", "eventDate": "2023-01-23T00:00:00Z", "uncertainty_m": null }, "geometry": { "type": "Point", "coordinates": [ 8.665815, 49.425297 ] } },
{ "type": "Feature", "properties": { "key": 4687201721, "species": "Psittacula krameri", "scientificName": "Psittacula krameri (Scopoli, 1769)", "eventDate": "2023-01-31T00:00:00Z", "uncertainty_m": null }, "geometry": { "type": "Point", "coordinates": [ 8.671026, 49.418015 ] } },
{ "type": "Feature", "properties": { "key": 4687224647, "species": "Buteo buteo", "scientificName": "Buteo buteo (Linnaeus, 1758)", "eventDate": "2023-01-15T00:00:00Z", "uncertainty_m": null }, "geometry": { "type": "Point", "coordinates": [ 8.692978, 49.3702 ] } },
{ "type": "Feature", "properties": { "key": 4687236139, "species": "Turdus merula", "scientificName": "Turdus merula Linnaeus, 1758", "eventDate": "2023-01-25T00:00:00Z", "uncertainty_m": null }, "geometry": { "type": "Point", "coordinates": [ 8.691434, 49.412827 ] } },
{ "type": "Feature", "properties": { "key": 4687280410, "species": "Anas platyrhynchos", "scientificName": "Anas platyrhynchos Linnaeus, 1758", "eventDate": "2023-01-25T00:00:00Z", "uncertainty_m": null }, "geometry": { "type": "Point", "coordinates": [ 8.668163, 49.41085 ] } },
{ "type": "Feature", "properties": { "key": 4687293789, "species": "Pica pica", "scientificName": "Pica pica (Linnaeus, 1758)", "eventDate": "2023-01-26T00:00:00Z", "uncertainty_m": null }, "geometry": { "type": "Point", "coordinates": [ 8.665815, 49.425297 ] } },
{ "type": "Feature", "properties": { "key": 4687315556, "species": "Prunella modularis", "scientificName": "Prunella modularis (Linnaeus, 1758)", "eventDate": "2023-01-23T00:00:00Z", "uncertainty_m": null }, "geometry": { "type": "Point", "coordinates": [ 8.665815, 49.425297 ] } },
{ "type": "Feature", "properties": { "key": 4687342127, "species": "Carduelis carduelis", "scientificName": "Carduelis carduelis (Linnaeus, 1758)", "eventDate": "2023-01-15T00:00:00Z", "uncertainty_m": null }, "geometry": { "type": "Point", "coordinates": [ 8.609012, 49.455147 ] } },
{ "type": "Feature", "properties": { "key": 4687357070, "species": "Psittacula krameri", "scientificName": "Psittacula krameri (Scopoli, 1769)", "eventDate": "2023-01-18T00:00:00Z", "uncertainty_m": null }, "geometry": { "type": "Point", "coordinates": [ 8.665815, 49.425297 ] } },
{ "type": "Feature", "properties": { "key": 4687381119, "species": "Dendrocopos major", "scientificName": "Dendrocopos major (Linnaeus, 1758)", "eventDate": "2023-01-15T00:00:00Z", "uncertainty_m": null }, "geometry": { "type": "Point", "coordinates": [ 8.671963, 49.456203 ] } },
{ "type": "Feature", "properties": { "key": 4687518345, "species": "Pica pica", "scientificName": "Pica pica (Linnaeus, 1758)", "eventDate": "2023-01-15T00:00:00Z", "uncertainty_m": null }, "geometry": { "type": "Point", "coordinates": [ 8.671963, 49.456203 ] } },
{ "type": "Feature", "properties": { "key": 4687649114, "species": "Troglodytes troglodytes", "scientificName": "Troglodytes troglodytes (Linnaeus, 1758)", "eventDate": "2023-01-21T00:00:00Z", "uncertainty_m": null }, "geometry": { "type": "Point", "coordinates": [ 8.684613, 49.43915 ] } },
{ "type": "Feature", "properties": { "key": 4687649115, "species": "Dendrocopos major", "scientificName": "Dendrocopos major (Linnaeus, 1758)", "eventDate": "2023-01-21T00:00:00Z", "uncertainty_m": null }, "geometry": { "type": "Point", "coordinates": [ 8.683418, 49.44685 ] } },
{ "type": "Feature", "properties": { "key": 4687782990, "species": "Gallinula chloropus", "scientificName": "Gallinula chloropus (Linnaeus, 1758)", "eventDate": "2023-01-25T00:00:00Z", "uncertainty_m": null }, "geometry": { "type": "Point", "coordinates": [ 8.691434, 49.412827 ] } },
{ "type": "Feature", "properties": { "key": 4687879129, "species": "Columba palumbus", "scientificName": "Columba palumbus Linnaeus, 1758", "eventDate": "2023-01-29T00:00:00Z", "uncertainty_m": null }, "geometry": { "type": "Point", "coordinates": [ 8.665815, 49.425297 ] } },
{ "type": "Feature", "properties": { "key": 4687948853, "species": "Aegithalos caudatus", "scientificName": "Aegithalos caudatus (Linnaeus, 1758)", "eventDate": "2023-01-22T00:00:00Z", "uncertainty_m": null }, "geometry": { "type": "Point", "coordinates": [ 8.668163, 49.41085 ] } },
{ "type": "Feature", "properties": { "key": 4687997330, "species": "Carduelis carduelis", "scientificName": "Carduelis carduelis (Linnaeus, 1758)", "eventDate": "2023-01-18T00:00:00Z", "uncertainty_m": null }, "geometry": { "type": "Point", "coordinates": [ 8.672848, 49.456497 ] } },
{ "type": "Feature", "properties": { "key": 4687998766, "species": "Sturnus vulgaris", "scientificName": "Sturnus vulgaris Linnaeus, 1758", "eventDate": "2023-01-26T00:00:00Z", "uncertainty_m": null }, "geometry": { "type": "Point", "coordinates": [ 8.56977, 49.309017 ] } },
{ "type": "Feature", "properties": { "key": 4688078474, "species": "Buteo buteo", "scientificName": "Buteo buteo (Linnaeus, 1758)", "eventDate": "2023-01-24T00:00:00Z", "uncertainty_m": null }, "geometry": { "type": "Point", "coordinates": [ 8.707174, 49.431812 ] } },
{ "type": "Feature", "properties": { "key": 4688152579, "species": "Chloris chloris", "scientificName": "Chloris chloris (Linnaeus, 1758)", "eventDate": "2023-01-27T00:00:00Z", "uncertainty_m": null }, "geometry": { "type": "Point", "coordinates": [ 8.669804, 49.381012 ] } },
{ "type": "Feature", "properties": { "key": 4688168749, "species": "Aegithalos caudatus", "scientificName": "Aegithalos caudatus (Linnaeus, 1758)", "eventDate": "2023-01-24T00:00:00Z", "uncertainty_m": null }, "geometry": { "type": "Point", "coordinates": [ 8.707174, 49.431812 ] } },
{ "type": "Feature", "properties": { "key": 4688304581, "species": "Spinus spinus", "scientificName": "Spinus spinus (Linnaeus, 1758)", "eventDate": "2023-01-21T00:00:00Z", "uncertainty_m": null }, "geometry": { "type": "Point", "coordinates": [ 8.684613, 49.43915 ] } },
{ "type": "Feature", "properties": { "key": 4688465208, "species": "Corvus frugilegus", "scientificName": "Corvus frugilegus Linnaeus, 1758", "eventDate": "2023-01-21T00:00:00Z", "uncertainty_m": null }, "geometry": { "type": "Point", "coordinates": [ 8.678938, 49.421394 ] } },
{ "type": "Feature", "properties": { "key": 4688509628, "species": "Cyanistes caeruleus", "scientificName": "Cyanistes caeruleus (Linnaeus, 1758)", "eventDate": "2023-01-24T00:00:00Z", "uncertainty_m": null }, "geometry": { "type": "Point", "coordinates": [ 8.678938, 49.421394 ] } },
{ "type": "Feature", "properties": { "key": 4688566599, "species": "Fringilla coelebs", "scientificName": "Fringilla coelebs Linnaeus, 1758", "eventDate": "2023-01-23T00:00:00Z", "uncertainty_m": null }, "geometry": { "type": "Point", "coordinates": [ 8.665815, 49.425297 ] } },
{ "type": "Feature", "properties": { "key": 4688573078, "species": "Fringilla coelebs", "scientificName": "Fringilla coelebs Linnaeus, 1758", "eventDate": "2023-01-18T00:00:00Z", "uncertainty_m": null }, "geometry": { "type": "Point", "coordinates": [ 8.665815, 49.425297 ] } },
{ "type": "Feature", "properties": { "key": 4688611508, "species": "Cyanistes caeruleus", "scientificName": "Cyanistes caeruleus (Linnaeus, 1758)", "eventDate": "2023-01-22T00:00:00Z", "uncertainty_m": null }, "geometry": { "type": "Point", "coordinates": [ 8.678938, 49.421394 ] } },
{ "type": "Feature", "properties": { "key": 4688703879, "species": "Anser cygnoides", "scientificName": "Anser cygnoides (Linnaeus, 1758)", "eventDate": "2023-01-25T00:00:00Z", "uncertainty_m": null }, "geometry": { "type": "Point", "coordinates": [ 8.691434, 49.412827 ] } },
{ "type": "Feature", "properties": { "key": 4688893826, "species": "Turdus merula", "scientificName": "Turdus merula Linnaeus, 1758", "eventDate": "2023-01-19T00:00:00Z", "uncertainty_m": null }, "geometry": { "type": "Point", "coordinates": [ 8.678938, 49.421394 ] } },
{ "type": "Feature", "properties": { "key": 4688901771, "species": "Chroicocephalus ridibundus", "scientificName": "Chroicocephalus ridibundus (Linnaeus, 1766)", "eventDate": "2023-01-27T00:00:00Z", "uncertainty_m": null }, "geometry": { "type": "Point", "coordinates": [ 8.668163, 49.41085 ] } },
{ "type": "Feature", "properties": { "key": 4688989273, "species": "Columba palumbus", "scientificName": "Columba palumbus Linnaeus, 1758", "eventDate": "2023-01-28T00:00:00Z", "uncertainty_m": null }, "geometry": { "type": "Point", "coordinates": [ 8.678938, 49.421394 ] } },
{ "type": "Feature", "properties": { "key": 4688992846, "species": "Columba palumbus", "scientificName": "Columba palumbus Linnaeus, 1758", "eventDate": "2023-01-24T00:00:00Z", "uncertainty_m": null }, "geometry": { "type": "Point", "coordinates": [ 8.578208, 49.43819 ] } },
{ "type": "Feature", "properties": { "key": 4689192776, "species": "Passer domesticus", "scientificName": "Passer domesticus (Linnaeus, 1758)", "eventDate": "2023-01-26T00:00:00Z", "uncertainty_m": null }, "geometry": { "type": "Point", "coordinates": [ 8.665815, 49.425297 ] } },
{ "type": "Feature", "properties": { "key": 4689196850, "species": "Ardea cinerea", "scientificName": "Ardea cinerea Linnaeus, 1758", "eventDate": "2023-01-22T00:00:00Z", "uncertainty_m": null }, "geometry": { "type": "Point", "coordinates": [ 8.668163, 49.41085 ] } },
{ "type": "Feature", "properties": { "key": 4689203825, "species": "Erithacus rubecula", "scientificName": "Erithacus rubecula (Linnaeus, 1758)", "eventDate": "2023-01-26T00:00:00Z", "uncertainty_m": null }, "geometry": { "type": "Point", "coordinates": [ 8.665815, 49.425297 ] } },
{ "type": "Feature", "properties": { "key": 4689253430, "species": "Coccothraustes coccothraustes", "scientificName": "Coccothraustes coccothraustes (Linnaeus, 1758)", "eventDate": "2023-01-31T00:00:00Z", "uncertainty_m": null }, "geometry": { "type": "Point", "coordinates": [ 8.665815, 49.425297 ] } },
{ "type": "Feature", "properties": { "key": 4689297747, "species": "Chloris chloris", "scientificName": "Chloris chloris (Linnaeus, 1758)", "eventDate": "2023-01-31T00:00:00Z", "uncertainty_m": null }, "geometry": { "type": "Point", "coordinates": [ 8.665815, 49.425297 ] } },
{ "type": "Feature", "properties": { "key": 4689439486, "species": "Chroicocephalus ridibundus", "scientificName": "Chroicocephalus ridibundus (Linnaeus, 1766)", "eventDate": "2023-01-27T00:00:00Z", "uncertainty_m": null }, "geometry": { "type": "Point", "coordinates": [ 8.691434, 49.412827 ] } },
{ "type": "Feature", "properties": { "key": 4689546817, "species": "Parus major", "scientificName": "Parus major Linnaeus, 1758", "eventDate": "2023-01-29T00:00:00Z", "uncertainty_m": null }, "geometry": { "type": "Point", "coordinates": [ 8.665815, 49.425297 ] } },
{ "type": "Feature", "properties": { "key": 4689614870, "species": "Prunella modularis", "scientificName": "Prunella modularis (Linnaeus, 1758)", "eventDate": "2023-01-06T00:00:00Z", "uncertainty_m": null }, "geometry": { "type": "Point", "coordinates": [ 8.671378, 49.47071 ] } },
{ "type": "Feature", "properties": { "key": 4689731574, "species": "Cyanistes caeruleus", "scientificName": "Cyanistes caeruleus (Linnaeus, 1758)", "eventDate": "2023-01-30T00:00:00Z", "uncertainty_m": null }, "geometry": { "type": "Point", "coordinates": [ 8.678938, 49.421394 ] } },
{ "type": "Feature", "properties": { "key": 4689732186, "species": "Alopochen aegyptiaca", "scientificName": "Alopochen aegyptiaca (Linnaeus, 1766)", "eventDate": "2023-01-28T00:00:00Z", "uncertainty_m": null }, "geometry": { "type": "Point", "coordinates": [ 8.624862, 49.455822 ] } },
{ "type": "Feature", "properties": { "key": 4689760582, "species": "Lophophanes cristatus", "scientificName": "Lophophanes cristatus (Linnaeus, 1758)", "eventDate": "2023-01-21T00:00:00Z", "uncertainty_m": null }, "geometry": { "type": "Point", "coordinates": [ 8.684613, 49.43915 ] } },
{ "type": "Feature", "properties": { "key": 4689971816, "species": "Picus viridis", "scientificName": "Picus viridis Linnaeus, 1758", "eventDate": "2023-01-29T00:00:00Z", "uncertainty_m": null }, "geometry": { "type": "Point", "coordinates": [ 8.665815, 49.425297 ] } },
{ "type": "Feature", "properties": { "key": 4690010805, "species": "Asio otus", "scientificName": "Asio otus (Linnaeus, 1758)", "eventDate": "2023-01-11T00:00:00Z", "uncertainty_m": null }, "geometry": { "type": "Point", "coordinates": [ 8.678938, 49.421394 ] } },
{ "type": "Feature", "properties": { "key": 4690092710, "species": "Fringilla coelebs", "scientificName": "Fringilla coelebs Linnaeus, 1758", "eventDate": "2023-01-24T00:00:00Z", "uncertainty_m": null }, "geometry": { "type": "Point", "coordinates": [ 8.678938, 49.421394 ] } },
{ "type": "Feature", "properties": { "key": 4690707376, "species": "Columba livia", "scientificName": "Columba livia J.F.Gmelin, 1789", "eventDate": "2023-01-02T00:00:00Z", "uncertainty_m": null }, "geometry": { "type": "Point", "coordinates": [ 8.710427, 49.41371 ] } },
{ "type": "Feature", "properties": { "key": 4690830879, "species": "Phalacrocorax carbo", "scientificName": "Phalacrocorax carbo (Linnaeus, 1758)", "eventDate": "2023-01-27T00:00:00Z", "uncertainty_m": null }, "geometry": { "type": "Point", "coordinates": [ 8.668163, 49.41085 ] } },
{ "type": "Feature", "properties": { "key": 4690900367, "species": "Anas platyrhynchos", "scientificName": "Anas platyrhynchos Linnaeus, 1758", "eventDate": "2023-01-14T00:00:00Z", "uncertainty_m": null }, "geometry": { "type": "Point", "coordinates": [ 8.651176, 49.428635 ] } },
{ "type": "Feature", "properties": { "key": 4690984917, "species": "Psittacula krameri", "scientificName": "Psittacula krameri (Scopoli, 1769)", "eventDate": "2023-01-03T00:00:00Z", "uncertainty_m": null }, "geometry": { "type": "Point", "coordinates": [ 8.726642, 49.400978 ] } },
{ "type": "Feature", "properties": { "key": 4691087827, "species": "Poecile palustris", "scientificName": "Poecile palustris (Linnaeus, 1758)", "eventDate": "2023-01-03T00:00:00Z", "uncertainty_m": null }, "geometry": { "type": "Point", "coordinates": [ 8.726642, 49.400978 ] } },
{ "type": "Feature", "properties": { "key": 4691139805, "species": "Parus major", "scientificName": "Parus major Linnaeus, 1758", "eventDate": "2023-01-06T00:00:00Z", "uncertainty_m": null }, "geometry": { "type": "Point", "coordinates": [ 8.669804, 49.381012 ] } },
{ "type": "Feature", "properties": { "key": 4691169069, "species": "Erithacus rubecula", "scientificName": "Erithacus rubecula (Linnaeus, 1758)", "eventDate": "2023-01-06T00:00:00Z", "uncertainty_m": null }, "geometry": { "type": "Point", "coordinates": [ 8.669804, 49.381012 ] } },
{ "type": "Feature", "properties": { "key": 4691185029, "species": "Turdus merula", "scientificName": "Turdus merula Linnaeus, 1758", "eventDate": "2023-01-06T00:00:00Z", "uncertainty_m": null }, "geometry": { "type": "Point", "coordinates": [ 8.669804, 49.381012 ] } },
{ "type": "Feature", "properties": { "key": 4691311715, "species": "Buteo buteo", "scientificName": "Buteo buteo (Linnaeus, 1758)", "eventDate": "2023-01-31T00:00:00Z", "uncertainty_m": null }, "geometry": { "type": "Point", "coordinates": [ 8.665815, 49.425297 ] } },
{ "type": "Feature", "properties": { "key": 4691439714, "species": "Columba palumbus", "scientificName": "Columba palumbus Linnaeus, 1758", "eventDate": "2023-01-15T00:00:00Z", "uncertainty_m": null }, "geometry": { "type": "Point", "coordinates": [ 8.678938, 49.421394 ] } },
{ "type": "Feature", "properties": { "key": 4691462800, "species": "Phalacrocorax carbo", "scientificName": "Phalacrocorax carbo (Linnaeus, 1758)", "eventDate": "2023-01-15T00:00:00Z", "uncertainty_m": null }, "geometry": { "type": "Point", "coordinates": [ 8.668163, 49.41085 ] } },
{ "type": "Feature", "properties": { "key": 4691467930, "species": "Cygnus olor", "scientificName": "Cygnus olor (J.F.Gmelin, 1789)", "eventDate": "2023-01-28T00:00:00Z", "uncertainty_m": null }, "geometry": { "type": "Point", "coordinates": [ 8.639581, 49.453114 ] } },
{ "type": "Feature", "properties": { "key": 4691517540, "species": "Erithacus rubecula", "scientificName": "Erithacus rubecula (Linnaeus, 1758)", "eventDate": "2023-01-05T00:00:00Z", "uncertainty_m": null }, "geometry": { "type": "Point", "coordinates": [ 8.669804, 49.381012 ] } },
{ "type": "Feature", "properties": { "key": 4691559741, "species": "Sturnus vulgaris", "scientificName": "Sturnus vulgaris Linnaeus, 1758", "eventDate": "2023-01-05T00:00:00Z", "uncertainty_m": null }, "geometry": { "type": "Point", "coordinates": [ 8.669804, 49.381012 ] } },
{ "type": "Feature", "properties": { "key": 4691856681, "species": "Troglodytes troglodytes", "scientificName": "Troglodytes troglodytes (Linnaeus, 1758)", "eventDate": "2023-01-30T00:00:00Z", "uncertainty_m": null }, "geometry": { "type": "Point", "coordinates": [ 8.678938, 49.421394 ] } },
{ "type": "Feature", "properties": { "key": 4691979975, "species": "Psittacula krameri", "scientificName": "Psittacula krameri (Scopoli, 1769)", "eventDate": "2023-01-07T00:00:00Z", "uncertainty_m": null }, "geometry": { "type": "Point", "coordinates": [ 8.717177, 49.410854 ] } },
{ "type": "Feature", "properties": { "key": 4692054868, "species": "Regulus regulus", "scientificName": "Regulus regulus (Linnaeus, 1758)", "eventDate": "2023-01-06T00:00:00Z", "uncertainty_m": null }, "geometry": { "type": "Point", "coordinates": [ 8.674822, 49.476784 ] } },
{ "type": "Feature", "properties": { "key": 4692297872, "species": "Buteo buteo", "scientificName": "Buteo buteo (Linnaeus, 1758)", "eventDate": "2023-01-07T00:00:00Z", "uncertainty_m": null }, "geometry": { "type": "Point", "coordinates": [ 8.639581, 49.453114 ] } },
{ "type": "Feature", "properties": { "key": 4692403680, "species": "Sturnus vulgaris", "scientificName": "Sturnus vulgaris Linnaeus, 1758", "eventDate": "2023-01-06T00:00:00Z", "uncertainty_m": null }, "geometry": { "type": "Point", "coordinates": [ 8.671378, 49.47071 ] } },
{ "type": "Feature", "properties": { "key": 4692403681, "species": "Certhia brachydactyla", "scientificName": "Certhia brachydactyla C.L.Brehm, 1820", "eventDate": "2023-01-06T00:00:00Z", "uncertainty_m": null }, "geometry": { "type": "Point", "coordinates": [ 8.699978, 49.465 ] } },
{ "type": "Feature", "properties": { "key": 4692683521, "species": "Falco tinnunculus", "scientificName": "Falco tinnunculus Linnaeus, 1758", "eventDate": "2023-01-06T00:00:00Z", "uncertainty_m": null }, "geometry": { "type": "Point", "coordinates": [ 8.671378, 49.47071 ] } },
{ "type": "Feature", "properties": { "key": 4692683522, "species": "Regulus regulus", "scientificName": "Regulus regulus (Linnaeus, 1758)", "eventDate": "2023-01-06T00:00:00Z", "uncertainty_m": null }, "geometry": { "type": "Point", "coordinates": [ 8.699978, 49.465 ] } },
{ "type": "Feature", "properties": { "key": 4692705927, "species": "Passer domesticus", "scientificName": "Passer domesticus (Linnaeus, 1758)", "eventDate": "2023-01-07T00:00:00Z", "uncertainty_m": null }, "geometry": { "type": "Point", "coordinates": [ 8.672848, 49.456497 ] } },
{ "type": "Feature", "properties": { "key": 4692869840, "species": "Corvus corone", "scientificName": "Corvus corone Linnaeus, 1758", "eventDate": "2023-01-22T00:00:00Z", "uncertainty_m": null }, "geometry": { "type": "Point", "coordinates": [ 8.668163, 49.41085 ] } },
{ "type": "Feature", "properties": { "key": 4692925728, "species": "Fringilla coelebs", "scientificName": "Fringilla coelebs Linnaeus, 1758", "eventDate": "2023-01-06T00:00:00Z", "uncertainty_m": null }, "geometry": { "type": "Point", "coordinates": [ 8.699978, 49.465 ] } },
{ "type": "Feature", "properties": { "key": 4692994869, "species": "Carduelis carduelis", "scientificName": "Carduelis carduelis (Linnaeus, 1758)", "eventDate": "2023-01-05T00:00:00Z", "uncertainty_m": null }, "geometry": { "type": "Point", "coordinates": [ 8.672848, 49.456497 ] } },
{ "type": "Feature", "properties": { "key": 4693036717, "species": "Anas platyrhynchos", "scientificName": "Anas platyrhynchos Linnaeus, 1758", "eventDate": "2023-01-12T00:00:00Z", "uncertainty_m": null }, "geometry": { "type": "Point", "coordinates": [ 8.691434, 49.412827 ] } },
{ "type": "Feature", "properties": { "key": 4693167263, "species": "Turdus merula", "scientificName": "Turdus merula Linnaeus, 1758", "eventDate": "2023-01-22T00:00:00Z", "uncertainty_m": null }, "geometry": { "type": "Point", "coordinates": [ 8.678938, 49.421394 ] } },
{ "type": "Feature", "properties": { "key": 4693178013, "species": "Pica pica", "scientificName": "Pica pica (Linnaeus, 1758)", "eventDate": "2023-01-12T00:00:00Z", "uncertainty_m": null }, "geometry": { "type": "Point", "coordinates": [ 8.656351, 49.385723 ] } },
{ "type": "Feature", "properties": { "key": 4693280649, "species": "Spinus spinus", "scientificName": "Spinus spinus (Linnaeus, 1758)", "eventDate": "2023-01-06T00:00:00Z", "uncertainty_m": null }, "geometry": { "type": "Point", "coordinates": [ 8.699978, 49.465 ] } },
{ "type": "Feature", "properties": { "key": 4693364899, "species": "Troglodytes troglodytes", "scientificName": "Troglodytes troglodytes (Linnaeus, 1758)", "eventDate": "2023-01-06T00:00:00Z", "uncertainty_m": null }, "geometry": { "type": "Point", "coordinates": [ 8.671378, 49.47071 ] } },
{ "type": "Feature", "properties": { "key": 4693395776, "species": "Emberiza cirlus", "scientificName": "Emberiza cirlus Linnaeus, 1767", "eventDate": "2023-01-06T00:00:00Z", "uncertainty_m": null }, "geometry": { "type": "Point", "coordinates": [ 8.671378, 49.47071 ] } },
{ "type": "Feature", "properties": { "key": 4693395777, "species": "Garrulus glandarius", "scientificName": "Garrulus glandarius (Linnaeus, 1758)", "eventDate": "2023-01-06T00:00:00Z", "uncertainty_m": null }, "geometry": { "type": "Point", "coordinates": [ 8.699978, 49.465 ] } },
{ "type": "Feature", "properties": { "key": 4693456152, "species": "Anser brachyrhynchus", "scientificName": "Anser brachyrhynchus Baillon, 1834", "eventDate": "2023-01-31T00:00:00Z", "uncertainty_m": null }, "geometry": { "type": "Point", "coordinates": [ 8.691434, 49.412827 ] } },
{ "type": "Feature", "properties": { "key": 4693742953, "species": "Cygnus olor", "scientificName": "Cygnus olor (J.F.Gmelin, 1789)", "eventDate": "2023-01-12T00:00:00Z", "uncertainty_m": null }, "geometry": { "type": "Point", "coordinates": [ 8.691434, 49.412827 ] } },
{ "type": "Feature", "properties": { "key": 4694096028, "species": "Psittacula krameri", "scientificName": "Psittacula krameri (Scopoli, 1769)", "eventDate": "2023-01-15T00:00:00Z", "uncertainty_m": null }, "geometry": { "type": "Point", "coordinates": [ 8.609012, 49.455147 ] } },
{ "type": "Feature", "properties": { "key": 4694239533, "species": "Passer domesticus", "scientificName": "Passer domesticus (Linnaeus, 1758)", "eventDate": "2023-01-15T00:00:00Z", "uncertainty_m": null }, "geometry": { "type": "Point", "coordinates": [ 8.692978, 49.3702 ] } },
{ "type": "Feature", "properties": { "key": 4694259030, "species": "Psittacula krameri", "scientificName": "Psittacula krameri (Scopoli, 1769)", "eventDate": "2023-01-15T00:00:00Z", "uncertainty_m": null }, "geometry": { "type": "Point", "coordinates": [ 8.678938, 49.421394 ] } },
{ "type": "Feature", "properties": { "key": 4694316281, "species": "Chroicocephalus ridibundus", "scientificName": "Chroicocephalus ridibundus (Linnaeus, 1766)", "eventDate": "2023-01-09T00:00:00Z", "uncertainty_m": null }, "geometry": { "type": "Point", "coordinates": [ 8.611779, 49.454887 ] } },
{ "type": "Feature", "properties": { "key": 4694316282, "species": "Gallinula chloropus", "scientificName": "Gallinula chloropus (Linnaeus, 1758)", "eventDate": "2023-01-14T00:00:00Z", "uncertainty_m": null }, "geometry": { "type": "Point", "coordinates": [ 8.691434, 49.412827 ] } },
{ "type": "Feature", "properties": { "key": 4694365787, "species": "Erithacus rubecula", "scientificName": "Erithacus rubecula (Linnaeus, 1758)", "eventDate": "2023-01-13T00:00:00Z", "uncertainty_m": null }, "geometry": { "type": "Point", "coordinates": [ 8.678938, 49.421394 ] } },
{ "type": "Feature", "properties": { "key": 4694430377, "species": "Branta canadensis", "scientificName": "Branta canadensis (Linnaeus, 1758)", "eventDate": "2023-01-14T00:00:00Z", "uncertainty_m": null }, "geometry": { "type": "Point", "coordinates": [ 8.691434, 49.412827 ] } },
{ "type": "Feature", "properties": { "key": 4694472861, "species": "Corvus frugilegus", "scientificName": "Corvus frugilegus Linnaeus, 1758", "eventDate": "2023-01-25T00:00:00Z", "uncertainty_m": null }, "geometry": { "type": "Point", "coordinates": [ 8.665815, 49.425297 ] } },
{ "type": "Feature", "properties": { "key": 4694519964, "species": "Parus major", "scientificName": "Parus major Linnaeus, 1758", "eventDate": "2023-01-28T00:00:00Z", "uncertainty_m": null }, "geometry": { "type": "Point", "coordinates": [ 8.678938, 49.421394 ] } },
{ "type": "Feature", "properties": { "key": 4694561988, "species": "Fringilla coelebs", "scientificName": "Fringilla coelebs Linnaeus, 1758", "eventDate": "2023-01-26T00:00:00Z", "uncertainty_m": null }, "geometry": { "type": "Point", "coordinates": [ 8.665815, 49.425297 ] } },
{ "type": "Feature", "properties": { "key": 4694565693, "species": "Turdus merula", "scientificName": "Turdus merula Linnaeus, 1758", "eventDate": "2023-01-26T00:00:00Z", "uncertainty_m": null }, "geometry": { "type": "Point", "coordinates": [ 8.665815, 49.425297 ] } },
{ "type": "Feature", "properties": { "key": 4694578733, "species": "Parus major", "scientificName": "Parus major Linnaeus, 1758", "eventDate": "2023-01-15T00:00:00Z", "uncertainty_m": null }, "geometry": { "type": "Point", "coordinates": [ 8.692978, 49.3702 ] } },
{ "type": "Feature", "properties": { "key": 4694593543, "species": "Troglodytes troglodytes", "scientificName": "Troglodytes troglodytes (Linnaeus, 1758)", "eventDate": "2023-01-27T00:00:00Z", "uncertainty_m": null }, "geometry": { "type": "Point", "coordinates": [ 8.671378, 49.47071 ] } },
{ "type": "Feature", "properties": { "key": 4694772040, "species": "Passer domesticus", "scientificName": "Passer domesticus (Linnaeus, 1758)", "eventDate": "2023-01-13T00:00:00Z", "uncertainty_m": null }, "geometry": { "type": "Point", "coordinates": [ 8.669804, 49.381012 ] } },
{ "type": "Feature", "properties": { "key": 4694848782, "species": "Erithacus rubecula", "scientificName": "Erithacus rubecula (Linnaeus, 1758)", "eventDate": "2023-01-15T00:00:00Z", "uncertainty_m": null }, "geometry": { "type": "Point", "coordinates": [ 8.692978, 49.3702 ] } },
{ "type": "Feature", "properties": { "key": 4694892801, "species": "Cygnus olor", "scientificName": "Cygnus olor (J.F.Gmelin, 1789)", "eventDate": "2023-01-15T00:00:00Z", "uncertainty_m": null }, "geometry": { "type": "Point", "coordinates": [ 8.609012, 49.455147 ] } },
{ "type": "Feature", "properties": { "key": 4694939756, "species": "Chroicocephalus ridibundus", "scientificName": "Chroicocephalus ridibundus (Linnaeus, 1766)", "eventDate": "2023-01-15T00:00:00Z", "uncertainty_m": null }, "geometry": { "type": "Point", "coordinates": [ 8.609012, 49.455147 ] } },
{ "type": "Feature", "properties": { "key": 4694940614, "species": "Cyanistes caeruleus", "scientificName": "Cyanistes caeruleus (Linnaeus, 1758)", "eventDate": "2023-01-15T00:00:00Z", "uncertainty_m": null }, "geometry": { "type": "Point", "coordinates": [ 8.692978, 49.3702 ] } },
{ "type": "Feature", "properties": { "key": 4695069987, "species": "Falco tinnunculus", "scientificName": "Falco tinnunculus Linnaeus, 1758", "eventDate": "2023-01-18T00:00:00Z", "uncertainty_m": null }, "geometry": { "type": "Point", "coordinates": [ 8.665815, 49.425297 ] } },
{ "type": "Feature", "properties": { "key": 4695087687, "species": "Alopochen aegyptiaca", "scientificName": "Alopochen aegyptiaca (Linnaeus, 1766)", "eventDate": "2023-01-25T00:00:00Z", "uncertainty_m": null }, "geometry": { "type": "Point", "coordinates": [ 8.668953, 49.415203 ] } },
{ "type": "Feature", "properties": { "key": 4695206994, "species": "Fringilla coelebs", "scientificName": "Fringilla coelebs Linnaeus, 1758", "eventDate": "2023-01-15T00:00:00Z", "uncertainty_m": null }, "geometry": { "type": "Point", "coordinates": [ 8.609012, 49.455147 ] } },
{ "type": "Feature", "properties": { "key": 4695208157, "species": "Parus major", "scientificName": "Parus major Linnaeus, 1758", "eventDate": "2023-01-27T00:00:00Z", "uncertainty_m": null }, "geometry": { "type": "Point", "coordinates": [ 8.671378, 49.47071 ] } },
{ "type": "Feature", "properties": { "key": 4695232911, "species": "Cyanistes caeruleus", "scientificName": "Cyanistes caeruleus (Linnaeus, 1758)", "eventDate": "2023-01-03T00:00:00Z", "uncertainty_m": null }, "geometry": { "type": "Point", "coordinates": [ 8.726642, 49.400978 ] } },
{ "type": "Feature", "properties": { "key": 4695720988, "species": "Corvus corone", "scientificName": "Corvus corone Linnaeus, 1758", "eventDate": "2023-01-19T00:00:00Z", "uncertainty_m": null }, "geometry": { "type": "Point", "coordinates": [ 8.678938, 49.421394 ] } },
{ "type": "Feature", "properties": { "key": 4695880991, "species": "Pica pica", "scientificName": "Pica pica (Linnaeus, 1758)", "eventDate": "2023-01-18T00:00:00Z", "uncertainty_m": null }, "geometry": { "type": "Point", "coordinates": [ 8.665815, 49.425297 ] } },
{ "type": "Feature", "properties": { "key": 4696104359, "species": "Cyanistes caeruleus", "scientificName": "Cyanistes caeruleus (Linnaeus, 1758)", "eventDate": "2023-01-18T00:00:00Z", "uncertainty_m": null }, "geometry": { "type": "Point", "coordinates": [ 8.672848, 49.456497 ] } },
{ "type": "Feature", "properties": { "key": 4696198991, "species": "Psittacula krameri", "scientificName": "Psittacula krameri (Scopoli, 1769)", "eventDate": "2023-01-19T00:00:00Z", "uncertainty_m": null }, "geometry": { "type": "Point", "coordinates": [ 8.678938, 49.421394 ] } },
{ "type": "Feature", "properties": { "key": 4696273820, "species": "Psittacula krameri", "scientificName": "Psittacula krameri (Scopoli, 1769)", "eventDate": "2023-01-20T00:00:00Z", "uncertainty_m": null }, "geometry": { "type": "Point", "coordinates": [ 8.665815, 49.425297 ] } },
{ "type": "Feature", "properties": { "key": 4696277238, "species": "Turdus merula", "scientificName": "Turdus merula Linnaeus, 1758", "eventDate": "2023-01-21T00:00:00Z", "uncertainty_m": null }, "geometry": { "type": "Point", "coordinates": [ 8.678938, 49.421394 ] } },
{ "type": "Feature", "properties": { "key": 4696414004, "species": "Garrulus glandarius", "scientificName": "Garrulus glandarius (Linnaeus, 1758)", "eventDate": "2023-01-19T00:00:00Z", "uncertainty_m": null }, "geometry": { "type": "Point", "coordinates": [ 8.678938, 49.421394 ] } },
{ "type": "Feature", "properties": { "key": 4696444410, "species": "Dendrocopos major", "scientificName": "Dendrocopos major (Linnaeus, 1758)", "eventDate": "2023-01-18T00:00:00Z", "uncertainty_m": null }, "geometry": { "type": "Point", "coordinates": [ 8.672848, 49.456497 ] } },
{ "type": "Feature", "properties": { "key": 4696447821, "species": "Garrulus glandarius", "scientificName": "Garrulus glandarius (Linnaeus, 1758)", "eventDate": "2023-01-06T00:00:00Z", "uncertainty_m": null }, "geometry": { "type": "Point", "coordinates": [ 8.671378, 49.47071 ] } },
{ "type": "Feature", "properties": { "key": 4696493859, "species": "Garrulus glandarius", "scientificName": "Garrulus glandarius (Linnaeus, 1758)", "eventDate": "2023-01-05T00:00:00Z", "uncertainty_m": null }, "geometry": { "type": "Point", "coordinates": [ 8.672848, 49.456497 ] } },
{ "type": "Feature", "properties": { "key": 4696502728, "species": "Troglodytes troglodytes", "scientificName": "Troglodytes troglodytes (Linnaeus, 1758)", "eventDate": "2023-01-08T00:00:00Z", "uncertainty_m": null }, "geometry": { "type": "Point", "coordinates": [ 8.673265, 49.459534 ] } },
{ "type": "Feature", "properties": { "key": 4696502867, "species": "Picus viridis", "scientificName": "Picus viridis Linnaeus, 1758", "eventDate": "2023-01-05T00:00:00Z", "uncertainty_m": null }, "geometry": { "type": "Point", "coordinates": [ 8.683418, 49.44685 ] } },
{ "type": "Feature", "properties": { "key": 4696590405, "species": "Psittacula krameri", "scientificName": "Psittacula krameri (Scopoli, 1769)", "eventDate": "2023-01-23T00:00:00Z", "uncertainty_m": null }, "geometry": { "type": "Point", "coordinates": [ 8.665815, 49.425297 ] } },
{ "type": "Feature", "properties": { "key": 4696601909, "species": "Periparus ater", "scientificName": "Periparus ater (Linnaeus, 1758)", "eventDate": "2023-01-08T00:00:00Z", "uncertainty_m": null }, "geometry": { "type": "Point", "coordinates": [ 8.672848, 49.456497 ] } },
{ "type": "Feature", "properties": { "key": 4696688156, "species": "Columba palumbus", "scientificName": "Columba palumbus Linnaeus, 1758", "eventDate": "2023-01-21T00:00:00Z", "uncertainty_m": null }, "geometry": { "type": "Point", "coordinates": [ 8.678938, 49.421394 ] } },
{ "type": "Feature", "properties": { "key": 4696711942, "species": "Carduelis carduelis", "scientificName": "Carduelis carduelis (Linnaeus, 1758)", "eventDate": "2023-01-19T00:00:00Z", "uncertainty_m": null }, "geometry": { "type": "Point", "coordinates": [ 8.678938, 49.421394 ] } },
{ "type": "Feature", "properties": { "key": 4696741888, "species": "Chloris chloris", "scientificName": "Chloris chloris (Linnaeus, 1758)", "eventDate": "2023-01-07T00:00:00Z", "uncertainty_m": null }, "geometry": { "type": "Point", "coordinates": [ 8.672848, 49.456497 ] } },
{ "type": "Feature", "properties": { "key": 4697014732, "species": "Cyanistes caeruleus", "scientificName": "Cyanistes caeruleus (Linnaeus, 1758)", "eventDate": "2023-01-22T00:00:00Z", "uncertainty_m": null }, "geometry": { "type": "Point", "coordinates": [ 8.669804, 49.381012 ] } },
{ "type": "Feature", "properties": { "key": 4697270974, "species": "Fringilla coelebs", "scientificName": "Fringilla coelebs Linnaeus, 1758", "eventDate": "2023-01-20T00:00:00Z", "uncertainty_m": null }, "geometry": { "type": "Point", "coordinates": [ 8.665815, 49.425297 ] } },
{ "type": "Feature", "properties": { "key": 4697311878, "species": "Turdus merula", "scientificName": "Turdus merula Linnaeus, 1758", "eventDate": "2023-01-08T00:00:00Z", "uncertainty_m": null }, "geometry": { "type": "Point", "coordinates": [ 8.673265, 49.459534 ] } },
{ "type": "Feature", "properties": { "key": 4697325053, "species": "Certhia brachydactyla", "scientificName": "Certhia brachydactyla C.L.Brehm, 1820", "eventDate": "2023-01-03T00:00:00Z", "uncertainty_m": null }, "geometry": { "type": "Point", "coordinates": [ 8.726642, 49.400978 ] } },
{ "type": "Feature", "properties": { "key": 4697426381, "species": "Troglodytes troglodytes", "scientificName": "Troglodytes troglodytes (Linnaeus, 1758)", "eventDate": "2023-01-23T00:00:00Z", "uncertainty_m": null }, "geometry": { "type": "Point", "coordinates": [ 8.665815, 49.425297 ] } },
{ "type": "Feature", "properties": { "key": 4697494854, "species": "Columba livia", "scientificName": "Columba livia J.F.Gmelin, 1789", "eventDate": "2023-01-22T00:00:00Z", "uncertainty_m": null }, "geometry": { "type": "Point", "coordinates": [ 8.668163, 49.41085 ] } },
{ "type": "Feature", "properties": { "key": 4697535950, "species": "Pica pica", "scientificName": "Pica pica (Linnaeus, 1758)", "eventDate": "2023-01-22T00:00:00Z", "uncertainty_m": null }, "geometry": { "type": "Point", "coordinates": [ 8.668163, 49.41085 ] } },
{ "type": "Feature", "properties": { "key": 4697567297, "species": "Turdus merula", "scientificName": "Turdus merula Linnaeus, 1758", "eventDate": "2023-01-21T00:00:00Z", "uncertainty_m": null }, "geometry": { "type": "Point", "coordinates": [ 8.671378, 49.47071 ] } },
{ "type": "Feature", "properties": { "key": 4697708015, "species": "Coloeus monedula", "scientificName": "Coloeus monedula (Linnaeus, 1758)", "eventDate": "2023-01-25T00:00:00Z", "uncertainty_m": null }, "geometry": { "type": "Point", "coordinates": [ 8.665815, 49.425297 ] } },
{ "type": "Feature", "properties": { "key": 4697708541, "species": "Erithacus rubecula", "scientificName": "Erithacus rubecula (Linnaeus, 1758)", "eventDate": "2023-01-21T00:00:00Z", "uncertainty_m": null }, "geometry": { "type": "Point", "coordinates": [ 8.683418, 49.44685 ] } },
{ "type": "Feature", "properties": { "key": 4697805477, "species": "Corvus corone", "scientificName": "Corvus corone Linnaeus, 1758", "eventDate": "2023-01-23T00:00:00Z", "uncertainty_m": null }, "geometry": { "type": "Point", "coordinates": [ 8.665815, 49.425297 ] } },
{ "type": "Feature", "properties": { "key": 4697901526, "species": "Columba palumbus", "scientificName": "Columba palumbus Linnaeus, 1758", "eventDate": "2023-01-24T00:00:00Z", "uncertainty_m": null }, "geometry": { "type": "Point", "coordinates": [ 8.678938, 49.421394 ] } },
{ "type": "Feature", "properties": { "key": 4697927356, "species": "Fringilla coelebs", "scientificName": "Fringilla coelebs Linnaeus, 1758", "eventDate": "2023-01-23T00:00:00Z", "uncertainty_m": null }, "geometry": { "type": "Point", "coordinates": [ 8.665815, 49.425297 ] } },
{ "type": "Feature", "properties": { "key": 4698013397, "species": "Parus major", "scientificName": "Parus major Linnaeus, 1758", "eventDate": "2023-01-25T00:00:00Z", "uncertainty_m": null }, "geometry": { "type": "Point", "coordinates": [ 8.668163, 49.41085 ] } },
{ "type": "Feature", "properties": { "key": 4698037844, "species": "Spinus spinus", "scientificName": "Spinus spinus (Linnaeus, 1758)", "eventDate": "2023-01-26T00:00:00Z", "uncertainty_m": null }, "geometry": { "type": "Point", "coordinates": [ 8.665815, 49.425297 ] } },
{ "type": "Feature", "properties": { "key": 4698078558, "species": "Corvus frugilegus", "scientificName": "Corvus frugilegus Linnaeus, 1758", "eventDate": "2023-01-25T00:00:00Z", "uncertainty_m": null }, "geometry": { "type": "Point", "coordinates": [ 8.668163, 49.41085 ] } },
{ "type": "Feature", "properties": { "key": 4698091880, "species": "Passer domesticus", "scientificName": "Passer domesticus (Linnaeus, 1758)", "eventDate": "2023-01-27T00:00:00Z", "uncertainty_m": null }, "geometry": { "type": "Point", "coordinates": [ 8.691434, 49.412827 ] } },
{ "type": "Feature", "properties": { "key": 4698128898, "species": "Columba palumbus", "scientificName": "Columba palumbus Linnaeus, 1758", "eventDate": "2023-01-26T00:00:00Z", "uncertainty_m": null }, "geometry": { "type": "Point", "coordinates": [ 8.665815, 49.425297 ] } },
{ "type": "Feature", "properties": { "key": 4698203668, "species": "Pica pica", "scientificName": "Pica pica (Linnaeus, 1758)", "eventDate": "2023-01-27T00:00:00Z", "uncertainty_m": null }, "geometry": { "type": "Point", "coordinates": [ 8.691434, 49.412827 ] } },
{ "type": "Feature", "properties": { "key": 4698237803, "species": "Corvus corone", "scientificName": "Corvus corone Linnaeus, 1758", "eventDate": "2023-01-15T00:00:00Z", "uncertainty_m": null }, "geometry": { "type": "Point", "coordinates": [ 8.692978, 49.3702 ] } },
{ "type": "Feature", "properties": { "key": 4698252518, "species": "Pica pica", "scientificName": "Pica pica (Linnaeus, 1758)", "eventDate": "2023-01-23T00:00:00Z", "uncertainty_m": null }, "geometry": { "type": "Point", "coordinates": [ 8.665815, 49.425297 ] } },
{ "type": "Feature", "properties": { "key": 4698421575, "species": "Erithacus rubecula", "scientificName": "Erithacus rubecula (Linnaeus, 1758)", "eventDate": "2023-01-21T00:00:00Z", "uncertainty_m": null }, "geometry": { "type": "Point", "coordinates": [ 8.684613, 49.43915 ] } },
{ "type": "Feature", "properties": { "key": 4698463585, "species": "Psittacula krameri", "scientificName": "Psittacula krameri (Scopoli, 1769)", "eventDate": "2023-01-27T00:00:00Z", "uncertainty_m": null }, "geometry": { "type": "Point", "coordinates": [ 8.668163, 49.41085 ] } },
{ "type": "Feature", "properties": { "key": 4698525596, "species": "Columba livia", "scientificName": "Columba livia J.F.Gmelin, 1789", "eventDate": "2023-01-25T00:00:00Z", "uncertainty_m": null }, "geometry": { "type": "Point", "coordinates": [ 8.668163, 49.41085 ] } },
{ "type": "Feature", "properties": { "key": 4698654983, "species": "Coloeus monedula", "scientificName": "Coloeus monedula (Linnaeus, 1758)", "eventDate": "2023-01-28T00:00:00Z", "uncertainty_m": null }, "geometry": { "type": "Point", "coordinates": [ 8.678938, 49.421394 ] } },
{ "type": "Feature", "properties": { "key": 4698667637, "species": "Corvus corone", "scientificName": "Corvus corone Linnaeus, 1758", "eventDate": "2023-01-27T00:00:00Z", "uncertainty_m": null }, "geometry": { "type": "Point", "coordinates": [ 8.668163, 49.41085 ] } },
{ "type": "Feature", "properties": { "key": 4698724722, "species": "Cyanistes caeruleus", "scientificName": "Cyanistes caeruleus (Linnaeus, 1758)", "eventDate": "2023-01-15T00:00:00Z", "uncertainty_m": null }, "geometry": { "type": "Point", "coordinates": [ 8.678938, 49.421394 ] } },
{ "type": "Feature", "properties": { "key": 4698732820, "species": "Troglodytes troglodytes", "scientificName": "Troglodytes troglodytes (Linnaeus, 1758)", "eventDate": "2023-01-06T00:00:00Z", "uncertainty_m": null }, "geometry": { "type": "Point", "coordinates": [ 8.674822, 49.476784 ] } },
{ "type": "Feature", "properties": { "key": 4698770683, "species": "Fringilla montifringilla", "scientificName": "Fringilla montifringilla Linnaeus, 1758", "eventDate": "2023-01-26T00:00:00Z", "uncertainty_m": null }, "geometry": { "type": "Point", "coordinates": [ 8.56977, 49.309017 ] } },
{ "type": "Feature", "properties": { "key": 4698801511, "species": "Dendrocopos major", "scientificName": "Dendrocopos major (Linnaeus, 1758)", "eventDate": "2023-01-21T00:00:00Z", "uncertainty_m": null }, "geometry": { "type": "Point", "coordinates": [ 8.712895, 49.470592 ] } },
{ "type": "Feature", "properties": { "key": 4698857921, "species": "Cyanistes caeruleus", "scientificName": "Cyanistes caeruleus (Linnaeus, 1758)", "eventDate": "2023-01-25T00:00:00Z", "uncertainty_m": null }, "geometry": { "type": "Point", "coordinates": [ 8.557223, 49.415596 ] } },
{ "type": "Feature", "properties": { "key": 4698927630, "species": "Parus major", "scientificName": "Parus major Linnaeus, 1758", "eventDate": "2023-01-23T00:00:00Z", "uncertainty_m": null }, "geometry": { "type": "Point", "coordinates": [ 8.665815, 49.425297 ] } },
{ "type": "Feature", "properties": { "key": 4698933937, "species": "Corvus corone", "scientificName": "Corvus corone Linnaeus, 1758", "eventDate": "2023-01-29T00:00:00Z", "uncertainty_m": null }, "geometry": { "type": "Point", "coordinates": [ 8.665815, 49.425297 ] } },
{ "type": "Feature", "properties": { "key": 4698943997, "species": "Anser cygnoides", "scientificName": "Anser cygnoides (Linnaeus, 1758)", "eventDate": "2023-01-31T00:00:00Z", "uncertainty_m": null }, "geometry": { "type": "Point", "coordinates": [ 8.691434, 49.412827 ] } },
{ "type": "Feature", "properties": { "key": 4699080570, "species": "Corvus corone", "scientificName": "Corvus corone Linnaeus, 1758", "eventDate": "2023-01-30T00:00:00Z", "uncertainty_m": null }, "geometry": { "type": "Point", "coordinates": [ 8.678938, 49.421394 ] } },
{ "type": "Feature", "properties": { "key": 4699149741, "species": "Erithacus rubecula", "scientificName": "Erithacus rubecula (Linnaeus, 1758)", "eventDate": "2023-01-29T00:00:00Z", "uncertainty_m": null }, "geometry": { "type": "Point", "coordinates": [ 8.665815, 49.425297 ] } },
{ "type": "Feature", "properties": { "key": 4699155385, "species": "Erithacus rubecula", "scientificName": "Erithacus rubecula (Linnaeus, 1758)", "eventDate": "2023-01-28T00:00:00Z", "uncertainty_m": null }, "geometry": { "type": "Point", "coordinates": [ 8.678938, 49.421394 ] } },
{ "type": "Feature", "properties": { "key": 4699241912, "species": "Branta canadensis", "scientificName": "Branta canadensis (Linnaeus, 1758)", "eventDate": "2023-01-25T00:00:00Z", "uncertainty_m": null }, "geometry": { "type": "Point", "coordinates": [ 8.691434, 49.412827 ] } },
{ "type": "Feature", "properties": { "key": 4699303815, "species": "Anas platyrhynchos", "scientificName": "Anas platyrhynchos Linnaeus, 1758", "eventDate": "2023-01-27T00:00:00Z", "uncertainty_m": null }, "geometry": { "type": "Point", "coordinates": [ 8.691434, 49.412827 ] } },
{ "type": "Feature", "properties": { "key": 4699856448, "species": "Erithacus rubecula", "scientificName": "Erithacus rubecula (Linnaeus, 1758)", "eventDate": "2023-01-30T00:00:00Z", "uncertainty_m": null }, "geometry": { "type": "Point", "coordinates": [ 8.678938, 49.421394 ] } },
{ "type": "Feature", "properties": { "key": 4699857057, "species": "Erithacus rubecula", "scientificName": "Erithacus rubecula (Linnaeus, 1758)", "eventDate": "2023-01-29T00:00:00Z", "uncertainty_m": null }, "geometry": { "type": "Point", "coordinates": [ 8.681811, 49.45415 ] } },
{ "type": "Feature", "properties": { "key": 4699876951, "species": "Turdus iliacus", "scientificName": "Turdus iliacus Linnaeus, 1758", "eventDate": "2023-01-20T00:00:00Z", "uncertainty_m": null }, "geometry": { "type": "Point", "coordinates": [ 8.665815, 49.425297 ] } },
{ "type": "Feature", "properties": { "key": 4699962465, "species": "Fringilla coelebs", "scientificName": "Fringilla coelebs Linnaeus, 1758", "eventDate": "2023-01-19T00:00:00Z", "uncertainty_m": null }, "geometry": { "type": "Point", "coordinates": [ 8.665815, 49.425297 ] } },
{ "type": "Feature", "properties": { "key": 4700095864, "species": "Phalacrocorax carbo", "scientificName": "Phalacrocorax carbo (Linnaeus, 1758)", "eventDate": "2023-01-20T00:00:00Z", "uncertainty_m": null }, "geometry": { "type": "Point", "coordinates": [ 8.665815, 49.425297 ] } },
{ "type": "Feature", "properties": { "key": 4700282882, "species": "Troglodytes troglodytes", "scientificName": "Troglodytes troglodytes (Linnaeus, 1758)", "eventDate": "2023-01-31T00:00:00Z", "uncertainty_m": null }, "geometry": { "type": "Point", "coordinates": [ 8.665815, 49.425297 ] } },
{ "type": "Feature", "properties": { "key": 4700705867, "species": "Aegithalos caudatus", "scientificName": "Aegithalos caudatus (Linnaeus, 1758)", "eventDate": "2023-01-29T00:00:00Z", "uncertainty_m": null }, "geometry": { "type": "Point", "coordinates": [ 8.665815, 49.425297 ] } },
{ "type": "Feature", "properties": { "key": 4700920831, "species": "Turdus merula", "scientificName": "Turdus merula Linnaeus, 1758", "eventDate": "2023-01-22T00:00:00Z", "uncertainty_m": null }, "geometry": { "type": "Point", "coordinates": [ 8.669804, 49.381012 ] } },
{ "type": "Feature", "properties": { "key": 4701252649, "species": "Turdus viscivorus", "scientificName": "Turdus viscivorus Linnaeus, 1758", "eventDate": "2023-01-24T00:00:00Z", "uncertainty_m": null }, "geometry": { "type": "Point", "coordinates": [ 8.707174, 49.431812 ] } },
{ "type": "Feature", "properties": { "key": 4701267391, "species": "Passer domesticus", "scientificName": "Passer domesticus (Linnaeus, 1758)", "eventDate": "2023-01-23T00:00:00Z", "uncertainty_m": null }, "geometry": { "type": "Point", "coordinates": [ 8.665815, 49.425297 ] } },
{ "type": "Feature", "properties": { "key": 4701311629, "species": "Fringilla coelebs", "scientificName": "Fringilla coelebs Linnaeus, 1758", "eventDate": "2023-01-21T00:00:00Z", "uncertainty_m": null }, "geometry": { "type": "Point", "coordinates": [ 8.683418, 49.44685 ] } },
{ "type": "Feature", "properties": { "key": 4701359424, "species": "Troglodytes troglodytes", "scientificName": "Troglodytes troglodytes (Linnaeus, 1758)", "eventDate": "2023-01-24T00:00:00Z", "uncertainty_m": null }, "geometry": { "type": "Point", "coordinates": [ 8.707174, 49.431812 ] } },
{ "type": "Feature", "properties": { "key": 4701774569, "species": "Erithacus rubecula", "scientificName": "Erithacus rubecula (Linnaeus, 1758)", "eventDate": "2023-01-23T00:00:00Z", "uncertainty_m": null }, "geometry": { "type": "Point", "coordinates": [ 8.665815, 49.425297 ] } },
{ "type": "Feature", "properties": { "key": 4701815777, "species": "Psittacula krameri", "scientificName": "Psittacula krameri (Scopoli, 1769)", "eventDate": "2023-01-27T00:00:00Z", "uncertainty_m": null }, "geometry": { "type": "Point", "coordinates": [ 8.691434, 49.412827 ] } },
{ "type": "Feature", "properties": { "key": 4701875853, "species": "Phoenicurus ochruros", "scientificName": "Phoenicurus ochruros (S.G.Gmelin, 1774)", "eventDate": "2023-01-20T00:00:00Z", "uncertainty_m": null }, "geometry": { "type": "Point", "coordinates": [ 8.678938, 49.421394 ] } },
{ "type": "Feature", "properties": { "key": 4701887703, "species": "Sitta europaea", "scientificName": "Sitta europaea Linnaeus, 1758", "eventDate": "2023-01-06T00:00:00Z", "uncertainty_m": null }, "geometry": { "type": "Point", "coordinates": [ 8.674822, 49.476784 ] } },
{ "type": "Feature", "properties": { "key": 4702115637, "species": "Corvus corone", "scientificName": "Corvus corone Linnaeus, 1758", "eventDate": "2023-01-25T00:00:00Z", "uncertainty_m": null }, "geometry": { "type": "Point", "coordinates": [ 8.668163, 49.41085 ] } },
{ "type": "Feature", "properties": { "key": 4702401748, "species": "Troglodytes troglodytes", "scientificName": "Troglodytes troglodytes (Linnaeus, 1758)", "eventDate": "2023-01-27T00:00:00Z", "uncertainty_m": null }, "geometry": { "type": "Point", "coordinates": [ 8.668163, 49.41085 ] } },
{ "type": "Feature", "properties": { "key": 4702473891, "species": "Chloris chloris", "scientificName": "Chloris chloris (Linnaeus, 1758)", "eventDate": "2023-01-27T00:00:00Z", "uncertainty_m": null }, "geometry": { "type": "Point", "coordinates": [ 8.671378, 49.47071 ] } },
{ "type": "Feature", "properties": { "key": 4702574056, "species": "Picus viridis", "scientificName": "Picus viridis Linnaeus, 1758", "eventDate": "2023-01-27T00:00:00Z", "uncertainty_m": null }, "geometry": { "type": "Point", "coordinates": [ 8.671378, 49.47071 ] } },
{ "type": "Feature", "properties": { "key": 4702591795, "species": "Galerida cristata", "scientificName": "Galerida cristata (Linnaeus, 1758)", "eventDate": "2023-01-26T00:00:00Z", "uncertainty_m": null }, "geometry": { "type": "Point", "coordinates": [ 8.56977, 49.309017 ] } },
{ "type": "Feature", "properties": { "key": 4702680070, "species": "Pica pica", "scientificName": "Pica pica (Linnaeus, 1758)", "eventDate": "2023-01-27T00:00:00Z", "uncertainty_m": null }, "geometry": { "type": "Point", "coordinates": [ 8.671378, 49.47071 ] } },
{ "type": "Feature", "properties": { "key": 4702799443, "species": "Columba palumbus", "scientificName": "Columba palumbus Linnaeus, 1758", "eventDate": "2023-01-27T00:00:00Z", "uncertainty_m": null }, "geometry": { "type": "Point", "coordinates": [ 8.671378, 49.47071 ] } },
{ "type": "Feature", "properties": { "key": 4702887778, "species": "Chloris chloris", "scientificName": "Chloris chloris (Linnaeus, 1758)", "eventDate": "2023-01-29T00:00:00Z", "uncertainty_m": null }, "geometry": { "type": "Point", "coordinates": [ 8.665815, 49.425297 ] } },
{ "type": "Feature", "properties": { "key": 4703199339, "species": "Turdus merula", "scientificName": "Turdus merula Linnaeus, 1758", "eventDate": "2023-01-23T00:00:00Z", "uncertainty_m": null }, "geometry": { "type": "Point", "coordinates": [ 8.665815, 49.425297 ] } },
{ "type": "Feature", "properties": { "key": 4703439637, "species": "Ardea cinerea", "scientificName": "Ardea cinerea Linnaeus, 1758", "eventDate": "2023-01-25T00:00:00Z", "uncertainty_m": null }, "geometry": { "type": "Point", "coordinates": [ 8.668163, 49.41085 ] } },
{ "type": "Feature", "properties": { "key": 4703528702, "species": "Psittacula krameri", "scientificName": "Psittacula krameri (Scopoli, 1769)", "eventDate": "2023-01-31T00:00:00Z", "uncertainty_m": null }, "geometry": { "type": "Point", "coordinates": [ 8.665815, 49.425297 ] } },
{ "type": "Feature", "properties": { "key": 4703653434, "species": "Picus viridis", "scientificName": "Picus viridis Linnaeus, 1758", "eventDate": "2023-01-31T00:00:00Z", "uncertainty_m": null }, "geometry": { "type": "Point", "coordinates": [ 8.665815, 49.425297 ] } },
{ "type": "Feature", "properties": { "key": 4703934607, "species": "Turdus merula", "scientificName": "Turdus merula Linnaeus, 1758", "eventDate": "2023-01-27T00:00:00Z", "uncertainty_m": null }, "geometry": { "type": "Point", "coordinates": [ 8.671378, 49.47071 ] } },
{ "type": "Feature", "properties": { "key": 4710951908, "species": "Carduelis carduelis", "scientificName": "Carduelis carduelis (Linnaeus, 1758)", "eventDate": "2023-01-28T00:00:00Z", "uncertainty_m": null }, "geometry": { "type": "Point", "coordinates": [ 8.678938, 49.421394 ] } },
{ "type": "Feature", "properties": { "key": 4715465728, "species": "Corvus corone", "scientificName": "Corvus corone Linnaeus, 1758", "eventDate": "2023-01-15T00:00:00Z", "uncertainty_m": null }, "geometry": { "type": "Point", "coordinates": [ 8.678938, 49.421394 ] } },
{ "type": "Feature", "properties": { "key": 4718333503, "species": "Chroicocephalus ridibundus", "scientificName": "Chroicocephalus ridibundus (Linnaeus, 1766)", "eventDate": "2023-01-02T00:00:00Z", "uncertainty_m": null }, "geometry": { "type": "Point", "coordinates": [ 8.710427, 49.41371 ] } },
{ "type": "Feature", "properties": { "key": 4718783709, "species": "Psittacula krameri", "scientificName": "Psittacula krameri (Scopoli, 1769)", "eventDate": "2023-01-26T00:00:00Z", "uncertainty_m": null }, "geometry": { "type": "Point", "coordinates": [ 8.676361, 49.404575 ] } },
{ "type": "Feature", "properties": { "key": 4718785856, "species": "Turdus pilaris", "scientificName": "Turdus pilaris Linnaeus, 1758", "eventDate": "2023-01-27T00:00:00Z", "uncertainty_m": null }, "geometry": { "type": "Point", "coordinates": [ 8.671378, 49.47071 ] } },
{ "type": "Feature", "properties": { "key": 4719356952, "species": "Alopochen aegyptiaca", "scientificName": "Alopochen aegyptiaca (Linnaeus, 1766)", "eventDate": "2023-01-03T00:00:00Z", "uncertainty_m": null }, "geometry": { "type": "Point", "coordinates": [ 8.726642, 49.400978 ] } },
{ "type": "Feature", "properties": { "key": 4721230863, "species": "Ardea cinerea", "scientificName": "Ardea cinerea Linnaeus, 1758", "eventDate": "2023-01-15T00:00:00Z", "uncertainty_m": null }, "geometry": { "type": "Point", "coordinates": [ 8.668163, 49.41085 ] } },
{ "type": "Feature", "properties": { "key": 4722545594, "species": "Emberiza citrinella", "scientificName": "Emberiza citrinella Linnaeus, 1758", "eventDate": "2023-01-06T00:00:00Z", "uncertainty_m": null }, "geometry": { "type": "Point", "coordinates": [ 8.671378, 49.47071 ] } },
{ "type": "Feature", "properties": { "key": 4722545595, "species": "Turdus viscivorus", "scientificName": "Turdus viscivorus Linnaeus, 1758", "eventDate": "2023-01-06T00:00:00Z", "uncertainty_m": null }, "geometry": { "type": "Point", "coordinates": [ 8.699978, 49.465 ] } },
{ "type": "Feature", "properties": { "key": 4722597939, "species": "Falco peregrinus", "scientificName": "Falco peregrinus Tunstall, 1771", "eventDate": "2023-01-26T00:00:00Z", "uncertainty_m": null }, "geometry": { "type": "Point", "coordinates": [ 8.665815, 49.425297 ] } },
{ "type": "Feature", "properties": { "key": 4725624882, "species": "Passer domesticus", "scientificName": "Passer domesticus (Linnaeus, 1758)", "eventDate": "2023-01-19T00:00:00Z", "uncertainty_m": null }, "geometry": { "type": "Point", "coordinates": [ 8.678938, 49.421394 ] } },
{ "type": "Feature", "properties": { "key": 4725823781, "species": "Coccothraustes coccothraustes", "scientificName": "Coccothraustes coccothraustes (Linnaeus, 1758)", "eventDate": "2023-01-25T00:00:00Z", "uncertainty_m": null }, "geometry": { "type": "Point", "coordinates": [ 8.557223, 49.415596 ] } },
{ "type": "Feature", "properties": { "key": 4726876977, "species": "Fringilla coelebs", "scientificName": "Fringilla coelebs Linnaeus, 1758", "eventDate": "2023-01-06T00:00:00Z", "uncertainty_m": null }, "geometry": { "type": "Point", "coordinates": [ 8.671378, 49.47071 ] } },
{ "type": "Feature", "properties": { "key": 4728225899, "species": "Anas platyrhynchos", "scientificName": "Anas platyrhynchos Linnaeus, 1758", "eventDate": "2023-01-22T00:00:00Z", "uncertainty_m": null }, "geometry": { "type": "Point", "coordinates": [ 8.668163, 49.41085 ] } },
{ "type": "Feature", "properties": { "key": 4728887785, "species": "Anser cygnoides", "scientificName": "Anser cygnoides (Linnaeus, 1758)", "eventDate": "2023-01-12T00:00:00Z", "uncertainty_m": null }, "geometry": { "type": "Point", "coordinates": [ 8.691434, 49.412827 ] } },
{ "type": "Feature", "properties": { "key": 4729988969, "species": "Cyanistes caeruleus", "scientificName": "Cyanistes caeruleus (Linnaeus, 1758)", "eventDate": "2023-01-28T00:00:00Z", "uncertainty_m": null }, "geometry": { "type": "Point", "coordinates": [ 8.678938, 49.421394 ] } },
{ "type": "Feature", "properties": { "key": 4733143636, "species": "Gallinula chloropus", "scientificName": "Gallinula chloropus (Linnaeus, 1758)", "eventDate": "2023-01-27T00:00:00Z", "uncertainty_m": null }, "geometry": { "type": "Point", "coordinates": [ 8.668163, 49.41085 ] } },
{ "type": "Feature", "properties": { "key": 4733295599, "species": "Phalacrocorax carbo", "scientificName": "Phalacrocorax carbo (Linnaeus, 1758)", "eventDate": "2023-01-27T00:00:00Z", "uncertainty_m": null }, "geometry": { "type": "Point", "coordinates": [ 8.691434, 49.412827 ] } },
{ "type": "Feature", "properties": { "key": 4733512703, "species": "Buteo buteo", "scientificName": "Buteo buteo (Linnaeus, 1758)", "eventDate": "2023-01-08T00:00:00Z", "uncertainty_m": null }, "geometry": { "type": "Point", "coordinates": [ 8.673265, 49.459534 ] } },
{ "type": "Feature", "properties": { "key": 4733917892, "species": "Coloeus monedula", "scientificName": "Coloeus monedula (Linnaeus, 1758)", "eventDate": "2023-01-22T00:00:00Z", "uncertainty_m": null }, "geometry": { "type": "Point", "coordinates": [ 8.668163, 49.41085 ] } },
{ "type": "Feature", "properties": { "key": 4734477895, "species": "Athene noctua", "scientificName": "Athene noctua (Scopoli, 1769)", "eventDate": "2023-01-28T00:00:00Z", "uncertainty_m": null }, "geometry": { "type": "Point", "coordinates": [ 8.633054, 49.443874 ] } },
{ "type": "Feature", "properties": { "key": 4735718927, "species": "Fringilla coelebs", "scientificName": "Fringilla coelebs Linnaeus, 1758", "eventDate": "2023-01-28T00:00:00Z", "uncertainty_m": null }, "geometry": { "type": "Point", "coordinates": [ 8.678938, 49.421394 ] } },
{ "type": "Feature", "properties": { "key": 4739587932, "species": "Ardea cinerea", "scientificName": "Ardea cinerea Linnaeus, 1758", "eventDate": "2023-01-12T00:00:00Z", "uncertainty_m": null }, "geometry": { "type": "Point", "coordinates": [ 8.656351, 49.385723 ] } },
{ "type": "Feature", "properties": { "key": 4741966842, "species": "Parus major", "scientificName": "Parus major Linnaeus, 1758", "eventDate": "2023-01-13T00:00:00Z", "uncertainty_m": null }, "geometry": { "type": "Point", "coordinates": [ 8.69631, 49.380383 ] } },
{ "type": "Feature", "properties": { "key": 4744154660, "species": "Fringilla coelebs", "scientificName": "Fringilla coelebs Linnaeus, 1758", "eventDate": "2023-01-06T00:00:00Z", "uncertainty_m": null }, "geometry": { "type": "Point", "coordinates": [ 8.671378, 49.47071 ] } },
{ "type": "Feature", "properties": { "key": 4745715318, "species": "Anser brachyrhynchus", "scientificName": "Anser brachyrhynchus Baillon, 1834", "eventDate": "2023-01-14T00:00:00Z", "uncertainty_m": null }, "geometry": { "type": "Point", "coordinates": [ 8.691434, 49.412827 ] } },
{ "type": "Feature", "properties": { "key": 4746114861, "species": "Dryocopus martius", "scientificName": "Dryocopus martius (Linnaeus, 1758)", "eventDate": "2023-01-03T00:00:00Z", "uncertainty_m": null }, "geometry": { "type": "Point", "coordinates": [ 8.726642, 49.400978 ] } },
{ "type": "Feature", "properties": { "key": 4747093833, "species": "Corvus corone", "scientificName": "Corvus corone Linnaeus, 1758", "eventDate": "2023-01-03T00:00:00Z", "uncertainty_m": null }, "geometry": { "type": "Point", "coordinates": [ 8.726642, 49.400978 ] } },
{ "type": "Feature", "properties": { "key": 4748874430, "species": "Chloris chloris", "scientificName": "Chloris chloris (Linnaeus, 1758)", "eventDate": "2023-01-23T00:00:00Z", "uncertainty_m": null }, "geometry": { "type": "Point", "coordinates": [ 8.665815, 49.425297 ] } },
{ "type": "Feature", "properties": { "key": 4750072727, "species": "Cyanistes caeruleus", "scientificName": "Cyanistes caeruleus (Linnaeus, 1758)", "eventDate": "2023-01-06T00:00:00Z", "uncertainty_m": null }, "geometry": { "type": "Point", "coordinates": [ 8.671378, 49.47071 ] } },
{ "type": "Feature", "properties": { "key": 4750072728, "species": "Aegithalos caudatus", "scientificName": "Aegithalos caudatus (Linnaeus, 1758)", "eventDate": "2023-01-06T00:00:00Z", "uncertainty_m": null }, "geometry": { "type": "Point", "coordinates": [ 8.699978, 49.465 ] } },
{ "type": "Feature", "properties": { "key": 4750672500, "species": "Cygnus olor", "scientificName": "Cygnus olor (J.F.Gmelin, 1789)", "eventDate": "2023-01-02T00:00:00Z", "uncertainty_m": null }, "geometry": { "type": "Point", "coordinates": [ 8.710427, 49.41371 ] } },
{ "type": "Feature", "properties": { "key": 4751057754, "species": "Turdus merula", "scientificName": "Turdus merula Linnaeus, 1758", "eventDate": "2023-01-13T00:00:00Z", "uncertainty_m": null }, "geometry": { "type": "Point", "coordinates": [ 8.678938, 49.421394 ] } },
{ "type": "Feature", "properties": { "key": 4751595020, "species": "Columba palumbus", "scientificName": "Columba palumbus Linnaeus, 1758", "eventDate": "2023-01-03T00:00:00Z", "uncertainty_m": null }, "geometry": { "type": "Point", "coordinates": [ 8.726642, 49.400978 ] } },
{ "type": "Feature", "properties": { "key": 4752772805, "species": "Troglodytes troglodytes", "scientificName": "Troglodytes troglodytes (Linnaeus, 1758)", "eventDate": "2023-01-13T00:00:00Z", "uncertainty_m": null }, "geometry": { "type": "Point", "coordinates": [ 8.69631, 49.380383 ] } },
{ "type": "Feature", "properties": { "key": 4753085002, "species": "Fringilla coelebs", "scientificName": "Fringilla coelebs Linnaeus, 1758", "eventDate": "2023-01-19T00:00:00Z", "uncertainty_m": null }, "geometry": { "type": "Point", "coordinates": [ 8.678938, 49.421394 ] } },
{ "type": "Feature", "properties": { "key": 4754180237, "species": "Cygnus olor", "scientificName": "Cygnus olor (J.F.Gmelin, 1789)", "eventDate": "2023-01-14T00:00:00Z", "uncertainty_m": null }, "geometry": { "type": "Point", "coordinates": [ 8.691434, 49.412827 ] } },
{ "type": "Feature", "properties": { "key": 4754378879, "species": "Cyanistes caeruleus", "scientificName": "Cyanistes caeruleus (Linnaeus, 1758)", "eventDate": "2023-01-18T00:00:00Z", "uncertainty_m": null }, "geometry": { "type": "Point", "coordinates": [ 8.665815, 49.425297 ] } },
{ "type": "Feature", "properties": { "key": 4754509894, "species": "Fulica atra", "scientificName": "Fulica atra Linnaeus, 1758", "eventDate": "2023-01-12T00:00:00Z", "uncertainty_m": null }, "geometry": { "type": "Point", "coordinates": [ 8.691434, 49.412827 ] } },
{ "type": "Feature", "properties": { "key": 4754612667, "species": "Poecile palustris", "scientificName": "Poecile palustris (Linnaeus, 1758)", "eventDate": "2023-01-06T00:00:00Z", "uncertainty_m": null }, "geometry": { "type": "Point", "coordinates": [ 8.671378, 49.47071 ] } },
{ "type": "Feature", "properties": { "key": 4754625061, "species": "Ardea cinerea", "scientificName": "Ardea cinerea Linnaeus, 1758", "eventDate": "2023-01-06T00:00:00Z", "uncertainty_m": null }, "geometry": { "type": "Point", "coordinates": [ 8.674822, 49.476784 ] } },
{ "type": "Feature", "properties": { "key": 4755241412, "species": "Phalacrocorax carbo", "scientificName": "Phalacrocorax carbo (Linnaeus, 1758)", "eventDate": "2023-01-02T00:00:00Z", "uncertainty_m": null }, "geometry": { "type": "Point", "coordinates": [ 8.710427, 49.41371 ] } },
{ "type": "Feature", "properties": { "key": 4755688747, "species": "Passer domesticus", "scientificName": "Passer domesticus (Linnaeus, 1758)", "eventDate": "2023-01-05T00:00:00Z", "uncertainty_m": null }, "geometry": { "type": "Point", "coordinates": [ 8.672848, 49.456497 ] } },
{ "type": "Feature", "properties": { "key": 4756026919, "species": "Garrulus glandarius", "scientificName": "Garrulus glandarius (Linnaeus, 1758)", "eventDate": "2023-01-06T00:00:00Z", "uncertainty_m": null }, "geometry": { "type": "Point", "coordinates": [ 8.671378, 49.47071 ] } },
{ "type": "Feature", "properties": { "key": 4756215463, "species": "Certhia brachydactyla", "scientificName": "Certhia brachydactyla C.L.Brehm, 1820", "eventDate": "2023-01-27T00:00:00Z", "uncertainty_m": null }, "geometry": { "type": "Point", "coordinates": [ 8.671378, 49.47071 ] } },
{ "type": "Feature", "properties": { "key": 4756270514, "species": "Passer domesticus", "scientificName": "Passer domesticus (Linnaeus, 1758)", "eventDate": "2023-01-30T00:00:00Z", "uncertainty_m": null }, "geometry": { "type": "Point", "coordinates": [ 8.678938, 49.421394 ] } },
{ "type": "Feature", "properties": { "key": 4756319318, "species": "Picus viridis", "scientificName": "Picus viridis Linnaeus, 1758", "eventDate": "2023-01-14T00:00:00Z", "uncertainty_m": null }, "geometry": { "type": "Point", "coordinates": [ 8.691434, 49.412827 ] } },
{ "type": "Feature", "properties": { "key": 4756466982, "species": "Columba palumbus", "scientificName": "Columba palumbus Linnaeus, 1758", "eventDate": "2023-01-18T00:00:00Z", "uncertainty_m": null }, "geometry": { "type": "Point", "coordinates": [ 8.665815, 49.425297 ] } },
{ "type": "Feature", "properties": { "key": 4756852848, "species": "Cyanistes caeruleus", "scientificName": "Cyanistes caeruleus (Linnaeus, 1758)", "eventDate": "2023-01-06T00:00:00Z", "uncertainty_m": null }, "geometry": { "type": "Point", "coordinates": [ 8.699978, 49.465 ] } },
{ "type": "Feature", "properties": { "key": 4757009374, "species": "Anas platyrhynchos", "scientificName": "Anas platyrhynchos Linnaeus, 1758", "eventDate": "2023-01-27T00:00:00Z", "uncertainty_m": null }, "geometry": { "type": "Point", "coordinates": [ 8.668163, 49.41085 ] } },
{ "type": "Feature", "properties": { "key": 4757447823, "species": "Dryocopus martius", "scientificName": "Dryocopus martius (Linnaeus, 1758)", "eventDate": "2023-01-25T00:00:00Z", "uncertainty_m": null }, "geometry": { "type": "Point", "coordinates": [ 8.557223, 49.415596 ] } },
{ "type": "Feature", "properties": { "key": 4757645943, "species": "Turdus viscivorus", "scientificName": "Turdus viscivorus Linnaeus, 1758", "eventDate": "2023-01-27T00:00:00Z", "uncertainty_m": null }, "geometry": { "type": "Point", "coordinates": [ 8.671378, 49.47071 ] } },
{ "type": "Feature", "properties": { "key": 4757860878, "species": "Parus major", "scientificName": "Parus major Linnaeus, 1758", "eventDate": "2023-01-03T00:00:00Z", "uncertainty_m": null }, "geometry": { "type": "Point", "coordinates": [ 8.726642, 49.400978 ] } },
{ "type": "Feature", "properties": { "key": 4757885786, "species": "Turdus merula", "scientificName": "Turdus merula Linnaeus, 1758", "eventDate": "2023-01-06T00:00:00Z", "uncertainty_m": null }, "geometry": { "type": "Point", "coordinates": [ 8.671378, 49.47071 ] } },
{ "type": "Feature", "properties": { "key": 4758051240, "species": "Phalacrocorax carbo", "scientificName": "Phalacrocorax carbo (Linnaeus, 1758)", "eventDate": "2023-01-09T00:00:00Z", "uncertainty_m": null }, "geometry": { "type": "Point", "coordinates": [ 8.611779, 49.454887 ] } },
{ "type": "Feature", "properties": { "key": 4758051241, "species": "Chroicocephalus ridibundus", "scientificName": "Chroicocephalus ridibundus (Linnaeus, 1766)", "eventDate": "2023-01-14T00:00:00Z", "uncertainty_m": null }, "geometry": { "type": "Point", "coordinates": [ 8.691434, 49.412827 ] } },
{ "type": "Feature", "properties": { "key": 4758186979, "species": "Chroicocephalus ridibundus", "scientificName": "Chroicocephalus ridibundus (Linnaeus, 1766)", "eventDate": "2023-01-03T00:00:00Z", "uncertainty_m": null }, "geometry": { "type": "Point", "coordinates": [ 8.726642, 49.400978 ] } },
{ "type": "Feature", "properties": { "key": 4758609864, "species": "Corvus frugilegus", "scientificName": "Corvus frugilegus Linnaeus, 1758", "eventDate": "2023-01-15T00:00:00Z", "uncertainty_m": null }, "geometry": { "type": "Point", "coordinates": [ 8.609012, 49.455147 ] } },
{ "type": "Feature", "properties": { "key": 4759017248, "species": "Parus major", "scientificName": "Parus major Linnaeus, 1758", "eventDate": "2023-01-21T00:00:00Z", "uncertainty_m": null }, "geometry": { "type": "Point", "coordinates": [ 8.678938, 49.421394 ] } },
{ "type": "Feature", "properties": { "key": 4759090556, "species": "Columba palumbus", "scientificName": "Columba palumbus Linnaeus, 1758", "eventDate": "2023-01-27T00:00:00Z", "uncertainty_m": null }, "geometry": { "type": "Point", "coordinates": [ 8.668163, 49.41085 ] } },
{ "type": "Feature", "properties": { "key": 4759146787, "species": "Turdus merula", "scientificName": "Turdus merula Linnaeus, 1758", "eventDate": "2023-01-06T00:00:00Z", "uncertainty_m": null }, "geometry": { "type": "Point", "coordinates": [ 8.671378, 49.47071 ] } },
{ "type": "Feature", "properties": { "key": 4759377803, "species": "Periparus ater", "scientificName": "Periparus ater (Linnaeus, 1758)", "eventDate": "2023-01-06T00:00:00Z", "uncertainty_m": null }, "geometry": { "type": "Point", "coordinates": [ 8.699978, 49.465 ] } },
{ "type": "Feature", "properties": { "key": 4759379444, "species": "Troglodytes troglodytes", "scientificName": "Troglodytes troglodytes (Linnaeus, 1758)", "eventDate": "2023-01-23T00:00:00Z", "uncertainty_m": null }, "geometry": { "type": "Point", "coordinates": [ 8.665815, 49.425297 ] } },
{ "type": "Feature", "properties": { "key": 4759685678, "species": "Fringilla coelebs", "scientificName": "Fringilla coelebs Linnaeus, 1758", "eventDate": "2023-01-05T00:00:00Z", "uncertainty_m": null }, "geometry": { "type": "Point", "coordinates": [ 8.672848, 49.456497 ] } },
{ "type": "Feature", "properties": { "key": 4760041696, "species": "Picus viridis", "scientificName": "Picus viridis Linnaeus, 1758", "eventDate": "2023-01-24T00:00:00Z", "uncertainty_m": null }, "geometry": { "type": "Point", "coordinates": [ 8.672848, 49.456497 ] } },
{ "type": "Feature", "properties": { "key": 4760052915, "species": "Fringilla coelebs", "scientificName": "Fringilla coelebs Linnaeus, 1758", "eventDate": "2023-01-22T00:00:00Z", "uncertainty_m": null }, "geometry": { "type": "Point", "coordinates": [ 8.669804, 49.381012 ] } },
{ "type": "Feature", "properties": { "key": 4760120373, "species": "Picus viridis", "scientificName": "Picus viridis Linnaeus, 1758", "eventDate": "2023-01-02T00:00:00Z", "uncertainty_m": null }, "geometry": { "type": "Point", "coordinates": [ 8.678938, 49.421394 ] } },
{ "type": "Feature", "properties": { "key": 4760495331, "species": "Ardea cinerea", "scientificName": "Ardea cinerea Linnaeus, 1758", "eventDate": "2023-01-14T00:00:00Z", "uncertainty_m": null }, "geometry": { "type": "Point", "coordinates": [ 8.651176, 49.428635 ] } },
{ "type": "Feature", "properties": { "key": 4760909917, "species": "Chroicocephalus ridibundus", "scientificName": "Chroicocephalus ridibundus (Linnaeus, 1766)", "eventDate": "2023-01-26T00:00:00Z", "uncertainty_m": null }, "geometry": { "type": "Point", "coordinates": [ 8.665815, 49.425297 ] } },
{ "type": "Feature", "properties": { "key": 4761270869, "species": "Sturnus vulgaris", "scientificName": "Sturnus vulgaris Linnaeus, 1758", "eventDate": "2023-01-15T00:00:00Z", "uncertainty_m": null }, "geometry": { "type": "Point", "coordinates": [ 8.609012, 49.455147 ] } },
{ "type": "Feature", "properties": { "key": 4761442757, "species": "Columba livia", "scientificName": "Columba livia J.F.Gmelin, 1789", "eventDate": "2023-01-27T00:00:00Z", "uncertainty_m": null }, "geometry": { "type": "Point", "coordinates": [ 8.668163, 49.41085 ] } },
{ "type": "Feature", "properties": { "key": 4761657535, "species": "Periparus ater", "scientificName": "Periparus ater (Linnaeus, 1758)", "eventDate": "2023-01-24T00:00:00Z", "uncertainty_m": null }, "geometry": { "type": "Point", "coordinates": [ 8.707174, 49.431812 ] } },
{ "type": "Feature", "properties": { "key": 4761712779, "species": "Picus viridis", "scientificName": "Picus viridis Linnaeus, 1758", "eventDate": "2023-01-05T00:00:00Z", "uncertainty_m": null }, "geometry": { "type": "Point", "coordinates": [ 8.672848, 49.456497 ] } },
{ "type": "Feature", "properties": { "key": 4762070731, "species": "Loxia curvirostra", "scientificName": "Loxia curvirostra Linnaeus, 1758", "eventDate": "2023-01-06T00:00:00Z", "uncertainty_m": null }, "geometry": { "type": "Point", "coordinates": [ 8.699978, 49.465 ] } },
{ "type": "Feature", "properties": { "key": 4762193847, "species": "Turdus merula", "scientificName": "Turdus merula Linnaeus, 1758", "eventDate": "2023-01-15T00:00:00Z", "uncertainty_m": null }, "geometry": { "type": "Point", "coordinates": [ 8.692978, 49.3702 ] } },
{ "type": "Feature", "properties": { "key": 4762411063, "species": "Passer domesticus", "scientificName": "Passer domesticus (Linnaeus, 1758)", "eventDate": "2023-01-20T00:00:00Z", "uncertainty_m": null }, "geometry": { "type": "Point", "coordinates": [ 8.665815, 49.425297 ] } },
{ "type": "Feature", "properties": { "key": 4762653217, "species": "Fringilla coelebs", "scientificName": "Fringilla coelebs Linnaeus, 1758", "eventDate": "2023-01-22T00:00:00Z", "uncertainty_m": null }, "geometry": { "type": "Point", "coordinates": [ 8.678938, 49.421394 ] } },
{ "type": "Feature", "properties": { "key": 4762664009, "species": "Falco peregrinus", "scientificName": "Falco peregrinus Tunstall, 1771", "eventDate": "2023-01-28T00:00:00Z", "uncertainty_m": null }, "geometry": { "type": "Point", "coordinates": [ 8.65538, 49.456226 ] } },
{ "type": "Feature", "properties": { "key": 4762805951, "species": "Parus major", "scientificName": "Parus major Linnaeus, 1758", "eventDate": "2023-01-20T00:00:00Z", "uncertainty_m": null }, "geometry": { "type": "Point", "coordinates": [ 8.665815, 49.425297 ] } },
{ "type": "Feature", "properties": { "key": 4762967959, "species": "Accipiter nisus", "scientificName": "Accipiter nisus (Linnaeus, 1758)", "eventDate": "2023-01-25T00:00:00Z", "uncertainty_m": null }, "geometry": { "type": "Point", "coordinates": [ 8.557223, 49.415596 ] } },
{ "type": "Feature", "properties": { "key": 4763588163, "species": "Anser cygnoides", "scientificName": "Anser cygnoides (Linnaeus, 1758)", "eventDate": "2023-01-20T00:00:00Z", "uncertainty_m": null }, "geometry": { "type": "Point", "coordinates": [ 8.691434, 49.412827 ] } },
{ "type": "Feature", "properties": { "key": 4763697538, "species": "Dendrocopos major", "scientificName": "Dendrocopos major (Linnaeus, 1758)", "eventDate": "2023-01-06T00:00:00Z", "uncertainty_m": null }, "geometry": { "type": "Point", "coordinates": [ 8.671378, 49.47071 ] } },
{ "type": "Feature", "properties": { "key": 4763697539, "species": "Sitta europaea", "scientificName": "Sitta europaea Linnaeus, 1758", "eventDate": "2023-01-06T00:00:00Z", "uncertainty_m": null }, "geometry": { "type": "Point", "coordinates": [ 8.699978, 49.465 ] } },
{ "type": "Feature", "properties": { "key": 4763870907, "species": "Picus viridis", "scientificName": "Picus viridis Linnaeus, 1758", "eventDate": "2023-01-06T00:00:00Z", "uncertainty_m": null }, "geometry": { "type": "Point", "coordinates": [ 8.671378, 49.47071 ] } },
{ "type": "Feature", "properties": { "key": 4763893836, "species": "Picus viridis", "scientificName": "Picus viridis Linnaeus, 1758", "eventDate": "2023-01-26T00:00:00Z", "uncertainty_m": null }, "geometry": { "type": "Point", "coordinates": [ 8.665815, 49.425297 ] } },
{ "type": "Feature", "properties": { "key": 4763900695, "species": "Cyanistes caeruleus", "scientificName": "Cyanistes caeruleus (Linnaeus, 1758)", "eventDate": "2023-01-31T00:00:00Z", "uncertainty_m": null }, "geometry": { "type": "Point", "coordinates": [ 8.665815, 49.425297 ] } },
{ "type": "Feature", "properties": { "key": 4763908790, "species": "Phalacrocorax carbo", "scientificName": "Phalacrocorax carbo (Linnaeus, 1758)", "eventDate": "2023-01-15T00:00:00Z", "uncertainty_m": null }, "geometry": { "type": "Point", "coordinates": [ 8.609012, 49.455147 ] } },
{ "type": "Feature", "properties": { "key": 4764001514, "species": "Prunella modularis", "scientificName": "Prunella modularis (Linnaeus, 1758)", "eventDate": "2023-01-19T00:00:00Z", "uncertainty_m": null }, "geometry": { "type": "Point", "coordinates": [ 8.665815, 49.425297 ] } },
{ "type": "Feature", "properties": { "key": 4764103003, "species": "Corvus corone", "scientificName": "Corvus corone Linnaeus, 1758", "eventDate": "2023-01-18T00:00:00Z", "uncertainty_m": null }, "geometry": { "type": "Point", "coordinates": [ 8.665815, 49.425297 ] } },
{ "type": "Feature", "properties": { "key": 4764448061, "species": "Chroicocephalus ridibundus", "scientificName": "Chroicocephalus ridibundus (Linnaeus, 1766)", "eventDate": "2023-01-25T00:00:00Z", "uncertainty_m": null }, "geometry": { "type": "Point", "coordinates": [ 8.691434, 49.412827 ] } },
{ "type": "Feature", "properties": { "key": 4764645758, "species": "Fringilla coelebs", "scientificName": "Fringilla coelebs Linnaeus, 1758", "eventDate": "2023-01-26T00:00:00Z", "uncertainty_m": null }, "geometry": { "type": "Point", "coordinates": [ 8.56977, 49.309017 ] } },
{ "type": "Feature", "properties": { "key": 4764892944, "species": "Corvus corone", "scientificName": "Corvus corone Linnaeus, 1758", "eventDate": "2023-01-20T00:00:00Z", "uncertainty_m": null }, "geometry": { "type": "Point", "coordinates": [ 8.665815, 49.425297 ] } },
{ "type": "Feature", "properties": { "key": 4764976199, "species": "Ardea cinerea", "scientificName": "Ardea cinerea Linnaeus, 1758", "eventDate": "2023-01-13T00:00:00Z", "uncertainty_m": null }, "geometry": { "type": "Point", "coordinates": [ 8.639581, 49.453114 ] } },
{ "type": "Feature", "properties": { "key": 4765173066, "species": "Psittacula krameri", "scientificName": "Psittacula krameri (Scopoli, 1769)", "eventDate": "2023-01-26T00:00:00Z", "uncertainty_m": null }, "geometry": { "type": "Point", "coordinates": [ 8.665815, 49.425297 ] } },
{ "type": "Feature", "properties": { "key": 4765286756, "species": "Dendrocopos major", "scientificName": "Dendrocopos major (Linnaeus, 1758)", "eventDate": "2023-01-08T00:00:00Z", "uncertainty_m": null }, "geometry": { "type": "Point", "coordinates": [ 8.673265, 49.459534 ] } },
{ "type": "Feature", "properties": { "key": 4765409803, "species": "Fringilla coelebs", "scientificName": "Fringilla coelebs Linnaeus, 1758", "eventDate": "2023-01-15T00:00:00Z", "uncertainty_m": null }, "geometry": { "type": "Point", "coordinates": [ 8.692978, 49.3702 ] } },
{ "type": "Feature", "properties": { "key": 4765410151, "species": "Corvus corone", "scientificName": "Corvus corone Linnaeus, 1758", "eventDate": "2023-01-15T00:00:00Z", "uncertainty_m": null }, "geometry": { "type": "Point", "coordinates": [ 8.678938, 49.421394 ] } },
{ "type": "Feature", "properties": { "key": 4765476679, "species": "Pyrrhula pyrrhula", "scientificName": "Pyrrhula pyrrhula (Linnaeus, 1758)", "eventDate": "2023-01-15T00:00:00Z", "uncertainty_m": null }, "geometry": { "type": "Point", "coordinates": [ 8.692978, 49.3702 ] } },
{ "type": "Feature", "properties": { "key": 4765692208, "species": "Corvus corone", "scientificName": "Corvus corone Linnaeus, 1758", "eventDate": "2023-01-21T00:00:00Z", "uncertainty_m": null }, "geometry": { "type": "Point", "coordinates": [ 8.678938, 49.421394 ] } },
{ "type": "Feature", "properties": { "key": 4765789358, "species": "Cyanistes caeruleus", "scientificName": "Cyanistes caeruleus (Linnaeus, 1758)", "eventDate": "2023-01-28T00:00:00Z", "uncertainty_m": null }, "geometry": { "type": "Point", "coordinates": [ 8.753659, 49.445705 ] } },
{ "type": "Feature", "properties": { "key": 4765904006, "species": "Passer domesticus", "scientificName": "Passer domesticus (Linnaeus, 1758)", "eventDate": "2023-01-29T00:00:00Z", "uncertainty_m": null }, "geometry": { "type": "Point", "coordinates": [ 8.665815, 49.425297 ] } },
{ "type": "Feature", "properties": { "key": 4766001445, "species": "Alopochen aegyptiaca", "scientificName": "Alopochen aegyptiaca (Linnaeus, 1766)", "eventDate": "2023-01-02T00:00:00Z", "uncertainty_m": null }, "geometry": { "type": "Point", "coordinates": [ 8.710427, 49.41371 ] } },
{ "type": "Feature", "properties": { "key": 4766198676, "species": "Parus major", "scientificName": "Parus major Linnaeus, 1758", "eventDate": "2023-01-06T00:00:00Z", "uncertainty_m": null }, "geometry": { "type": "Point", "coordinates": [ 8.671378, 49.47071 ] } },
{ "type": "Feature", "properties": { "key": 4766198677, "species": "Coloeus monedula", "scientificName": "Coloeus monedula (Linnaeus, 1758)", "eventDate": "2023-01-06T00:00:00Z", "uncertainty_m": null }, "geometry": { "type": "Point", "coordinates": [ 8.671378, 49.47071 ] } },
{ "type": "Feature", "properties": { "key": 4766489022, "species": "Ardea cinerea", "scientificName": "Ardea cinerea Linnaeus, 1758", "eventDate": "2023-01-26T00:00:00Z", "uncertainty_m": null }, "geometry": { "type": "Point", "coordinates": [ 8.665815, 49.425297 ] } },
{ "type": "Feature", "properties": { "key": 4766490775, "species": "Erithacus rubecula", "scientificName": "Erithacus rubecula (Linnaeus, 1758)", "eventDate": "2023-01-05T00:00:00Z", "uncertainty_m": null }, "geometry": { "type": "Point", "coordinates": [ 8.672848, 49.456497 ] } },
{ "type": "Feature", "properties": { "key": 4766531748, "species": "Columba palumbus", "scientificName": "Columba palumbus Linnaeus, 1758", "eventDate": "2023-01-25T00:00:00Z", "uncertainty_m": null }, "geometry": { "type": "Point", "coordinates": [ 8.668163, 49.41085 ] } },
{ "type": "Feature", "properties": { "key": 4766934830, "species": "Sitta europaea", "scientificName": "Sitta europaea Linnaeus, 1758", "eventDate": "2023-01-03T00:00:00Z", "uncertainty_m": null }, "geometry": { "type": "Point", "coordinates": [ 8.726642, 49.400978 ] } },
{ "type": "Feature", "properties": { "key": 4767155442, "species": "Parus major", "scientificName": "Parus major Linnaeus, 1758", "eventDate": "2023-01-18T00:00:00Z", "uncertainty_m": null }, "geometry": { "type": "Point", "coordinates": [ 8.672848, 49.456497 ] } },
{ "type": "Feature", "properties": { "key": 4767228330, "species": "Psittacula krameri", "scientificName": "Psittacula krameri (Scopoli, 1769)", "eventDate": "2023-01-19T00:00:00Z", "uncertainty_m": null }, "geometry": { "type": "Point", "coordinates": [ 8.671026, 49.418015 ] } },
{ "type": "Feature", "properties": { "key": 4767247367, "species": "Picus viridis", "scientificName": "Picus viridis Linnaeus, 1758", "eventDate": "2023-01-28T00:00:00Z", "uncertainty_m": null }, "geometry": { "type": "Point", "coordinates": [ 8.753659, 49.445705 ] } },
{ "type": "Feature", "properties": { "key": 4767600369, "species": "Ardea cinerea", "scientificName": "Ardea cinerea Linnaeus, 1758", "eventDate": "2023-01-09T00:00:00Z", "uncertainty_m": null }, "geometry": { "type": "Point", "coordinates": [ 8.611779, 49.454887 ] } },
{ "type": "Feature", "properties": { "key": 4767628905, "species": "Picus viridis", "scientificName": "Picus viridis Linnaeus, 1758", "eventDate": "2023-01-06T00:00:00Z", "uncertainty_m": null }, "geometry": { "type": "Point", "coordinates": [ 8.671378, 49.47071 ] } },
{ "type": "Feature", "properties": { "key": 4768016222, "species": "Pica pica", "scientificName": "Pica pica (Linnaeus, 1758)", "eventDate": "2023-01-22T00:00:00Z", "uncertainty_m": null }, "geometry": { "type": "Point", "coordinates": [ 8.678938, 49.421394 ] } },
{ "type": "Feature", "properties": { "key": 4768298666, "species": "Chroicocephalus ridibundus", "scientificName": "Chroicocephalus ridibundus (Linnaeus, 1766)", "eventDate": "2023-01-16T00:00:00Z", "uncertainty_m": null }, "geometry": { "type": "Point", "coordinates": [ 8.684419, 49.410263 ] } },
{ "type": "Feature", "properties": { "key": 4768509100, "species": "Coccothraustes coccothraustes", "scientificName": "Coccothraustes coccothraustes (Linnaeus, 1758)", "eventDate": "2023-01-20T00:00:00Z", "uncertainty_m": null }, "geometry": { "type": "Point", "coordinates": [ 8.665815, 49.425297 ] } },
{ "type": "Feature", "properties": { "key": 4768783950, "species": "Picus viridis", "scientificName": "Picus viridis Linnaeus, 1758", "eventDate": "2023-01-06T00:00:00Z", "uncertainty_m": null }, "geometry": { "type": "Point", "coordinates": [ 8.674822, 49.476784 ] } },
{ "type": "Feature", "properties": { "key": 4768789804, "species": "Coloeus monedula", "scientificName": "Coloeus monedula (Linnaeus, 1758)", "eventDate": "2023-01-07T00:00:00Z", "uncertainty_m": null }, "geometry": { "type": "Point", "coordinates": [ 8.65538, 49.456226 ] } },
{ "type": "Feature", "properties": { "key": 4768826266, "species": "Corvus corax", "scientificName": "Corvus corax Linnaeus, 1758", "eventDate": "2023-01-15T00:00:00Z", "uncertainty_m": null }, "geometry": { "type": "Point", "coordinates": [ 8.671963, 49.456203 ] } },
{ "type": "Feature", "properties": { "key": 4768829057, "species": "Erithacus rubecula", "scientificName": "Erithacus rubecula (Linnaeus, 1758)", "eventDate": "2023-01-15T00:00:00Z", "uncertainty_m": null }, "geometry": { "type": "Point", "coordinates": [ 8.678938, 49.421394 ] } },
{ "type": "Feature", "properties": { "key": 4768881913, "species": "Corvus corone", "scientificName": "Corvus corone Linnaeus, 1758", "eventDate": "2023-01-15T00:00:00Z", "uncertainty_m": null }, "geometry": { "type": "Point", "coordinates": [ 8.668163, 49.41085 ] } },
{ "type": "Feature", "properties": { "key": 4768882494, "species": "Corvus frugilegus", "scientificName": "Corvus frugilegus Linnaeus, 1758", "eventDate": "2023-01-14T00:00:00Z", "uncertainty_m": null }, "geometry": { "type": "Point", "coordinates": [ 8.639581, 49.453114 ] } },
{ "type": "Feature", "properties": { "key": 4768921308, "species": "Garrulus glandarius", "scientificName": "Garrulus glandarius (Linnaeus, 1758)", "eventDate": "2023-01-21T00:00:00Z", "uncertainty_m": null }, "geometry": { "type": "Point", "coordinates": [ 8.671378, 49.47071 ] } },
{ "type": "Feature", "properties": { "key": 4768921317, "species": "Poecile palustris", "scientificName": "Poecile palustris (Linnaeus, 1758)", "eventDate": "2023-01-24T00:00:00Z", "uncertainty_m": null }, "geometry": { "type": "Point", "coordinates": [ 8.707174, 49.431812 ] } },
{ "type": "Feature", "properties": { "key": 4769031033, "species": "Chloris chloris", "scientificName": "Chloris chloris (Linnaeus, 1758)", "eventDate": "2023-01-28T00:00:00Z", "uncertainty_m": null }, "geometry": { "type": "Point", "coordinates": [ 8.678938, 49.421394 ] } },
{ "type": "Feature", "properties": { "key": 4769166063, "species": "Columba palumbus", "scientificName": "Columba palumbus Linnaeus, 1758", "eventDate": "2023-01-20T00:00:00Z", "uncertainty_m": null }, "geometry": { "type": "Point", "coordinates": [ 8.665815, 49.425297 ] } },
{ "type": "Feature", "properties": { "key": 4769179508, "species": "Turdus iliacus", "scientificName": "Turdus iliacus Linnaeus, 1758", "eventDate": "2023-01-24T00:00:00Z", "uncertainty_m": null }, "geometry": { "type": "Point", "coordinates": [ 8.678938, 49.421394 ] } },
{ "type": "Feature", "properties": { "key": 4769369919, "species": "Parus major", "scientificName": "Parus major Linnaeus, 1758", "eventDate": "2023-01-15T00:00:00Z", "uncertainty_m": null }, "geometry": { "type": "Point", "coordinates": [ 8.609012, 49.455147 ] } },
{ "type": "Feature", "properties": { "key": 4769536010, "species": "Corvus corone", "scientificName": "Corvus corone Linnaeus, 1758", "eventDate": "2023-01-27T00:00:00Z", "uncertainty_m": null }, "geometry": { "type": "Point", "coordinates": [ 8.671378, 49.47071 ] } },
{ "type": "Feature", "properties": { "key": 4769621354, "species": "Turdus viscivorus", "scientificName": "Turdus viscivorus Linnaeus, 1758", "eventDate": "2023-01-21T00:00:00Z", "uncertainty_m": null }, "geometry": { "type": "Point", "coordinates": [ 8.684613, 49.43915 ] } },
{ "type": "Feature", "properties": { "key": 4769621355, "species": "Turdus merula", "scientificName": "Turdus merula Linnaeus, 1758", "eventDate": "2023-01-21T00:00:00Z", "uncertainty_m": null }, "geometry": { "type": "Point", "coordinates": [ 8.683418, 49.44685 ] } },
{ "type": "Feature", "properties": { "key": 4769663243, "species": "Aegithalos caudatus", "scientificName": "Aegithalos caudatus (Linnaeus, 1758)", "eventDate": "2023-01-31T00:00:00Z", "uncertainty_m": null }, "geometry": { "type": "Point", "coordinates": [ 8.684613, 49.43915 ] } },
{ "type": "Feature", "properties": { "key": 4769674475, "species": "Turdus merula", "scientificName": "Turdus merula Linnaeus, 1758", "eventDate": "2023-01-18T00:00:00Z", "uncertainty_m": null }, "geometry": { "type": "Point", "coordinates": [ 8.672848, 49.456497 ] } },
{ "type": "Feature", "properties": { "key": 4769688930, "species": "Corvus frugilegus", "scientificName": "Corvus frugilegus Linnaeus, 1758", "eventDate": "2023-01-20T00:00:00Z", "uncertainty_m": null }, "geometry": { "type": "Point", "coordinates": [ 8.665815, 49.425297 ] } },
{ "type": "Feature", "properties": { "key": 4769714760, "species": "Passer domesticus", "scientificName": "Passer domesticus (Linnaeus, 1758)", "eventDate": "2023-01-31T00:00:00Z", "uncertainty_m": null }, "geometry": { "type": "Point", "coordinates": [ 8.665815, 49.425297 ] } },
{ "type": "Feature", "properties": { "key": 4769730061, "species": "Pica pica", "scientificName": "Pica pica (Linnaeus, 1758)", "eventDate": "2023-01-15T00:00:00Z", "uncertainty_m": null }, "geometry": { "type": "Point", "coordinates": [ 8.609012, 49.455147 ] } },
{ "type": "Feature", "properties": { "key": 4769935573, "species": "Branta canadensis", "scientificName": "Branta canadensis (Linnaeus, 1758)", "eventDate": "2023-01-27T00:00:00Z", "uncertainty_m": null }, "geometry": { "type": "Point", "coordinates": [ 8.668163, 49.41085 ] } },
{ "type": "Feature", "properties": { "key": 4770003212, "species": "Cygnus olor", "scientificName": "Cygnus olor (J.F.Gmelin, 1789)", "eventDate": "2023-01-13T00:00:00Z", "uncertainty_m": null }, "geometry": { "type": "Point", "coordinates": [ 8.639581, 49.453114 ] } },
{ "type": "Feature", "properties": { "key": 4770331297, "species": "Fringilla coelebs", "scientificName": "Fringilla coelebs Linnaeus, 1758", "eventDate": "2023-01-18T00:00:00Z", "uncertainty_m": null }, "geometry": { "type": "Point", "coordinates": [ 8.672848, 49.456497 ] } },
{ "type": "Feature", "properties": { "key": 4770394847, "species": "Passer domesticus", "scientificName": "Passer domesticus (Linnaeus, 1758)", "eventDate": "2023-01-27T00:00:00Z", "uncertainty_m": null }, "geometry": { "type": "Point", "coordinates": [ 8.669804, 49.381012 ] } },
{ "type": "Feature", "properties": { "key": 4770396084, "species": "Phalacrocorax carbo", "scientificName": "Phalacrocorax carbo (Linnaeus, 1758)", "eventDate": "2023-01-25T00:00:00Z", "uncertainty_m": null }, "geometry": { "type": "Point", "coordinates": [ 8.691434, 49.412827 ] } },
{ "type": "Feature", "properties": { "key": 4771026024, "species": "Cyanistes caeruleus", "scientificName": "Cyanistes caeruleus (Linnaeus, 1758)", "eventDate": "2023-01-25T00:00:00Z", "uncertainty_m": null }, "geometry": { "type": "Point", "coordinates": [ 8.691434, 49.412827 ] } },
{ "type": "Feature", "properties": { "key": 4771089563, "species": "Cygnus olor", "scientificName": "Cygnus olor (J.F.Gmelin, 1789)", "eventDate": "2023-01-14T00:00:00Z", "uncertainty_m": null }, "geometry": { "type": "Point", "coordinates": [ 8.639581, 49.453114 ] } },
{ "type": "Feature", "properties": { "key": 4771158307, "species": "Linaria cannabina", "scientificName": "Linaria cannabina (Linnaeus, 1758)", "eventDate": "2023-01-07T00:00:00Z", "uncertainty_m": null }, "geometry": { "type": "Point", "coordinates": [ 8.56977, 49.309017 ] } },
{ "type": "Feature", "properties": { "key": 4771209914, "species": "Troglodytes troglodytes", "scientificName": "Troglodytes troglodytes (Linnaeus, 1758)", "eventDate": "2023-01-29T00:00:00Z", "uncertainty_m": null }, "geometry": { "type": "Point", "coordinates": [ 8.681811, 49.45415 ] } },
{ "type": "Feature", "properties": { "key": 4771500140, "species": "Troglodytes troglodytes", "scientificName": "Troglodytes troglodytes (Linnaeus, 1758)", "eventDate": "2023-01-29T00:00:00Z", "uncertainty_m": null }, "geometry": { "type": "Point", "coordinates": [ 8.665815, 49.425297 ] } },
{ "type": "Feature", "properties": { "key": 4771615581, "species": "Sturnus vulgaris", "scientificName": "Sturnus vulgaris Linnaeus, 1758", "eventDate": "2023-01-31T00:00:00Z", "uncertainty_m": null }, "geometry": { "type": "Point", "coordinates": [ 8.665815, 49.425297 ] } },
{ "type": "Feature", "properties": { "key": 4771623776, "species": "Certhia brachydactyla", "scientificName": "Certhia brachydactyla C.L.Brehm, 1820", "eventDate": "2023-01-21T00:00:00Z", "uncertainty_m": null }, "geometry": { "type": "Point", "coordinates": [ 8.712895, 49.470592 ] } },
{ "type": "Feature", "properties": { "key": 4771623784, "species": "Cyanistes caeruleus", "scientificName": "Cyanistes caeruleus (Linnaeus, 1758)", "eventDate": "2023-01-24T00:00:00Z", "uncertainty_m": null }, "geometry": { "type": "Point", "coordinates": [ 8.707174, 49.431812 ] } },
{ "type": "Feature", "properties": { "key": 4771853744, "species": "Pica pica", "scientificName": "Pica pica (Linnaeus, 1758)", "eventDate": "2023-01-24T00:00:00Z", "uncertainty_m": null }, "geometry": { "type": "Point", "coordinates": [ 8.578208, 49.43819 ] } },
{ "type": "Feature", "properties": { "key": 4771894009, "species": "Fringilla coelebs", "scientificName": "Fringilla coelebs Linnaeus, 1758", "eventDate": "2023-01-03T00:00:00Z", "uncertainty_m": null }, "geometry": { "type": "Point", "coordinates": [ 8.726642, 49.400978 ] } },
{ "type": "Feature", "properties": { "key": 4771981092, "species": "Sturnus vulgaris", "scientificName": "Sturnus vulgaris Linnaeus, 1758", "eventDate": "2023-01-18T00:00:00Z", "uncertainty_m": null }, "geometry": { "type": "Point", "coordinates": [ 8.665815, 49.425297 ] } },
{ "type": "Feature", "properties": { "key": 4772135297, "species": "Columba livia", "scientificName": "Columba livia J.F.Gmelin, 1789", "eventDate": "2023-01-09T00:00:00Z", "uncertainty_m": null }, "geometry": { "type": "Point", "coordinates": [ 8.611779, 49.454887 ] } },
{ "type": "Feature", "properties": { "key": 4772135298, "species": "Phalacrocorax carbo", "scientificName": "Phalacrocorax carbo (Linnaeus, 1758)", "eventDate": "2023-01-14T00:00:00Z", "uncertainty_m": null }, "geometry": { "type": "Point", "coordinates": [ 8.691434, 49.412827 ] } },
{ "type": "Feature", "properties": { "key": 4772226113, "species": "Turdus merula", "scientificName": "Turdus merula Linnaeus, 1758", "eventDate": "2023-01-20T00:00:00Z", "uncertainty_m": null }, "geometry": { "type": "Point", "coordinates": [ 8.665815, 49.425297 ] } },
{ "type": "Feature", "properties": { "key": 4772227569, "species": "Periparus ater", "scientificName": "Periparus ater (Linnaeus, 1758)", "eventDate": "2023-01-21T00:00:00Z", "uncertainty_m": null }, "geometry": { "type": "Point", "coordinates": [ 8.712895, 49.470592 ] } },
{ "type": "Feature", "properties": { "key": 4772263375, "species": "Corvus corone", "scientificName": "Corvus corone Linnaeus, 1758", "eventDate": "2023-01-29T00:00:00Z", "uncertainty_m": null }, "geometry": { "type": "Point", "coordinates": [ 8.56977, 49.309017 ] } },
{ "type": "Feature", "properties": { "key": 4772266139, "species": "Fringilla coelebs", "scientificName": "Fringilla coelebs Linnaeus, 1758", "eventDate": "2023-01-29T00:00:00Z", "uncertainty_m": null }, "geometry": { "type": "Point", "coordinates": [ 8.665815, 49.425297 ] } },
{ "type": "Feature", "properties": { "key": 4772309849, "species": "Sitta europaea", "scientificName": "Sitta europaea Linnaeus, 1758", "eventDate": "2023-01-25T00:00:00Z", "uncertainty_m": null }, "geometry": { "type": "Point", "coordinates": [ 8.557223, 49.415596 ] } },
{ "type": "Feature", "properties": { "key": 4772340717, "species": "Coloeus monedula", "scientificName": "Coloeus monedula (Linnaeus, 1758)", "eventDate": "2023-01-26T00:00:00Z", "uncertainty_m": null }, "geometry": { "type": "Point", "coordinates": [ 8.665815, 49.425297 ] } },
{ "type": "Feature", "properties": { "key": 4772401455, "species": "Parus major", "scientificName": "Parus major Linnaeus, 1758", "eventDate": "2023-01-22T00:00:00Z", "uncertainty_m": null }, "geometry": { "type": "Point", "coordinates": [ 8.678938, 49.421394 ] } },
{ "type": "Feature", "properties": { "key": 4773065734, "species": "Parus major", "scientificName": "Parus major Linnaeus, 1758", "eventDate": "2023-01-08T00:00:00Z", "uncertainty_m": null }, "geometry": { "type": "Point", "coordinates": [ 8.672848, 49.456497 ] } },
{ "type": "Feature", "properties": { "key": 4773204610, "species": "Poecile palustris", "scientificName": "Poecile palustris (Linnaeus, 1758)", "eventDate": "2023-01-05T00:00:00Z", "uncertainty_m": null }, "geometry": { "type": "Point", "coordinates": [ 8.672848, 49.456497 ] } },
{ "type": "Feature", "properties": { "key": 4773265526, "species": "Gallinula chloropus", "scientificName": "Gallinula chloropus (Linnaeus, 1758)", "eventDate": "2023-01-09T00:00:00Z", "uncertainty_m": null }, "geometry": { "type": "Point", "coordinates": [ 8.611779, 49.454887 ] } },
{ "type": "Feature", "properties": { "key": 4773266306, "species": "Passer domesticus", "scientificName": "Passer domesticus (Linnaeus, 1758)", "eventDate": "2023-01-29T00:00:00Z", "uncertainty_m": null }, "geometry": { "type": "Point", "coordinates": [ 8.56977, 49.309017 ] } },
{ "type": "Feature", "properties": { "key": 4773361447, "species": "Garrulus glandarius", "scientificName": "Garrulus glandarius (Linnaeus, 1758)", "eventDate": "2023-01-24T00:00:00Z", "uncertainty_m": null }, "geometry": { "type": "Point", "coordinates": [ 8.707174, 49.431812 ] } },
{ "type": "Feature", "properties": { "key": 4773403007, "species": "Psittacula krameri", "scientificName": "Psittacula krameri (Scopoli, 1769)", "eventDate": "2023-01-29T00:00:00Z", "uncertainty_m": null }, "geometry": { "type": "Point", "coordinates": [ 8.665815, 49.425297 ] } },
{ "type": "Feature", "properties": { "key": 4773431128, "species": "Psittacula krameri", "scientificName": "Psittacula krameri (Scopoli, 1769)", "eventDate": "2023-01-28T00:00:00Z", "uncertainty_m": null }, "geometry": { "type": "Point", "coordinates": [ 8.678938, 49.421394 ] } },
{ "type": "Feature", "properties": { "key": 4773450826, "species": "Larus michahellis", "scientificName": "Larus michahellis J.F.Naumann, 1840", "eventDate": "2023-01-16T00:00:00Z", "uncertainty_m": null }, "geometry": { "type": "Point", "coordinates": [ 8.684419, 49.410263 ] } },
{ "type": "Feature", "properties": { "key": 4773490481, "species": "Turdus merula", "scientificName": "Turdus merula Linnaeus, 1758", "eventDate": "2023-01-31T00:00:00Z", "uncertainty_m": null }, "geometry": { "type": "Point", "coordinates": [ 8.665815, 49.425297 ] } },
{ "type": "Feature", "properties": { "key": 4773552803, "species": "Dendrocoptes medius", "scientificName": "Dendrocoptes medius (Linnaeus, 1758)", "eventDate": "2023-01-25T00:00:00Z", "uncertainty_m": null }, "geometry": { "type": "Point", "coordinates": [ 8.557223, 49.415596 ] } },
{ "type": "Feature", "properties": { "key": 4773707857, "species": "Cyanistes caeruleus", "scientificName": "Cyanistes caeruleus (Linnaeus, 1758)", "eventDate": "2023-01-06T00:00:00Z", "uncertainty_m": null }, "geometry": { "type": "Point", "coordinates": [ 8.674822, 49.476784 ] } },
{ "type": "Feature", "properties": { "key": 4774001701, "species": "Turdus merula", "scientificName": "Turdus merula Linnaeus, 1758", "eventDate": "2023-01-24T00:00:00Z", "uncertainty_m": null }, "geometry": { "type": "Point", "coordinates": [ 8.678938, 49.421394 ] } },
{ "type": "Feature", "properties": { "key": 4774044840, "species": "Poecile palustris", "scientificName": "Poecile palustris (Linnaeus, 1758)", "eventDate": "2023-01-06T00:00:00Z", "uncertainty_m": null }, "geometry": { "type": "Point", "coordinates": [ 8.674822, 49.476784 ] } },
{ "type": "Feature", "properties": { "key": 4774092189, "species": "Anser brachyrhynchus", "scientificName": "Anser brachyrhynchus Baillon, 1834", "eventDate": "2023-01-25T00:00:00Z", "uncertainty_m": null }, "geometry": { "type": "Point", "coordinates": [ 8.691434, 49.412827 ] } },
{ "type": "Feature", "properties": { "key": 4774250745, "species": "Psittacula krameri", "scientificName": "Psittacula krameri (Scopoli, 1769)", "eventDate": "2023-01-05T00:00:00Z", "uncertainty_m": null }, "geometry": { "type": "Point", "coordinates": [ 8.672848, 49.456497 ] } },
{ "type": "Feature", "properties": { "key": 4774297598, "species": "Certhia brachydactyla", "scientificName": "Certhia brachydactyla C.L.Brehm, 1820", "eventDate": "2023-01-16T00:00:00Z", "uncertainty_m": null }, "geometry": { "type": "Point", "coordinates": [ 8.684419, 49.410263 ] } },
{ "type": "Feature", "properties": { "key": 4774524023, "species": "Turdus merula", "scientificName": "Turdus merula Linnaeus, 1758", "eventDate": "2023-01-06T00:00:00Z", "uncertainty_m": null }, "geometry": { "type": "Point", "coordinates": [ 8.674822, 49.476784 ] } },
{ "type": "Feature", "properties": { "key": 4774798881, "species": "Ardea cinerea", "scientificName": "Ardea cinerea Linnaeus, 1758", "eventDate": "2023-01-27T00:00:00Z", "uncertainty_m": null }, "geometry": { "type": "Point", "coordinates": [ 8.668163, 49.41085 ] } },
{ "type": "Feature", "properties": { "key": 4774829950, "species": "Chroicocephalus ridibundus", "scientificName": "Chroicocephalus ridibundus (Linnaeus, 1766)", "eventDate": "2023-01-22T00:00:00Z", "uncertainty_m": null }, "geometry": { "type": "Point", "coordinates": [ 8.668163, 49.41085 ] } },
{ "type": "Feature", "properties": { "key": 4774894690, "species": "Parus major", "scientificName": "Parus major Linnaeus, 1758", "eventDate": "2023-01-21T00:00:00Z", "uncertainty_m": null }, "geometry": { "type": "Point", "coordinates": [ 8.712895, 49.470592 ] } },
{ "type": "Feature", "properties": { "key": 4774900607, "species": "Dryocopus martius", "scientificName": "Dryocopus martius (Linnaeus, 1758)", "eventDate": "2023-01-27T00:00:00Z", "uncertainty_m": null }, "geometry": { "type": "Point", "coordinates": [ 8.671378, 49.47071 ] } },
{ "type": "Feature", "properties": { "key": 4774954254, "species": "Anser brachyrhynchus", "scientificName": "Anser brachyrhynchus Baillon, 1834", "eventDate": "2023-01-20T00:00:00Z", "uncertainty_m": null }, "geometry": { "type": "Point", "coordinates": [ 8.691434, 49.412827 ] } },
{ "type": "Feature", "properties": { "key": 4774996895, "species": "Dendrocopos major", "scientificName": "Dendrocopos major (Linnaeus, 1758)", "eventDate": "2023-01-05T00:00:00Z", "uncertainty_m": null }, "geometry": { "type": "Point", "coordinates": [ 8.672848, 49.456497 ] } },
{ "type": "Feature", "properties": { "key": 4775372605, "species": "Lophophanes cristatus", "scientificName": "Lophophanes cristatus (Linnaeus, 1758)", "eventDate": "2023-01-24T00:00:00Z", "uncertainty_m": null }, "geometry": { "type": "Point", "coordinates": [ 8.707174, 49.431812 ] } },
{ "type": "Feature", "properties": { "key": 4775378186, "species": "Coloeus monedula", "scientificName": "Coloeus monedula (Linnaeus, 1758)", "eventDate": "2023-01-29T00:00:00Z", "uncertainty_m": null }, "geometry": { "type": "Point", "coordinates": [ 8.665815, 49.425297 ] } },
{ "type": "Feature", "properties": { "key": 4775404691, "species": "Linaria cannabina", "scientificName": "Linaria cannabina (Linnaeus, 1758)", "eventDate": "2023-01-26T00:00:00Z", "uncertainty_m": null }, "geometry": { "type": "Point", "coordinates": [ 8.56977, 49.309017 ] } },
{ "type": "Feature", "properties": { "key": 4775591722, "species": "Fringilla coelebs", "scientificName": "Fringilla coelebs Linnaeus, 1758", "eventDate": "2023-01-31T00:00:00Z", "uncertainty_m": null }, "geometry": { "type": "Point", "coordinates": [ 8.665815, 49.425297 ] } },
{ "type": "Feature", "properties": { "key": 4775699004, "species": "Chroicocephalus ridibundus", "scientificName": "Chroicocephalus ridibundus (Linnaeus, 1766)", "eventDate": "2023-01-12T00:00:00Z", "uncertainty_m": null }, "geometry": { "type": "Point", "coordinates": [ 8.691434, 49.412827 ] } },
{ "type": "Feature", "properties": { "key": 4775972425, "species": "Buteo buteo", "scientificName": "Buteo buteo (Linnaeus, 1758)", "eventDate": "2023-01-18T00:00:00Z", "uncertainty_m": null }, "geometry": { "type": "Point", "coordinates": [ 8.672848, 49.456497 ] } },
{ "type": "Feature", "properties": { "key": 4776157694, "species": "Parus major", "scientificName": "Parus major Linnaeus, 1758", "eventDate": "2023-01-30T00:00:00Z", "uncertainty_m": null }, "geometry": { "type": "Point", "coordinates": [ 8.678938, 49.421394 ] } },
{ "type": "Feature", "properties": { "key": 4776634072, "species": "Turdus pilaris", "scientificName": "Turdus pilaris Linnaeus, 1758", "eventDate": "2023-01-20T00:00:00Z", "uncertainty_m": null }, "geometry": { "type": "Point", "coordinates": [ 8.665815, 49.425297 ] } },
{ "type": "Feature", "properties": { "key": 4776745867, "species": "Troglodytes troglodytes", "scientificName": "Troglodytes troglodytes (Linnaeus, 1758)", "eventDate": "2023-01-20T00:00:00Z", "uncertainty_m": null }, "geometry": { "type": "Point", "coordinates": [ 8.665815, 49.425297 ] } },
{ "type": "Feature", "properties": { "key": 4776753831, "species": "Columba livia", "scientificName": "Columba livia J.F.Gmelin, 1789", "eventDate": "2023-01-27T00:00:00Z", "uncertainty_m": null }, "geometry": { "type": "Point", "coordinates": [ 8.691434, 49.412827 ] } },
{ "type": "Feature", "properties": { "key": 4776898507, "species": "Cyanistes caeruleus", "scientificName": "Cyanistes caeruleus (Linnaeus, 1758)", "eventDate": "2023-01-05T00:00:00Z", "uncertainty_m": null }, "geometry": { "type": "Point", "coordinates": [ 8.669804, 49.381012 ] } },
{ "type": "Feature", "properties": { "key": 4776976708, "species": "Gallinula chloropus", "scientificName": "Gallinula chloropus (Linnaeus, 1758)", "eventDate": "2023-01-25T00:00:00Z", "uncertainty_m": null }, "geometry": { "type": "Point", "coordinates": [ 8.668163, 49.41085 ] } },
{ "type": "Feature", "properties": { "key": 4777400829, "species": "Corvus corone", "scientificName": "Corvus corone Linnaeus, 1758", "eventDate": "2023-01-31T00:00:00Z", "uncertainty_m": null }, "geometry": { "type": "Point", "coordinates": [ 8.665815, 49.425297 ] } },
{ "type": "Feature", "properties": { "key": 4777785928, "species": "Sturnus vulgaris", "scientificName": "Sturnus vulgaris Linnaeus, 1758", "eventDate": "2023-01-20T00:00:00Z", "uncertainty_m": null }, "geometry": { "type": "Point", "coordinates": [ 8.665815, 49.425297 ] } },
{ "type": "Feature", "properties": { "key": 4778000455, "species": "Fringilla coelebs", "scientificName": "Fringilla coelebs Linnaeus, 1758", "eventDate": "2023-01-21T00:00:00Z", "uncertainty_m": null }, "geometry": { "type": "Point", "coordinates": [ 8.684613, 49.43915 ] } },
{ "type": "Feature", "properties": { "key": 4778000456, "species": "Regulus regulus", "scientificName": "Regulus regulus (Linnaeus, 1758)", "eventDate": "2023-01-21T00:00:00Z", "uncertainty_m": null }, "geometry": { "type": "Point", "coordinates": [ 8.683418, 49.44685 ] } },
{ "type": "Feature", "properties": { "key": 4778129780, "species": "Cyanistes caeruleus", "scientificName": "Cyanistes caeruleus (Linnaeus, 1758)", "eventDate": "2023-01-22T00:00:00Z", "uncertainty_m": null }, "geometry": { "type": "Point", "coordinates": [ 8.668163, 49.41085 ] } },
{ "type": "Feature", "properties": { "key": 4778177893, "species": "Passer montanus", "scientificName": "Passer montanus (Linnaeus, 1758)", "eventDate": "2023-01-26T00:00:00Z", "uncertainty_m": null }, "geometry": { "type": "Point", "coordinates": [ 8.56977, 49.309017 ] } },
{ "type": "Feature", "properties": { "key": 4778439823, "species": "Columba palumbus", "scientificName": "Columba palumbus Linnaeus, 1758", "eventDate": "2023-01-25T00:00:00Z", "uncertainty_m": null }, "geometry": { "type": "Point", "coordinates": [ 8.691434, 49.412827 ] } },
{ "type": "Feature", "properties": { "key": 4778610750, "species": "Parus major", "scientificName": "Parus major Linnaeus, 1758", "eventDate": "2023-01-22T00:00:00Z", "uncertainty_m": null }, "geometry": { "type": "Point", "coordinates": [ 8.669804, 49.381012 ] } },
{ "type": "Feature", "properties": { "key": 4778710905, "species": "Erithacus rubecula", "scientificName": "Erithacus rubecula (Linnaeus, 1758)", "eventDate": "2023-01-27T00:00:00Z", "uncertainty_m": null }, "geometry": { "type": "Point", "coordinates": [ 8.669804, 49.381012 ] } },
{ "type": "Feature", "properties": { "key": 4778721353, "species": "Erithacus rubecula", "scientificName": "Erithacus rubecula (Linnaeus, 1758)", "eventDate": "2023-01-23T00:00:00Z", "uncertainty_m": null }, "geometry": { "type": "Point", "coordinates": [ 8.665815, 49.425297 ] } },
{ "type": "Feature", "properties": { "key": 4778864687, "species": "Erithacus rubecula", "scientificName": "Erithacus rubecula (Linnaeus, 1758)", "eventDate": "2023-01-13T00:00:00Z", "uncertainty_m": null }, "geometry": { "type": "Point", "coordinates": [ 8.669804, 49.381012 ] } },
{ "type": "Feature", "properties": { "key": 4779372715, "species": "Anthus pratensis", "scientificName": "Anthus pratensis (Linnaeus, 1758)", "eventDate": "2023-01-25T00:00:00Z", "uncertainty_m": null }, "geometry": { "type": "Point", "coordinates": [ 8.557223, 49.415596 ] } },
{ "type": "Feature", "properties": { "key": 4779400768, "species": "Corvus corone", "scientificName": "Corvus corone Linnaeus, 1758", "eventDate": "2023-01-16T00:00:00Z", "uncertainty_m": null }, "geometry": { "type": "Point", "coordinates": [ 8.684419, 49.410263 ] } },
{ "type": "Feature", "properties": { "key": 4779403067, "species": "Fringilla coelebs", "scientificName": "Fringilla coelebs Linnaeus, 1758", "eventDate": "2023-01-27T00:00:00Z", "uncertainty_m": null }, "geometry": { "type": "Point", "coordinates": [ 8.671378, 49.47071 ] } },
{ "type": "Feature", "properties": { "key": 4779475510, "species": "Sturnus vulgaris", "scientificName": "Sturnus vulgaris Linnaeus, 1758", "eventDate": "2023-01-23T00:00:00Z", "uncertainty_m": null }, "geometry": { "type": "Point", "coordinates": [ 8.665815, 49.425297 ] } },
{ "type": "Feature", "properties": { "key": 4779515670, "species": "Parus major", "scientificName": "Parus major Linnaeus, 1758", "eventDate": "2023-01-27T00:00:00Z", "uncertainty_m": null }, "geometry": { "type": "Point", "coordinates": [ 8.668163, 49.41085 ] } },
{ "type": "Feature", "properties": { "key": 4779551025, "species": "Turdus merula", "scientificName": "Turdus merula Linnaeus, 1758", "eventDate": "2023-01-18T00:00:00Z", "uncertainty_m": null }, "geometry": { "type": "Point", "coordinates": [ 8.665815, 49.425297 ] } },
{ "type": "Feature", "properties": { "key": 4779691767, "species": "Pica pica", "scientificName": "Pica pica (Linnaeus, 1758)", "eventDate": "2023-01-08T00:00:00Z", "uncertainty_m": null }, "geometry": { "type": "Point", "coordinates": [ 8.673265, 49.459534 ] } },
{ "type": "Feature", "properties": { "key": 4779691903, "species": "Turdus merula", "scientificName": "Turdus merula Linnaeus, 1758", "eventDate": "2023-01-05T00:00:00Z", "uncertainty_m": null }, "geometry": { "type": "Point", "coordinates": [ 8.683418, 49.44685 ] } },
{ "type": "Feature", "properties": { "key": 4779811674, "species": "Passer domesticus", "scientificName": "Passer domesticus (Linnaeus, 1758)", "eventDate": "2023-01-23T00:00:00Z", "uncertainty_m": null }, "geometry": { "type": "Point", "coordinates": [ 8.665815, 49.425297 ] } },
{ "type": "Feature", "properties": { "key": 4780033727, "species": "Columba palumbus", "scientificName": "Columba palumbus Linnaeus, 1758", "eventDate": "2023-01-16T00:00:00Z", "uncertainty_m": null }, "geometry": { "type": "Point", "coordinates": [ 8.684419, 49.410263 ] } },
{ "type": "Feature", "properties": { "key": 4780039730, "species": "Branta canadensis", "scientificName": "Branta canadensis (Linnaeus, 1758)", "eventDate": "2023-01-25T00:00:00Z", "uncertainty_m": null }, "geometry": { "type": "Point", "coordinates": [ 8.668163, 49.41085 ] } },
{ "type": "Feature", "properties": { "key": 4780116622, "species": "Picus viridis", "scientificName": "Picus viridis Linnaeus, 1758", "eventDate": "2023-01-25T00:00:00Z", "uncertainty_m": null }, "geometry": { "type": "Point", "coordinates": [ 8.665815, 49.425297 ] } },
{ "type": "Feature", "properties": { "key": 4780746424, "species": "Periparus ater", "scientificName": "Periparus ater (Linnaeus, 1758)", "eventDate": "2023-01-21T00:00:00Z", "uncertainty_m": null }, "geometry": { "type": "Point", "coordinates": [ 8.684613, 49.43915 ] } },
{ "type": "Feature", "properties": { "key": 4780746425, "species": "Dendrocoptes medius", "scientificName": "Dendrocoptes medius (Linnaeus, 1758)", "eventDate": "2023-01-21T00:00:00Z", "uncertainty_m": null }, "geometry": { "type": "Point", "coordinates": [ 8.683418, 49.44685 ] } },
{ "type": "Feature", "properties": { "key": 4780765976, "species": "Buteo buteo", "scientificName": "Buteo buteo (Linnaeus, 1758)", "eventDate": "2023-01-29T00:00:00Z", "uncertainty_m": null }, "geometry": { "type": "Point", "coordinates": [ 8.681811, 49.45415 ] } },
{ "type": "Feature", "properties": { "key": 4780923688, "species": "Pica pica", "scientificName": "Pica pica (Linnaeus, 1758)", "eventDate": "2023-01-15T00:00:00Z", "uncertainty_m": null }, "geometry": { "type": "Point", "coordinates": [ 8.678938, 49.421394 ] } },
{ "type": "Feature", "properties": { "key": 4781016358, "species": "Psittacula krameri", "scientificName": "Psittacula krameri (Scopoli, 1769)", "eventDate": "2023-01-14T00:00:00Z", "uncertainty_m": null }, "geometry": { "type": "Point", "coordinates": [ 8.691434, 49.412827 ] } },
{ "type": "Feature", "properties": { "key": 4781734688, "species": "Turdus pilaris", "scientificName": "Turdus pilaris Linnaeus, 1758", "eventDate": "2023-01-24T00:00:00Z", "uncertainty_m": null }, "geometry": { "type": "Point", "coordinates": [ 8.678938, 49.421394 ] } },
{ "type": "Feature", "properties": { "key": 4782408863, "species": "Fringilla coelebs", "scientificName": "Fringilla coelebs Linnaeus, 1758", "eventDate": "2023-01-08T00:00:00Z", "uncertainty_m": null }, "geometry": { "type": "Point", "coordinates": [ 8.673265, 49.459534 ] } },
{ "type": "Feature", "properties": { "key": 4782408994, "species": "Troglodytes troglodytes", "scientificName": "Troglodytes troglodytes (Linnaeus, 1758)", "eventDate": "2023-01-05T00:00:00Z", "uncertainty_m": null }, "geometry": { "type": "Point", "coordinates": [ 8.683418, 49.44685 ] } },
{ "type": "Feature", "properties": { "key": 4782681838, "species": "Erithacus rubecula", "scientificName": "Erithacus rubecula (Linnaeus, 1758)", "eventDate": "2023-01-22T00:00:00Z", "uncertainty_m": null }, "geometry": { "type": "Point", "coordinates": [ 8.668163, 49.41085 ] } },
{ "type": "Feature", "properties": { "key": 4782691278, "species": "Falco tinnunculus", "scientificName": "Falco tinnunculus Linnaeus, 1758", "eventDate": "2023-01-23T00:00:00Z", "uncertainty_m": null }, "geometry": { "type": "Point", "coordinates": [ 8.665815, 49.425297 ] } },
{ "type": "Feature", "properties": { "key": 4783281365, "species": "Cyanistes caeruleus", "scientificName": "Cyanistes caeruleus (Linnaeus, 1758)", "eventDate": "2023-01-25T00:00:00Z", "uncertainty_m": null }, "geometry": { "type": "Point", "coordinates": [ 8.668163, 49.41085 ] } },
{ "type": "Feature", "properties": { "key": 4783472560, "species": "Strix aluco", "scientificName": "Strix aluco Linnaeus, 1758", "eventDate": "2023-01-21T00:00:00Z", "uncertainty_m": null }, "geometry": { "type": "Point", "coordinates": [ 8.684613, 49.43915 ] } },
{ "type": "Feature", "properties": { "key": 4783472561, "species": "Cyanistes caeruleus", "scientificName": "Cyanistes caeruleus (Linnaeus, 1758)", "eventDate": "2023-01-21T00:00:00Z", "uncertainty_m": null }, "geometry": { "type": "Point", "coordinates": [ 8.683418, 49.44685 ] } },
{ "type": "Feature", "properties": { "key": 4783858575, "species": "Parus major", "scientificName": "Parus major Linnaeus, 1758", "eventDate": "2023-01-24T00:00:00Z", "uncertainty_m": null }, "geometry": { "type": "Point", "coordinates": [ 8.707174, 49.431812 ] } },
{ "type": "Feature", "properties": { "key": 4784019554, "species": "Columba palumbus", "scientificName": "Columba palumbus Linnaeus, 1758", "eventDate": "2023-01-30T00:00:00Z", "uncertainty_m": null }, "geometry": { "type": "Point", "coordinates": [ 8.678938, 49.421394 ] } },
{ "type": "Feature", "properties": { "key": 4784242255, "species": "Coloeus monedula", "scientificName": "Coloeus monedula (Linnaeus, 1758)", "eventDate": "2023-01-21T00:00:00Z", "uncertainty_m": null }, "geometry": { "type": "Point", "coordinates": [ 8.678938, 49.421394 ] } },
{ "type": "Feature", "properties": { "key": 4784294919, "species": "Fringilla coelebs", "scientificName": "Fringilla coelebs Linnaeus, 1758", "eventDate": "2023-01-31T00:00:00Z", "uncertainty_m": null }, "geometry": { "type": "Point", "coordinates": [ 8.655646, 49.44867 ] } },
{ "type": "Feature", "properties": { "key": 4784608803, "species": "Corvus corone", "scientificName": "Corvus corone Linnaeus, 1758", "eventDate": "2023-01-26T00:00:00Z", "uncertainty_m": null }, "geometry": { "type": "Point", "coordinates": [ 8.56977, 49.309017 ] } },
{ "type": "Feature", "properties": { "key": 4784777353, "species": "Corvus corone", "scientificName": "Corvus corone Linnaeus, 1758", "eventDate": "2023-01-23T00:00:00Z", "uncertainty_m": null }, "geometry": { "type": "Point", "coordinates": [ 8.665815, 49.425297 ] } },
{ "type": "Feature", "properties": { "key": 4784968381, "species": "Coloeus monedula", "scientificName": "Coloeus monedula (Linnaeus, 1758)", "eventDate": "2023-01-14T00:00:00Z", "uncertainty_m": null }, "geometry": { "type": "Point", "coordinates": [ 8.639581, 49.453114 ] } },
{ "type": "Feature", "properties": { "key": 4785777666, "species": "Phalacrocorax carbo", "scientificName": "Phalacrocorax carbo (Linnaeus, 1758)", "eventDate": "2023-01-12T00:00:00Z", "uncertainty_m": null }, "geometry": { "type": "Point", "coordinates": [ 8.691434, 49.412827 ] } },
{ "type": "Feature", "properties": { "key": 4786067935, "species": "Sturnus vulgaris", "scientificName": "Sturnus vulgaris Linnaeus, 1758", "eventDate": "2023-01-26T00:00:00Z", "uncertainty_m": null }, "geometry": { "type": "Point", "coordinates": [ 8.665815, 49.425297 ] } },
{ "type": "Feature", "properties": { "key": 4786214631, "species": "Prunella modularis", "scientificName": "Prunella modularis (Linnaeus, 1758)", "eventDate": "2023-01-31T00:00:00Z", "uncertainty_m": null }, "geometry": { "type": "Point", "coordinates": [ 8.665815, 49.425297 ] } },
{ "type": "Feature", "properties": { "key": 4787546668, "species": "Cyanistes caeruleus", "scientificName": "Cyanistes caeruleus (Linnaeus, 1758)", "eventDate": "2023-01-05T00:00:00Z", "uncertainty_m": null }, "geometry": { "type": "Point", "coordinates": [ 8.672848, 49.456497 ] } },
{ "type": "Feature", "properties": { "key": 4787743078, "species": "Dendrocopos major", "scientificName": "Dendrocopos major (Linnaeus, 1758)", "eventDate": "2023-01-27T00:00:00Z", "uncertainty_m": null }, "geometry": { "type": "Point", "coordinates": [ 8.671378, 49.47071 ] } },
{ "type": "Feature", "properties": { "key": 4787969628, "species": "Cyanistes caeruleus", "scientificName": "Cyanistes caeruleus (Linnaeus, 1758)", "eventDate": "2023-01-21T00:00:00Z", "uncertainty_m": null }, "geometry": { "type": "Point", "coordinates": [ 8.712895, 49.470592 ] } },
{ "type": "Feature", "properties": { "key": 4787969635, "species": "Fringilla coelebs", "scientificName": "Fringilla coelebs Linnaeus, 1758", "eventDate": "2023-01-24T00:00:00Z", "uncertainty_m": null }, "geometry": { "type": "Point", "coordinates": [ 8.707174, 49.431812 ] } },
{ "type": "Feature", "properties": { "key": 4789242736, "species": "Coccothraustes coccothraustes", "scientificName": "Coccothraustes coccothraustes (Linnaeus, 1758)", "eventDate": "2023-01-15T00:00:00Z", "uncertainty_m": null }, "geometry": { "type": "Point", "coordinates": [ 8.692978, 49.3702 ] } },
{ "type": "Feature", "properties": { "key": 4790059251, "species": "Turdus merula", "scientificName": "Turdus merula Linnaeus, 1758", "eventDate": "2023-01-23T00:00:00Z", "uncertainty_m": null }, "geometry": { "type": "Point", "coordinates": [ 8.665815, 49.425297 ] } },
{ "type": "Feature", "properties": { "key": 4790645344, "species": "Motacilla cinerea", "scientificName": "Motacilla cinerea Tunstall, 1771", "eventDate": "2023-01-25T00:00:00Z", "uncertainty_m": null }, "geometry": { "type": "Point", "coordinates": [ 8.668163, 49.41085 ] } },
{ "type": "Feature", "properties": { "key": 4790681858, "species": "Buteo buteo", "scientificName": "Buteo buteo (Linnaeus, 1758)", "eventDate": "2023-01-20T00:00:00Z", "uncertainty_m": null }, "geometry": { "type": "Point", "coordinates": [ 8.665815, 49.425297 ] } },
{ "type": "Feature", "properties": { "key": 4791373738, "species": "Passer domesticus", "scientificName": "Passer domesticus (Linnaeus, 1758)", "eventDate": "2023-01-22T00:00:00Z", "uncertainty_m": null }, "geometry": { "type": "Point", "coordinates": [ 8.669804, 49.381012 ] } },
{ "type": "Feature", "properties": { "key": 4792422886, "species": "Falco tinnunculus", "scientificName": "Falco tinnunculus Linnaeus, 1758", "eventDate": "2023-01-05T00:00:00Z", "uncertainty_m": null }, "geometry": { "type": "Point", "coordinates": [ 8.684613, 49.43915 ] } },
{ "type": "Feature", "properties": { "key": 4793432926, "species": "Turdus pilaris", "scientificName": "Turdus pilaris Linnaeus, 1758", "eventDate": "2023-01-26T00:00:00Z", "uncertainty_m": null }, "geometry": { "type": "Point", "coordinates": [ 8.665815, 49.425297 ] } },
{ "type": "Feature", "properties": { "key": 4793653934, "species": "Aegithalos caudatus", "scientificName": "Aegithalos caudatus (Linnaeus, 1758)", "eventDate": "2023-01-13T00:00:00Z", "uncertainty_m": null }, "geometry": { "type": "Point", "coordinates": [ 8.669804, 49.381012 ] } },
{ "type": "Feature", "properties": { "key": 4797947843, "species": "Buteo buteo", "scientificName": "Buteo buteo (Linnaeus, 1758)", "eventDate": "2023-01-03T00:00:00Z", "uncertainty_m": null }, "geometry": { "type": "Point", "coordinates": [ 8.726642, 49.400978 ] } },
{ "type": "Feature", "properties": { "key": 4797994548, "species": "Coccothraustes coccothraustes", "scientificName": "Coccothraustes coccothraustes (Linnaeus, 1758)", "eventDate": "2023-01-23T00:00:00Z", "uncertainty_m": null }, "geometry": { "type": "Point", "coordinates": [ 8.665815, 49.425297 ] } },
{ "type": "Feature", "properties": { "key": 4798264810, "species": "Alopochen aegyptiaca", "scientificName": "Alopochen aegyptiaca (Linnaeus, 1766)", "eventDate": "2023-01-25T00:00:00Z", "uncertainty_m": null }, "geometry": { "type": "Point", "coordinates": [ 8.691434, 49.412827 ] } },
{ "type": "Feature", "properties": { "key": 4799583759, "species": "Carduelis carduelis", "scientificName": "Carduelis carduelis (Linnaeus, 1758)", "eventDate": "2023-01-29T00:00:00Z", "uncertainty_m": null }, "geometry": { "type": "Point", "coordinates": [ 8.665815, 49.425297 ] } },
{ "type": "Feature", "properties": { "key": 4802113988, "species": "Turdus merula", "scientificName": "Turdus merula Linnaeus, 1758", "eventDate": "2023-01-15T00:00:00Z", "uncertainty_m": null }, "geometry": { "type": "Point", "coordinates": [ 8.609012, 49.455147 ] } },
{ "type": "Feature", "properties": { "key": 4802906531, "species": "Columba palumbus", "scientificName": "Columba palumbus Linnaeus, 1758", "eventDate": "2023-01-05T00:00:00Z", "uncertainty_m": null }, "geometry": { "type": "Point", "coordinates": [ 8.669804, 49.381012 ] } },
{ "type": "Feature", "properties": { "key": 4803047864, "species": "Carduelis carduelis", "scientificName": "Carduelis carduelis (Linnaeus, 1758)", "eventDate": "2023-01-31T00:00:00Z", "uncertainty_m": null }, "geometry": { "type": "Point", "coordinates": [ 8.665815, 49.425297 ] } },
{ "type": "Feature", "properties": { "key": 4803625827, "species": "Corvus corax", "scientificName": "Corvus corax Linnaeus, 1758", "eventDate": "2023-01-08T00:00:00Z", "uncertainty_m": null }, "geometry": { "type": "Point", "coordinates": [ 8.673265, 49.459534 ] } },
{ "type": "Feature", "properties": { "key": 4804258293, "species": "Corvus corone", "scientificName": "Corvus corone Linnaeus, 1758", "eventDate": "2023-01-22T00:00:00Z", "uncertainty_m": null }, "geometry": { "type": "Point", "coordinates": [ 8.678938, 49.421394 ] } },
{ "type": "Feature", "properties": { "key": 4806015330, "species": "Ardea cinerea", "scientificName": "Ardea cinerea Linnaeus, 1758", "eventDate": "2023-01-14T00:00:00Z", "uncertainty_m": null }, "geometry": { "type": "Point", "coordinates": [ 8.639581, 49.453114 ] } },
{ "type": "Feature", "properties": { "key": 4806924901, "species": "Lophophanes cristatus", "scientificName": "Lophophanes cristatus (Linnaeus, 1758)", "eventDate": "2023-01-06T00:00:00Z", "uncertainty_m": null }, "geometry": { "type": "Point", "coordinates": [ 8.699978, 49.465 ] } },
{ "type": "Feature", "properties": { "key": 4808778885, "species": "Alcedo atthis", "scientificName": "Alcedo atthis (Linnaeus, 1758)", "eventDate": "2023-01-15T00:00:00Z", "uncertainty_m": null }, "geometry": { "type": "Point", "coordinates": [ 8.609012, 49.455147 ] } },
{ "type": "Feature", "properties": { "key": 4809231673, "species": "Chroicocephalus ridibundus", "scientificName": "Chroicocephalus ridibundus (Linnaeus, 1766)", "eventDate": "2023-01-25T00:00:00Z", "uncertainty_m": null }, "geometry": { "type": "Point", "coordinates": [ 8.668163, 49.41085 ] } },
{ "type": "Feature", "properties": { "key": 4809505459, "species": "Troglodytes troglodytes", "scientificName": "Troglodytes troglodytes (Linnaeus, 1758)", "eventDate": "2023-01-21T00:00:00Z", "uncertainty_m": null }, "geometry": { "type": "Point", "coordinates": [ 8.671378, 49.47071 ] } },
{ "type": "Feature", "properties": { "key": 4809505467, "species": "Regulus ignicapilla", "scientificName": "Regulus ignicapilla (Temminck, 1820)", "eventDate": "2023-01-24T00:00:00Z", "uncertainty_m": null }, "geometry": { "type": "Point", "coordinates": [ 8.707174, 49.431812 ] } },
{ "type": "Feature", "properties": { "key": 4809973045, "species": "Cyanistes caeruleus", "scientificName": "Cyanistes caeruleus (Linnaeus, 1758)", "eventDate": "2023-01-19T00:00:00Z", "uncertainty_m": null }, "geometry": { "type": "Point", "coordinates": [ 8.678938, 49.421394 ] } },
{ "type": "Feature", "properties": { "key": 4810223068, "species": "Erithacus rubecula", "scientificName": "Erithacus rubecula (Linnaeus, 1758)", "eventDate": "2023-01-27T00:00:00Z", "uncertainty_m": null }, "geometry": { "type": "Point", "coordinates": [ 8.671378, 49.47071 ] } },
{ "type": "Feature", "properties": { "key": 4810783717, "species": "Parus major", "scientificName": "Parus major Linnaeus, 1758", "eventDate": "2023-01-05T00:00:00Z", "uncertainty_m": null }, "geometry": { "type": "Point", "coordinates": [ 8.669804, 49.381012 ] } },
{ "type": "Feature", "properties": { "key": 4811783525, "species": "Picus viridis", "scientificName": "Picus viridis Linnaeus, 1758", "eventDate": "2023-01-18T00:00:00Z", "uncertainty_m": null }, "geometry": { "type": "Point", "coordinates": [ 8.672848, 49.456497 ] } },
{ "type": "Feature", "properties": { "key": 4812153702, "species": "Parus major", "scientificName": "Parus major Linnaeus, 1758", "eventDate": "2023-01-31T00:00:00Z", "uncertainty_m": null }, "geometry": { "type": "Point", "coordinates": [ 8.665815, 49.425297 ] } },
{ "type": "Feature", "properties": { "key": 4813062956, "species": "Sturnus vulgaris", "scientificName": "Sturnus vulgaris Linnaeus, 1758", "eventDate": "2023-01-06T00:00:00Z", "uncertainty_m": null }, "geometry": { "type": "Point", "coordinates": [ 8.669804, 49.381012 ] } },
{ "type": "Feature", "properties": { "key": 4813236392, "species": "Passer domesticus", "scientificName": "Passer domesticus (Linnaeus, 1758)", "eventDate": "2023-01-02T00:00:00Z", "uncertainty_m": null }, "geometry": { "type": "Point", "coordinates": [ 8.678938, 49.421394 ] } },
{ "type": "Feature", "properties": { "key": 4814417757, "species": "Troglodytes troglodytes", "scientificName": "Troglodytes troglodytes (Linnaeus, 1758)", "eventDate": "2023-01-06T00:00:00Z", "uncertainty_m": null }, "geometry": { "type": "Point", "coordinates": [ 8.699978, 49.465 ] } },
{ "type": "Feature", "properties": { "key": 4816368766, "species": "Corvus corone", "scientificName": "Corvus corone Linnaeus, 1758", "eventDate": "2023-01-15T00:00:00Z", "uncertainty_m": null }, "geometry": { "type": "Point", "coordinates": [ 8.609012, 49.455147 ] } },
{ "type": "Feature", "properties": { "key": 4816951475, "species": "Passer domesticus", "scientificName": "Passer domesticus (Linnaeus, 1758)", "eventDate": "2023-01-21T00:00:00Z", "uncertainty_m": null }, "geometry": { "type": "Point", "coordinates": [ 8.683418, 49.44685 ] } },
{ "type": "Feature", "properties": { "key": 4817514991, "species": "Erithacus rubecula", "scientificName": "Erithacus rubecula (Linnaeus, 1758)", "eventDate": "2023-01-19T00:00:00Z", "uncertainty_m": null }, "geometry": { "type": "Point", "coordinates": [ 8.678938, 49.421394 ] } },
{ "type": "Feature", "properties": { "key": 4817662876, "species": "Columba palumbus", "scientificName": "Columba palumbus Linnaeus, 1758", "eventDate": "2023-01-27T00:00:00Z", "uncertainty_m": null }, "geometry": { "type": "Point", "coordinates": [ 8.669804, 49.381012 ] } },
{ "type": "Feature", "properties": { "key": 4817967569, "species": "Pica pica", "scientificName": "Pica pica (Linnaeus, 1758)", "eventDate": "2023-01-15T00:00:00Z", "uncertainty_m": null }, "geometry": { "type": "Point", "coordinates": [ 8.692978, 49.3702 ] } },
{ "type": "Feature", "properties": { "key": 4818348750, "species": "Sturnus vulgaris", "scientificName": "Sturnus vulgaris Linnaeus, 1758", "eventDate": "2023-01-29T00:00:00Z", "uncertainty_m": null }, "geometry": { "type": "Point", "coordinates": [ 8.665815, 49.425297 ] } },
{ "type": "Feature", "properties": { "key": 4819360242, "species": "Ardea alba", "scientificName": "Ardea alba Linnaeus, 1758", "eventDate": "2023-01-13T00:00:00Z", "uncertainty_m": null }, "geometry": { "type": "Point", "coordinates": [ 8.639581, 49.453114 ] } },
{ "type": "Feature", "properties": { "key": 4819365265, "species": "Emberiza citrinella", "scientificName": "Emberiza citrinella Linnaeus, 1758", "eventDate": "2023-01-19T00:00:00Z", "uncertainty_m": null }, "geometry": { "type": "Point", "coordinates": [ 8.665815, 49.425297 ] } },
{ "type": "Feature", "properties": { "key": 4821776762, "species": "Alopochen aegyptiaca", "scientificName": "Alopochen aegyptiaca (Linnaeus, 1766)", "eventDate": "2023-01-12T00:00:00Z", "uncertainty_m": null }, "geometry": { "type": "Point", "coordinates": [ 8.691434, 49.412827 ] } },
{ "type": "Feature", "properties": { "key": 4822338650, "species": "Columba palumbus", "scientificName": "Columba palumbus Linnaeus, 1758", "eventDate": "2023-01-15T00:00:00Z", "uncertainty_m": null }, "geometry": { "type": "Point", "coordinates": [ 8.692978, 49.3702 ] } },
{ "type": "Feature", "properties": { "key": 4823119462, "species": "Prunella modularis", "scientificName": "Prunella modularis (Linnaeus, 1758)", "eventDate": "2023-01-21T00:00:00Z", "uncertainty_m": null }, "geometry": { "type": "Point", "coordinates": [ 8.671378, 49.47071 ] } },
{ "type": "Feature", "properties": { "key": 4823119471, "species": "Dendrocopos major", "scientificName": "Dendrocopos major (Linnaeus, 1758)", "eventDate": "2023-01-24T00:00:00Z", "uncertainty_m": null }, "geometry": { "type": "Point", "coordinates": [ 8.707174, 49.431812 ] } },
{ "type": "Feature", "properties": { "key": 4823558285, "species": "Dendrocopos major", "scientificName": "Dendrocopos major (Linnaeus, 1758)", "eventDate": "2023-01-20T00:00:00Z", "uncertainty_m": null }, "geometry": { "type": "Point", "coordinates": [ 8.672848, 49.456497 ] } },
{ "type": "Feature", "properties": { "key": 4825126663, "species": "Buteo buteo", "scientificName": "Buteo buteo (Linnaeus, 1758)", "eventDate": "2023-01-26T00:00:00Z", "uncertainty_m": null }, "geometry": { "type": "Point", "coordinates": [ 8.665815, 49.425297 ] } },
{ "type": "Feature", "properties": { "key": 4825421495, "species": "Psittacula krameri", "scientificName": "Psittacula krameri (Scopoli, 1769)", "eventDate": "2023-01-23T00:00:00Z", "uncertainty_m": null }, "geometry": { "type": "Point", "coordinates": [ 8.665815, 49.425297 ] } },
{ "type": "Feature", "properties": { "key": 4825802738, "species": "Corvus frugilegus", "scientificName": "Corvus frugilegus Linnaeus, 1758", "eventDate": "2023-01-31T00:00:00Z", "uncertainty_m": null }, "geometry": { "type": "Point", "coordinates": [ 8.665815, 49.425297 ] } },
{ "type": "Feature", "properties": { "key": 4830826529, "species": "Dendrocopos major", "scientificName": "Dendrocopos major (Linnaeus, 1758)", "eventDate": "2023-01-31T00:00:00Z", "uncertainty_m": null }, "geometry": { "type": "Point", "coordinates": [ 8.684613, 49.43915 ] } },
{ "type": "Feature", "properties": { "key": 4949955477, "species": "Picus viridis", "scientificName": "Picus viridis Linnaeus, 1758", "eventDate": "2023-01-27T15:22:00Z", "uncertainty_m": 8.0 }, "geometry": { "type": "Point", "coordinates": [ 8.668092, 49.415104 ] } },
{ "type": "Feature", "properties": { "key": 5012515105, "species": "Anser anser", "scientificName": "Anser anser (Linnaeus, 1758)", "eventDate": "2023-01-03T00:00:00Z", "uncertainty_m": 250.0 }, "geometry": { "type": "Point", "coordinates": [ 8.611307, 49.452381 ] } },
{ "type": "Feature", "properties": { "key": 5012837329, "species": "Fringilla montifringilla", "scientificName": "Fringilla montifringilla Linnaeus, 1758", "eventDate": "2023-01-18T00:00:00Z", "uncertainty_m": 25.0 }, "geometry": { "type": "Point", "coordinates": [ 8.753298, 49.348083 ] } },
{ "type": "Feature", "properties": { "key": 5012906986, "species": "Streptopelia decaocto", "scientificName": "Streptopelia decaocto (Frivaldszky, 1838)", "eventDate": "2023-01-03T00:00:00Z", "uncertainty_m": 250.0 }, "geometry": { "type": "Point", "coordinates": [ 8.799949, 49.34066 ] } },
{ "type": "Feature", "properties": { "key": 5012949640, "species": "Cyanistes caeruleus", "scientificName": "Cyanistes caeruleus (Linnaeus, 1758)", "eventDate": "2023-01-22T00:00:00Z", "uncertainty_m": 250.0 }, "geometry": { "type": "Point", "coordinates": [ 8.671855, 49.417233 ] } },
{ "type": "Feature", "properties": { "key": 5012997937, "species": "Larus ridibundus", "scientificName": "Larus ridibundus Linnaeus, 1766", "eventDate": "2023-01-27T00:00:00Z", "uncertainty_m": 250.0 }, "geometry": { "type": "Point", "coordinates": [ 8.684049, 49.412148 ] } },
{ "type": "Feature", "properties": { "key": 5013095208, "species": "Buteo buteo", "scientificName": "Buteo buteo (Linnaeus, 1758)", "eventDate": "2023-01-29T00:00:00Z", "uncertainty_m": 25.0 }, "geometry": { "type": "Point", "coordinates": [ 8.611689, 49.453976 ] } },
{ "type": "Feature", "properties": { "key": 5013510736, "species": "Lophophanes cristatus", "scientificName": "Lophophanes cristatus (Linnaeus, 1758)", "eventDate": "2023-01-27T00:00:00Z", "uncertainty_m": 25.0 }, "geometry": { "type": "Point", "coordinates": [ 8.700396, 49.372623 ] } },
{ "type": "Feature", "properties": { "key": 5013587565, "species": "Falco tinnunculus", "scientificName": "Falco tinnunculus Linnaeus, 1758", "eventDate": "2023-01-07T00:00:00Z", "uncertainty_m": 250.0 }, "geometry": { "type": "Point", "coordinates": [ 8.61046, 49.365299 ] } },
{ "type": "Feature", "properties": { "key": 5013655158, "species": "Psittacula krameri", "scientificName": "Psittacula krameri (Scopoli, 1769)", "eventDate": "2023-01-29T00:00:00Z", "uncertainty_m": 250.0 }, "geometry": { "type": "Point", "coordinates": [ 8.64889, 49.432503 ] } },
{ "type": "Feature", "properties": { "key": 5013842055, "species": "Turdus merula", "scientificName": "Turdus merula Linnaeus, 1758", "eventDate": "2023-01-27T00:00:00Z", "uncertainty_m": 25.0 }, "geometry": { "type": "Point", "coordinates": [ 8.68805, 49.407841 ] } },
{ "type": "Feature", "properties": { "key": 5013982074, "species": "Aegithalos caudatus", "scientificName": "Aegithalos caudatus (Linnaeus, 1758)", "eventDate": "2023-01-07T00:00:00Z", "uncertainty_m": 25.0 }, "geometry": { "type": "Point", "coordinates": [ 8.65538, 49.447186 ] } },
{ "type": "Feature", "properties": { "key": 5014068275, "species": "Turdus merula", "scientificName": "Turdus merula Linnaeus, 1758", "eventDate": "2023-01-16T00:00:00Z", "uncertainty_m": 25.0 }, "geometry": { "type": "Point", "coordinates": [ 8.656552, 49.418839 ] } },
{ "type": "Feature", "properties": { "key": 5014087193, "species": "Passer domesticus", "scientificName": "Passer domesticus (Linnaeus, 1758)", "eventDate": "2023-01-03T00:00:00Z", "uncertainty_m": 250.0 }, "geometry": { "type": "Point", "coordinates": [ 8.799949, 49.34066 ] } },
{ "type": "Feature", "properties": { "key": 5014167949, "species": "Parus major", "scientificName": "Parus major Linnaeus, 1758", "eventDate": "2023-01-16T00:00:00Z", "uncertainty_m": 25.0 }, "geometry": { "type": "Point", "coordinates": [ 8.656461, 49.419476 ] } },
{ "type": "Feature", "properties": { "key": 5014197885, "species": "Psittacula krameri", "scientificName": "Psittacula krameri (Scopoli, 1769)", "eventDate": "2023-01-16T00:00:00Z", "uncertainty_m": 25.0 }, "geometry": { "type": "Point", "coordinates": [ 8.667327, 49.418758 ] } },
{ "type": "Feature", "properties": { "key": 5014253379, "species": "Buteo buteo", "scientificName": "Buteo buteo (Linnaeus, 1758)", "eventDate": "2023-01-21T00:00:00Z", "uncertainty_m": 250.0 }, "geometry": { "type": "Point", "coordinates": [ 8.701295, 49.442787 ] } },
{ "type": "Feature", "properties": { "key": 5014355948, "species": "Ardea cinerea", "scientificName": "Ardea cinerea Linnaeus, 1758", "eventDate": "2023-01-02T00:00:00Z", "uncertainty_m": 250.0 }, "geometry": { "type": "Point", "coordinates": [ 8.661175, 49.412704 ] } },
{ "type": "Feature", "properties": { "key": 5014573337, "species": "Cyanistes caeruleus", "scientificName": "Cyanistes caeruleus (Linnaeus, 1758)", "eventDate": "2023-01-29T00:00:00Z", "uncertainty_m": 250.0 }, "geometry": { "type": "Point", "coordinates": [ 8.64889, 49.432503 ] } },
{ "type": "Feature", "properties": { "key": 5014595886, "species": "Turdus merula", "scientificName": "Turdus merula Linnaeus, 1758", "eventDate": "2023-01-29T00:00:00Z", "uncertainty_m": 250.0 }, "geometry": { "type": "Point", "coordinates": [ 8.608605, 49.455669 ] } },
{ "type": "Feature", "properties": { "key": 5014649228, "species": "Parus major", "scientificName": "Parus major Linnaeus, 1758", "eventDate": "2023-01-29T00:00:00Z", "uncertainty_m": 250.0 }, "geometry": { "type": "Point", "coordinates": [ 8.64889, 49.432503 ] } },
{ "type": "Feature", "properties": { "key": 5014657975, "species": "Ardea cinerea", "scientificName": "Ardea cinerea Linnaeus, 1758", "eventDate": "2023-01-03T00:00:00Z", "uncertainty_m": 250.0 }, "geometry": { "type": "Point", "coordinates": [ 8.550698, 49.439014 ] } },
{ "type": "Feature", "properties": { "key": 5014805172, "species": "Turdus viscivorus", "scientificName": "Turdus viscivorus Linnaeus, 1758", "eventDate": "2023-01-22T00:00:00Z", "uncertainty_m": 250.0 }, "geometry": { "type": "Point", "coordinates": [ 8.701295, 49.442787 ] } },
{ "type": "Feature", "properties": { "key": 5014814144, "species": "Corvus corone", "scientificName": "Corvus corone Linnaeus, 1758", "eventDate": "2023-01-07T00:00:00Z", "uncertainty_m": 250.0 }, "geometry": { "type": "Point", "coordinates": [ 8.61046, 49.365299 ] } },
{ "type": "Feature", "properties": { "key": 5014824988, "species": "Corvus corone", "scientificName": "Corvus corone Linnaeus, 1758", "eventDate": "2023-01-29T00:00:00Z", "uncertainty_m": 250.0 }, "geometry": { "type": "Point", "coordinates": [ 8.608605, 49.455669 ] } },
{ "type": "Feature", "properties": { "key": 5014839166, "species": "Turdus viscivorus", "scientificName": "Turdus viscivorus Linnaeus, 1758", "eventDate": "2023-01-08T00:00:00Z", "uncertainty_m": 250.0 }, "geometry": { "type": "Point", "coordinates": [ 8.621178, 49.326931 ] } },
{ "type": "Feature", "properties": { "key": 5014926441, "species": "Psittacula krameri", "scientificName": "Psittacula krameri (Scopoli, 1769)", "eventDate": "2023-01-15T00:00:00Z", "uncertainty_m": 250.0 }, "geometry": { "type": "Point", "coordinates": [ 8.68912, 49.414375 ] } },
{ "type": "Feature", "properties": { "key": 5014942644, "species": "Garrulus glandarius", "scientificName": "Garrulus glandarius (Linnaeus, 1758)", "eventDate": "2023-01-22T00:00:00Z", "uncertainty_m": 250.0 }, "geometry": { "type": "Point", "coordinates": [ 8.673503, 49.419388 ] } },
{ "type": "Feature", "properties": { "key": 5015064723, "species": "Psittacula krameri", "scientificName": "Psittacula krameri (Scopoli, 1769)", "eventDate": "2023-01-21T00:00:00Z", "uncertainty_m": 250.0 }, "geometry": { "type": "Point", "coordinates": [ 8.695602, 49.415211 ] } },
{ "type": "Feature", "properties": { "key": 5015072647, "species": "Psittacula krameri", "scientificName": "Psittacula krameri (Scopoli, 1769)", "eventDate": "2023-01-26T00:00:00Z", "uncertainty_m": 25.0 }, "geometry": { "type": "Point", "coordinates": [ 8.679111, 49.425678 ] } },
{ "type": "Feature", "properties": { "key": 5015142565, "species": "Psittacula krameri", "scientificName": "Psittacula krameri (Scopoli, 1769)", "eventDate": "2023-01-22T00:00:00Z", "uncertainty_m": 250.0 }, "geometry": { "type": "Point", "coordinates": [ 8.695602, 49.415211 ] } },
{ "type": "Feature", "properties": { "key": 5015194483, "species": "Branta canadensis", "scientificName": "Branta canadensis (Linnaeus, 1758)", "eventDate": "2023-01-17T00:00:00Z", "uncertainty_m": 250.0 }, "geometry": { "type": "Point", "coordinates": [ 8.684049, 49.412148 ] } },
{ "type": "Feature", "properties": { "key": 5015333731, "species": "Aegithalos caudatus", "scientificName": "Aegithalos caudatus (Linnaeus, 1758)", "eventDate": "2023-01-14T00:00:00Z", "uncertainty_m": 250.0 }, "geometry": { "type": "Point", "coordinates": [ 8.707341, 49.373924 ] } },
{ "type": "Feature", "properties": { "key": 5015466169, "species": "Rallus aquaticus", "scientificName": "Rallus aquaticus Linnaeus, 1758", "eventDate": "2023-01-29T00:00:00Z", "uncertainty_m": 250.0 }, "geometry": { "type": "Point", "coordinates": [ 8.608605, 49.455669 ] } },
{ "type": "Feature", "properties": { "key": 5015602804, "species": "Strix aluco", "scientificName": "Strix aluco Linnaeus, 1758", "eventDate": "2023-01-21T00:00:00Z", "uncertainty_m": 250.0 }, "geometry": { "type": "Point", "coordinates": [ 8.701295, 49.442787 ] } },
{ "type": "Feature", "properties": { "key": 5015665868, "species": "Ardea cinerea", "scientificName": "Ardea cinerea Linnaeus, 1758", "eventDate": "2023-01-29T00:00:00Z", "uncertainty_m": 250.0 }, "geometry": { "type": "Point", "coordinates": [ 8.608605, 49.455669 ] } },
{ "type": "Feature", "properties": { "key": 5015715553, "species": "Phalacrocorax carbo", "scientificName": "Phalacrocorax carbo (Linnaeus, 1758)", "eventDate": "2023-01-17T00:00:00Z", "uncertainty_m": 250.0 }, "geometry": { "type": "Point", "coordinates": [ 8.684049, 49.412148 ] } },
{ "type": "Feature", "properties": { "key": 5015734474, "species": "Cyanistes caeruleus", "scientificName": "Cyanistes caeruleus (Linnaeus, 1758)", "eventDate": "2023-01-28T00:00:00Z", "uncertainty_m": 25.0 }, "geometry": { "type": "Point", "coordinates": [ 8.754478, 49.470772 ] } },
{ "type": "Feature", "properties": { "key": 5015816994, "species": "Ardea cinerea", "scientificName": "Ardea cinerea Linnaeus, 1758", "eventDate": "2023-01-29T00:00:00Z", "uncertainty_m": 25.0 }, "geometry": { "type": "Point", "coordinates": [ 8.71522, 49.415642 ] } },
{ "type": "Feature", "properties": { "key": 5015817081, "species": "Erithacus rubecula", "scientificName": "Erithacus rubecula (Linnaeus, 1758)", "eventDate": "2023-01-07T00:00:00Z", "uncertainty_m": 25.0 }, "geometry": { "type": "Point", "coordinates": [ 8.672626, 49.440205 ] } },
{ "type": "Feature", "properties": { "key": 5015857981, "species": "Cyanistes caeruleus", "scientificName": "Cyanistes caeruleus (Linnaeus, 1758)", "eventDate": "2023-01-22T00:00:00Z", "uncertainty_m": 25.0 }, "geometry": { "type": "Point", "coordinates": [ 8.678788, 49.408878 ] } },
{ "type": "Feature", "properties": { "key": 5015905591, "species": "Parus major", "scientificName": "Parus major Linnaeus, 1758", "eventDate": "2023-01-03T00:00:00Z", "uncertainty_m": 250.0 }, "geometry": { "type": "Point", "coordinates": [ 8.799949, 49.34066 ] } },
{ "type": "Feature", "properties": { "key": 5016031931, "species": "Anser anser", "scientificName": "Anser anser x Branta canadensis", "eventDate": "2023-01-03T00:00:00Z", "uncertainty_m": 250.0 }, "geometry": { "type": "Point", "coordinates": [ 8.611307, 49.452381 ] } },
{ "type": "Feature", "properties": { "key": 5016102042, "species": "Turdus merula", "scientificName": "Turdus merula Linnaeus, 1758", "eventDate": "2023-01-08T00:00:00Z", "uncertainty_m": 250.0 }, "geometry": { "type": "Point", "coordinates": [ 8.621178, 49.326931 ] } },
{ "type": "Feature", "properties": { "key": 5016298868, "species": "Anser brachyrhynchus", "scientificName": "Anser brachyrhynchus Baillon, 1834", "eventDate": "2023-01-01T00:00:00Z", "uncertainty_m": 250.0 }, "geometry": { "type": "Point", "coordinates": [ 8.684049, 49.412148 ] } },
{ "type": "Feature", "properties": { "key": 5016635199, "species": "Psittacula krameri", "scientificName": "Psittacula krameri (Scopoli, 1769)", "eventDate": "2023-01-17T00:00:00Z", "uncertainty_m": 250.0 }, "geometry": { "type": "Point", "coordinates": [ 8.671855, 49.417233 ] } },
{ "type": "Feature", "properties": { "key": 5016675479, "species": "Ardea alba", "scientificName": "Ardea alba Linnaeus, 1758", "eventDate": "2023-01-07T00:00:00Z", "uncertainty_m": 250.0 }, "geometry": { "type": "Point", "coordinates": [ 8.61046, 49.365299 ] } },
{ "type": "Feature", "properties": { "key": 5016730396, "species": "Coccothraustes coccothraustes", "scientificName": "Coccothraustes coccothraustes (Linnaeus, 1758)", "eventDate": "2023-01-13T00:00:00Z", "uncertainty_m": 25.0 }, "geometry": { "type": "Point", "coordinates": [ 8.753077, 49.34819 ] } },
{ "type": "Feature", "properties": { "key": 5016792363, "species": "Corvus corone", "scientificName": "Corvus corone Linnaeus, 1758", "eventDate": "2023-01-21T00:00:00Z", "uncertainty_m": 250.0 }, "geometry": { "type": "Point", "coordinates": [ 8.681175, 49.438652 ] } },
{ "type": "Feature", "properties": { "key": 5017062590, "species": "Branta canadensis", "scientificName": "Branta canadensis (Linnaeus, 1758)", "eventDate": "2023-01-01T00:00:00Z", "uncertainty_m": 250.0 }, "geometry": { "type": "Point", "coordinates": [ 8.684049, 49.412148 ] } },
{ "type": "Feature", "properties": { "key": 5017078525, "species": "Anser cygnoid", "scientificName": "Anser cygnoid (Linnaeus, 1758)", "eventDate": "2023-01-17T00:00:00Z", "uncertainty_m": 250.0 }, "geometry": { "type": "Point", "coordinates": [ 8.68912, 49.414375 ] } },
{ "type": "Feature", "properties": { "key": 5017202408, "species": "Phalacrocorax carbo", "scientificName": "Phalacrocorax carbo (Linnaeus, 1758)", "eventDate": "2023-01-28T00:00:00Z", "uncertainty_m": 250.0 }, "geometry": { "type": "Point", "coordinates": [ 8.668256, 49.410725 ] } },
{ "type": "Feature", "properties": { "key": 5017218042, "species": "Troglodytes troglodytes", "scientificName": "Troglodytes troglodytes (Linnaeus, 1758)", "eventDate": "2023-01-22T00:00:00Z", "uncertainty_m": 250.0 }, "geometry": { "type": "Point", "coordinates": [ 8.701295, 49.442787 ] } },
{ "type": "Feature", "properties": { "key": 5017249736, "species": "Columba livia", "scientificName": "Columba livia f. domestica", "eventDate": "2023-01-23T00:00:00Z", "uncertainty_m": 250.0 }, "geometry": { "type": "Point", "coordinates": [ 8.707341, 49.42392 ] } },
{ "type": "Feature", "properties": { "key": 5017283452, "species": "Motacilla alba", "scientificName": "Motacilla alba Linnaeus, 1758", "eventDate": "2023-01-07T00:00:00Z", "uncertainty_m": 250.0 }, "geometry": { "type": "Point", "coordinates": [ 8.61046, 49.365299 ] } },
{ "type": "Feature", "properties": { "key": 5017334544, "species": "Phalacrocorax carbo", "scientificName": "Phalacrocorax carbo (Linnaeus, 1758)", "eventDate": "2023-01-29T00:00:00Z", "uncertainty_m": 250.0 }, "geometry": { "type": "Point", "coordinates": [ 8.64889, 49.432503 ] } },
{ "type": "Feature", "properties": { "key": 5017339999, "species": "Columba palumbus", "scientificName": "Columba palumbus Linnaeus, 1758", "eventDate": "2023-01-22T00:00:00Z", "uncertainty_m": 250.0 }, "geometry": { "type": "Point", "coordinates": [ 8.681175, 49.438652 ] } },
{ "type": "Feature", "properties": { "key": 5017479801, "species": "Troglodytes troglodytes", "scientificName": "Troglodytes troglodytes (Linnaeus, 1758)", "eventDate": "2023-01-29T00:00:00Z", "uncertainty_m": 250.0 }, "geometry": { "type": "Point", "coordinates": [ 8.608605, 49.455669 ] } },
{ "type": "Feature", "properties": { "key": 5017555157, "species": "Columba palumbus", "scientificName": "Columba palumbus Linnaeus, 1758", "eventDate": "2023-01-07T00:00:00Z", "uncertainty_m": 25.0 }, "geometry": { "type": "Point", "coordinates": [ 8.677391, 49.408989 ] } },
{ "type": "Feature", "properties": { "key": 5017603864, "species": "Alopochen aegyptiaca", "scientificName": "Alopochen aegyptiaca (Linnaeus, 1766)", "eventDate": "2023-01-14T00:00:00Z", "uncertainty_m": 250.0 }, "geometry": { "type": "Point", "coordinates": [ 8.68912, 49.414375 ] } },
{ "type": "Feature", "properties": { "key": 5017679132, "species": "Columba livia", "scientificName": "Columba livia f. domestica", "eventDate": "2023-01-26T00:00:00Z", "uncertainty_m": 25.0 }, "geometry": { "type": "Point", "coordinates": [ 8.688321, 49.406826 ] } },
{ "type": "Feature", "properties": { "key": 5017749640, "species": "Alcedo atthis", "scientificName": "Alcedo atthis (Linnaeus, 1758)", "eventDate": "2023-01-29T00:00:00Z", "uncertainty_m": 250.0 }, "geometry": { "type": "Point", "coordinates": [ 8.68912, 49.414375 ] } },
{ "type": "Feature", "properties": { "key": 5017787249, "species": "Alopochen aegyptiaca", "scientificName": "Alopochen aegyptiaca (Linnaeus, 1766)", "eventDate": "2023-01-17T00:00:00Z", "uncertainty_m": 250.0 }, "geometry": { "type": "Point", "coordinates": [ 8.684049, 49.412148 ] } },
{ "type": "Feature", "properties": { "key": 5017792903, "species": "Phalacrocorax carbo", "scientificName": "Phalacrocorax carbo (Linnaeus, 1758)", "eventDate": "2023-01-01T00:00:00Z", "uncertainty_m": 250.0 }, "geometry": { "type": "Point", "coordinates": [ 8.708548, 49.417946 ] } },
{ "type": "Feature", "properties": { "key": 5017863271, "species": "Corvus corone", "scientificName": "Corvus corone Linnaeus, 1758", "eventDate": "2023-01-22T00:00:00Z", "uncertainty_m": 250.0 }, "geometry": { "type": "Point", "coordinates": [ 8.671855, 49.417233 ] } },
{ "type": "Feature", "properties": { "key": 5017946456, "species": "Corvus corone", "scientificName": "Corvus corone Linnaeus, 1758", "eventDate": "2023-01-22T00:00:00Z", "uncertainty_m": 250.0 }, "geometry": { "type": "Point", "coordinates": [ 8.681175, 49.438652 ] } },
{ "type": "Feature", "properties": { "key": 5017977047, "species": "Cyanistes caeruleus", "scientificName": "Cyanistes caeruleus (Linnaeus, 1758)", "eventDate": "2023-01-03T00:00:00Z", "uncertainty_m": 250.0 }, "geometry": { "type": "Point", "coordinates": [ 8.799949, 49.34066 ] } },
{ "type": "Feature", "properties": { "key": 5018009561, "species": "Anser cygnoid", "scientificName": "Anser cygnoid (Linnaeus, 1758)", "eventDate": "2023-01-01T00:00:00Z", "uncertainty_m": 250.0 }, "geometry": { "type": "Point", "coordinates": [ 8.684049, 49.412148 ] } },
{ "type": "Feature", "properties": { "key": 5018108543, "species": "Psittacula krameri", "scientificName": "Psittacula krameri (Scopoli, 1769)", "eventDate": "2023-01-17T00:00:00Z", "uncertainty_m": 25.0 }, "geometry": { "type": "Point", "coordinates": [ 8.683078, 49.401787 ] } },
{ "type": "Feature", "properties": { "key": 5018128568, "species": "Dendrocopos major", "scientificName": "Dendrocopos major (Linnaeus, 1758)", "eventDate": "2023-01-01T00:00:00Z", "uncertainty_m": 250.0 }, "geometry": { "type": "Point", "coordinates": [ 8.621178, 49.326931 ] } },
{ "type": "Feature", "properties": { "key": 5018231309, "species": "Anas platyrhynchos", "scientificName": "Anas platyrhynchos Linnaeus, 1758", "eventDate": "2023-01-29T00:00:00Z", "uncertainty_m": 250.0 }, "geometry": { "type": "Point", "coordinates": [ 8.64889, 49.432503 ] } },
{ "type": "Feature", "properties": { "key": 5018246064, "species": "Alcedo atthis", "scientificName": "Alcedo atthis (Linnaeus, 1758)", "eventDate": "2023-01-01T00:00:00Z", "uncertainty_m": 25.0 }, "geometry": { "type": "Point", "coordinates": [ 8.670845, 49.441204 ] } },
{ "type": "Feature", "properties": { "key": 5018247342, "species": "Parus major", "scientificName": "Parus major Linnaeus, 1758", "eventDate": "2023-01-01T00:00:00Z", "uncertainty_m": 250.0 }, "geometry": { "type": "Point", "coordinates": [ 8.621178, 49.326931 ] } },
{ "type": "Feature", "properties": { "key": 5018334903, "species": "Psittacula krameri", "scientificName": "Psittacula krameri (Scopoli, 1769)", "eventDate": "2023-01-08T00:00:00Z", "uncertainty_m": 250.0 }, "geometry": { "type": "Point", "coordinates": [ 8.684306, 49.417229 ] } },
{ "type": "Feature", "properties": { "key": 5018376880, "species": "Parus major", "scientificName": "Parus major Linnaeus, 1758", "eventDate": "2023-01-22T00:00:00Z", "uncertainty_m": 250.0 }, "geometry": { "type": "Point", "coordinates": [ 8.681175, 49.438652 ] } },
{ "type": "Feature", "properties": { "key": 5018422528, "species": "Pica pica", "scientificName": "Pica pica (Linnaeus, 1758)", "eventDate": "2023-01-16T00:00:00Z", "uncertainty_m": 25.0 }, "geometry": { "type": "Point", "coordinates": [ 8.667559, 49.418648 ] } },
{ "type": "Feature", "properties": { "key": 5018561714, "species": "Ardea alba", "scientificName": "Ardea alba Linnaeus, 1758", "eventDate": "2023-01-29T00:00:00Z", "uncertainty_m": 250.0 }, "geometry": { "type": "Point", "coordinates": [ 8.608605, 49.455669 ] } },
{ "type": "Feature", "properties": { "key": 5018894894, "species": "Anas platyrhynchos", "scientificName": "Anas platyrhynchos Linnaeus, 1758", "eventDate": "2023-01-29T00:00:00Z", "uncertainty_m": 250.0 }, "geometry": { "type": "Point", "coordinates": [ 8.608605, 49.455669 ] } },
{ "type": "Feature", "properties": { "key": 5018935348, "species": "Turdus merula", "scientificName": "Turdus merula Linnaeus, 1758", "eventDate": "2023-01-12T00:00:00Z", "uncertainty_m": 250.0 }, "geometry": { "type": "Point", "coordinates": [ 8.799949, 49.34066 ] } },
{ "type": "Feature", "properties": { "key": 5019055384, "species": "Psittacula krameri", "scientificName": "Psittacula krameri (Scopoli, 1769)", "eventDate": "2023-01-28T00:00:00Z", "uncertainty_m": 25.0 }, "geometry": { "type": "Point", "coordinates": [ 8.700318, 49.372688 ] } },
{ "type": "Feature", "properties": { "key": 5019211229, "species": "Columba palumbus", "scientificName": "Columba palumbus Linnaeus, 1758", "eventDate": "2023-01-29T00:00:00Z", "uncertainty_m": 25.0 }, "geometry": { "type": "Point", "coordinates": [ 8.677249, 49.408966 ] } },
{ "type": "Feature", "properties": { "key": 5019255666, "species": "Columba palumbus", "scientificName": "Columba palumbus Linnaeus, 1758", "eventDate": "2023-01-29T00:00:00Z", "uncertainty_m": 250.0 }, "geometry": { "type": "Point", "coordinates": [ 8.64889, 49.432503 ] } },
{ "type": "Feature", "properties": { "key": 5019270988, "species": "Columba palumbus", "scientificName": "Columba palumbus Linnaeus, 1758", "eventDate": "2023-01-03T00:00:00Z", "uncertainty_m": 250.0 }, "geometry": { "type": "Point", "coordinates": [ 8.799949, 49.34066 ] } },
{ "type": "Feature", "properties": { "key": 5019306625, "species": "Turdus viscivorus", "scientificName": "Turdus viscivorus Linnaeus, 1758", "eventDate": "2023-01-01T00:00:00Z", "uncertainty_m": 250.0 }, "geometry": { "type": "Point", "coordinates": [ 8.621178, 49.326931 ] } },
{ "type": "Feature", "properties": { "key": 5019334976, "species": "Alopochen aegyptiaca", "scientificName": "Alopochen aegyptiaca (Linnaeus, 1766)", "eventDate": "2023-01-13T00:00:00Z", "uncertainty_m": 250.0 }, "geometry": { "type": "Point", "coordinates": [ 8.68912, 49.414375 ] } },
{ "type": "Feature", "properties": { "key": 5019424928, "species": "Fringilla coelebs", "scientificName": "Fringilla coelebs Linnaeus, 1758", "eventDate": "2023-01-16T00:00:00Z", "uncertainty_m": 25.0 }, "geometry": { "type": "Point", "coordinates": [ 8.656555, 49.419422 ] } },
{ "type": "Feature", "properties": { "key": 5019439315, "species": "Columba livia", "scientificName": "Columba livia f. domestica", "eventDate": "2023-01-24T00:00:00Z", "uncertainty_m": 250.0 }, "geometry": { "type": "Point", "coordinates": [ 8.706279, 49.410416 ] } },
{ "type": "Feature", "properties": { "key": 5019571188, "species": "Passer domesticus", "scientificName": "Passer domesticus (Linnaeus, 1758)", "eventDate": "2023-01-07T00:00:00Z", "uncertainty_m": 250.0 }, "geometry": { "type": "Point", "coordinates": [ 8.61046, 49.365299 ] } },
{ "type": "Feature", "properties": { "key": 5019610728, "species": "Corvus corone", "scientificName": "Corvus corone Linnaeus, 1758", "eventDate": "2023-01-03T00:00:00Z", "uncertainty_m": 250.0 }, "geometry": { "type": "Point", "coordinates": [ 8.799949, 49.34066 ] } },
{ "type": "Feature", "properties": { "key": 5019663789, "species": "Erithacus rubecula", "scientificName": "Erithacus rubecula (Linnaeus, 1758)", "eventDate": "2023-01-29T00:00:00Z", "uncertainty_m": 25.0 }, "geometry": { "type": "Point", "coordinates": [ 8.712587, 49.415375 ] } },
{ "type": "Feature", "properties": { "key": 5019793873, "species": "Branta leucopsis", "scientificName": "Branta leucopsis (Bechstein, 1803)", "eventDate": "2023-01-08T00:00:00Z", "uncertainty_m": 250.0 }, "geometry": { "type": "Point", "coordinates": [ 8.684049, 49.412148 ] } },
{ "type": "Feature", "properties": { "key": 5019795151, "species": "Ardea cinerea", "scientificName": "Ardea cinerea Linnaeus, 1758", "eventDate": "2023-01-29T00:00:00Z", "uncertainty_m": 250.0 }, "geometry": { "type": "Point", "coordinates": [ 8.64889, 49.432503 ] } },
{ "type": "Feature", "properties": { "key": 5019807250, "species": "Corvus corone", "scientificName": "Corvus corone Linnaeus, 1758", "eventDate": "2023-01-02T00:00:00Z", "uncertainty_m": 250.0 }, "geometry": { "type": "Point", "coordinates": [ 8.661175, 49.412704 ] } },
{ "type": "Feature", "properties": { "key": 5020142304, "species": "Psittacula krameri", "scientificName": "Psittacula krameri (Scopoli, 1769)", "eventDate": "2023-01-29T00:00:00Z", "uncertainty_m": 250.0 }, "geometry": { "type": "Point", "coordinates": [ 8.68912, 49.414375 ] } },
{ "type": "Feature", "properties": { "key": 5020272574, "species": "Parus major", "scientificName": "Parus major Linnaeus, 1758", "eventDate": "2023-01-21T00:00:00Z", "uncertainty_m": 250.0 }, "geometry": { "type": "Point", "coordinates": [ 8.701295, 49.442787 ] } },
{ "type": "Feature", "properties": { "key": 5020352574, "species": "Gallinula chloropus", "scientificName": "Gallinula chloropus (Linnaeus, 1758)", "eventDate": "2023-01-17T00:00:00Z", "uncertainty_m": 250.0 }, "geometry": { "type": "Point", "coordinates": [ 8.684049, 49.412148 ] } },
{ "type": "Feature", "properties": { "key": 5020426991, "species": "Anas platyrhynchos", "scientificName": "Anas platyrhynchos Linnaeus, 1758", "eventDate": "2023-01-16T00:00:00Z", "uncertainty_m": 25.0 }, "geometry": { "type": "Point", "coordinates": [ 8.656371, 49.41909 ] } },
{ "type": "Feature", "properties": { "key": 5020456661, "species": "Phalacrocorax carbo", "scientificName": "Phalacrocorax carbo (Linnaeus, 1758)", "eventDate": "2023-01-02T00:00:00Z", "uncertainty_m": 250.0 }, "geometry": { "type": "Point", "coordinates": [ 8.661175, 49.412704 ] } },
{ "type": "Feature", "properties": { "key": 5020469558, "species": "Anas platyrhynchos", "scientificName": "Anas platyrhynchos Linnaeus, 1758", "eventDate": "2023-01-28T00:00:00Z", "uncertainty_m": 250.0 }, "geometry": { "type": "Point", "coordinates": [ 8.668256, 49.410725 ] } },
{ "type": "Feature", "properties": { "key": 5020935774, "species": "Turdus merula", "scientificName": "Turdus merula Linnaeus, 1758", "eventDate": "2023-01-29T00:00:00Z", "uncertainty_m": 250.0 }, "geometry": { "type": "Point", "coordinates": [ 8.64889, 49.432503 ] } },
{ "type": "Feature", "properties": { "key": 5020949130, "species": "Chloris chloris", "scientificName": "Chloris chloris (Linnaeus, 1758)", "eventDate": "2023-01-21T00:00:00Z", "uncertainty_m": 25.0 }, "geometry": { "type": "Point", "coordinates": [ 8.689717, 49.434628 ] } },
{ "type": "Feature", "properties": { "key": 5021024199, "species": "Dendrocopos major", "scientificName": "Dendrocopos major (Linnaeus, 1758)", "eventDate": "2023-01-29T00:00:00Z", "uncertainty_m": 250.0 }, "geometry": { "type": "Point", "coordinates": [ 8.64889, 49.432503 ] } },
{ "type": "Feature", "properties": { "key": 5021082003, "species": "Columba palumbus", "scientificName": "Columba palumbus Linnaeus, 1758", "eventDate": "2023-01-16T00:00:00Z", "uncertainty_m": 25.0 }, "geometry": { "type": "Point", "coordinates": [ 8.655849, 49.419106 ] } },
{ "type": "Feature", "properties": { "key": 5021095649, "species": "Alcedo atthis", "scientificName": "Alcedo atthis (Linnaeus, 1758)", "eventDate": "2023-01-29T00:00:00Z", "uncertainty_m": 250.0 }, "geometry": { "type": "Point", "coordinates": [ 8.608605, 49.455669 ] } },
{ "type": "Feature", "properties": { "key": 5021095995, "species": "Psittacula krameri", "scientificName": "Psittacula krameri (Scopoli, 1769)", "eventDate": "2023-01-21T00:00:00Z", "uncertainty_m": 250.0 }, "geometry": { "type": "Point", "coordinates": [ 8.671855, 49.417233 ] } },
{ "type": "Feature", "properties": { "key": 5021166321, "species": "Cyanistes caeruleus", "scientificName": "Cyanistes caeruleus (Linnaeus, 1758)", "eventDate": "2023-01-21T00:00:00Z", "uncertainty_m": 250.0 }, "geometry": { "type": "Point", "coordinates": [ 8.681175, 49.438652 ] } },
{ "type": "Feature", "properties": { "key": 5021195917, "species": "Psittacula krameri", "scientificName": "Psittacula krameri (Scopoli, 1769)", "eventDate": "2023-01-07T00:00:00Z", "uncertainty_m": 250.0 }, "geometry": { "type": "Point", "coordinates": [ 8.671855, 49.417233 ] } },
{ "type": "Feature", "properties": { "key": 5021258079, "species": "Sturnus vulgaris", "scientificName": "Sturnus vulgaris Linnaeus, 1758", "eventDate": "2023-01-03T00:00:00Z", "uncertainty_m": 250.0 }, "geometry": { "type": "Point", "coordinates": [ 8.799949, 49.34066 ] } },
{ "type": "Feature", "properties": { "key": 5021338080, "species": "Ardea cinerea", "scientificName": "Ardea cinerea Linnaeus, 1758", "eventDate": "2023-01-29T00:00:00Z", "uncertainty_m": 25.0 }, "geometry": { "type": "Point", "coordinates": [ 8.611775, 49.453461 ] } },
{ "type": "Feature", "properties": { "key": 5021348456, "species": "Strix aluco", "scientificName": "Strix aluco Linnaeus, 1758", "eventDate": "2023-01-22T00:00:00Z", "uncertainty_m": 250.0 }, "geometry": { "type": "Point", "coordinates": [ 8.701295, 49.442787 ] } },
{ "type": "Feature", "properties": { "key": 5021375656, "species": "Columba livia", "scientificName": "Columba livia f. domestica", "eventDate": "2023-01-17T00:00:00Z", "uncertainty_m": 250.0 }, "geometry": { "type": "Point", "coordinates": [ 8.684049, 49.412148 ] } },
{ "type": "Feature", "properties": { "key": 5021424511, "species": "Dendrocopos major", "scientificName": "Dendrocopos major (Linnaeus, 1758)", "eventDate": "2023-01-15T00:00:00Z", "uncertainty_m": 250.0 }, "geometry": { "type": "Point", "coordinates": [ 8.68912, 49.414375 ] } },
{ "type": "Feature", "properties": { "key": 5021492880, "species": "Fringilla coelebs", "scientificName": "Fringilla coelebs Linnaeus, 1758", "eventDate": "2023-01-22T00:00:00Z", "uncertainty_m": 250.0 }, "geometry": { "type": "Point", "coordinates": [ 8.701295, 49.442787 ] } },
{ "type": "Feature", "properties": { "key": 5021607078, "species": "Turdus merula", "scientificName": "Turdus merula Linnaeus, 1758", "eventDate": "2023-01-22T00:00:00Z", "uncertainty_m": 250.0 }, "geometry": { "type": "Point", "coordinates": [ 8.681175, 49.438652 ] } },
{ "type": "Feature", "properties": { "key": 5021621843, "species": "Fringilla coelebs", "scientificName": "Fringilla coelebs Linnaeus, 1758", "eventDate": "2023-01-22T00:00:00Z", "uncertainty_m": 250.0 }, "geometry": { "type": "Point", "coordinates": [ 8.681175, 49.438652 ] } },
{ "type": "Feature", "properties": { "key": 5021902503, "species": "Aythya ferina", "scientificName": "Aythya ferina (Linnaeus, 1758)", "eventDate": "2023-01-31T00:00:00Z", "uncertainty_m": 250.0 }, "geometry": { "type": "Point", "coordinates": [ 8.661175, 49.412704 ] } },
{ "type": "Feature", "properties": { "key": 5022042663, "species": "Erithacus rubecula", "scientificName": "Erithacus rubecula (Linnaeus, 1758)", "eventDate": "2023-01-14T00:00:00Z", "uncertainty_m": 25.0 }, "geometry": { "type": "Point", "coordinates": [ 8.70039, 49.372444 ] } },
{ "type": "Feature", "properties": { "key": 5022058595, "species": "Corvus corone", "scientificName": "Corvus corone Linnaeus, 1758", "eventDate": "2023-01-01T00:00:00Z", "uncertainty_m": 250.0 }, "geometry": { "type": "Point", "coordinates": [ 8.621178, 49.326931 ] } },
{ "type": "Feature", "properties": { "key": 5022220949, "species": "Turdus merula", "scientificName": "Turdus merula Linnaeus, 1758", "eventDate": "2023-01-21T00:00:00Z", "uncertainty_m": 250.0 }, "geometry": { "type": "Point", "coordinates": [ 8.681175, 49.438652 ] } },
{ "type": "Feature", "properties": { "key": 5022283971, "species": "Branta canadensis", "scientificName": "Branta canadensis (Linnaeus, 1758)", "eventDate": "2023-01-29T00:00:00Z", "uncertainty_m": 25.0 }, "geometry": { "type": "Point", "coordinates": [ 8.706129, 49.41481 ] } },
{ "type": "Feature", "properties": { "key": 5022465294, "species": "Larus ridibundus", "scientificName": "Larus ridibundus Linnaeus, 1766", "eventDate": "2023-01-01T00:00:00Z", "uncertainty_m": 250.0 }, "geometry": { "type": "Point", "coordinates": [ 8.708548, 49.417946 ] } },
{ "type": "Feature", "properties": { "key": 5022696830, "species": "Carduelis carduelis", "scientificName": "Carduelis carduelis (Linnaeus, 1758)", "eventDate": "2023-01-16T00:00:00Z", "uncertainty_m": 25.0 }, "geometry": { "type": "Point", "coordinates": [ 8.753226, 49.348057 ] } },
{ "type": "Feature", "properties": { "key": 5022901540, "species": "Aythya fuligula", "scientificName": "Aythya fuligula (Linnaeus, 1758)", "eventDate": "2023-01-31T00:00:00Z", "uncertainty_m": 250.0 }, "geometry": { "type": "Point", "coordinates": [ 8.661175, 49.412704 ] } },
{ "type": "Feature", "properties": { "key": 5023044268, "species": "Passer domesticus", "scientificName": "Passer domesticus (Linnaeus, 1758)", "eventDate": "2023-01-29T00:00:00Z", "uncertainty_m": 250.0 }, "geometry": { "type": "Point", "coordinates": [ 8.64889, 49.432503 ] } },
{ "type": "Feature", "properties": { "key": 5023119048, "species": "Corvus corone", "scientificName": "Corvus corone Linnaeus, 1758", "eventDate": "2023-01-29T00:00:00Z", "uncertainty_m": 250.0 }, "geometry": { "type": "Point", "coordinates": [ 8.64889, 49.432503 ] } },
{ "type": "Feature", "properties": { "key": 5023124572, "species": "Fringilla coelebs", "scientificName": "Fringilla coelebs Linnaeus, 1758", "eventDate": "2023-01-21T00:00:00Z", "uncertainty_m": 250.0 }, "geometry": { "type": "Point", "coordinates": [ 8.701295, 49.442787 ] } },
{ "type": "Feature", "properties": { "key": 5023244097, "species": "Erithacus rubecula", "scientificName": "Erithacus rubecula (Linnaeus, 1758)", "eventDate": "2023-01-22T00:00:00Z", "uncertainty_m": 250.0 }, "geometry": { "type": "Point", "coordinates": [ 8.681175, 49.438652 ] } },
{ "type": "Feature", "properties": { "key": 5023253810, "species": "Dryocopus martius", "scientificName": "Dryocopus martius (Linnaeus, 1758)", "eventDate": "2023-01-22T00:00:00Z", "uncertainty_m": 250.0 }, "geometry": { "type": "Point", "coordinates": [ 8.701295, 49.442787 ] } },
{ "type": "Feature", "properties": { "key": 5023321604, "species": "Motacilla cinerea", "scientificName": "Motacilla cinerea Tunstall, 1771", "eventDate": "2023-01-07T00:00:00Z", "uncertainty_m": 250.0 }, "geometry": { "type": "Point", "coordinates": [ 8.61046, 49.365299 ] } },
{ "type": "Feature", "properties": { "key": 5023413550, "species": "Anser anser", "scientificName": "Anser anser (Linnaeus, 1758)", "eventDate": "2023-01-03T00:00:00Z", "uncertainty_m": 25.0 }, "geometry": { "type": "Point", "coordinates": [ 8.614417, 49.450436 ] } },
{ "type": "Feature", "properties": { "key": 5023544162, "species": "Psittacula krameri", "scientificName": "Psittacula krameri (Scopoli, 1769)", "eventDate": "2023-01-25T00:00:00Z", "uncertainty_m": 250.0 }, "geometry": { "type": "Point", "coordinates": [ 8.676023, 49.403545 ] } },
{ "type": "Feature", "properties": { "key": 5023579720, "species": "Turdus merula", "scientificName": "Turdus merula Linnaeus, 1758", "eventDate": "2023-01-21T00:00:00Z", "uncertainty_m": 250.0 }, "geometry": { "type": "Point", "coordinates": [ 8.68912, 49.414375 ] } },
{ "type": "Feature", "properties": { "key": 5023591777, "species": "Anser brachyrhynchus", "scientificName": "Anser brachyrhynchus Baillon, 1834", "eventDate": "2023-01-15T00:00:00Z", "uncertainty_m": 250.0 }, "geometry": { "type": "Point", "coordinates": [ 8.684049, 49.412148 ] } },
{ "type": "Feature", "properties": { "key": 5023607916, "species": "Pica pica", "scientificName": "Pica pica (Linnaeus, 1758)", "eventDate": "2023-01-21T00:00:00Z", "uncertainty_m": 250.0 }, "geometry": { "type": "Point", "coordinates": [ 8.681175, 49.438652 ] } },
{ "type": "Feature", "properties": { "key": 5023658712, "species": "Anser cygnoid", "scientificName": "Anser cygnoid (Linnaeus, 1758)", "eventDate": "2023-01-22T00:00:00Z", "uncertainty_m": 25.0 }, "geometry": { "type": "Point", "coordinates": [ 8.67766, 49.41222 ] } },
{ "type": "Feature", "properties": { "key": 5023734318, "species": "Passer domesticus", "scientificName": "Passer domesticus (Linnaeus, 1758)", "eventDate": "2023-01-28T00:00:00Z", "uncertainty_m": 25.0 }, "geometry": { "type": "Point", "coordinates": [ 8.754439, 49.470757 ] } },
{ "type": "Feature", "properties": { "key": 5023947799, "species": "Alcedo atthis", "scientificName": "Alcedo atthis (Linnaeus, 1758)", "eventDate": "2023-01-17T00:00:00Z", "uncertainty_m": 250.0 }, "geometry": { "type": "Point", "coordinates": [ 8.684049, 49.412148 ] } },
{ "type": "Feature", "properties": { "key": 5023964604, "species": "Columba livia", "scientificName": "Columba livia f. domestica", "eventDate": "2023-01-01T00:00:00Z", "uncertainty_m": 250.0 }, "geometry": { "type": "Point", "coordinates": [ 8.684049, 49.412148 ] } },
{ "type": "Feature", "properties": { "key": 5023968498, "species": "Larus ridibundus", "scientificName": "Larus ridibundus Linnaeus, 1766", "eventDate": "2023-01-17T00:00:00Z", "uncertainty_m": 250.0 }, "geometry": { "type": "Point", "coordinates": [ 8.684049, 49.412148 ] } },
{ "type": "Feature", "properties": { "key": 5024122992, "species": "Sitta europaea", "scientificName": "Sitta europaea Linnaeus, 1758", "eventDate": "2023-01-22T00:00:00Z", "uncertainty_m": 250.0 }, "geometry": { "type": "Point", "coordinates": [ 8.681175, 49.438652 ] } },
{ "type": "Feature", "properties": { "key": 5024163279, "species": "Cyanistes caeruleus", "scientificName": "Cyanistes caeruleus (Linnaeus, 1758)", "eventDate": "2023-01-22T00:00:00Z", "uncertainty_m": 250.0 }, "geometry": { "type": "Point", "coordinates": [ 8.681175, 49.438652 ] } },
{ "type": "Feature", "properties": { "key": 5024177523, "species": "Erithacus rubecula", "scientificName": "Erithacus rubecula (Linnaeus, 1758)", "eventDate": "2023-01-22T00:00:00Z", "uncertainty_m": 250.0 }, "geometry": { "type": "Point", "coordinates": [ 8.671855, 49.417233 ] } },
{ "type": "Feature", "properties": { "key": 5024268512, "species": "Erithacus rubecula", "scientificName": "Erithacus rubecula (Linnaeus, 1758)", "eventDate": "2023-01-27T00:00:00Z", "uncertainty_m": 25.0 }, "geometry": { "type": "Point", "coordinates": [ 8.754437, 49.470734 ] } },
{ "type": "Feature", "properties": { "key": 5024656013, "species": "Corvus corone", "scientificName": "Corvus corone Linnaeus, 1758", "eventDate": "2023-01-08T00:00:00Z", "uncertainty_m": 250.0 }, "geometry": { "type": "Point", "coordinates": [ 8.684049, 49.412148 ] } },
{ "type": "Feature", "properties": { "key": 5024668036, "species": "Passer domesticus", "scientificName": "Passer domesticus (Linnaeus, 1758)", "eventDate": "2023-01-07T00:00:00Z", "uncertainty_m": 250.0 }, "geometry": { "type": "Point", "coordinates": [ 8.551464, 49.431198 ] } },
{ "type": "Feature", "properties": { "key": 5024674926, "species": "Psittacula krameri", "scientificName": "Psittacula krameri (Scopoli, 1769)", "eventDate": "2023-01-08T00:00:00Z", "uncertainty_m": 250.0 }, "geometry": { "type": "Point", "coordinates": [ 8.68912, 49.414375 ] } },
{ "type": "Feature", "properties": { "key": 5024781602, "species": "Gallinula chloropus", "scientificName": "Gallinula chloropus (Linnaeus, 1758)", "eventDate": "2023-01-24T00:00:00Z", "uncertainty_m": 25.0 }, "geometry": { "type": "Point", "coordinates": [ 8.707973, 49.415001 ] } },
{ "type": "Feature", "properties": { "key": 5024976007, "species": "Anser cygnoid", "scientificName": "Anser cygnoid (Linnaeus, 1758)", "eventDate": "2023-01-29T00:00:00Z", "uncertainty_m": 250.0 }, "geometry": { "type": "Point", "coordinates": [ 8.684049, 49.412148 ] } },
{ "type": "Feature", "properties": { "key": 5025032614, "species": "Pica pica", "scientificName": "Pica pica (Linnaeus, 1758)", "eventDate": "2023-01-29T00:00:00Z", "uncertainty_m": 250.0 }, "geometry": { "type": "Point", "coordinates": [ 8.64889, 49.432503 ] } },
{ "type": "Feature", "properties": { "key": 5025033679, "species": "Alopochen aegyptiaca", "scientificName": "Alopochen aegyptiaca (Linnaeus, 1766)", "eventDate": "2023-01-13T00:00:00Z", "uncertainty_m": 25.0 }, "geometry": { "type": "Point", "coordinates": [ 8.688504, 49.406799 ] } },
{ "type": "Feature", "properties": { "key": 5025050273, "species": "Turdus merula", "scientificName": "Turdus merula Linnaeus, 1758", "eventDate": "2023-01-22T00:00:00Z", "uncertainty_m": 250.0 }, "geometry": { "type": "Point", "coordinates": [ 8.701295, 49.442787 ] } },
{ "type": "Feature", "properties": { "key": 5025169121, "species": "Troglodytes troglodytes", "scientificName": "Troglodytes troglodytes (Linnaeus, 1758)", "eventDate": "2023-01-28T00:00:00Z", "uncertainty_m": 25.0 }, "geometry": { "type": "Point", "coordinates": [ 8.754454, 49.470737 ] } },
{ "type": "Feature", "properties": { "key": 5025301660, "species": "Troglodytes troglodytes", "scientificName": "Troglodytes troglodytes (Linnaeus, 1758)", "eventDate": "2023-01-27T00:00:00Z", "uncertainty_m": 25.0 }, "geometry": { "type": "Point", "coordinates": [ 8.754442, 49.470734 ] } },
{ "type": "Feature", "properties": { "key": 5025572300, "species": "Cyanistes caeruleus", "scientificName": "Cyanistes caeruleus (Linnaeus, 1758)", "eventDate": "2023-01-29T00:00:00Z", "uncertainty_m": 250.0 }, "geometry": { "type": "Point", "coordinates": [ 8.684049, 49.412148 ] } },
{ "type": "Feature", "properties": { "key": 5025656455, "species": "Sturnus vulgaris", "scientificName": "Sturnus vulgaris Linnaeus, 1758", "eventDate": "2023-01-01T00:00:00Z", "uncertainty_m": 250.0 }, "geometry": { "type": "Point", "coordinates": [ 8.621178, 49.326931 ] } },
{ "type": "Feature", "properties": { "key": 5025829042, "species": "Alopochen aegyptiaca", "scientificName": "Alopochen aegyptiaca (Linnaeus, 1766)", "eventDate": "2023-01-25T00:00:00Z", "uncertainty_m": 25.0 }, "geometry": { "type": "Point", "coordinates": [ 8.685751, 49.406479 ] } },
{ "type": "Feature", "properties": { "key": 5025879123, "species": "Anatidae", "scientificName": "Anatidae", "eventDate": "2023-01-08T00:00:00Z", "uncertainty_m": 250.0 }, "geometry": { "type": "Point", "coordinates": [ 8.684049, 49.412148 ] } },
{ "type": "Feature", "properties": { "key": 5025961279, "species": "Cyanistes caeruleus", "scientificName": "Cyanistes caeruleus (Linnaeus, 1758)", "eventDate": "2023-01-22T00:00:00Z", "uncertainty_m": 250.0 }, "geometry": { "type": "Point", "coordinates": [ 8.701295, 49.442787 ] } },
{ "type": "Feature", "properties": { "key": 5025974300, "species": "Falco tinnunculus", "scientificName": "Falco tinnunculus Linnaeus, 1758", "eventDate": "2023-01-02T00:00:00Z", "uncertainty_m": 250.0 }, "geometry": { "type": "Point", "coordinates": [ 8.661175, 49.412704 ] } },
{ "type": "Feature", "properties": { "key": 5026021844, "species": "Erithacus rubecula", "scientificName": "Erithacus rubecula (Linnaeus, 1758)", "eventDate": "2023-01-28T00:00:00Z", "uncertainty_m": 25.0 }, "geometry": { "type": "Point", "coordinates": [ 8.754439, 49.470757 ] } },
{ "type": "Feature", "properties": { "key": 5026340102, "species": "Gallinula chloropus", "scientificName": "Gallinula chloropus (Linnaeus, 1758)", "eventDate": "2023-01-29T00:00:00Z", "uncertainty_m": 250.0 }, "geometry": { "type": "Point", "coordinates": [ 8.608605, 49.455669 ] } },
{ "type": "Feature", "properties": { "key": 5026407025, "species": "Anas platyrhynchos", "scientificName": "Anas platyrhynchos Linnaeus, 1758", "eventDate": "2023-01-17T00:00:00Z", "uncertainty_m": 250.0 }, "geometry": { "type": "Point", "coordinates": [ 8.684049, 49.412148 ] } },
{ "type": "Feature", "properties": { "key": 5026446459, "species": "Turdus viscivorus", "scientificName": "Turdus viscivorus Linnaeus, 1758", "eventDate": "2023-01-01T00:00:00Z", "uncertainty_m": 250.0 }, "geometry": { "type": "Point", "coordinates": [ 8.701295, 49.442787 ] } },
{ "type": "Feature", "properties": { "key": 5026488096, "species": "Phalacrocorax carbo", "scientificName": "Phalacrocorax carbo (Linnaeus, 1758)", "eventDate": "2023-01-29T00:00:00Z", "uncertainty_m": 250.0 }, "geometry": { "type": "Point", "coordinates": [ 8.608605, 49.455669 ] } },
{ "type": "Feature", "properties": { "key": 5026497566, "species": "Alopochen aegyptiaca", "scientificName": "Alopochen aegyptiaca (Linnaeus, 1766)", "eventDate": "2023-01-14T00:00:00Z", "uncertainty_m": 25.0 }, "geometry": { "type": "Point", "coordinates": [ 8.688985, 49.407234 ] } },
{ "type": "Feature", "properties": { "key": 5026516691, "species": "Dendrocopos major", "scientificName": "Dendrocopos major (Linnaeus, 1758)", "eventDate": "2023-01-08T00:00:00Z", "uncertainty_m": 250.0 }, "geometry": { "type": "Point", "coordinates": [ 8.621178, 49.326931 ] } },
{ "type": "Feature", "properties": { "key": 5026566450, "species": "Garrulus glandarius", "scientificName": "Garrulus glandarius (Linnaeus, 1758)", "eventDate": "2023-01-03T00:00:00Z", "uncertainty_m": 250.0 }, "geometry": { "type": "Point", "coordinates": [ 8.799949, 49.34066 ] } },
{ "type": "Feature", "properties": { "key": 5026585619, "species": "Dendrocopos major", "scientificName": "Dendrocopos major (Linnaeus, 1758)", "eventDate": "2023-01-07T00:00:00Z", "uncertainty_m": 250.0 }, "geometry": { "type": "Point", "coordinates": [ 8.551464, 49.431198 ] } },
{ "type": "Feature", "properties": { "key": 5026732254, "species": "Turdus merula", "scientificName": "Turdus merula Linnaeus, 1758", "eventDate": "2023-01-28T00:00:00Z", "uncertainty_m": 25.0 }, "geometry": { "type": "Point", "coordinates": [ 8.754455, 49.470734 ] } },
{ "type": "Feature", "properties": { "key": 5026944249, "species": "Anser cygnoid", "scientificName": "Anser cygnoid (Linnaeus, 1758)", "eventDate": "2023-01-21T00:00:00Z", "uncertainty_m": 250.0 }, "geometry": { "type": "Point", "coordinates": [ 8.684049, 49.412148 ] } },
{ "type": "Feature", "properties": { "key": 5026986480, "species": "Corvus corone", "scientificName": "Corvus corone Linnaeus, 1758", "eventDate": "2023-01-16T00:00:00Z", "uncertainty_m": 25.0 }, "geometry": { "type": "Point", "coordinates": [ 8.655583, 49.420132 ] } },
{ "type": "Feature", "properties": { "key": 5027037806, "species": "Ardea alba", "scientificName": "Ardea alba Linnaeus, 1758", "eventDate": "2023-01-03T00:00:00Z", "uncertainty_m": 250.0 }, "geometry": { "type": "Point", "coordinates": [ 8.550698, 49.439014 ] } },
{ "type": "Feature", "properties": { "key": 5027098935, "species": "Larus michahellis", "scientificName": "Larus michahellis J.F.Naumann, 1840", "eventDate": "2023-01-01T00:00:00Z", "uncertainty_m": 250.0 }, "geometry": { "type": "Point", "coordinates": [ 8.708548, 49.417946 ] } },
{ "type": "Feature", "properties": { "key": 5027169110, "species": "Dendrocopos major", "scientificName": "Dendrocopos major (Linnaeus, 1758)", "eventDate": "2023-01-07T00:00:00Z", "uncertainty_m": 250.0 }, "geometry": { "type": "Point", "coordinates": [ 8.671855, 49.417233 ] } },
{ "type": "Feature", "properties": { "key": 5027176568, "species": "Ardea cinerea", "scientificName": "Ardea cinerea Linnaeus, 1758", "eventDate": "2023-01-24T00:00:00Z", "uncertainty_m": 25.0 }, "geometry": { "type": "Point", "coordinates": [ 8.71316, 49.415344 ] } },
{ "type": "Feature", "properties": { "key": 5027218486, "species": "Ardea cinerea", "scientificName": "Ardea cinerea Linnaeus, 1758", "eventDate": "2023-01-29T00:00:00Z", "uncertainty_m": 25.0 }, "geometry": { "type": "Point", "coordinates": [ 8.712168, 49.415291 ] } },
{ "type": "Feature", "properties": { "key": 5027304064, "species": "Erithacus rubecula", "scientificName": "Erithacus rubecula (Linnaeus, 1758)", "eventDate": "2023-01-01T00:00:00Z", "uncertainty_m": 25.0 }, "geometry": { "type": "Point", "coordinates": [ 8.672626, 49.440205 ] } },
{ "type": "Feature", "properties": { "key": 5027335695, "species": "Pica pica", "scientificName": "Pica pica (Linnaeus, 1758)", "eventDate": "2023-01-03T00:00:00Z", "uncertainty_m": 250.0 }, "geometry": { "type": "Point", "coordinates": [ 8.799949, 49.34066 ] } },
{ "type": "Feature", "properties": { "key": 5027382140, "species": "Corvus corone", "scientificName": "Corvus corone Linnaeus, 1758", "eventDate": "2023-01-28T00:00:00Z", "uncertainty_m": 250.0 }, "geometry": { "type": "Point", "coordinates": [ 8.684049, 49.412148 ] } },
{ "type": "Feature", "properties": { "key": 5027422752, "species": "Sitta europaea", "scientificName": "Sitta europaea Linnaeus, 1758", "eventDate": "2023-01-22T00:00:00Z", "uncertainty_m": 250.0 }, "geometry": { "type": "Point", "coordinates": [ 8.701295, 49.442787 ] } },
{ "type": "Feature", "properties": { "key": 5027555888, "species": "Fringilla coelebs", "scientificName": "Fringilla coelebs Linnaeus, 1758", "eventDate": "2023-01-06T00:00:00Z", "uncertainty_m": 25.0 }, "geometry": { "type": "Point", "coordinates": [ 8.700299, 49.37265 ] } },
{ "type": "Feature", "properties": { "key": 5027603763, "species": "Anser cygnoid", "scientificName": "Anser cygnoid (Linnaeus, 1758)", "eventDate": "2023-01-29T00:00:00Z", "uncertainty_m": 25.0 }, "geometry": { "type": "Point", "coordinates": [ 8.696491, 49.413261 ] } },
{ "type": "Feature", "properties": { "key": 5027618423, "species": "Ardea cinerea", "scientificName": "Ardea cinerea Linnaeus, 1758", "eventDate": "2023-01-07T00:00:00Z", "uncertainty_m": 250.0 }, "geometry": { "type": "Point", "coordinates": [ 8.61046, 49.365299 ] } },
{ "type": "Feature", "properties": { "key": 5027712000, "species": "Parus major", "scientificName": "Parus major Linnaeus, 1758", "eventDate": "2023-01-21T00:00:00Z", "uncertainty_m": 250.0 }, "geometry": { "type": "Point", "coordinates": [ 8.681175, 49.438652 ] } },
{ "type": "Feature", "properties": { "key": 5027989805, "species": "Turdus merula", "scientificName": "Turdus merula Linnaeus, 1758", "eventDate": "2023-01-01T00:00:00Z", "uncertainty_m": 250.0 }, "geometry": { "type": "Point", "coordinates": [ 8.684049, 49.412148 ] } },
{ "type": "Feature", "properties": { "key": 5028040770, "species": "Phalacrocorax carbo", "scientificName": "Phalacrocorax carbo (Linnaeus, 1758)", "eventDate": "2023-01-29T00:00:00Z", "uncertainty_m": 25.0 }, "geometry": { "type": "Point", "coordinates": [ 8.611582, 49.453754 ] } },
{ "type": "Feature", "properties": { "key": 5028070663, "species": "Branta canadensis", "scientificName": "Branta canadensis (Linnaeus, 1758)", "eventDate": "2023-01-08T00:00:00Z", "uncertainty_m": 250.0 }, "geometry": { "type": "Point", "coordinates": [ 8.684049, 49.412148 ] } },
{ "type": "Feature", "properties": { "key": 5028086190, "species": "Falco tinnunculus", "scientificName": "Falco tinnunculus Linnaeus, 1758", "eventDate": "2023-01-29T00:00:00Z", "uncertainty_m": 25.0 }, "geometry": { "type": "Point", "coordinates": [ 8.632967, 49.439259 ] } },
{ "type": "Feature", "properties": { "key": 5028159395, "species": "Larus ridibundus", "scientificName": "Larus ridibundus Linnaeus, 1766", "eventDate": "2023-01-29T00:00:00Z", "uncertainty_m": 250.0 }, "geometry": { "type": "Point", "coordinates": [ 8.608605, 49.455669 ] } },
{ "type": "Feature", "properties": { "key": 5028204641, "species": "Turdus merula", "scientificName": "Turdus merula Linnaeus, 1758", "eventDate": "2023-01-28T00:00:00Z", "uncertainty_m": 25.0 }, "geometry": { "type": "Point", "coordinates": [ 8.671897, 49.409508 ] } },
{ "type": "Feature", "properties": { "key": 5028223653, "species": "Fringilla montifringilla", "scientificName": "Fringilla montifringilla Linnaeus, 1758", "eventDate": "2023-01-03T00:00:00Z", "uncertainty_m": 250.0 }, "geometry": { "type": "Point", "coordinates": [ 8.799949, 49.34066 ] } },
{ "type": "Feature", "properties": { "key": 5028326280, "species": "Phalacrocorax carbo", "scientificName": "Phalacrocorax carbo (Linnaeus, 1758)", "eventDate": "2023-01-16T00:00:00Z", "uncertainty_m": 25.0 }, "geometry": { "type": "Point", "coordinates": [ 8.655174, 49.419056 ] } },
{ "type": "Feature", "properties": { "key": 5028398875, "species": "Passer domesticus", "scientificName": "Passer domesticus (Linnaeus, 1758)", "eventDate": "2023-01-24T00:00:00Z", "uncertainty_m": 25.0 }, "geometry": { "type": "Point", "coordinates": [ 8.69215, 49.413101 ] } },
{ "type": "Feature", "properties": { "key": 5028579689, "species": "Larus ridibundus", "scientificName": "Larus ridibundus Linnaeus, 1766", "eventDate": "2023-01-31T00:00:00Z", "uncertainty_m": 250.0 }, "geometry": { "type": "Point", "coordinates": [ 8.661175, 49.412704 ] } },
{ "type": "Feature", "properties": { "key": 5297760846, "species": "Cyanistes caeruleus", "scientificName": "Cyanistes caeruleus (Linnaeus, 1758)", "eventDate": "2023-01-22T00:00:00Z", "uncertainty_m": null }, "geometry": { "type": "Point", "coordinates": [ 8.69601, 49.439804 ] } },
{ "type": "Feature", "properties": { "key": 5435374454, "species": "Gallinula chloropus", "scientificName": "Gallinula chloropus (Linnaeus, 1758)", "eventDate": "2023-01-19T00:00:00Z", "uncertainty_m": null }, "geometry": { "type": "Point", "coordinates": [ 8.691434, 49.412827 ] } },
{ "type": "Feature", "properties": { "key": 5496716295, "species": "Anas platyrhynchos", "scientificName": "Anas platyrhynchos Linnaeus, 1758", "eventDate": "2023-01-22T00:00:00Z", "uncertainty_m": null }, "geometry": { "type": "Point", "coordinates": [ 8.69601, 49.439804 ] } },
{ "type": "Feature", "properties": { "key": 5548136097, "species": "Lophophanes cristatus", "scientificName": "Lophophanes cristatus (Linnaeus, 1758)", "eventDate": "2023-01-22T00:00:00Z", "uncertainty_m": null }, "geometry": { "type": "Point", "coordinates": [ 8.69601, 49.439804 ] } },
{ "type": "Feature", "properties": { "key": 5548514124, "species": "Buteo buteo", "scientificName": "Buteo buteo (Linnaeus, 1758)", "eventDate": "2023-01-22T00:00:00Z", "uncertainty_m": null }, "geometry": { "type": "Point", "coordinates": [ 8.69601, 49.439804 ] } },
{ "type": "Feature", "properties": { "key": 5557247869, "species": "Psittacula krameri", "scientificName": "Psittacula krameri (Scopoli, 1769)", "eventDate": "2023-01-22T00:00:00Z", "uncertainty_m": null }, "geometry": { "type": "Point", "coordinates": [ 8.69601, 49.439804 ] } },
{ "type": "Feature", "properties": { "key": 5569698382, "species": "Sitta europaea", "scientificName": "Sitta europaea Linnaeus, 1758", "eventDate": "2023-01-22T00:00:00Z", "uncertainty_m": null }, "geometry": { "type": "Point", "coordinates": [ 8.69601, 49.439804 ] } },
{ "type": "Feature", "properties": { "key": 5637979860, "species": "Strix aluco", "scientificName": "Strix aluco Linnaeus, 1758", "eventDate": "2023-01-22T00:00:00Z", "uncertainty_m": null }, "geometry": { "type": "Point", "coordinates": [ 8.69601, 49.439804 ] } },
{ "type": "Feature", "properties": { "key": 5822303951, "species": "Columba palumbus", "scientificName": "Columba palumbus Linnaeus, 1758", "eventDate": "2023-01-07T00:00:00Z", "uncertainty_m": 25.0 }, "geometry": { "type": "Point", "coordinates": [ 8.844377, 49.40749 ] } },
{ "type": "Feature", "properties": { "key": 5822312171, "species": "Columba palumbus", "scientificName": "Columba palumbus Linnaeus, 1758", "eventDate": "2023-01-07T00:00:00Z", "uncertainty_m": 25.0 }, "geometry": { "type": "Point", "coordinates": [ 8.659806, 49.507313 ] } },
{ "type": "Feature", "properties": { "key": 5822331615, "species": "Fulica atra", "scientificName": "Fulica atra Linnaeus, 1758", "eventDate": "2023-01-07T00:00:00Z", "uncertainty_m": 25.0 }, "geometry": { "type": "Point", "coordinates": [ 8.554977, 49.50235 ] } },
{ "type": "Feature", "properties": { "key": 5822334824, "species": "Corvus corone", "scientificName": "Corvus corone Linnaeus, 1758", "eventDate": "2023-01-07T00:00:00Z", "uncertainty_m": 25.0 }, "geometry": { "type": "Point", "coordinates": [ 8.762063, 49.477257 ] } },
{ "type": "Feature", "properties": { "key": 5822338502, "species": "Corvus frugilegus", "scientificName": "Corvus frugilegus Linnaeus, 1758", "eventDate": "2023-01-07T00:00:00Z", "uncertainty_m": 25.0 }, "geometry": { "type": "Point", "coordinates": [ 8.679764, 49.379494 ] } },
{ "type": "Feature", "properties": { "key": 5822344797, "species": "Coccothraustes coccothraustes", "scientificName": "Coccothraustes coccothraustes (Linnaeus, 1758)", "eventDate": "2023-01-07T00:00:00Z", "uncertainty_m": 25.0 }, "geometry": { "type": "Point", "coordinates": [ 8.82493, 49.328888 ] } },
{ "type": "Feature", "properties": { "key": 5822345160, "species": "Columba palumbus", "scientificName": "Columba palumbus Linnaeus, 1758", "eventDate": "2023-01-07T00:00:00Z", "uncertainty_m": 25.0 }, "geometry": { "type": "Point", "coordinates": [ 8.668772, 49.348171 ] } },
{ "type": "Feature", "properties": { "key": 5822359592, "species": "Periparus ater", "scientificName": "Periparus ater (Linnaeus, 1758)", "eventDate": "2023-01-07T00:00:00Z", "uncertainty_m": 25.0 }, "geometry": { "type": "Point", "coordinates": [ 8.777612, 49.463879 ] } },
{ "type": "Feature", "properties": { "key": 5822366922, "species": "Alopochen aegyptiaca", "scientificName": "Alopochen aegyptiaca (Linnaeus, 1766)", "eventDate": "2023-01-07T00:00:00Z", "uncertainty_m": 25.0 }, "geometry": { "type": "Point", "coordinates": [ 8.689806, 49.402599 ] } },
{ "type": "Feature", "properties": { "key": 5822374361, "species": "Erithacus rubecula", "scientificName": "Erithacus rubecula (Linnaeus, 1758)", "eventDate": "2023-01-07T00:00:00Z", "uncertainty_m": 25.0 }, "geometry": { "type": "Point", "coordinates": [ 8.706395, 49.506252 ] } },
{ "type": "Feature", "properties": { "key": 5822379280, "species": "Poecile palustris", "scientificName": "Poecile palustris (Linnaeus, 1758)", "eventDate": "2023-01-07T00:00:00Z", "uncertainty_m": 25.0 }, "geometry": { "type": "Point", "coordinates": [ 8.760896, 49.304325 ] } },
{ "type": "Feature", "properties": { "key": 5822379691, "species": "Corvus corone", "scientificName": "Corvus corone Linnaeus, 1758", "eventDate": "2023-01-07T00:00:00Z", "uncertainty_m": 25.0 }, "geometry": { "type": "Point", "coordinates": [ 8.585033, 49.371792 ] } },
{ "type": "Feature", "properties": { "key": 5822385466, "species": "Poecile palustris", "scientificName": "Poecile palustris (Linnaeus, 1758)", "eventDate": "2023-01-07T00:00:00Z", "uncertainty_m": 25.0 }, "geometry": { "type": "Point", "coordinates": [ 8.807773, 49.50066 ] } },
{ "type": "Feature", "properties": { "key": 5822385690, "species": "Garrulus glandarius", "scientificName": "Garrulus glandarius (Linnaeus, 1758)", "eventDate": "2023-01-07T00:00:00Z", "uncertainty_m": 25.0 }, "geometry": { "type": "Point", "coordinates": [ 8.665109, 49.445774 ] } },
{ "type": "Feature", "properties": { "key": 5822398126, "species": "Columba palumbus", "scientificName": "Columba palumbus Linnaeus, 1758", "eventDate": "2023-01-07T00:00:00Z", "uncertainty_m": 25.0 }, "geometry": { "type": "Point", "coordinates": [ 8.706395, 49.506252 ] } },
{ "type": "Feature", "properties": { "key": 5822399554, "species": "Periparus ater", "scientificName": "Periparus ater (Linnaeus, 1758)", "eventDate": "2023-01-07T00:00:00Z", "uncertainty_m": 25.0 }, "geometry": { "type": "Point", "coordinates": [ 8.75806, 49.423046 ] } },
{ "type": "Feature", "properties": { "key": 5822411257, "species": "Sitta europaea", "scientificName": "Sitta europaea Linnaeus, 1758", "eventDate": "2023-01-07T00:00:00Z", "uncertainty_m": 25.0 }, "geometry": { "type": "Point", "coordinates": [ 8.66648, 49.34499 ] } },
{ "type": "Feature", "properties": { "key": 5822411265, "species": "Pyrrhula pyrrhula", "scientificName": "Pyrrhula pyrrhula (Linnaeus, 1758)", "eventDate": "2023-01-07T00:00:00Z", "uncertainty_m": 25.0 }, "geometry": { "type": "Point", "coordinates": [ 8.675871, 49.475948 ] } },
{ "type": "Feature", "properties": { "key": 5822414360, "species": "Corvus monedula", "scientificName": "Corvus monedula Linnaeus, 1758", "eventDate": "2023-01-07T00:00:00Z", "uncertainty_m": 25.0 }, "geometry": { "type": "Point", "coordinates": [ 8.625208, 49.397621 ] } },
{ "type": "Feature", "properties": { "key": 5822414932, "species": "Accipiter nisus", "scientificName": "Accipiter nisus (Linnaeus, 1758)", "eventDate": "2023-01-07T00:00:00Z", "uncertainty_m": 25.0 }, "geometry": { "type": "Point", "coordinates": [ 8.75806, 49.423046 ] } },
{ "type": "Feature", "properties": { "key": 5822454654, "species": "Lophophanes cristatus", "scientificName": "Lophophanes cristatus (Linnaeus, 1758)", "eventDate": "2023-01-07T00:00:00Z", "uncertainty_m": 25.0 }, "geometry": { "type": "Point", "coordinates": [ 8.585138, 49.446419 ] } },
{ "type": "Feature", "properties": { "key": 5822469933, "species": "Passer montanus", "scientificName": "Passer montanus (Linnaeus, 1758)", "eventDate": "2023-01-07T00:00:00Z", "uncertainty_m": 25.0 }, "geometry": { "type": "Point", "coordinates": [ 8.771874, 49.369137 ] } },
{ "type": "Feature", "properties": { "key": 5822485181, "species": "Troglodytes troglodytes", "scientificName": "Troglodytes troglodytes (Linnaeus, 1758)", "eventDate": "2023-01-07T00:00:00Z", "uncertainty_m": 25.0 }, "geometry": { "type": "Point", "coordinates": [ 8.756574, 49.471863 ] } },
{ "type": "Feature", "properties": { "key": 5822489660, "species": "Sturnus vulgaris", "scientificName": "Sturnus vulgaris Linnaeus, 1758", "eventDate": "2023-01-07T00:00:00Z", "uncertainty_m": 25.0 }, "geometry": { "type": "Point", "coordinates": [ 8.701771, 49.301125 ] } },
{ "type": "Feature", "properties": { "key": 5822493162, "species": "Ardea cinerea", "scientificName": "Ardea cinerea Linnaeus, 1758", "eventDate": "2023-01-07T00:00:00Z", "uncertainty_m": 25.0 }, "geometry": { "type": "Point", "coordinates": [ 8.706395, 49.506252 ] } },
{ "type": "Feature", "properties": { "key": 5822503152, "species": "Turdus merula", "scientificName": "Turdus merula Linnaeus, 1758", "eventDate": "2023-01-07T00:00:00Z", "uncertainty_m": 25.0 }, "geometry": { "type": "Point", "coordinates": [ 8.784739, 49.393833 ] } },
{ "type": "Feature", "properties": { "key": 5822515033, "species": "Troglodytes troglodytes", "scientificName": "Troglodytes troglodytes (Linnaeus, 1758)", "eventDate": "2023-01-07T00:00:00Z", "uncertainty_m": 25.0 }, "geometry": { "type": "Point", "coordinates": [ 8.797957, 49.398621 ] } },
{ "type": "Feature", "properties": { "key": 5822515738, "species": "Passer domesticus", "scientificName": "Passer domesticus (Linnaeus, 1758)", "eventDate": "2023-01-07T00:00:00Z", "uncertainty_m": 25.0 }, "geometry": { "type": "Point", "coordinates": [ 8.762063, 49.477257 ] } },
{ "type": "Feature", "properties": { "key": 5822519854, "species": "Sylvia atricapilla", "scientificName": "Sylvia atricapilla (Linnaeus, 1758)", "eventDate": "2023-01-07T00:00:00Z", "uncertainty_m": 25.0 }, "geometry": { "type": "Point", "coordinates": [ 8.6935, 49.4095 ] } },
{ "type": "Feature", "properties": { "key": 5822520234, "species": "Columba palumbus", "scientificName": "Columba palumbus Linnaeus, 1758", "eventDate": "2023-01-07T00:00:00Z", "uncertainty_m": 25.0 }, "geometry": { "type": "Point", "coordinates": [ 8.801942, 49.400391 ] } },
{ "type": "Feature", "properties": { "key": 5822526116, "species": "Corvus monedula", "scientificName": "Corvus monedula Linnaeus, 1758", "eventDate": "2023-01-07T00:00:00Z", "uncertainty_m": 25.0 }, "geometry": { "type": "Point", "coordinates": [ 8.79586, 49.384583 ] } },
{ "type": "Feature", "properties": { "key": 5822546481, "species": "Picus viridis", "scientificName": "Picus viridis Linnaeus, 1758", "eventDate": "2023-01-07T00:00:00Z", "uncertainty_m": 25.0 }, "geometry": { "type": "Point", "coordinates": [ 8.653137, 49.472622 ] } },
{ "type": "Feature", "properties": { "key": 5822577660, "species": "Psittacula krameri", "scientificName": "Psittacula krameri (Scopoli, 1769)", "eventDate": "2023-01-07T00:00:00Z", "uncertainty_m": 25.0 }, "geometry": { "type": "Point", "coordinates": [ 8.684008, 49.322754 ] } },
{ "type": "Feature", "properties": { "key": 5822584149, "species": "Corvus corone", "scientificName": "Corvus corone Linnaeus, 1758", "eventDate": "2023-01-07T00:00:00Z", "uncertainty_m": 25.0 }, "geometry": { "type": "Point", "coordinates": [ 8.554977, 49.50235 ] } },
{ "type": "Feature", "properties": { "key": 5822593338, "species": "Streptopelia decaocto", "scientificName": "Streptopelia decaocto (Frivaldszky, 1838)", "eventDate": "2023-01-07T00:00:00Z", "uncertainty_m": 25.0 }, "geometry": { "type": "Point", "coordinates": [ 8.659806, 49.507313 ] } },
{ "type": "Feature", "properties": { "key": 5822617890, "species": "Turdus merula", "scientificName": "Turdus merula Linnaeus, 1758", "eventDate": "2023-01-07T00:00:00Z", "uncertainty_m": 25.0 }, "geometry": { "type": "Point", "coordinates": [ 8.762063, 49.477257 ] } },
{ "type": "Feature", "properties": { "key": 5822627949, "species": "Fringilla coelebs", "scientificName": "Fringilla coelebs Linnaeus, 1758", "eventDate": "2023-01-07T00:00:00Z", "uncertainty_m": 25.0 }, "geometry": { "type": "Point", "coordinates": [ 8.668772, 49.348171 ] } },
{ "type": "Feature", "properties": { "key": 5822632885, "species": "Carduelis carduelis", "scientificName": "Carduelis carduelis (Linnaeus, 1758)", "eventDate": "2023-01-07T00:00:00Z", "uncertainty_m": 25.0 }, "geometry": { "type": "Point", "coordinates": [ 8.604632, 49.472828 ] } },
{ "type": "Feature", "properties": { "key": 5822633005, "species": "Poecile palustris", "scientificName": "Poecile palustris (Linnaeus, 1758)", "eventDate": "2023-01-07T00:00:00Z", "uncertainty_m": 25.0 }, "geometry": { "type": "Point", "coordinates": [ 8.750075, 49.364109 ] } },
{ "type": "Feature", "properties": { "key": 5822633043, "species": "Pica pica", "scientificName": "Pica pica (Linnaeus, 1758)", "eventDate": "2023-01-07T00:00:00Z", "uncertainty_m": 25.0 }, "geometry": { "type": "Point", "coordinates": [ 8.689481, 49.378681 ] } },
{ "type": "Feature", "properties": { "key": 5822641941, "species": "Spinus spinus", "scientificName": "Spinus spinus (Linnaeus, 1758)", "eventDate": "2023-01-07T00:00:00Z", "uncertainty_m": 25.0 }, "geometry": { "type": "Point", "coordinates": [ 8.65144, 49.344585 ] } },
{ "type": "Feature", "properties": { "key": 5822643708, "species": "Turdus merula", "scientificName": "Turdus merula Linnaeus, 1758", "eventDate": "2023-01-07T00:00:00Z", "uncertainty_m": 25.0 }, "geometry": { "type": "Point", "coordinates": [ 8.592985, 49.371361 ] } },
{ "type": "Feature", "properties": { "key": 5822646277, "species": "Certhia familiaris", "scientificName": "Certhia familiaris Linnaeus, 1758", "eventDate": "2023-01-07T00:00:00Z", "uncertainty_m": 25.0 }, "geometry": { "type": "Point", "coordinates": [ 8.6764, 49.416901 ] } },
{ "type": "Feature", "properties": { "key": 5822650440, "species": "Strix aluco", "scientificName": "Strix aluco Linnaeus, 1758", "eventDate": "2023-01-07T00:00:00Z", "uncertainty_m": 25.0 }, "geometry": { "type": "Point", "coordinates": [ 8.692803, 49.319767 ] } },
{ "type": "Feature", "properties": { "key": 5822651968, "species": "Coccothraustes coccothraustes", "scientificName": "Coccothraustes coccothraustes (Linnaeus, 1758)", "eventDate": "2023-01-07T00:00:00Z", "uncertainty_m": 25.0 }, "geometry": { "type": "Point", "coordinates": [ 8.696036, 49.477219 ] } },
{ "type": "Feature", "properties": { "key": 5822659113, "species": "Troglodytes troglodytes", "scientificName": "Troglodytes troglodytes (Linnaeus, 1758)", "eventDate": "2023-01-07T00:00:00Z", "uncertainty_m": 25.0 }, "geometry": { "type": "Point", "coordinates": [ 8.6935, 49.4095 ] } },
{ "type": "Feature", "properties": { "key": 5822662670, "species": "Lophophanes cristatus", "scientificName": "Lophophanes cristatus (Linnaeus, 1758)", "eventDate": "2023-01-07T00:00:00Z", "uncertainty_m": 25.0 }, "geometry": { "type": "Point", "coordinates": [ 8.738236, 49.487957 ] } },
{ "type": "Feature", "properties": { "key": 5822665365, "species": "Certhia brachydactyla", "scientificName": "Certhia brachydactyla C.L.Brehm, 1820", "eventDate": "2023-01-07T00:00:00Z", "uncertainty_m": 25.0 }, "geometry": { "type": "Point", "coordinates": [ 8.67004, 49.421772 ] } },
{ "type": "Feature", "properties": { "key": 5822666072, "species": "Erithacus rubecula", "scientificName": "Erithacus rubecula (Linnaeus, 1758)", "eventDate": "2023-01-07T00:00:00Z", "uncertainty_m": 25.0 }, "geometry": { "type": "Point", "coordinates": [ 8.617826, 49.442581 ] } },
{ "type": "Feature", "properties": { "key": 5822666644, "species": "Dendrocopos major", "scientificName": "Dendrocopos major (Linnaeus, 1758)", "eventDate": "2023-01-07T00:00:00Z", "uncertainty_m": 25.0 }, "geometry": { "type": "Point", "coordinates": [ 8.685674, 49.39513 ] } },
{ "type": "Feature", "properties": { "key": 5822676674, "species": "Corvus monedula", "scientificName": "Corvus monedula Linnaeus, 1758", "eventDate": "2023-01-07T00:00:00Z", "uncertainty_m": 25.0 }, "geometry": { "type": "Point", "coordinates": [ 8.579542, 49.367092 ] } },
{ "type": "Feature", "properties": { "key": 5822697754, "species": "Streptopelia decaocto", "scientificName": "Streptopelia decaocto (Frivaldszky, 1838)", "eventDate": "2023-01-07T00:00:00Z", "uncertainty_m": 25.0 }, "geometry": { "type": "Point", "coordinates": [ 8.82493, 49.328888 ] } },
{ "type": "Feature", "properties": { "key": 5822701617, "species": "Accipiter nisus", "scientificName": "Accipiter nisus (Linnaeus, 1758)", "eventDate": "2023-01-07T00:00:00Z", "uncertainty_m": 25.0 }, "geometry": { "type": "Point", "coordinates": [ 8.564475, 49.394478 ] } },
{ "type": "Feature", "properties": { "key": 5822727324, "species": "Troglodytes troglodytes", "scientificName": "Troglodytes troglodytes (Linnaeus, 1758)", "eventDate": "2023-01-07T00:00:00Z", "uncertainty_m": 25.0 }, "geometry": { "type": "Point", "coordinates": [ 8.566563, 49.377731 ] } },
{ "type": "Feature", "properties": { "key": 5822738943, "species": "Fringilla coelebs", "scientificName": "Fringilla coelebs Linnaeus, 1758", "eventDate": "2023-01-07T00:00:00Z", "uncertainty_m": 25.0 }, "geometry": { "type": "Point", "coordinates": [ 8.706395, 49.506252 ] } },
{ "type": "Feature", "properties": { "key": 5822739117, "species": "Spinus spinus", "scientificName": "Spinus spinus (Linnaeus, 1758)", "eventDate": "2023-01-07T00:00:00Z", "uncertainty_m": 25.0 }, "geometry": { "type": "Point", "coordinates": [ 8.736135, 49.306797 ] } },
{ "type": "Feature", "properties": { "key": 5822739394, "species": "Cyanistes caeruleus", "scientificName": "Cyanistes caeruleus (Linnaeus, 1758)", "eventDate": "2023-01-07T00:00:00Z", "uncertainty_m": 25.0 }, "geometry": { "type": "Point", "coordinates": [ 8.617826, 49.442581 ] } },
{ "type": "Feature", "properties": { "key": 5822739495, "species": "Buteo buteo", "scientificName": "Buteo buteo (Linnaeus, 1758)", "eventDate": "2023-01-07T00:00:00Z", "uncertainty_m": 25.0 }, "geometry": { "type": "Point", "coordinates": [ 8.596988, 49.4813 ] } },
{ "type": "Feature", "properties": { "key": 5822761852, "species": "Passer domesticus", "scientificName": "Passer domesticus (Linnaeus, 1758)", "eventDate": "2023-01-07T00:00:00Z", "uncertainty_m": 25.0 }, "geometry": { "type": "Point", "coordinates": [ 8.666129, 49.46582 ] } },
{ "type": "Feature", "properties": { "key": 5822763041, "species": "Poecile palustris", "scientificName": "Poecile palustris (Linnaeus, 1758)", "eventDate": "2023-01-07T00:00:00Z", "uncertainty_m": 25.0 }, "geometry": { "type": "Point", "coordinates": [ 8.791448, 49.480789 ] } },
{ "type": "Feature", "properties": { "key": 5822770079, "species": "Chloris chloris", "scientificName": "Chloris chloris (Linnaeus, 1758)", "eventDate": "2023-01-07T00:00:00Z", "uncertainty_m": 25.0 }, "geometry": { "type": "Point", "coordinates": [ 8.65082, 49.42469 ] } },
{ "type": "Feature", "properties": { "key": 5822772115, "species": "Alcedo atthis", "scientificName": "Alcedo atthis (Linnaeus, 1758)", "eventDate": "2023-01-07T00:00:00Z", "uncertainty_m": 25.0 }, "geometry": { "type": "Point", "coordinates": [ 8.738742, 49.303394 ] } },
{ "type": "Feature", "properties": { "key": 5822786365, "species": "Picus viridis", "scientificName": "Picus viridis Linnaeus, 1758", "eventDate": "2023-01-07T00:00:00Z", "uncertainty_m": 25.0 }, "geometry": { "type": "Point", "coordinates": [ 8.570362, 49.376442 ] } },
{ "type": "Feature", "properties": { "key": 5822798889, "species": "Leiopicus medius", "scientificName": "Leiopicus medius (Linnaeus, 1758)", "eventDate": "2023-01-07T00:00:00Z", "uncertainty_m": 25.0 }, "geometry": { "type": "Point", "coordinates": [ 8.805663, 49.367027 ] } },
{ "type": "Feature", "properties": { "key": 5822800432, "species": "Picus viridis", "scientificName": "Picus viridis Linnaeus, 1758", "eventDate": "2023-01-07T00:00:00Z", "uncertainty_m": 25.0 }, "geometry": { "type": "Point", "coordinates": [ 8.586628, 49.383839 ] } },
{ "type": "Feature", "properties": { "key": 5822818225, "species": "Carduelis carduelis", "scientificName": "Carduelis carduelis (Linnaeus, 1758)", "eventDate": "2023-01-07T00:00:00Z", "uncertainty_m": 25.0 }, "geometry": { "type": "Point", "coordinates": [ 8.79586, 49.384583 ] } },
{ "type": "Feature", "properties": { "key": 5822818838, "species": "Corvus corone", "scientificName": "Corvus corone Linnaeus, 1758", "eventDate": "2023-01-07T00:00:00Z", "uncertainty_m": 25.0 }, "geometry": { "type": "Point", "coordinates": [ 8.699587, 49.347553 ] } },
{ "type": "Feature", "properties": { "key": 5822819783, "species": "Pica pica", "scientificName": "Pica pica (Linnaeus, 1758)", "eventDate": "2023-01-07T00:00:00Z", "uncertainty_m": 25.0 }, "geometry": { "type": "Point", "coordinates": [ 8.665109, 49.445774 ] } },
{ "type": "Feature", "properties": { "key": 5822822048, "species": "Anas platyrhynchos", "scientificName": "Anas platyrhynchos Linnaeus, 1758", "eventDate": "2023-01-07T00:00:00Z", "uncertainty_m": 25.0 }, "geometry": { "type": "Point", "coordinates": [ 8.799813, 49.345951 ] } },
{ "type": "Feature", "properties": { "key": 5822845705, "species": "Coccothraustes coccothraustes", "scientificName": "Coccothraustes coccothraustes (Linnaeus, 1758)", "eventDate": "2023-01-07T00:00:00Z", "uncertainty_m": 25.0 }, "geometry": { "type": "Point", "coordinates": [ 8.75806, 49.423046 ] } },
{ "type": "Feature", "properties": { "key": 5822854912, "species": "Corvus frugilegus", "scientificName": "Corvus frugilegus Linnaeus, 1758", "eventDate": "2023-01-07T00:00:00Z", "uncertainty_m": 25.0 }, "geometry": { "type": "Point", "coordinates": [ 8.7856, 49.3936 ] } },
{ "type": "Feature", "properties": { "key": 5822860882, "species": "Falco tinnunculus", "scientificName": "Falco tinnunculus Linnaeus, 1758", "eventDate": "2023-01-07T00:00:00Z", "uncertainty_m": 25.0 }, "geometry": { "type": "Point", "coordinates": [ 8.805663, 49.367027 ] } },
{ "type": "Feature", "properties": { "key": 5822868598, "species": "Pica pica", "scientificName": "Pica pica (Linnaeus, 1758)", "eventDate": "2023-01-07T00:00:00Z", "uncertainty_m": 25.0 }, "geometry": { "type": "Point", "coordinates": [ 8.706395, 49.506252 ] } },
{ "type": "Feature", "properties": { "key": 5822892792, "species": "Chloris chloris", "scientificName": "Chloris chloris (Linnaeus, 1758)", "eventDate": "2023-01-07T00:00:00Z", "uncertainty_m": 25.0 }, "geometry": { "type": "Point", "coordinates": [ 8.668772, 49.348171 ] } },
{ "type": "Feature", "properties": { "key": 5822892982, "species": "Carduelis carduelis", "scientificName": "Carduelis carduelis (Linnaeus, 1758)", "eventDate": "2023-01-07T00:00:00Z", "uncertainty_m": 25.0 }, "geometry": { "type": "Point", "coordinates": [ 8.556776, 49.463741 ] } },
{ "type": "Feature", "properties": { "key": 5822908158, "species": "Accipiter nisus", "scientificName": "Accipiter nisus (Linnaeus, 1758)", "eventDate": "2023-01-07T00:00:00Z", "uncertainty_m": 25.0 }, "geometry": { "type": "Point", "coordinates": [ 8.643648, 49.42271 ] } },
{ "type": "Feature", "properties": { "key": 5822908764, "species": "Streptopelia decaocto", "scientificName": "Streptopelia decaocto (Frivaldszky, 1838)", "eventDate": "2023-01-07T00:00:00Z", "uncertainty_m": 25.0 }, "geometry": { "type": "Point", "coordinates": [ 8.668772, 49.348171 ] } },
{ "type": "Feature", "properties": { "key": 5822925364, "species": "Passer domesticus", "scientificName": "Passer domesticus (Linnaeus, 1758)", "eventDate": "2023-01-07T00:00:00Z", "uncertainty_m": 25.0 }, "geometry": { "type": "Point", "coordinates": [ 8.592985, 49.371361 ] } },
{ "type": "Feature", "properties": { "key": 5822926499, "species": "Spinus spinus", "scientificName": "Spinus spinus (Linnaeus, 1758)", "eventDate": "2023-01-07T00:00:00Z", "uncertainty_m": 25.0 }, "geometry": { "type": "Point", "coordinates": [ 8.803212, 49.378613 ] } },
{ "type": "Feature", "properties": { "key": 5822934164, "species": "Certhia brachydactyla", "scientificName": "Certhia brachydactyla C.L.Brehm, 1820", "eventDate": "2023-01-07T00:00:00Z", "uncertainty_m": 25.0 }, "geometry": { "type": "Point", "coordinates": [ 8.646935, 49.397434 ] } },
{ "type": "Feature", "properties": { "key": 5822939447, "species": "Gallinula chloropus", "scientificName": "Gallinula chloropus (Linnaeus, 1758)", "eventDate": "2023-01-07T00:00:00Z", "uncertainty_m": 25.0 }, "geometry": { "type": "Point", "coordinates": [ 8.649669, 49.419975 ] } },
{ "type": "Feature", "properties": { "key": 5822942717, "species": "Columba palumbus", "scientificName": "Columba palumbus Linnaeus, 1758", "eventDate": "2023-01-07T00:00:00Z", "uncertainty_m": 25.0 }, "geometry": { "type": "Point", "coordinates": [ 8.556776, 49.463741 ] } },
{ "type": "Feature", "properties": { "key": 5822943340, "species": "Regulus regulus", "scientificName": "Regulus regulus (Linnaeus, 1758)", "eventDate": "2023-01-07T00:00:00Z", "uncertainty_m": 25.0 }, "geometry": { "type": "Point", "coordinates": [ 8.830858, 49.392284 ] } },
{ "type": "Feature", "properties": { "key": 5822955760, "species": "Erithacus rubecula", "scientificName": "Erithacus rubecula (Linnaeus, 1758)", "eventDate": "2023-01-07T00:00:00Z", "uncertainty_m": 25.0 }, "geometry": { "type": "Point", "coordinates": [ 8.592985, 49.371361 ] } },
{ "type": "Feature", "properties": { "key": 5822965809, "species": "Fringilla coelebs", "scientificName": "Fringilla coelebs Linnaeus, 1758", "eventDate": "2023-01-07T00:00:00Z", "uncertainty_m": 25.0 }, "geometry": { "type": "Point", "coordinates": [ 8.6935, 49.4095 ] } },
{ "type": "Feature", "properties": { "key": 5822982987, "species": "Aegithalos caudatus", "scientificName": "Aegithalos caudatus (Linnaeus, 1758)", "eventDate": "2023-01-07T00:00:00Z", "uncertainty_m": 25.0 }, "geometry": { "type": "Point", "coordinates": [ 8.563209, 49.377579 ] } },
{ "type": "Feature", "properties": { "key": 5822986461, "species": "Coccothraustes coccothraustes", "scientificName": "Coccothraustes coccothraustes (Linnaeus, 1758)", "eventDate": "2023-01-07T00:00:00Z", "uncertainty_m": 25.0 }, "geometry": { "type": "Point", "coordinates": [ 8.569185, 49.391037 ] } },
{ "type": "Feature", "properties": { "key": 5822987080, "species": "Troglodytes troglodytes", "scientificName": "Troglodytes troglodytes (Linnaeus, 1758)", "eventDate": "2023-01-07T00:00:00Z", "uncertainty_m": 25.0 }, "geometry": { "type": "Point", "coordinates": [ 8.6189, 49.472347 ] } },
{ "type": "Feature", "properties": { "key": 5823006118, "species": "Columba livia", "scientificName": "Columba livia f. domestica", "eventDate": "2023-01-07T00:00:00Z", "uncertainty_m": 25.0 }, "geometry": { "type": "Point", "coordinates": [ 8.817113, 49.321735 ] } },
{ "type": "Feature", "properties": { "key": 5823008167, "species": "Buteo buteo", "scientificName": "Buteo buteo (Linnaeus, 1758)", "eventDate": "2023-01-07T00:00:00Z", "uncertainty_m": 25.0 }, "geometry": { "type": "Point", "coordinates": [ 8.684008, 49.322754 ] } },
{ "type": "Feature", "properties": { "key": 5823019345, "species": "Dendrocopos major", "scientificName": "Dendrocopos major (Linnaeus, 1758)", "eventDate": "2023-01-07T00:00:00Z", "uncertainty_m": 25.0 }, "geometry": { "type": "Point", "coordinates": [ 8.695839, 49.429581 ] } },
{ "type": "Feature", "properties": { "key": 5823024644, "species": "Periparus ater", "scientificName": "Periparus ater (Linnaeus, 1758)", "eventDate": "2023-01-07T00:00:00Z", "uncertainty_m": 25.0 }, "geometry": { "type": "Point", "coordinates": [ 8.77437, 49.351032 ] } },
{ "type": "Feature", "properties": { "key": 5823028360, "species": "Garrulus glandarius", "scientificName": "Garrulus glandarius (Linnaeus, 1758)", "eventDate": "2023-01-07T00:00:00Z", "uncertainty_m": 25.0 }, "geometry": { "type": "Point", "coordinates": [ 8.817113, 49.321735 ] } },
{ "type": "Feature", "properties": { "key": 5823033701, "species": "Larus argentatus", "scientificName": "Larus argentatus Pontoppidan, 1763", "eventDate": "2023-01-07T00:00:00Z", "uncertainty_m": 25.0 }, "geometry": { "type": "Point", "coordinates": [ 8.614348, 49.470169 ] } },
{ "type": "Feature", "properties": { "key": 5823037333, "species": "Parus major", "scientificName": "Parus major Linnaeus, 1758", "eventDate": "2023-01-07T00:00:00Z", "uncertainty_m": 25.0 }, "geometry": { "type": "Point", "coordinates": [ 8.784739, 49.393833 ] } },
{ "type": "Feature", "properties": { "key": 5823041855, "species": "Accipiter nisus", "scientificName": "Accipiter nisus (Linnaeus, 1758)", "eventDate": "2023-01-07T00:00:00Z", "uncertainty_m": 25.0 }, "geometry": { "type": "Point", "coordinates": [ 8.746009, 49.366528 ] } },
{ "type": "Feature", "properties": { "key": 5823044241, "species": "Garrulus glandarius", "scientificName": "Garrulus glandarius (Linnaeus, 1758)", "eventDate": "2023-01-07T00:00:00Z", "uncertainty_m": 25.0 }, "geometry": { "type": "Point", "coordinates": [ 8.807773, 49.50066 ] } },
{ "type": "Feature", "properties": { "key": 5823047594, "species": "Columba palumbus", "scientificName": "Columba palumbus Linnaeus, 1758", "eventDate": "2023-01-07T00:00:00Z", "uncertainty_m": 25.0 }, "geometry": { "type": "Point", "coordinates": [ 8.837508, 49.386177 ] } },
{ "type": "Feature", "properties": { "key": 5823055685, "species": "Aegithalos caudatus", "scientificName": "Aegithalos caudatus (Linnaeus, 1758)", "eventDate": "2023-01-07T00:00:00Z", "uncertainty_m": 25.0 }, "geometry": { "type": "Point", "coordinates": [ 8.839109, 49.394726 ] } },
{ "type": "Feature", "properties": { "key": 5823060611, "species": "Passer domesticus", "scientificName": "Passer domesticus (Linnaeus, 1758)", "eventDate": "2023-01-07T00:00:00Z", "uncertainty_m": 25.0 }, "geometry": { "type": "Point", "coordinates": [ 8.65144, 49.344585 ] } },
{ "type": "Feature", "properties": { "key": 5823063538, "species": "Lophophanes cristatus", "scientificName": "Lophophanes cristatus (Linnaeus, 1758)", "eventDate": "2023-01-07T00:00:00Z", "uncertainty_m": 25.0 }, "geometry": { "type": "Point", "coordinates": [ 8.6935, 49.4095 ] } },
{ "type": "Feature", "properties": { "key": 5823064596, "species": "Dendrocopos major", "scientificName": "Dendrocopos major (Linnaeus, 1758)", "eventDate": "2023-01-07T00:00:00Z", "uncertainty_m": 25.0 }, "geometry": { "type": "Point", "coordinates": [ 8.762063, 49.477257 ] } },
{ "type": "Feature", "properties": { "key": 5823074562, "species": "Turdus merula", "scientificName": "Turdus merula Linnaeus, 1758", "eventDate": "2023-01-07T00:00:00Z", "uncertainty_m": 25.0 }, "geometry": { "type": "Point", "coordinates": [ 8.563209, 49.377579 ] } },
{ "type": "Feature", "properties": { "key": 5823078213, "species": "Poecile montanus", "scientificName": "Poecile montanus (Conrad von Baldenstein, 1827)", "eventDate": "2023-01-07T00:00:00Z", "uncertainty_m": 25.0 }, "geometry": { "type": "Point", "coordinates": [ 8.675871, 49.475948 ] } },
{ "type": "Feature", "properties": { "key": 5823078623, "species": "Motacilla alba", "scientificName": "Motacilla alba Linnaeus, 1758", "eventDate": "2023-01-07T00:00:00Z", "uncertainty_m": 25.0 }, "geometry": { "type": "Point", "coordinates": [ 8.642004, 49.376469 ] } },
{ "type": "Feature", "properties": { "key": 5823082323, "species": "Poecile montanus", "scientificName": "Poecile montanus (Conrad von Baldenstein, 1827)", "eventDate": "2023-01-07T00:00:00Z", "uncertainty_m": 25.0 }, "geometry": { "type": "Point", "coordinates": [ 8.67004, 49.421772 ] } },
{ "type": "Feature", "properties": { "key": 5823088391, "species": "Passer domesticus", "scientificName": "Passer domesticus (Linnaeus, 1758)", "eventDate": "2023-01-07T00:00:00Z", "uncertainty_m": 25.0 }, "geometry": { "type": "Point", "coordinates": [ 8.617826, 49.442581 ] } },
{ "type": "Feature", "properties": { "key": 5823111490, "species": "Periparus ater", "scientificName": "Periparus ater (Linnaeus, 1758)", "eventDate": "2023-01-07T00:00:00Z", "uncertainty_m": 25.0 }, "geometry": { "type": "Point", "coordinates": [ 8.836651, 49.390106 ] } },
{ "type": "Feature", "properties": { "key": 5823115430, "species": "Corvus corax", "scientificName": "Corvus corax Linnaeus, 1758", "eventDate": "2023-01-07T00:00:00Z", "uncertainty_m": 25.0 }, "geometry": { "type": "Point", "coordinates": [ 8.73528, 49.420647 ] } },
{ "type": "Feature", "properties": { "key": 5823126036, "species": "Fringilla montifringilla", "scientificName": "Fringilla montifringilla Linnaeus, 1758", "eventDate": "2023-01-07T00:00:00Z", "uncertainty_m": 25.0 }, "geometry": { "type": "Point", "coordinates": [ 8.760896, 49.304325 ] } },
{ "type": "Feature", "properties": { "key": 5823132520, "species": "Sitta europaea", "scientificName": "Sitta europaea Linnaeus, 1758", "eventDate": "2023-01-07T00:00:00Z", "uncertainty_m": 25.0 }, "geometry": { "type": "Point", "coordinates": [ 8.762063, 49.477257 ] } },
{ "type": "Feature", "properties": { "key": 5823137390, "species": "Branta canadensis", "scientificName": "Branta canadensis (Linnaeus, 1758)", "eventDate": "2023-01-07T00:00:00Z", "uncertainty_m": 25.0 }, "geometry": { "type": "Point", "coordinates": [ 8.609661, 49.51025 ] } },
{ "type": "Feature", "properties": { "key": 5823168715, "species": "Sturnus vulgaris", "scientificName": "Sturnus vulgaris Linnaeus, 1758", "eventDate": "2023-01-07T00:00:00Z", "uncertainty_m": 25.0 }, "geometry": { "type": "Point", "coordinates": [ 8.625208, 49.397621 ] } },
{ "type": "Feature", "properties": { "key": 5823170052, "species": "Certhia brachydactyla", "scientificName": "Certhia brachydactyla C.L.Brehm, 1820", "eventDate": "2023-01-07T00:00:00Z", "uncertainty_m": 25.0 }, "geometry": { "type": "Point", "coordinates": [ 8.777612, 49.463879 ] } },
{ "type": "Feature", "properties": { "key": 5823180312, "species": "Parus major", "scientificName": "Parus major Linnaeus, 1758", "eventDate": "2023-01-07T00:00:00Z", "uncertainty_m": 25.0 }, "geometry": { "type": "Point", "coordinates": [ 8.563209, 49.377579 ] } },
{ "type": "Feature", "properties": { "key": 5823196813, "species": "Falco tinnunculus", "scientificName": "Falco tinnunculus Linnaeus, 1758", "eventDate": "2023-01-07T00:00:00Z", "uncertainty_m": 25.0 }, "geometry": { "type": "Point", "coordinates": [ 8.649669, 49.419975 ] } },
{ "type": "Feature", "properties": { "key": 5823206796, "species": "Poecile palustris", "scientificName": "Poecile palustris (Linnaeus, 1758)", "eventDate": "2023-01-07T00:00:00Z", "uncertainty_m": 25.0 }, "geometry": { "type": "Point", "coordinates": [ 8.695839, 49.429581 ] } },
{ "type": "Feature", "properties": { "key": 5823213007, "species": "Chloris chloris", "scientificName": "Chloris chloris (Linnaeus, 1758)", "eventDate": "2023-01-07T00:00:00Z", "uncertainty_m": 25.0 }, "geometry": { "type": "Point", "coordinates": [ 8.625208, 49.397621 ] } },
{ "type": "Feature", "properties": { "key": 5823213303, "species": "Corvus monedula", "scientificName": "Corvus monedula Linnaeus, 1758", "eventDate": "2023-01-07T00:00:00Z", "uncertainty_m": 25.0 }, "geometry": { "type": "Point", "coordinates": [ 8.607203, 49.445301 ] } },
{ "type": "Feature", "properties": { "key": 5823215296, "species": "Cyanistes caeruleus", "scientificName": "Cyanistes caeruleus (Linnaeus, 1758)", "eventDate": "2023-01-07T00:00:00Z", "uncertainty_m": 25.0 }, "geometry": { "type": "Point", "coordinates": [ 8.668772, 49.348171 ] } },
{ "type": "Feature", "properties": { "key": 5823216635, "species": "Parus major", "scientificName": "Parus major Linnaeus, 1758", "eventDate": "2023-01-07T00:00:00Z", "uncertainty_m": 25.0 }, "geometry": { "type": "Point", "coordinates": [ 8.689481, 49.378681 ] } },
{ "type": "Feature", "properties": { "key": 5823220488, "species": "Passer domesticus", "scientificName": "Passer domesticus (Linnaeus, 1758)", "eventDate": "2023-01-07T00:00:00Z", "uncertainty_m": 25.0 }, "geometry": { "type": "Point", "coordinates": [ 8.77437, 49.351032 ] } },
{ "type": "Feature", "properties": { "key": 5823221696, "species": "Regulus regulus", "scientificName": "Regulus regulus (Linnaeus, 1758)", "eventDate": "2023-01-07T00:00:00Z", "uncertainty_m": 25.0 }, "geometry": { "type": "Point", "coordinates": [ 8.596988, 49.4813 ] } },
{ "type": "Feature", "properties": { "key": 5823226618, "species": "Sturnus vulgaris", "scientificName": "Sturnus vulgaris Linnaeus, 1758", "eventDate": "2023-01-07T00:00:00Z", "uncertainty_m": 25.0 }, "geometry": { "type": "Point", "coordinates": [ 8.579542, 49.367092 ] } },
{ "type": "Feature", "properties": { "key": 5823246253, "species": "Columba palumbus", "scientificName": "Columba palumbus Linnaeus, 1758", "eventDate": "2023-01-07T00:00:00Z", "uncertainty_m": 25.0 }, "geometry": { "type": "Point", "coordinates": [ 8.664697, 49.339737 ] } },
{ "type": "Feature", "properties": { "key": 5823267374, "species": "Sturnus vulgaris", "scientificName": "Sturnus vulgaris Linnaeus, 1758", "eventDate": "2023-01-07T00:00:00Z", "uncertainty_m": 25.0 }, "geometry": { "type": "Point", "coordinates": [ 8.706395, 49.506252 ] } },
{ "type": "Feature", "properties": { "key": 5823267668, "species": "Corvus frugilegus", "scientificName": "Corvus frugilegus Linnaeus, 1758", "eventDate": "2023-01-07T00:00:00Z", "uncertainty_m": 25.0 }, "geometry": { "type": "Point", "coordinates": [ 8.701771, 49.301125 ] } },
{ "type": "Feature", "properties": { "key": 5823273987, "species": "Sitta europaea", "scientificName": "Sitta europaea Linnaeus, 1758", "eventDate": "2023-01-07T00:00:00Z", "uncertainty_m": 25.0 }, "geometry": { "type": "Point", "coordinates": [ 8.689481, 49.378681 ] } },
{ "type": "Feature", "properties": { "key": 5823277900, "species": "Passer montanus", "scientificName": "Passer montanus (Linnaeus, 1758)", "eventDate": "2023-01-07T00:00:00Z", "uncertainty_m": 25.0 }, "geometry": { "type": "Point", "coordinates": [ 8.65144, 49.344585 ] } },
{ "type": "Feature", "properties": { "key": 5823284463, "species": "Pica pica", "scientificName": "Pica pica (Linnaeus, 1758)", "eventDate": "2023-01-07T00:00:00Z", "uncertainty_m": 25.0 }, "geometry": { "type": "Point", "coordinates": [ 8.8386, 49.4086 ] } },
{ "type": "Feature", "properties": { "key": 5823286773, "species": "Corvus corax", "scientificName": "Corvus corax Linnaeus, 1758", "eventDate": "2023-01-07T00:00:00Z", "uncertainty_m": 25.0 }, "geometry": { "type": "Point", "coordinates": [ 8.69033, 49.390106 ] } },
{ "type": "Feature", "properties": { "key": 5823294368, "species": "Sturnus vulgaris", "scientificName": "Sturnus vulgaris Linnaeus, 1758", "eventDate": "2023-01-07T00:00:00Z", "uncertainty_m": 25.0 }, "geometry": { "type": "Point", "coordinates": [ 8.746009, 49.366528 ] } },
{ "type": "Feature", "properties": { "key": 5823296346, "species": "Troglodytes troglodytes", "scientificName": "Troglodytes troglodytes (Linnaeus, 1758)", "eventDate": "2023-01-07T00:00:00Z", "uncertainty_m": 25.0 }, "geometry": { "type": "Point", "coordinates": [ 8.706395, 49.506252 ] } },
{ "type": "Feature", "properties": { "key": 5823296948, "species": "Chloris chloris", "scientificName": "Chloris chloris (Linnaeus, 1758)", "eventDate": "2023-01-07T00:00:00Z", "uncertainty_m": 25.0 }, "geometry": { "type": "Point", "coordinates": [ 8.82493, 49.328888 ] } },
{ "type": "Feature", "properties": { "key": 5823303086, "species": "Columba livia", "scientificName": "Columba livia f. domestica", "eventDate": "2023-01-07T00:00:00Z", "uncertainty_m": 25.0 }, "geometry": { "type": "Point", "coordinates": [ 8.65144, 49.344585 ] } },
{ "type": "Feature", "properties": { "key": 5823309158, "species": "Phalacrocorax carbo", "scientificName": "Phalacrocorax carbo (Linnaeus, 1758)", "eventDate": "2023-01-07T00:00:00Z", "uncertainty_m": 25.0 }, "geometry": { "type": "Point", "coordinates": [ 8.564994, 49.477066 ] } },
{ "type": "Feature", "properties": { "key": 5823311810, "species": "Streptopelia decaocto", "scientificName": "Streptopelia decaocto (Frivaldszky, 1838)", "eventDate": "2023-01-07T00:00:00Z", "uncertainty_m": 25.0 }, "geometry": { "type": "Point", "coordinates": [ 8.664697, 49.339737 ] } },
{ "type": "Feature", "properties": { "key": 5823313631, "species": "Dendrocopos major", "scientificName": "Dendrocopos major (Linnaeus, 1758)", "eventDate": "2023-01-07T00:00:00Z", "uncertainty_m": 25.0 }, "geometry": { "type": "Point", "coordinates": [ 8.603156, 49.512589 ] } },
{ "type": "Feature", "properties": { "key": 5823329816, "species": "Cyanistes caeruleus", "scientificName": "Cyanistes caeruleus (Linnaeus, 1758)", "eventDate": "2023-01-07T00:00:00Z", "uncertainty_m": 25.0 }, "geometry": { "type": "Point", "coordinates": [ 8.563209, 49.377579 ] } },
{ "type": "Feature", "properties": { "key": 5823342223, "species": "Columba livia", "scientificName": "Columba livia f. domestica", "eventDate": "2023-01-07T00:00:00Z", "uncertainty_m": 25.0 }, "geometry": { "type": "Point", "coordinates": [ 8.609043, 49.466297 ] } },
{ "type": "Feature", "properties": { "key": 5823345670, "species": "Larus ridibundus", "scientificName": "Larus ridibundus Linnaeus, 1766", "eventDate": "2023-01-07T00:00:00Z", "uncertainty_m": 25.0 }, "geometry": { "type": "Point", "coordinates": [ 8.554977, 49.50235 ] } },
{ "type": "Feature", "properties": { "key": 5823361094, "species": "Corvus frugilegus", "scientificName": "Corvus frugilegus Linnaeus, 1758", "eventDate": "2023-01-07T00:00:00Z", "uncertainty_m": 25.0 }, "geometry": { "type": "Point", "coordinates": [ 8.614348, 49.470169 ] } },
{ "type": "Feature", "properties": { "key": 5823369835, "species": "Periparus ater", "scientificName": "Periparus ater (Linnaeus, 1758)", "eventDate": "2023-01-07T00:00:00Z", "uncertainty_m": 25.0 }, "geometry": { "type": "Point", "coordinates": [ 8.747313, 49.508877 ] } },
{ "type": "Feature", "properties": { "key": 5823397009, "species": "Falco tinnunculus", "scientificName": "Falco tinnunculus Linnaeus, 1758", "eventDate": "2023-01-07T00:00:00Z", "uncertainty_m": 25.0 }, "geometry": { "type": "Point", "coordinates": [ 8.706395, 49.506252 ] } },
{ "type": "Feature", "properties": { "key": 5823405442, "species": "Carduelis carduelis", "scientificName": "Carduelis carduelis (Linnaeus, 1758)", "eventDate": "2023-01-07T00:00:00Z", "uncertainty_m": 25.0 }, "geometry": { "type": "Point", "coordinates": [ 8.805332, 49.399933 ] } },
{ "type": "Feature", "properties": { "key": 5823416521, "species": "Buteo buteo", "scientificName": "Buteo buteo (Linnaeus, 1758)", "eventDate": "2023-01-07T00:00:00Z", "uncertainty_m": 25.0 }, "geometry": { "type": "Point", "coordinates": [ 8.691579, 49.405113 ] } },
{ "type": "Feature", "properties": { "key": 5823417799, "species": "Milvus milvus", "scientificName": "Milvus milvus (Linnaeus, 1758)", "eventDate": "2023-01-07T00:00:00Z", "uncertainty_m": 25.0 }, "geometry": { "type": "Point", "coordinates": [ 8.660913, 49.341743 ] } },
{ "type": "Feature", "properties": { "key": 5823422559, "species": "Gallinula chloropus", "scientificName": "Gallinula chloropus (Linnaeus, 1758)", "eventDate": "2023-01-07T00:00:00Z", "uncertainty_m": 25.0 }, "geometry": { "type": "Point", "coordinates": [ 8.554977, 49.50235 ] } },
{ "type": "Feature", "properties": { "key": 5823426037, "species": "Fringilla coelebs", "scientificName": "Fringilla coelebs Linnaeus, 1758", "eventDate": "2023-01-07T00:00:00Z", "uncertainty_m": 25.0 }, "geometry": { "type": "Point", "coordinates": [ 8.776497, 49.348248 ] } },
{ "type": "Feature", "properties": { "key": 5823429450, "species": "Picus viridis", "scientificName": "Picus viridis Linnaeus, 1758", "eventDate": "2023-01-07T00:00:00Z", "uncertainty_m": 25.0 }, "geometry": { "type": "Point", "coordinates": [ 8.654927, 49.301735 ] } },
{ "type": "Feature", "properties": { "key": 5823432681, "species": "Streptopelia decaocto", "scientificName": "Streptopelia decaocto (Frivaldszky, 1838)", "eventDate": "2023-01-07T00:00:00Z", "uncertainty_m": 25.0 }, "geometry": { "type": "Point", "coordinates": [ 8.668747, 49.452091 ] } },
{ "type": "Feature", "properties": { "key": 5823433132, "species": "Passer montanus", "scientificName": "Passer montanus (Linnaeus, 1758)", "eventDate": "2023-01-07T00:00:00Z", "uncertainty_m": 25.0 }, "geometry": { "type": "Point", "coordinates": [ 8.689481, 49.378681 ] } },
{ "type": "Feature", "properties": { "key": 5823447043, "species": "Ardea cinerea", "scientificName": "Ardea cinerea Linnaeus, 1758", "eventDate": "2023-01-07T00:00:00Z", "uncertainty_m": 25.0 }, "geometry": { "type": "Point", "coordinates": [ 8.652925, 49.478268 ] } },
{ "type": "Feature", "properties": { "key": 5823463431, "species": "Carduelis carduelis", "scientificName": "Carduelis carduelis (Linnaeus, 1758)", "eventDate": "2023-01-07T00:00:00Z", "uncertainty_m": 25.0 }, "geometry": { "type": "Point", "coordinates": [ 8.668261, 49.443474 ] } },
{ "type": "Feature", "properties": { "key": 5823471829, "species": "Pyrrhula pyrrhula", "scientificName": "Pyrrhula pyrrhula (Linnaeus, 1758)", "eventDate": "2023-01-07T00:00:00Z", "uncertainty_m": 25.0 }, "geometry": { "type": "Point", "coordinates": [ 8.762063, 49.477257 ] } },
{ "type": "Feature", "properties": { "key": 5823480227, "species": "Passer montanus", "scientificName": "Passer montanus (Linnaeus, 1758)", "eventDate": "2023-01-07T00:00:00Z", "uncertainty_m": 25.0 }, "geometry": { "type": "Point", "coordinates": [ 8.747313, 49.508877 ] } },
{ "type": "Feature", "properties": { "key": 5823514809, "species": "Corvus corone", "scientificName": "Corvus corone Linnaeus, 1758", "eventDate": "2023-01-07T00:00:00Z", "uncertainty_m": 25.0 }, "geometry": { "type": "Point", "coordinates": [ 8.84822, 49.400536 ] } },
{ "type": "Feature", "properties": { "key": 5823521321, "species": "Anas platyrhynchos", "scientificName": "Anas platyrhynchos Linnaeus, 1758", "eventDate": "2023-01-07T00:00:00Z", "uncertainty_m": 25.0 }, "geometry": { "type": "Point", "coordinates": [ 8.660913, 49.341743 ] } },
{ "type": "Feature", "properties": { "key": 5823524787, "species": "Psittacula krameri", "scientificName": "Psittacula krameri (Scopoli, 1769)", "eventDate": "2023-01-07T00:00:00Z", "uncertainty_m": 25.0 }, "geometry": { "type": "Point", "coordinates": [ 8.643648, 49.42271 ] } },
{ "type": "Feature", "properties": { "key": 5823541434, "species": "Garrulus glandarius", "scientificName": "Garrulus glandarius (Linnaeus, 1758)", "eventDate": "2023-01-07T00:00:00Z", "uncertainty_m": 25.0 }, "geometry": { "type": "Point", "coordinates": [ 8.844377, 49.40749 ] } },
{ "type": "Feature", "properties": { "key": 5823545003, "species": "Sitta europaea", "scientificName": "Sitta europaea Linnaeus, 1758", "eventDate": "2023-01-07T00:00:00Z", "uncertainty_m": 25.0 }, "geometry": { "type": "Point", "coordinates": [ 8.65144, 49.344585 ] } },
{ "type": "Feature", "properties": { "key": 5823570046, "species": "Pyrrhula pyrrhula", "scientificName": "Pyrrhula pyrrhula (Linnaeus, 1758)", "eventDate": "2023-01-07T00:00:00Z", "uncertainty_m": 25.0 }, "geometry": { "type": "Point", "coordinates": [ 8.669286, 49.380966 ] } },
{ "type": "Feature", "properties": { "key": 5823578128, "species": "Cyanistes caeruleus", "scientificName": "Cyanistes caeruleus (Linnaeus, 1758)", "eventDate": "2023-01-07T00:00:00Z", "uncertainty_m": 25.0 }, "geometry": { "type": "Point", "coordinates": [ 8.678707, 49.452442 ] } },
{ "type": "Feature", "properties": { "key": 5823583181, "species": "Certhia brachydactyla", "scientificName": "Certhia brachydactyla C.L.Brehm, 1820", "eventDate": "2023-01-07T00:00:00Z", "uncertainty_m": 25.0 }, "geometry": { "type": "Point", "coordinates": [ 8.595001, 49.480869 ] } },
{ "type": "Feature", "properties": { "key": 5823588451, "species": "Erithacus rubecula", "scientificName": "Erithacus rubecula (Linnaeus, 1758)", "eventDate": "2023-01-07T00:00:00Z", "uncertainty_m": 25.0 }, "geometry": { "type": "Point", "coordinates": [ 8.563209, 49.377579 ] } },
{ "type": "Feature", "properties": { "key": 5823592155, "species": "Motacilla cinerea", "scientificName": "Motacilla cinerea Tunstall, 1771", "eventDate": "2023-01-07T00:00:00Z", "uncertainty_m": 25.0 }, "geometry": { "type": "Point", "coordinates": [ 8.769466, 49.374359 ] } },
{ "type": "Feature", "properties": { "key": 5823604660, "species": "Pica pica", "scientificName": "Pica pica (Linnaeus, 1758)", "eventDate": "2023-01-07T00:00:00Z", "uncertainty_m": 25.0 }, "geometry": { "type": "Point", "coordinates": [ 8.684768, 49.414906 ] } },
{ "type": "Feature", "properties": { "key": 5823605793, "species": "Aegithalos caudatus", "scientificName": "Aegithalos caudatus (Linnaeus, 1758)", "eventDate": "2023-01-07T00:00:00Z", "uncertainty_m": 25.0 }, "geometry": { "type": "Point", "coordinates": [ 8.609043, 49.466297 ] } },
{ "type": "Feature", "properties": { "key": 5823610811, "species": "Lophophanes cristatus", "scientificName": "Lophophanes cristatus (Linnaeus, 1758)", "eventDate": "2023-01-07T00:00:00Z", "uncertainty_m": 25.0 }, "geometry": { "type": "Point", "coordinates": [ 8.807773, 49.50066 ] } },
{ "type": "Feature", "properties": { "key": 5823611834, "species": "Prunella modularis", "scientificName": "Prunella modularis (Linnaeus, 1758)", "eventDate": "2023-01-07T00:00:00Z", "uncertainty_m": 25.0 }, "geometry": { "type": "Point", "coordinates": [ 8.746591, 49.425869 ] } },
{ "type": "Feature", "properties": { "key": 5823619530, "species": "Streptopelia decaocto", "scientificName": "Streptopelia decaocto (Frivaldszky, 1838)", "eventDate": "2023-01-07T00:00:00Z", "uncertainty_m": 25.0 }, "geometry": { "type": "Point", "coordinates": [ 8.617826, 49.442581 ] } },
{ "type": "Feature", "properties": { "key": 5823624391, "species": "Periparus ater", "scientificName": "Periparus ater (Linnaeus, 1758)", "eventDate": "2023-01-07T00:00:00Z", "uncertainty_m": 25.0 }, "geometry": { "type": "Point", "coordinates": [ 8.691579, 49.405113 ] } },
{ "type": "Feature", "properties": { "key": 5823637576, "species": "Prunella modularis", "scientificName": "Prunella modularis (Linnaeus, 1758)", "eventDate": "2023-01-07T00:00:00Z", "uncertainty_m": 25.0 }, "geometry": { "type": "Point", "coordinates": [ 8.807773, 49.50066 ] } },
{ "type": "Feature", "properties": { "key": 5823645627, "species": "Fringilla coelebs", "scientificName": "Fringilla coelebs Linnaeus, 1758", "eventDate": "2023-01-07T00:00:00Z", "uncertainty_m": 25.0 }, "geometry": { "type": "Point", "coordinates": [ 8.666129, 49.46582 ] } },
{ "type": "Feature", "properties": { "key": 5823652053, "species": "Dendrocopos major", "scientificName": "Dendrocopos major (Linnaeus, 1758)", "eventDate": "2023-01-07T00:00:00Z", "uncertainty_m": 25.0 }, "geometry": { "type": "Point", "coordinates": [ 8.765603, 49.376122 ] } },
{ "type": "Feature", "properties": { "key": 5823660936, "species": "Coccothraustes coccothraustes", "scientificName": "Coccothraustes coccothraustes (Linnaeus, 1758)", "eventDate": "2023-01-07T00:00:00Z", "uncertainty_m": 25.0 }, "geometry": { "type": "Point", "coordinates": [ 8.762063, 49.477257 ] } },
{ "type": "Feature", "properties": { "key": 5823663727, "species": "Parus major", "scientificName": "Parus major Linnaeus, 1758", "eventDate": "2023-01-07T00:00:00Z", "uncertainty_m": 25.0 }, "geometry": { "type": "Point", "coordinates": [ 8.752997, 49.34256 ] } },
{ "type": "Feature", "properties": { "key": 5823665204, "species": "Sitta europaea", "scientificName": "Sitta europaea Linnaeus, 1758", "eventDate": "2023-01-07T00:00:00Z", "uncertainty_m": 25.0 }, "geometry": { "type": "Point", "coordinates": [ 8.82493, 49.328888 ] } },
{ "type": "Feature", "properties": { "key": 5823687296, "species": "Turdus merula", "scientificName": "Turdus merula Linnaeus, 1758", "eventDate": "2023-01-07T00:00:00Z", "uncertainty_m": 25.0 }, "geometry": { "type": "Point", "coordinates": [ 8.617826, 49.442581 ] } },
{ "type": "Feature", "properties": { "key": 5823696254, "species": "Parus major", "scientificName": "Parus major Linnaeus, 1758", "eventDate": "2023-01-07T00:00:00Z", "uncertainty_m": 25.0 }, "geometry": { "type": "Point", "coordinates": [ 8.762063, 49.477257 ] } },
{ "type": "Feature", "properties": { "key": 5823703002, "species": "Parus major", "scientificName": "Parus major Linnaeus, 1758", "eventDate": "2023-01-07T00:00:00Z", "uncertainty_m": 25.0 }, "geometry": { "type": "Point", "coordinates": [ 8.594548, 49.47625 ] } },
{ "type": "Feature", "properties": { "key": 5823707530, "species": "Prunella modularis", "scientificName": "Prunella modularis (Linnaeus, 1758)", "eventDate": "2023-01-07T00:00:00Z", "uncertainty_m": 25.0 }, "geometry": { "type": "Point", "coordinates": [ 8.760896, 49.304325 ] } },
{ "type": "Feature", "properties": { "key": 5823711859, "species": "Garrulus glandarius", "scientificName": "Garrulus glandarius (Linnaeus, 1758)", "eventDate": "2023-01-07T00:00:00Z", "uncertainty_m": 25.0 }, "geometry": { "type": "Point", "coordinates": [ 8.762063, 49.477257 ] } },
{ "type": "Feature", "properties": { "key": 5823713729, "species": "Corvus corone", "scientificName": "Corvus corone Linnaeus, 1758", "eventDate": "2023-01-07T00:00:00Z", "uncertainty_m": 25.0 }, "geometry": { "type": "Point", "coordinates": [ 8.695839, 49.429581 ] } },
{ "type": "Feature", "properties": { "key": 5823723278, "species": "Erithacus rubecula", "scientificName": "Erithacus rubecula (Linnaeus, 1758)", "eventDate": "2023-01-07T00:00:00Z", "uncertainty_m": 25.0 }, "geometry": { "type": "Point", "coordinates": [ 8.817113, 49.321735 ] } },
{ "type": "Feature", "properties": { "key": 5823744345, "species": "Serinus serinus", "scientificName": "Serinus serinus (Linnaeus, 1766)", "eventDate": "2023-01-07T00:00:00Z", "uncertainty_m": 25.0 }, "geometry": { "type": "Point", "coordinates": [ 8.836651, 49.390106 ] } },
{ "type": "Feature", "properties": { "key": 5823747058, "species": "Aegithalos caudatus", "scientificName": "Aegithalos caudatus (Linnaeus, 1758)", "eventDate": "2023-01-07T00:00:00Z", "uncertainty_m": 25.0 }, "geometry": { "type": "Point", "coordinates": [ 8.706292, 49.372429 ] } },
{ "type": "Feature", "properties": { "key": 5823747547, "species": "Ardea cinerea", "scientificName": "Ardea cinerea Linnaeus, 1758", "eventDate": "2023-01-07T00:00:00Z", "uncertainty_m": 25.0 }, "geometry": { "type": "Point", "coordinates": [ 8.657994, 49.351776 ] } },
{ "type": "Feature", "properties": { "key": 5823754898, "species": "Poecile montanus", "scientificName": "Poecile montanus (Conrad von Baldenstein, 1827)", "eventDate": "2023-01-07T00:00:00Z", "uncertainty_m": 25.0 }, "geometry": { "type": "Point", "coordinates": [ 8.756574, 49.471863 ] } },
{ "type": "Feature", "properties": { "key": 5823758349, "species": "Turdus merula", "scientificName": "Turdus merula Linnaeus, 1758", "eventDate": "2023-01-07T00:00:00Z", "uncertainty_m": 25.0 }, "geometry": { "type": "Point", "coordinates": [ 8.835431, 49.316303 ] } },
{ "type": "Feature", "properties": { "key": 5823792832, "species": "Columba palumbus", "scientificName": "Columba palumbus Linnaeus, 1758", "eventDate": "2023-01-07T00:00:00Z", "uncertainty_m": 25.0 }, "geometry": { "type": "Point", "coordinates": [ 8.82493, 49.328888 ] } },
{ "type": "Feature", "properties": { "key": 5823799999, "species": "Dendrocopos major", "scientificName": "Dendrocopos major (Linnaeus, 1758)", "eventDate": "2023-01-07T00:00:00Z", "uncertainty_m": 25.0 }, "geometry": { "type": "Point", "coordinates": [ 8.607203, 49.445301 ] } },
{ "type": "Feature", "properties": { "key": 5823805765, "species": "Alcedo atthis", "scientificName": "Alcedo atthis (Linnaeus, 1758)", "eventDate": "2023-01-07T00:00:00Z", "uncertainty_m": 25.0 }, "geometry": { "type": "Point", "coordinates": [ 8.649747, 49.312481 ] } },
{ "type": "Feature", "properties": { "key": 5823819181, "species": "Columba livia", "scientificName": "Columba livia f. domestica", "eventDate": "2023-01-07T00:00:00Z", "uncertainty_m": 25.0 }, "geometry": { "type": "Point", "coordinates": [ 8.589916, 49.394115 ] } },
{ "type": "Feature", "properties": { "key": 5823824797, "species": "Pyrrhula pyrrhula", "scientificName": "Pyrrhula pyrrhula (Linnaeus, 1758)", "eventDate": "2023-01-07T00:00:00Z", "uncertainty_m": 25.0 }, "geometry": { "type": "Point", "coordinates": [ 8.803285, 49.437588 ] } },
{ "type": "Feature", "properties": { "key": 5823824805, "species": "Turdus merula", "scientificName": "Turdus merula Linnaeus, 1758", "eventDate": "2023-01-07T00:00:00Z", "uncertainty_m": 25.0 }, "geometry": { "type": "Point", "coordinates": [ 8.752997, 49.34256 ] } },
{ "type": "Feature", "properties": { "key": 5823840071, "species": "Parus major", "scientificName": "Parus major Linnaeus, 1758", "eventDate": "2023-01-07T00:00:00Z", "uncertainty_m": 25.0 }, "geometry": { "type": "Point", "coordinates": [ 8.706395, 49.506252 ] } },
{ "type": "Feature", "properties": { "key": 5823841799, "species": "Columba palumbus", "scientificName": "Columba palumbus Linnaeus, 1758", "eventDate": "2023-01-07T00:00:00Z", "uncertainty_m": 25.0 }, "geometry": { "type": "Point", "coordinates": [ 8.784739, 49.393833 ] } },
{ "type": "Feature", "properties": { "key": 5823855287, "species": "Parus major", "scientificName": "Parus major Linnaeus, 1758", "eventDate": "2023-01-07T00:00:00Z", "uncertainty_m": 25.0 }, "geometry": { "type": "Point", "coordinates": [ 8.684768, 49.414906 ] } },
{ "type": "Feature", "properties": { "key": 5823871016, "species": "Accipiter gentilis", "scientificName": "Accipiter gentilis (Linnaeus, 1758)", "eventDate": "2023-01-07T00:00:00Z", "uncertainty_m": 25.0 }, "geometry": { "type": "Point", "coordinates": [ 8.791448, 49.480789 ] } },
{ "type": "Feature", "properties": { "key": 5823878357, "species": "Falco tinnunculus", "scientificName": "Falco tinnunculus Linnaeus, 1758", "eventDate": "2023-01-07T00:00:00Z", "uncertainty_m": 25.0 }, "geometry": { "type": "Point", "coordinates": [ 8.642004, 49.376469 ] } },
{ "type": "Feature", "properties": { "key": 5823883695, "species": "Aegithalos caudatus", "scientificName": "Aegithalos caudatus (Linnaeus, 1758)", "eventDate": "2023-01-07T00:00:00Z", "uncertainty_m": 25.0 }, "geometry": { "type": "Point", "coordinates": [ 8.753422, 49.348484 ] } },
{ "type": "Feature", "properties": { "key": 5823899012, "species": "Psittacula krameri", "scientificName": "Psittacula krameri (Scopoli, 1769)", "eventDate": "2023-01-07T00:00:00Z", "uncertainty_m": 25.0 }, "geometry": { "type": "Point", "coordinates": [ 8.579115, 49.440228 ] } },
{ "type": "Feature", "properties": { "key": 5823906485, "species": "Coccothraustes coccothraustes", "scientificName": "Coccothraustes coccothraustes (Linnaeus, 1758)", "eventDate": "2023-01-07T00:00:00Z", "uncertainty_m": 25.0 }, "geometry": { "type": "Point", "coordinates": [ 8.747313, 49.508877 ] } },
{ "type": "Feature", "properties": { "key": 5823910687, "species": "Coccothraustes coccothraustes", "scientificName": "Coccothraustes coccothraustes (Linnaeus, 1758)", "eventDate": "2023-01-07T00:00:00Z", "uncertainty_m": 25.0 }, "geometry": { "type": "Point", "coordinates": [ 8.706292, 49.372429 ] } },
{ "type": "Feature", "properties": { "key": 5823920910, "species": "Carduelis carduelis", "scientificName": "Carduelis carduelis (Linnaeus, 1758)", "eventDate": "2023-01-07T00:00:00Z", "uncertainty_m": 25.0 }, "geometry": { "type": "Point", "coordinates": [ 8.642185, 49.398411 ] } },
{ "type": "Feature", "properties": { "key": 5823935216, "species": "Larus ridibundus", "scientificName": "Larus ridibundus Linnaeus, 1766", "eventDate": "2023-01-07T00:00:00Z", "uncertainty_m": 25.0 }, "geometry": { "type": "Point", "coordinates": [ 8.713128, 49.413773 ] } },
{ "type": "Feature", "properties": { "key": 5823944088, "species": "Aegithalos caudatus", "scientificName": "Aegithalos caudatus (Linnaeus, 1758)", "eventDate": "2023-01-07T00:00:00Z", "uncertainty_m": 25.0 }, "geometry": { "type": "Point", "coordinates": [ 8.695839, 49.429581 ] } },
{ "type": "Feature", "properties": { "key": 5823949650, "species": "Fringilla coelebs", "scientificName": "Fringilla coelebs Linnaeus, 1758", "eventDate": "2023-01-07T00:00:00Z", "uncertainty_m": 25.0 }, "geometry": { "type": "Point", "coordinates": [ 8.657994, 49.351776 ] } },
{ "type": "Feature", "properties": { "key": 5823961256, "species": "Picus viridis", "scientificName": "Picus viridis Linnaeus, 1758", "eventDate": "2023-01-07T00:00:00Z", "uncertainty_m": 25.0 }, "geometry": { "type": "Point", "coordinates": [ 8.760896, 49.304325 ] } },
{ "type": "Feature", "properties": { "key": 5823977817, "species": "Corvus frugilegus", "scientificName": "Corvus frugilegus Linnaeus, 1758", "eventDate": "2023-01-07T00:00:00Z", "uncertainty_m": 25.0 }, "geometry": { "type": "Point", "coordinates": [ 8.760896, 49.304325 ] } },
{ "type": "Feature", "properties": { "key": 5823993156, "species": "Passer domesticus", "scientificName": "Passer domesticus (Linnaeus, 1758)", "eventDate": "2023-01-07T00:00:00Z", "uncertainty_m": 25.0 }, "geometry": { "type": "Point", "coordinates": [ 8.597921, 49.465576 ] } },
{ "type": "Feature", "properties": { "key": 5824014291, "species": "Lophophanes cristatus", "scientificName": "Lophophanes cristatus (Linnaeus, 1758)", "eventDate": "2023-01-07T00:00:00Z", "uncertainty_m": 25.0 }, "geometry": { "type": "Point", "coordinates": [ 8.75806, 49.423046 ] } },
{ "type": "Feature", "properties": { "key": 5824014471, "species": "Falco tinnunculus", "scientificName": "Falco tinnunculus Linnaeus, 1758", "eventDate": "2023-01-07T00:00:00Z", "uncertainty_m": 25.0 }, "geometry": { "type": "Point", "coordinates": [ 8.660913, 49.341743 ] } },
{ "type": "Feature", "properties": { "key": 5824020612, "species": "Cyanistes caeruleus", "scientificName": "Cyanistes caeruleus (Linnaeus, 1758)", "eventDate": "2023-01-07T00:00:00Z", "uncertainty_m": 25.0 }, "geometry": { "type": "Point", "coordinates": [ 8.689481, 49.378681 ] } },
{ "type": "Feature", "properties": { "key": 5824023573, "species": "Columba livia", "scientificName": "Columba livia f. domestica", "eventDate": "2023-01-07T00:00:00Z", "uncertainty_m": 25.0 }, "geometry": { "type": "Point", "coordinates": [ 8.696036, 49.477219 ] } },
{ "type": "Feature", "properties": { "key": 5824054162, "species": "Pica pica", "scientificName": "Pica pica (Linnaeus, 1758)", "eventDate": "2023-01-07T00:00:00Z", "uncertainty_m": 25.0 }, "geometry": { "type": "Point", "coordinates": [ 8.752997, 49.34256 ] } },
{ "type": "Feature", "properties": { "key": 5824064995, "species": "Picus viridis", "scientificName": "Picus viridis Linnaeus, 1758", "eventDate": "2023-01-07T00:00:00Z", "uncertainty_m": 25.0 }, "geometry": { "type": "Point", "coordinates": [ 8.684768, 49.414906 ] } },
{ "type": "Feature", "properties": { "key": 5824071112, "species": "Corvus corone", "scientificName": "Corvus corone Linnaeus, 1758", "eventDate": "2023-01-07T00:00:00Z", "uncertainty_m": 25.0 }, "geometry": { "type": "Point", "coordinates": [ 8.649669, 49.419975 ] } },
{ "type": "Feature", "properties": { "key": 5824092856, "species": "Columba palumbus", "scientificName": "Columba palumbus Linnaeus, 1758", "eventDate": "2023-01-07T00:00:00Z", "uncertainty_m": 25.0 }, "geometry": { "type": "Point", "coordinates": [ 8.563209, 49.377579 ] } },
{ "type": "Feature", "properties": { "key": 5824098023, "species": "Carduelis carduelis", "scientificName": "Carduelis carduelis (Linnaeus, 1758)", "eventDate": "2023-01-07T00:00:00Z", "uncertainty_m": 25.0 }, "geometry": { "type": "Point", "coordinates": [ 8.664697, 49.339737 ] } },
{ "type": "Feature", "properties": { "key": 5824098662, "species": "Poecile palustris", "scientificName": "Poecile palustris (Linnaeus, 1758)", "eventDate": "2023-01-07T00:00:00Z", "uncertainty_m": 25.0 }, "geometry": { "type": "Point", "coordinates": [ 8.736135, 49.306797 ] } },
{ "type": "Feature", "properties": { "key": 5824108328, "species": "Ardea cinerea", "scientificName": "Ardea cinerea Linnaeus, 1758", "eventDate": "2023-01-07T00:00:00Z", "uncertainty_m": 25.0 }, "geometry": { "type": "Point", "coordinates": [ 8.825653, 49.396564 ] } },
{ "type": "Feature", "properties": { "key": 5824117420, "species": "Columba palumbus", "scientificName": "Columba palumbus Linnaeus, 1758", "eventDate": "2023-01-07T00:00:00Z", "uncertainty_m": 25.0 }, "geometry": { "type": "Point", "coordinates": [ 8.643648, 49.42271 ] } },
{ "type": "Feature", "properties": { "key": 5824140307, "species": "Psittacula krameri", "scientificName": "Psittacula krameri (Scopoli, 1769)", "eventDate": "2023-01-07T00:00:00Z", "uncertainty_m": 25.0 }, "geometry": { "type": "Point", "coordinates": [ 8.678536, 49.375118 ] } },
{ "type": "Feature", "properties": { "key": 5824150553, "species": "Garrulus glandarius", "scientificName": "Garrulus glandarius (Linnaeus, 1758)", "eventDate": "2023-01-07T00:00:00Z", "uncertainty_m": 25.0 }, "geometry": { "type": "Point", "coordinates": [ 8.803212, 49.378613 ] } },
{ "type": "Feature", "properties": { "key": 5824184587, "species": "Troglodytes troglodytes", "scientificName": "Troglodytes troglodytes (Linnaeus, 1758)", "eventDate": "2023-01-07T00:00:00Z", "uncertainty_m": 25.0 }, "geometry": { "type": "Point", "coordinates": [ 8.746009, 49.366528 ] } },
{ "type": "Feature", "properties": { "key": 5824185766, "species": "Erithacus rubecula", "scientificName": "Erithacus rubecula (Linnaeus, 1758)", "eventDate": "2023-01-07T00:00:00Z", "uncertainty_m": 25.0 }, "geometry": { "type": "Point", "coordinates": [ 8.750368, 49.412773 ] } },
{ "type": "Feature", "properties": { "key": 5824205836, "species": "Pica pica", "scientificName": "Pica pica (Linnaeus, 1758)", "eventDate": "2023-01-07T00:00:00Z", "uncertainty_m": 25.0 }, "geometry": { "type": "Point", "coordinates": [ 8.594548, 49.47625 ] } },
{ "type": "Feature", "properties": { "key": 5824219113, "species": "Passer montanus", "scientificName": "Passer montanus (Linnaeus, 1758)", "eventDate": "2023-01-07T00:00:00Z", "uncertainty_m": 25.0 }, "geometry": { "type": "Point", "coordinates": [ 8.59889, 49.465218 ] } },
{ "type": "Feature", "properties": { "key": 5824228818, "species": "Streptopelia decaocto", "scientificName": "Streptopelia decaocto (Frivaldszky, 1838)", "eventDate": "2023-01-07T00:00:00Z", "uncertainty_m": 25.0 }, "geometry": { "type": "Point", "coordinates": [ 8.589916, 49.394115 ] } },
{ "type": "Feature", "properties": { "key": 5824240581, "species": "Chloris chloris", "scientificName": "Chloris chloris (Linnaeus, 1758)", "eventDate": "2023-01-07T00:00:00Z", "uncertainty_m": 25.0 }, "geometry": { "type": "Point", "coordinates": [ 8.750368, 49.412773 ] } },
{ "type": "Feature", "properties": { "key": 5824243191, "species": "Sitta europaea", "scientificName": "Sitta europaea Linnaeus, 1758", "eventDate": "2023-01-07T00:00:00Z", "uncertainty_m": 25.0 }, "geometry": { "type": "Point", "coordinates": [ 8.657994, 49.351776 ] } },
{ "type": "Feature", "properties": { "key": 5824294242, "species": "Psittacula krameri", "scientificName": "Psittacula krameri (Scopoli, 1769)", "eventDate": "2023-01-07T00:00:00Z", "uncertainty_m": 25.0 }, "geometry": { "type": "Point", "coordinates": [ 8.696036, 49.477219 ] } },
{ "type": "Feature", "properties": { "key": 5824307475, "species": "Picus viridis", "scientificName": "Picus viridis Linnaeus, 1758", "eventDate": "2023-01-07T00:00:00Z", "uncertainty_m": 25.0 }, "geometry": { "type": "Point", "coordinates": [ 8.691965, 49.384319 ] } },
{ "type": "Feature", "properties": { "key": 5824327711, "species": "Passer montanus", "scientificName": "Passer montanus (Linnaeus, 1758)", "eventDate": "2023-01-07T00:00:00Z", "uncertainty_m": 25.0 }, "geometry": { "type": "Point", "coordinates": [ 8.589916, 49.394115 ] } },
{ "type": "Feature", "properties": { "key": 5824335153, "species": "Columba palumbus", "scientificName": "Columba palumbus Linnaeus, 1758", "eventDate": "2023-01-07T00:00:00Z", "uncertainty_m": 25.0 }, "geometry": { "type": "Point", "coordinates": [ 8.585033, 49.371792 ] } },
{ "type": "Feature", "properties": { "key": 5824338323, "species": "Turdus merula", "scientificName": "Turdus merula Linnaeus, 1758", "eventDate": "2023-01-07T00:00:00Z", "uncertainty_m": 25.0 }, "geometry": { "type": "Point", "coordinates": [ 8.706395, 49.506252 ] } },
{ "type": "Feature", "properties": { "key": 5824339553, "species": "Turdus merula", "scientificName": "Turdus merula Linnaeus, 1758", "eventDate": "2023-01-07T00:00:00Z", "uncertainty_m": 25.0 }, "geometry": { "type": "Point", "coordinates": [ 8.594548, 49.47625 ] } },
{ "type": "Feature", "properties": { "key": 5824346321, "species": "Chloris chloris", "scientificName": "Chloris chloris (Linnaeus, 1758)", "eventDate": "2023-01-07T00:00:00Z", "uncertainty_m": 25.0 }, "geometry": { "type": "Point", "coordinates": [ 8.79586, 49.384583 ] } },
{ "type": "Feature", "properties": { "key": 5824349509, "species": "Corvus corone", "scientificName": "Corvus corone Linnaeus, 1758", "eventDate": "2023-01-07T00:00:00Z", "uncertainty_m": 25.0 }, "geometry": { "type": "Point", "coordinates": [ 8.597921, 49.465576 ] } },
{ "type": "Feature", "properties": { "key": 5824350323, "species": "Pica pica", "scientificName": "Pica pica (Linnaeus, 1758)", "eventDate": "2023-01-07T00:00:00Z", "uncertainty_m": 25.0 }, "geometry": { "type": "Point", "coordinates": [ 8.762063, 49.477257 ] } },
{ "type": "Feature", "properties": { "key": 5824358255, "species": "Poecile montanus", "scientificName": "Poecile montanus (Conrad von Baldenstein, 1827)", "eventDate": "2023-01-07T00:00:00Z", "uncertainty_m": 25.0 }, "geometry": { "type": "Point", "coordinates": [ 8.79586, 49.384583 ] } },
{ "type": "Feature", "properties": { "key": 5824358657, "species": "Falco tinnunculus", "scientificName": "Falco tinnunculus Linnaeus, 1758", "eventDate": "2023-01-07T00:00:00Z", "uncertainty_m": 25.0 }, "geometry": { "type": "Point", "coordinates": [ 8.692803, 49.319767 ] } },
{ "type": "Feature", "properties": { "key": 5824359066, "species": "Dendrocopos major", "scientificName": "Dendrocopos major (Linnaeus, 1758)", "eventDate": "2023-01-07T00:00:00Z", "uncertainty_m": 25.0 }, "geometry": { "type": "Point", "coordinates": [ 8.706395, 49.506252 ] } },
{ "type": "Feature", "properties": { "key": 5824367868, "species": "Branta canadensis", "scientificName": "Branta canadensis (Linnaeus, 1758)", "eventDate": "2023-01-07T00:00:00Z", "uncertainty_m": 25.0 }, "geometry": { "type": "Point", "coordinates": [ 8.776497, 49.348248 ] } },
{ "type": "Feature", "properties": { "key": 5824373380, "species": "Sturnus vulgaris", "scientificName": "Sturnus vulgaris Linnaeus, 1758", "eventDate": "2023-01-07T00:00:00Z", "uncertainty_m": 25.0 }, "geometry": { "type": "Point", "coordinates": [ 8.695839, 49.429581 ] } },
{ "type": "Feature", "properties": { "key": 5824385231, "species": "Anas platyrhynchos", "scientificName": "Anas platyrhynchos Linnaeus, 1758", "eventDate": "2023-01-07T00:00:00Z", "uncertainty_m": 25.0 }, "geometry": { "type": "Point", "coordinates": [ 8.554977, 49.50235 ] } },
{ "type": "Feature", "properties": { "key": 5824394171, "species": "Larus canus", "scientificName": "Larus canus Linnaeus, 1758", "eventDate": "2023-01-07T00:00:00Z", "uncertainty_m": 25.0 }, "geometry": { "type": "Point", "coordinates": [ 8.696036, 49.477219 ] } },
{ "type": "Feature", "properties": { "key": 5824396052, "species": "Sitta europaea", "scientificName": "Sitta europaea Linnaeus, 1758", "eventDate": "2023-01-07T00:00:00Z", "uncertainty_m": 25.0 }, "geometry": { "type": "Point", "coordinates": [ 8.604632, 49.472828 ] } },
{ "type": "Feature", "properties": { "key": 5824408845, "species": "Picus viridis", "scientificName": "Picus viridis Linnaeus, 1758", "eventDate": "2023-01-07T00:00:00Z", "uncertainty_m": 25.0 }, "geometry": { "type": "Point", "coordinates": [ 8.759882, 49.471214 ] } },
{ "type": "Feature", "properties": { "key": 5824415980, "species": "Fringilla coelebs", "scientificName": "Fringilla coelebs Linnaeus, 1758", "eventDate": "2023-01-07T00:00:00Z", "uncertainty_m": 25.0 }, "geometry": { "type": "Point", "coordinates": [ 8.649669, 49.419975 ] } },
{ "type": "Feature", "properties": { "key": 5824416929, "species": "Corvus corone", "scientificName": "Corvus corone Linnaeus, 1758", "eventDate": "2023-01-07T00:00:00Z", "uncertainty_m": 25.0 }, "geometry": { "type": "Point", "coordinates": [ 8.647061, 49.309944 ] } },
{ "type": "Feature", "properties": { "key": 5824417132, "species": "Troglodytes troglodytes", "scientificName": "Troglodytes troglodytes (Linnaeus, 1758)", "eventDate": "2023-01-07T00:00:00Z", "uncertainty_m": 25.0 }, "geometry": { "type": "Point", "coordinates": [ 8.817113, 49.321735 ] } },
{ "type": "Feature", "properties": { "key": 5824429815, "species": "Parus major", "scientificName": "Parus major Linnaeus, 1758", "eventDate": "2023-01-07T00:00:00Z", "uncertainty_m": 25.0 }, "geometry": { "type": "Point", "coordinates": [ 8.617826, 49.442581 ] } },
{ "type": "Feature", "properties": { "key": 5824453609, "species": "Turdus merula", "scientificName": "Turdus merula Linnaeus, 1758", "eventDate": "2023-01-07T00:00:00Z", "uncertainty_m": 25.0 }, "geometry": { "type": "Point", "coordinates": [ 8.668772, 49.348171 ] } },
{ "type": "Feature", "properties": { "key": 5824460396, "species": "Chloris chloris", "scientificName": "Chloris chloris (Linnaeus, 1758)", "eventDate": "2023-01-07T00:00:00Z", "uncertainty_m": 25.0 }, "geometry": { "type": "Point", "coordinates": [ 8.762063, 49.477257 ] } },
{ "type": "Feature", "properties": { "key": 5824477282, "species": "Aegithalos caudatus", "scientificName": "Aegithalos caudatus (Linnaeus, 1758)", "eventDate": "2023-01-07T00:00:00Z", "uncertainty_m": 25.0 }, "geometry": { "type": "Point", "coordinates": [ 8.77437, 49.351032 ] } },
{ "type": "Feature", "properties": { "key": 5824489546, "species": "Accipiter nisus", "scientificName": "Accipiter nisus (Linnaeus, 1758)", "eventDate": "2023-01-07T00:00:00Z", "uncertainty_m": 25.0 }, "geometry": { "type": "Point", "coordinates": [ 8.595001, 49.480869 ] } },
{ "type": "Feature", "properties": { "key": 5824502083, "species": "Passer domesticus", "scientificName": "Passer domesticus (Linnaeus, 1758)", "eventDate": "2023-01-07T00:00:00Z", "uncertainty_m": 25.0 }, "geometry": { "type": "Point", "coordinates": [ 8.754129, 49.41769 ] } },
{ "type": "Feature", "properties": { "key": 5824525411, "species": "Garrulus glandarius", "scientificName": "Garrulus glandarius (Linnaeus, 1758)", "eventDate": "2023-01-07T00:00:00Z", "uncertainty_m": 25.0 }, "geometry": { "type": "Point", "coordinates": [ 8.589916, 49.394115 ] } },
{ "type": "Feature", "properties": { "key": 5824528031, "species": "Garrulus glandarius", "scientificName": "Garrulus glandarius (Linnaeus, 1758)", "eventDate": "2023-01-07T00:00:00Z", "uncertainty_m": 25.0 }, "geometry": { "type": "Point", "coordinates": [ 8.609661, 49.51025 ] } },
{ "type": "Feature", "properties": { "key": 5824530307, "species": "Parus major", "scientificName": "Parus major Linnaeus, 1758", "eventDate": "2023-01-07T00:00:00Z", "uncertainty_m": 25.0 }, "geometry": { "type": "Point", "coordinates": [ 8.65144, 49.344585 ] } },
{ "type": "Feature", "properties": { "key": 5824541612, "species": "Chloris chloris", "scientificName": "Chloris chloris (Linnaeus, 1758)", "eventDate": "2023-01-07T00:00:00Z", "uncertainty_m": 25.0 }, "geometry": { "type": "Point", "coordinates": [ 8.689481, 49.378681 ] } },
{ "type": "Feature", "properties": { "key": 5824542221, "species": "Columba palumbus", "scientificName": "Columba palumbus Linnaeus, 1758", "eventDate": "2023-01-07T00:00:00Z", "uncertainty_m": 25.0 }, "geometry": { "type": "Point", "coordinates": [ 8.759882, 49.471214 ] } },
{ "type": "Feature", "properties": { "key": 5824544712, "species": "Ardea cinerea", "scientificName": "Ardea cinerea Linnaeus, 1758", "eventDate": "2023-01-07T00:00:00Z", "uncertainty_m": 25.0 }, "geometry": { "type": "Point", "coordinates": [ 8.554977, 49.50235 ] } },
{ "type": "Feature", "properties": { "key": 5824549477, "species": "Fringilla montifringilla", "scientificName": "Fringilla montifringilla Linnaeus, 1758", "eventDate": "2023-01-07T00:00:00Z", "uncertainty_m": 25.0 }, "geometry": { "type": "Point", "coordinates": [ 8.803285, 49.437588 ] } },
{ "type": "Feature", "properties": { "key": 5824549484, "species": "Lophophanes cristatus", "scientificName": "Lophophanes cristatus (Linnaeus, 1758)", "eventDate": "2023-01-07T00:00:00Z", "uncertainty_m": 25.0 }, "geometry": { "type": "Point", "coordinates": [ 8.783597, 49.360718 ] } },
{ "type": "Feature", "properties": { "key": 5824565989, "species": "Garrulus glandarius", "scientificName": "Garrulus glandarius (Linnaeus, 1758)", "eventDate": "2023-01-07T00:00:00Z", "uncertainty_m": 25.0 }, "geometry": { "type": "Point", "coordinates": [ 8.675871, 49.475948 ] } },
{ "type": "Feature", "properties": { "key": 5824572392, "species": "Garrulus glandarius", "scientificName": "Garrulus glandarius (Linnaeus, 1758)", "eventDate": "2023-01-07T00:00:00Z", "uncertainty_m": 25.0 }, "geometry": { "type": "Point", "coordinates": [ 8.747313, 49.508877 ] } },
{ "type": "Feature", "properties": { "key": 5824588385, "species": "Periparus ater", "scientificName": "Periparus ater (Linnaeus, 1758)", "eventDate": "2023-01-07T00:00:00Z", "uncertainty_m": 25.0 }, "geometry": { "type": "Point", "coordinates": [ 8.609043, 49.466297 ] } },
{ "type": "Feature", "properties": { "key": 5824594590, "species": "Parus major", "scientificName": "Parus major Linnaeus, 1758", "eventDate": "2023-01-07T00:00:00Z", "uncertainty_m": 25.0 }, "geometry": { "type": "Point", "coordinates": [ 8.835431, 49.316303 ] } },
{ "type": "Feature", "properties": { "key": 5824595788, "species": "Garrulus glandarius", "scientificName": "Garrulus glandarius (Linnaeus, 1758)", "eventDate": "2023-01-07T00:00:00Z", "uncertainty_m": 25.0 }, "geometry": { "type": "Point", "coordinates": [ 8.579115, 49.440228 ] } },
{ "type": "Feature", "properties": { "key": 5824600853, "species": "Sitta europaea", "scientificName": "Sitta europaea Linnaeus, 1758", "eventDate": "2023-01-07T00:00:00Z", "uncertainty_m": 25.0 }, "geometry": { "type": "Point", "coordinates": [ 8.750368, 49.412773 ] } },
{ "type": "Feature", "properties": { "key": 5824607325, "species": "Columba palumbus", "scientificName": "Columba palumbus Linnaeus, 1758", "eventDate": "2023-01-07T00:00:00Z", "uncertainty_m": 25.0 }, "geometry": { "type": "Point", "coordinates": [ 8.678536, 49.375118 ] } },
{ "type": "Feature", "properties": { "key": 5824613420, "species": "Larus ridibundus", "scientificName": "Larus ridibundus Linnaeus, 1766", "eventDate": "2023-01-07T00:00:00Z", "uncertainty_m": 25.0 }, "geometry": { "type": "Point", "coordinates": [ 8.649669, 49.419975 ] } },
{ "type": "Feature", "properties": { "key": 5824618168, "species": "Pica pica", "scientificName": "Pica pica (Linnaeus, 1758)", "eventDate": "2023-01-07T00:00:00Z", "uncertainty_m": 25.0 }, "geometry": { "type": "Point", "coordinates": [ 8.581635, 49.383057 ] } },
{ "type": "Feature", "properties": { "key": 5824626781, "species": "Turdus merula", "scientificName": "Turdus merula Linnaeus, 1758", "eventDate": "2023-01-07T00:00:00Z", "uncertainty_m": 25.0 }, "geometry": { "type": "Point", "coordinates": [ 8.65144, 49.344585 ] } },
{ "type": "Feature", "properties": { "key": 5824630802, "species": "Corvus corone", "scientificName": "Corvus corone Linnaeus, 1758", "eventDate": "2023-01-07T00:00:00Z", "uncertainty_m": 25.0 }, "geometry": { "type": "Point", "coordinates": [ 8.7505, 49.435413 ] } },
{ "type": "Feature", "properties": { "key": 5824632224, "species": "Sturnus vulgaris", "scientificName": "Sturnus vulgaris Linnaeus, 1758", "eventDate": "2023-01-07T00:00:00Z", "uncertainty_m": 25.0 }, "geometry": { "type": "Point", "coordinates": [ 8.756574, 49.471863 ] } },
{ "type": "Feature", "properties": { "key": 5824640611, "species": "Cyanistes caeruleus", "scientificName": "Cyanistes caeruleus (Linnaeus, 1758)", "eventDate": "2023-01-07T00:00:00Z", "uncertainty_m": 25.0 }, "geometry": { "type": "Point", "coordinates": [ 8.65144, 49.344585 ] } },
{ "type": "Feature", "properties": { "key": 5824653102, "species": "Poecile palustris", "scientificName": "Poecile palustris (Linnaeus, 1758)", "eventDate": "2023-01-07T00:00:00Z", "uncertainty_m": 25.0 }, "geometry": { "type": "Point", "coordinates": [ 8.702919, 49.37952 ] } },
{ "type": "Feature", "properties": { "key": 5824654488, "species": "Lophophanes cristatus", "scientificName": "Lophophanes cristatus (Linnaeus, 1758)", "eventDate": "2023-01-07T00:00:00Z", "uncertainty_m": 25.0 }, "geometry": { "type": "Point", "coordinates": [ 8.699587, 49.347553 ] } },
{ "type": "Feature", "properties": { "key": 5824656953, "species": "Accipiter nisus", "scientificName": "Accipiter nisus (Linnaeus, 1758)", "eventDate": "2023-01-07T00:00:00Z", "uncertainty_m": 25.0 }, "geometry": { "type": "Point", "coordinates": [ 8.657994, 49.351776 ] } },
{ "type": "Feature", "properties": { "key": 5824657796, "species": "Cyanistes caeruleus", "scientificName": "Cyanistes caeruleus (Linnaeus, 1758)", "eventDate": "2023-01-07T00:00:00Z", "uncertainty_m": 25.0 }, "geometry": { "type": "Point", "coordinates": [ 8.706395, 49.506252 ] } },
{ "type": "Feature", "properties": { "key": 5824665303, "species": "Passer domesticus", "scientificName": "Passer domesticus (Linnaeus, 1758)", "eventDate": "2023-01-07T00:00:00Z", "uncertainty_m": 25.0 }, "geometry": { "type": "Point", "coordinates": [ 8.835431, 49.316303 ] } },
{ "type": "Feature", "properties": { "key": 5824670476, "species": "Corvus corone", "scientificName": "Corvus corone Linnaeus, 1758", "eventDate": "2023-01-07T00:00:00Z", "uncertainty_m": 25.0 }, "geometry": { "type": "Point", "coordinates": [ 8.704102, 49.353706 ] } },
{ "type": "Feature", "properties": { "key": 5824671839, "species": "Passer montanus", "scientificName": "Passer montanus (Linnaeus, 1758)", "eventDate": "2023-01-07T00:00:00Z", "uncertainty_m": 25.0 }, "geometry": { "type": "Point", "coordinates": [ 8.696036, 49.477219 ] } },
{ "type": "Feature", "properties": { "key": 5824675624, "species": "Phalacrocorax carbo", "scientificName": "Phalacrocorax carbo (Linnaeus, 1758)", "eventDate": "2023-01-07T00:00:00Z", "uncertainty_m": 25.0 }, "geometry": { "type": "Point", "coordinates": [ 8.554977, 49.50235 ] } },
{ "type": "Feature", "properties": { "key": 5824681247, "species": "Leiopicus medius", "scientificName": "Leiopicus medius (Linnaeus, 1758)", "eventDate": "2023-01-07T00:00:00Z", "uncertainty_m": 25.0 }, "geometry": { "type": "Point", "coordinates": [ 8.759882, 49.471214 ] } },
{ "type": "Feature", "properties": { "key": 5824691346, "species": "Alopochen aegyptiaca", "scientificName": "Alopochen aegyptiaca (Linnaeus, 1766)", "eventDate": "2023-01-07T00:00:00Z", "uncertainty_m": 25.0 }, "geometry": { "type": "Point", "coordinates": [ 8.554977, 49.50235 ] } },
{ "type": "Feature", "properties": { "key": 5824699964, "species": "Pica pica", "scientificName": "Pica pica (Linnaeus, 1758)", "eventDate": "2023-01-07T00:00:00Z", "uncertainty_m": 25.0 }, "geometry": { "type": "Point", "coordinates": [ 8.668772, 49.348171 ] } },
{ "type": "Feature", "properties": { "key": 5824709330, "species": "Chloris chloris", "scientificName": "Chloris chloris (Linnaeus, 1758)", "eventDate": "2023-01-07T00:00:00Z", "uncertainty_m": 25.0 }, "geometry": { "type": "Point", "coordinates": [ 8.666129, 49.46582 ] } },
{ "type": "Feature", "properties": { "key": 5824716000, "species": "Coccothraustes coccothraustes", "scientificName": "Coccothraustes coccothraustes (Linnaeus, 1758)", "eventDate": "2023-01-07T00:00:00Z", "uncertainty_m": 25.0 }, "geometry": { "type": "Point", "coordinates": [ 8.689912, 49.400433 ] } },
{ "type": "Feature", "properties": { "key": 5824741799, "species": "Fringilla coelebs", "scientificName": "Fringilla coelebs Linnaeus, 1758", "eventDate": "2023-01-07T00:00:00Z", "uncertainty_m": 25.0 }, "geometry": { "type": "Point", "coordinates": [ 8.762063, 49.477257 ] } },
{ "type": "Feature", "properties": { "key": 5824742159, "species": "Corvus corax", "scientificName": "Corvus corax Linnaeus, 1758", "eventDate": "2023-01-07T00:00:00Z", "uncertainty_m": 25.0 }, "geometry": { "type": "Point", "coordinates": [ 8.670103, 49.329754 ] } },
{ "type": "Feature", "properties": { "key": 5824748533, "species": "Sturnus vulgaris", "scientificName": "Sturnus vulgaris Linnaeus, 1758", "eventDate": "2023-01-07T00:00:00Z", "uncertainty_m": 25.0 }, "geometry": { "type": "Point", "coordinates": [ 8.807773, 49.50066 ] } },
{ "type": "Feature", "properties": { "key": 5824769444, "species": "Dendrocopos major", "scientificName": "Dendrocopos major (Linnaeus, 1758)", "eventDate": "2023-01-07T00:00:00Z", "uncertainty_m": 25.0 }, "geometry": { "type": "Point", "coordinates": [ 8.702248, 49.318325 ] } },
{ "type": "Feature", "properties": { "key": 5824770512, "species": "Garrulus glandarius", "scientificName": "Garrulus glandarius (Linnaeus, 1758)", "eventDate": "2023-01-07T00:00:00Z", "uncertainty_m": 25.0 }, "geometry": { "type": "Point", "coordinates": [ 8.59889, 49.465218 ] } },
{ "type": "Feature", "properties": { "key": 5824775487, "species": "Phylloscopus collybita", "scientificName": "Phylloscopus collybita (Vieillot, 1817)", "eventDate": "2023-01-07T00:00:00Z", "uncertainty_m": 25.0 }, "geometry": { "type": "Point", "coordinates": [ 8.691579, 49.405113 ] } },
{ "type": "Feature", "properties": { "key": 5824784938, "species": "Cygnus olor", "scientificName": "Cygnus olor (J.F.Gmelin, 1789)", "eventDate": "2023-01-07T00:00:00Z", "uncertainty_m": 25.0 }, "geometry": { "type": "Point", "coordinates": [ 8.554977, 49.50235 ] } },
{ "type": "Feature", "properties": { "key": 5824794122, "species": "Cyanistes caeruleus", "scientificName": "Cyanistes caeruleus (Linnaeus, 1758)", "eventDate": "2023-01-07T00:00:00Z", "uncertainty_m": 25.0 }, "geometry": { "type": "Point", "coordinates": [ 8.7505, 49.435413 ] } },
{ "type": "Feature", "properties": { "key": 5824816272, "species": "Fringilla coelebs", "scientificName": "Fringilla coelebs Linnaeus, 1758", "eventDate": "2023-01-07T00:00:00Z", "uncertainty_m": 25.0 }, "geometry": { "type": "Point", "coordinates": [ 8.691965, 49.384319 ] } },
{ "type": "Feature", "properties": { "key": 5824824664, "species": "Carduelis carduelis", "scientificName": "Carduelis carduelis (Linnaeus, 1758)", "eventDate": "2023-01-07T00:00:00Z", "uncertainty_m": 25.0 }, "geometry": { "type": "Point", "coordinates": [ 8.668023, 49.497986 ] } },
{ "type": "Feature", "properties": { "key": 5824832310, "species": "Corvus frugilegus", "scientificName": "Corvus frugilegus Linnaeus, 1758", "eventDate": "2023-01-07T00:00:00Z", "uncertainty_m": 25.0 }, "geometry": { "type": "Point", "coordinates": [ 8.791448, 49.480789 ] } },
{ "type": "Feature", "properties": { "key": 5824842366, "species": "Passer domesticus", "scientificName": "Passer domesticus (Linnaeus, 1758)", "eventDate": "2023-01-07T00:00:00Z", "uncertainty_m": 25.0 }, "geometry": { "type": "Point", "coordinates": [ 8.706395, 49.506252 ] } },
{ "type": "Feature", "properties": { "key": 5824849277, "species": "Dendrocopos major", "scientificName": "Dendrocopos major (Linnaeus, 1758)", "eventDate": "2023-01-07T00:00:00Z", "uncertainty_m": 25.0 }, "geometry": { "type": "Point", "coordinates": [ 8.657994, 49.351776 ] } },
{ "type": "Feature", "properties": { "key": 5824877313, "species": "Turdus viscivorus", "scientificName": "Turdus viscivorus Linnaeus, 1758", "eventDate": "2023-01-07T00:00:00Z", "uncertainty_m": 25.0 }, "geometry": { "type": "Point", "coordinates": [ 8.759882, 49.471214 ] } },
{ "type": "Feature", "properties": { "key": 5824882605, "species": "Phoenicurus ochruros", "scientificName": "Phoenicurus ochruros (S.G.Gmelin, 1774)", "eventDate": "2023-01-07T00:00:00Z", "uncertainty_m": 25.0 }, "geometry": { "type": "Point", "coordinates": [ 8.769432, 49.413235 ] } },
{ "type": "Feature", "properties": { "key": 5824885090, "species": "Carduelis carduelis", "scientificName": "Carduelis carduelis (Linnaeus, 1758)", "eventDate": "2023-01-07T00:00:00Z", "uncertainty_m": 25.0 }, "geometry": { "type": "Point", "coordinates": [ 8.702919, 49.37952 ] } },
{ "type": "Feature", "properties": { "key": 5824886486, "species": "Erithacus rubecula", "scientificName": "Erithacus rubecula (Linnaeus, 1758)", "eventDate": "2023-01-07T00:00:00Z", "uncertainty_m": 25.0 }, "geometry": { "type": "Point", "coordinates": [ 8.65144, 49.344585 ] } },
{ "type": "Feature", "properties": { "key": 5824889465, "species": "Troglodytes troglodytes", "scientificName": "Troglodytes troglodytes (Linnaeus, 1758)", "eventDate": "2023-01-07T00:00:00Z", "uncertainty_m": 25.0 }, "geometry": { "type": "Point", "coordinates": [ 8.675871, 49.475948 ] } },
{ "type": "Feature", "properties": { "key": 5824890237, "species": "Buteo buteo", "scientificName": "Buteo buteo (Linnaeus, 1758)", "eventDate": "2023-01-07T00:00:00Z", "uncertainty_m": 25.0 }, "geometry": { "type": "Point", "coordinates": [ 8.805332, 49.399933 ] } },
{ "type": "Feature", "properties": { "key": 5824901554, "species": "Dryobates minor", "scientificName": "Dryobates minor (Linnaeus, 1758)", "eventDate": "2023-01-07T00:00:00Z", "uncertainty_m": 25.0 }, "geometry": { "type": "Point", "coordinates": [ 8.825653, 49.396564 ] } },
{ "type": "Feature", "properties": { "key": 5824902108, "species": "Cyanistes caeruleus", "scientificName": "Cyanistes caeruleus (Linnaeus, 1758)", "eventDate": "2023-01-07T00:00:00Z", "uncertainty_m": 25.0 }, "geometry": { "type": "Point", "coordinates": [ 8.835431, 49.316303 ] } },
{ "type": "Feature", "properties": { "key": 5824905059, "species": "Ardea cinerea", "scientificName": "Ardea cinerea Linnaeus, 1758", "eventDate": "2023-01-07T00:00:00Z", "uncertainty_m": 25.0 }, "geometry": { "type": "Point", "coordinates": [ 8.581416, 49.45784 ] } },
{ "type": "Feature", "properties": { "key": 5824920600, "species": "Garrulus glandarius", "scientificName": "Garrulus glandarius (Linnaeus, 1758)", "eventDate": "2023-01-07T00:00:00Z", "uncertainty_m": 25.0 }, "geometry": { "type": "Point", "coordinates": [ 8.695839, 49.429581 ] } },
{ "type": "Feature", "properties": { "key": 5824922527, "species": "Columba livia", "scientificName": "Columba livia f. domestica", "eventDate": "2023-01-07T00:00:00Z", "uncertainty_m": 25.0 }, "geometry": { "type": "Point", "coordinates": [ 8.688434, 49.381874 ] } },
{ "type": "Feature", "properties": { "key": 5824934770, "species": "Corvus corone", "scientificName": "Corvus corone Linnaeus, 1758", "eventDate": "2023-01-07T00:00:00Z", "uncertainty_m": 25.0 }, "geometry": { "type": "Point", "coordinates": [ 8.581635, 49.383057 ] } },
{ "type": "Feature", "properties": { "key": 5824944714, "species": "Columba palumbus", "scientificName": "Columba palumbus Linnaeus, 1758", "eventDate": "2023-01-07T00:00:00Z", "uncertainty_m": 25.0 }, "geometry": { "type": "Point", "coordinates": [ 8.6935, 49.4095 ] } },
{ "type": "Feature", "properties": { "key": 5824946533, "species": "Motacilla cinerea", "scientificName": "Motacilla cinerea Tunstall, 1771", "eventDate": "2023-01-07T00:00:00Z", "uncertainty_m": 25.0 }, "geometry": { "type": "Point", "coordinates": [ 8.661028, 49.5135 ] } },
{ "type": "Feature", "properties": { "key": 5824954327, "species": "Passer domesticus", "scientificName": "Passer domesticus (Linnaeus, 1758)", "eventDate": "2023-01-07T00:00:00Z", "uncertainty_m": 25.0 }, "geometry": { "type": "Point", "coordinates": [ 8.563209, 49.377579 ] } },
{ "type": "Feature", "properties": { "key": 5824974737, "species": "Buteo buteo", "scientificName": "Buteo buteo (Linnaeus, 1758)", "eventDate": "2023-01-07T00:00:00Z", "uncertainty_m": 25.0 }, "geometry": { "type": "Point", "coordinates": [ 8.757913, 49.340912 ] } },
{ "type": "Feature", "properties": { "key": 5824989819, "species": "Passer domesticus", "scientificName": "Passer domesticus (Linnaeus, 1758)", "eventDate": "2023-01-07T00:00:00Z", "uncertainty_m": 25.0 }, "geometry": { "type": "Point", "coordinates": [ 8.82493, 49.328888 ] } },
{ "type": "Feature", "properties": { "key": 5825010040, "species": "Phoenicurus ochruros", "scientificName": "Phoenicurus ochruros (S.G.Gmelin, 1774)", "eventDate": "2023-01-07T00:00:00Z", "uncertainty_m": 25.0 }, "geometry": { "type": "Point", "coordinates": [ 8.836651, 49.390106 ] } },
{ "type": "Feature", "properties": { "key": 5825014556, "species": "Poecile palustris", "scientificName": "Poecile palustris (Linnaeus, 1758)", "eventDate": "2023-01-07T00:00:00Z", "uncertainty_m": 25.0 }, "geometry": { "type": "Point", "coordinates": [ 8.826743, 49.412849 ] } },
{ "type": "Feature", "properties": { "key": 5825020193, "species": "Chloris chloris", "scientificName": "Chloris chloris (Linnaeus, 1758)", "eventDate": "2023-01-07T00:00:00Z", "uncertainty_m": 25.0 }, "geometry": { "type": "Point", "coordinates": [ 8.706395, 49.506252 ] } },
{ "type": "Feature", "properties": { "key": 5825041481, "species": "Turdus merula", "scientificName": "Turdus merula Linnaeus, 1758", "eventDate": "2023-01-07T00:00:00Z", "uncertainty_m": 25.0 }, "geometry": { "type": "Point", "coordinates": [ 8.678707, 49.452442 ] } },
{ "type": "Feature", "properties": { "key": 5825048427, "species": "Passer montanus", "scientificName": "Passer montanus (Linnaeus, 1758)", "eventDate": "2023-01-07T00:00:00Z", "uncertainty_m": 25.0 }, "geometry": { "type": "Point", "coordinates": [ 8.701771, 49.301125 ] } },
{ "type": "Feature", "properties": { "key": 5825052188, "species": "Columba livia", "scientificName": "Columba livia f. domestica", "eventDate": "2023-01-07T00:00:00Z", "uncertainty_m": 25.0 }, "geometry": { "type": "Point", "coordinates": [ 8.703846, 49.408802 ] } },
{ "type": "Feature", "properties": { "key": 5825057757, "species": "Sturnus vulgaris", "scientificName": "Sturnus vulgaris Linnaeus, 1758", "eventDate": "2023-01-07T00:00:00Z", "uncertainty_m": 25.0 }, "geometry": { "type": "Point", "coordinates": [ 8.617826, 49.442581 ] } },
{ "type": "Feature", "properties": { "key": 5825061079, "species": "Phylloscopus collybita", "scientificName": "Phylloscopus collybita (Vieillot, 1817)", "eventDate": "2023-01-07T00:00:00Z", "uncertainty_m": 25.0 }, "geometry": { "type": "Point", "coordinates": [ 8.566839, 49.380245 ] } },
{ "type": "Feature", "properties": { "key": 5825062449, "species": "Poecile palustris", "scientificName": "Poecile palustris (Linnaeus, 1758)", "eventDate": "2023-01-07T00:00:00Z", "uncertainty_m": 25.0 }, "geometry": { "type": "Point", "coordinates": [ 8.836893, 49.379768 ] } },
{ "type": "Feature", "properties": { "key": 5825066726, "species": "Aegithalos caudatus", "scientificName": "Aegithalos caudatus (Linnaeus, 1758)", "eventDate": "2023-01-07T00:00:00Z", "uncertainty_m": 25.0 }, "geometry": { "type": "Point", "coordinates": [ 8.738236, 49.487957 ] } },
{ "type": "Feature", "properties": { "key": 5825076861, "species": "Fringilla montifringilla", "scientificName": "Fringilla montifringilla Linnaeus, 1758", "eventDate": "2023-01-07T00:00:00Z", "uncertainty_m": 25.0 }, "geometry": { "type": "Point", "coordinates": [ 8.706395, 49.506252 ] } },
{ "type": "Feature", "properties": { "key": 5825086351, "species": "Parus major", "scientificName": "Parus major Linnaeus, 1758", "eventDate": "2023-01-07T00:00:00Z", "uncertainty_m": 25.0 }, "geometry": { "type": "Point", "coordinates": [ 8.668772, 49.348171 ] } },
{ "type": "Feature", "properties": { "key": 5825088384, "species": "Passer montanus", "scientificName": "Passer montanus (Linnaeus, 1758)", "eventDate": "2023-01-07T00:00:00Z", "uncertainty_m": 25.0 }, "geometry": { "type": "Point", "coordinates": [ 8.762063, 49.477257 ] } },
{ "type": "Feature", "properties": { "key": 5825097100, "species": "Prunella modularis", "scientificName": "Prunella modularis (Linnaeus, 1758)", "eventDate": "2023-01-07T00:00:00Z", "uncertainty_m": 25.0 }, "geometry": { "type": "Point", "coordinates": [ 8.649669, 49.419975 ] } },
{ "type": "Feature", "properties": { "key": 5825097809, "species": "Alcedo atthis", "scientificName": "Alcedo atthis (Linnaeus, 1758)", "eventDate": "2023-01-07T00:00:00Z", "uncertainty_m": 25.0 }, "geometry": { "type": "Point", "coordinates": [ 8.7856, 49.3936 ] } },
{ "type": "Feature", "properties": { "key": 5825121141, "species": "Larus ridibundus", "scientificName": "Larus ridibundus Linnaeus, 1766", "eventDate": "2023-01-07T00:00:00Z", "uncertainty_m": 25.0 }, "geometry": { "type": "Point", "coordinates": [ 8.784739, 49.393833 ] } },
{ "type": "Feature", "properties": { "key": 5825122021, "species": "Dendrocopos major", "scientificName": "Dendrocopos major (Linnaeus, 1758)", "eventDate": "2023-01-07T00:00:00Z", "uncertainty_m": 25.0 }, "geometry": { "type": "Point", "coordinates": [ 8.750368, 49.412773 ] } },
{ "type": "Feature", "properties": { "key": 5825124587, "species": "Troglodytes troglodytes", "scientificName": "Troglodytes troglodytes (Linnaeus, 1758)", "eventDate": "2023-01-07T00:00:00Z", "uncertainty_m": 25.0 }, "geometry": { "type": "Point", "coordinates": [ 8.66648, 49.34499 ] } },
{ "type": "Feature", "properties": { "key": 5825134594, "species": "Coccothraustes coccothraustes", "scientificName": "Coccothraustes coccothraustes (Linnaeus, 1758)", "eventDate": "2023-01-07T00:00:00Z", "uncertainty_m": 25.0 }, "geometry": { "type": "Point", "coordinates": [ 8.79586, 49.384583 ] } },
{ "type": "Feature", "properties": { "key": 5825135909, "species": "Acanthis flammea", "scientificName": "Acanthis flammea (Linnaeus, 1758)", "eventDate": "2023-01-07T00:00:00Z", "uncertainty_m": 25.0 }, "geometry": { "type": "Point", "coordinates": [ 8.753422, 49.348484 ] } },
{ "type": "Feature", "properties": { "key": 5825136282, "species": "Spinus spinus", "scientificName": "Spinus spinus (Linnaeus, 1758)", "eventDate": "2023-01-07T00:00:00Z", "uncertainty_m": 25.0 }, "geometry": { "type": "Point", "coordinates": [ 8.604632, 49.472828 ] } },
{ "type": "Feature", "properties": { "key": 5825141059, "species": "Passer montanus", "scientificName": "Passer montanus (Linnaeus, 1758)", "eventDate": "2023-01-07T00:00:00Z", "uncertainty_m": 25.0 }, "geometry": { "type": "Point", "coordinates": [ 8.807773, 49.50066 ] } },
{ "type": "Feature", "properties": { "key": 5825147952, "species": "Erithacus rubecula", "scientificName": "Erithacus rubecula (Linnaeus, 1758)", "eventDate": "2023-01-07T00:00:00Z", "uncertainty_m": 25.0 }, "geometry": { "type": "Point", "coordinates": [ 8.803212, 49.378613 ] } },
{ "type": "Feature", "properties": { "key": 5825170842, "species": "Garrulus glandarius", "scientificName": "Garrulus glandarius (Linnaeus, 1758)", "eventDate": "2023-01-07T00:00:00Z", "uncertainty_m": 25.0 }, "geometry": { "type": "Point", "coordinates": [ 8.65144, 49.344585 ] } },
{ "type": "Feature", "properties": { "key": 5825196114, "species": "Poecile montanus", "scientificName": "Poecile montanus (Conrad von Baldenstein, 1827)", "eventDate": "2023-01-07T00:00:00Z", "uncertainty_m": 25.0 }, "geometry": { "type": "Point", "coordinates": [ 8.706395, 49.506252 ] } },
{ "type": "Feature", "properties": { "key": 5825198070, "species": "Ardea cinerea", "scientificName": "Ardea cinerea Linnaeus, 1758", "eventDate": "2023-01-07T00:00:00Z", "uncertainty_m": 25.0 }, "geometry": { "type": "Point", "coordinates": [ 8.58144, 49.441574 ] } },
{ "type": "Feature", "properties": { "key": 5825198851, "species": "Cyanistes caeruleus", "scientificName": "Cyanistes caeruleus (Linnaeus, 1758)", "eventDate": "2023-01-07T00:00:00Z", "uncertainty_m": 25.0 }, "geometry": { "type": "Point", "coordinates": [ 8.585033, 49.371792 ] } },
{ "type": "Feature", "properties": { "key": 5825206108, "species": "Psittacula krameri", "scientificName": "Psittacula krameri (Scopoli, 1769)", "eventDate": "2023-01-07T00:00:00Z", "uncertainty_m": 25.0 }, "geometry": { "type": "Point", "coordinates": [ 8.585033, 49.371792 ] } },
{ "type": "Feature", "properties": { "key": 5825206522, "species": "Alopochen aegyptiaca", "scientificName": "Alopochen aegyptiaca (Linnaeus, 1766)", "eventDate": "2023-01-07T00:00:00Z", "uncertainty_m": 25.0 }, "geometry": { "type": "Point", "coordinates": [ 8.696036, 49.477219 ] } },
{ "type": "Feature", "properties": { "key": 5825206726, "species": "Prunella modularis", "scientificName": "Prunella modularis (Linnaeus, 1758)", "eventDate": "2023-01-07T00:00:00Z", "uncertainty_m": 25.0 }, "geometry": { "type": "Point", "coordinates": [ 8.836651, 49.390106 ] } },
{ "type": "Feature", "properties": { "key": 5825213340, "species": "Cyanistes caeruleus", "scientificName": "Cyanistes caeruleus (Linnaeus, 1758)", "eventDate": "2023-01-07T00:00:00Z", "uncertainty_m": 25.0 }, "geometry": { "type": "Point", "coordinates": [ 8.762063, 49.477257 ] } },
{ "type": "Feature", "properties": { "key": 5825220117, "species": "Ardea cinerea", "scientificName": "Ardea cinerea Linnaeus, 1758", "eventDate": "2023-01-07T00:00:00Z", "uncertainty_m": 25.0 }, "geometry": { "type": "Point", "coordinates": [ 8.776497, 49.348248 ] } },
{ "type": "Feature", "properties": { "key": 5825261289, "species": "Buteo buteo", "scientificName": "Buteo buteo (Linnaeus, 1758)", "eventDate": "2023-01-07T00:00:00Z", "uncertainty_m": 25.0 }, "geometry": { "type": "Point", "coordinates": [ 8.679682, 49.372601 ] } },
{ "type": "Feature", "properties": { "key": 5825268583, "species": "Streptopelia decaocto", "scientificName": "Streptopelia decaocto (Frivaldszky, 1838)", "eventDate": "2023-01-07T00:00:00Z", "uncertainty_m": 25.0 }, "geometry": { "type": "Point", "coordinates": [ 8.689481, 49.378681 ] } },
{ "type": "Feature", "properties": { "key": 5825268954, "species": "Buteo buteo", "scientificName": "Buteo buteo (Linnaeus, 1758)", "eventDate": "2023-01-07T00:00:00Z", "uncertainty_m": 25.0 }, "geometry": { "type": "Point", "coordinates": [ 8.667938, 49.510475 ] } },
{ "type": "Feature", "properties": { "key": 5825269714, "species": "Chloris chloris", "scientificName": "Chloris chloris (Linnaeus, 1758)", "eventDate": "2023-01-07T00:00:00Z", "uncertainty_m": 25.0 }, "geometry": { "type": "Point", "coordinates": [ 8.837508, 49.386177 ] } },
{ "type": "Feature", "properties": { "key": 5825270341, "species": "Erithacus rubecula", "scientificName": "Erithacus rubecula (Linnaeus, 1758)", "eventDate": "2023-01-07T00:00:00Z", "uncertainty_m": 25.0 }, "geometry": { "type": "Point", "coordinates": [ 8.594548, 49.47625 ] } },
{ "type": "Feature", "properties": { "key": 5825289448, "species": "Garrulus glandarius", "scientificName": "Garrulus glandarius (Linnaeus, 1758)", "eventDate": "2023-01-07T00:00:00Z", "uncertainty_m": 25.0 }, "geometry": { "type": "Point", "coordinates": [ 8.837508, 49.386177 ] } },
{ "type": "Feature", "properties": { "key": 5825303069, "species": "Cyanistes caeruleus", "scientificName": "Cyanistes caeruleus (Linnaeus, 1758)", "eventDate": "2023-01-07T00:00:00Z", "uncertainty_m": 25.0 }, "geometry": { "type": "Point", "coordinates": [ 8.597921, 49.465576 ] } },
{ "type": "Feature", "properties": { "key": 5825325782, "species": "Fringilla coelebs", "scientificName": "Fringilla coelebs Linnaeus, 1758", "eventDate": "2023-01-07T00:00:00Z", "uncertainty_m": 25.0 }, "geometry": { "type": "Point", "coordinates": [ 8.750368, 49.412773 ] } },
{ "type": "Feature", "properties": { "key": 5825335950, "species": "Sitta europaea", "scientificName": "Sitta europaea Linnaeus, 1758", "eventDate": "2023-01-07T00:00:00Z", "uncertainty_m": 25.0 }, "geometry": { "type": "Point", "coordinates": [ 8.695839, 49.429581 ] } },
{ "type": "Feature", "properties": { "key": 5825342126, "species": "Larus ridibundus", "scientificName": "Larus ridibundus Linnaeus, 1766", "eventDate": "2023-01-07T00:00:00Z", "uncertainty_m": 25.0 }, "geometry": { "type": "Point", "coordinates": [ 8.799813, 49.345951 ] } },
{ "type": "Feature", "properties": { "key": 5825351744, "species": "Chloris chloris", "scientificName": "Chloris chloris (Linnaeus, 1758)", "eventDate": "2023-01-07T00:00:00Z", "uncertainty_m": 25.0 }, "geometry": { "type": "Point", "coordinates": [ 8.647061, 49.309944 ] } },
{ "type": "Feature", "properties": { "key": 5825352459, "species": "Corvus corone", "scientificName": "Corvus corone Linnaeus, 1758", "eventDate": "2023-01-07T00:00:00Z", "uncertainty_m": 25.0 }, "geometry": { "type": "Point", "coordinates": [ 8.797957, 49.398621 ] } },
{ "type": "Feature", "properties": { "key": 5825353044, "species": "Sitta europaea", "scientificName": "Sitta europaea Linnaeus, 1758", "eventDate": "2023-01-07T00:00:00Z", "uncertainty_m": 25.0 }, "geometry": { "type": "Point", "coordinates": [ 8.668023, 49.497986 ] } },
{ "type": "Feature", "properties": { "key": 5825355906, "species": "Accipiter nisus", "scientificName": "Accipiter nisus (Linnaeus, 1758)", "eventDate": "2023-01-07T00:00:00Z", "uncertainty_m": 25.0 }, "geometry": { "type": "Point", "coordinates": [ 8.692803, 49.319767 ] } },
{ "type": "Feature", "properties": { "key": 5825373868, "species": "Sitta europaea", "scientificName": "Sitta europaea Linnaeus, 1758", "eventDate": "2023-01-07T00:00:00Z", "uncertainty_m": 25.0 }, "geometry": { "type": "Point", "coordinates": [ 8.65082, 49.42469 ] } },
{ "type": "Feature", "properties": { "key": 5825375329, "species": "Dendrocopos major", "scientificName": "Dendrocopos major (Linnaeus, 1758)", "eventDate": "2023-01-07T00:00:00Z", "uncertainty_m": 25.0 }, "geometry": { "type": "Point", "coordinates": [ 8.817113, 49.321735 ] } },
{ "type": "Feature", "properties": { "key": 5825385716, "species": "Pica pica", "scientificName": "Pica pica (Linnaeus, 1758)", "eventDate": "2023-01-07T00:00:00Z", "uncertainty_m": 25.0 }, "geometry": { "type": "Point", "coordinates": [ 8.696036, 49.477219 ] } },
{ "type": "Feature", "properties": { "key": 5825386143, "species": "Periparus ater", "scientificName": "Periparus ater (Linnaeus, 1758)", "eventDate": "2023-01-07T00:00:00Z", "uncertainty_m": 25.0 }, "geometry": { "type": "Point", "coordinates": [ 8.695698, 49.396793 ] } },
{ "type": "Feature", "properties": { "key": 5825386550, "species": "Prunella modularis", "scientificName": "Prunella modularis (Linnaeus, 1758)", "eventDate": "2023-01-07T00:00:00Z", "uncertainty_m": 25.0 }, "geometry": { "type": "Point", "coordinates": [ 8.844377, 49.40749 ] } },
{ "type": "Feature", "properties": { "key": 5825390539, "species": "Spinus spinus", "scientificName": "Spinus spinus (Linnaeus, 1758)", "eventDate": "2023-01-07T00:00:00Z", "uncertainty_m": 25.0 }, "geometry": { "type": "Point", "coordinates": [ 8.696036, 49.477219 ] } },
{ "type": "Feature", "properties": { "key": 5825433767, "species": "Columba oenas", "scientificName": "Columba oenas Linnaeus, 1758", "eventDate": "2023-01-07T00:00:00Z", "uncertainty_m": 25.0 }, "geometry": { "type": "Point", "coordinates": [ 8.675871, 49.475948 ] } },
{ "type": "Feature", "properties": { "key": 5825441381, "species": "Picus viridis", "scientificName": "Picus viridis Linnaeus, 1758", "eventDate": "2023-01-07T00:00:00Z", "uncertainty_m": 25.0 }, "geometry": { "type": "Point", "coordinates": [ 8.784739, 49.393833 ] } },
{ "type": "Feature", "properties": { "key": 5825443832, "species": "Leiopicus medius", "scientificName": "Leiopicus medius (Linnaeus, 1758)", "eventDate": "2023-01-07T00:00:00Z", "uncertainty_m": 25.0 }, "geometry": { "type": "Point", "coordinates": [ 8.639758, 49.312271 ] } },
{ "type": "Feature", "properties": { "key": 5825448266, "species": "Erithacus rubecula", "scientificName": "Erithacus rubecula (Linnaeus, 1758)", "eventDate": "2023-01-07T00:00:00Z", "uncertainty_m": 25.0 }, "geometry": { "type": "Point", "coordinates": [ 8.689481, 49.378681 ] } },
{ "type": "Feature", "properties": { "key": 5825452201, "species": "Corvus frugilegus", "scientificName": "Corvus frugilegus Linnaeus, 1758", "eventDate": "2023-01-07T00:00:00Z", "uncertainty_m": 25.0 }, "geometry": { "type": "Point", "coordinates": [ 8.65144, 49.344585 ] } },
{ "type": "Feature", "properties": { "key": 5825469429, "species": "Aegithalos caudatus", "scientificName": "Aegithalos caudatus (Linnaeus, 1758)", "eventDate": "2023-01-07T00:00:00Z", "uncertainty_m": 25.0 }, "geometry": { "type": "Point", "coordinates": [ 8.639758, 49.312271 ] } },
{ "type": "Feature", "properties": { "key": 5825478683, "species": "Passer montanus", "scientificName": "Passer montanus (Linnaeus, 1758)", "eventDate": "2023-01-07T00:00:00Z", "uncertainty_m": 25.0 }, "geometry": { "type": "Point", "coordinates": [ 8.676775, 49.448097 ] } },
{ "type": "Feature", "properties": { "key": 5825478763, "species": "Troglodytes troglodytes", "scientificName": "Troglodytes troglodytes (Linnaeus, 1758)", "eventDate": "2023-01-07T00:00:00Z", "uncertainty_m": 25.0 }, "geometry": { "type": "Point", "coordinates": [ 8.571528, 49.432243 ] } },
{ "type": "Feature", "properties": { "key": 5825492600, "species": "Sitta europaea", "scientificName": "Sitta europaea Linnaeus, 1758", "eventDate": "2023-01-07T00:00:00Z", "uncertainty_m": 25.0 }, "geometry": { "type": "Point", "coordinates": [ 8.765603, 49.376122 ] } },
{ "type": "Feature", "properties": { "key": 5825493961, "species": "Streptopelia decaocto", "scientificName": "Streptopelia decaocto (Frivaldszky, 1838)", "eventDate": "2023-01-07T00:00:00Z", "uncertainty_m": 25.0 }, "geometry": { "type": "Point", "coordinates": [ 8.566563, 49.377731 ] } },
{ "type": "Feature", "properties": { "key": 5825494366, "species": "Fringilla coelebs", "scientificName": "Fringilla coelebs Linnaeus, 1758", "eventDate": "2023-01-07T00:00:00Z", "uncertainty_m": 25.0 }, "geometry": { "type": "Point", "coordinates": [ 8.594548, 49.47625 ] } },
{ "type": "Feature", "properties": { "key": 5825494403, "species": "Fringilla montifringilla", "scientificName": "Fringilla montifringilla Linnaeus, 1758", "eventDate": "2023-01-07T00:00:00Z", "uncertainty_m": 25.0 }, "geometry": { "type": "Point", "coordinates": [ 8.778188, 49.359146 ] } },
{ "type": "Feature", "properties": { "key": 5825497546, "species": "Corvus monedula", "scientificName": "Corvus monedula Linnaeus, 1758", "eventDate": "2023-01-07T00:00:00Z", "uncertainty_m": 25.0 }, "geometry": { "type": "Point", "coordinates": [ 8.679682, 49.372601 ] } },
{ "type": "Feature", "properties": { "key": 5825498729, "species": "Pyrrhula pyrrhula", "scientificName": "Pyrrhula pyrrhula (Linnaeus, 1758)", "eventDate": "2023-01-07T00:00:00Z", "uncertainty_m": 25.0 }, "geometry": { "type": "Point", "coordinates": [ 8.569185, 49.391037 ] } },
{ "type": "Feature", "properties": { "key": 5825513350, "species": "Passer montanus", "scientificName": "Passer montanus (Linnaeus, 1758)", "eventDate": "2023-01-07T00:00:00Z", "uncertainty_m": 25.0 }, "geometry": { "type": "Point", "coordinates": [ 8.665109, 49.445774 ] } },
{ "type": "Feature", "properties": { "key": 5825516743, "species": "Cyanistes caeruleus", "scientificName": "Cyanistes caeruleus (Linnaeus, 1758)", "eventDate": "2023-01-07T00:00:00Z", "uncertainty_m": 25.0 }, "geometry": { "type": "Point", "coordinates": [ 8.817113, 49.321735 ] } },
{ "type": "Feature", "properties": { "key": 5825534563, "species": "Fringilla coelebs", "scientificName": "Fringilla coelebs Linnaeus, 1758", "eventDate": "2023-01-07T00:00:00Z", "uncertainty_m": 25.0 }, "geometry": { "type": "Point", "coordinates": [ 8.65144, 49.344585 ] } },
{ "type": "Feature", "properties": { "key": 5825557291, "species": "Chloris chloris", "scientificName": "Chloris chloris (Linnaeus, 1758)", "eventDate": "2023-01-07T00:00:00Z", "uncertainty_m": 25.0 }, "geometry": { "type": "Point", "coordinates": [ 8.84822, 49.400536 ] } },
{ "type": "Feature", "properties": { "key": 5825562927, "species": "Poecile palustris", "scientificName": "Poecile palustris (Linnaeus, 1758)", "eventDate": "2023-01-07T00:00:00Z", "uncertainty_m": 25.0 }, "geometry": { "type": "Point", "coordinates": [ 8.678707, 49.452442 ] } },
{ "type": "Feature", "properties": { "key": 5825562960, "species": "Ardea cinerea", "scientificName": "Ardea cinerea Linnaeus, 1758", "eventDate": "2023-01-07T00:00:00Z", "uncertainty_m": 25.0 }, "geometry": { "type": "Point", "coordinates": [ 8.609661, 49.51025 ] } },
{ "type": "Feature", "properties": { "key": 5825580395, "species": "Carduelis carduelis", "scientificName": "Carduelis carduelis (Linnaeus, 1758)", "eventDate": "2023-01-07T00:00:00Z", "uncertainty_m": 25.0 }, "geometry": { "type": "Point", "coordinates": [ 8.702248, 49.318325 ] } },
{ "type": "Feature", "properties": { "key": 5825584271, "species": "Ardea cinerea", "scientificName": "Ardea cinerea Linnaeus, 1758", "eventDate": "2023-01-07T00:00:00Z", "uncertainty_m": 25.0 }, "geometry": { "type": "Point", "coordinates": [ 8.696036, 49.477219 ] } },
{ "type": "Feature", "properties": { "key": 5825591009, "species": "Picus viridis", "scientificName": "Picus viridis Linnaeus, 1758", "eventDate": "2023-01-07T00:00:00Z", "uncertainty_m": 25.0 }, "geometry": { "type": "Point", "coordinates": [ 8.649669, 49.419975 ] } },
{ "type": "Feature", "properties": { "key": 5825591227, "species": "Dryocopus martius", "scientificName": "Dryocopus martius (Linnaeus, 1758)", "eventDate": "2023-01-07T00:00:00Z", "uncertainty_m": 25.0 }, "geometry": { "type": "Point", "coordinates": [ 8.803212, 49.378613 ] } },
{ "type": "Feature", "properties": { "key": 5825601003, "species": "Pica pica", "scientificName": "Pica pica (Linnaeus, 1758)", "eventDate": "2023-01-07T00:00:00Z", "uncertainty_m": 25.0 }, "geometry": { "type": "Point", "coordinates": [ 8.651556, 49.34816 ] } },
{ "type": "Feature", "properties": { "key": 5825619991, "species": "Passer domesticus", "scientificName": "Passer domesticus (Linnaeus, 1758)", "eventDate": "2023-01-07T00:00:00Z", "uncertainty_m": 25.0 }, "geometry": { "type": "Point", "coordinates": [ 8.689481, 49.378681 ] } },
{ "type": "Feature", "properties": { "key": 5825622514, "species": "Turdus philomelos", "scientificName": "Turdus philomelos C.L.Brehm, 1831", "eventDate": "2023-01-07T00:00:00Z", "uncertainty_m": 25.0 }, "geometry": { "type": "Point", "coordinates": [ 8.617826, 49.442581 ] } },
{ "type": "Feature", "properties": { "key": 5825636996, "species": "Dendrocopos major", "scientificName": "Dendrocopos major (Linnaeus, 1758)", "eventDate": "2023-01-07T00:00:00Z", "uncertainty_m": 25.0 }, "geometry": { "type": "Point", "coordinates": [ 8.65144, 49.344585 ] } },
{ "type": "Feature", "properties": { "key": 5825638628, "species": "Corvus corone", "scientificName": "Corvus corone Linnaeus, 1758", "eventDate": "2023-01-07T00:00:00Z", "uncertainty_m": 25.0 }, "geometry": { "type": "Point", "coordinates": [ 8.666129, 49.46582 ] } },
{ "type": "Feature", "properties": { "key": 5825639495, "species": "Corvus frugilegus", "scientificName": "Corvus frugilegus Linnaeus, 1758", "eventDate": "2023-01-07T00:00:00Z", "uncertainty_m": 25.0 }, "geometry": { "type": "Point", "coordinates": [ 8.75806, 49.423046 ] } },
{ "type": "Feature", "properties": { "key": 5825641097, "species": "Erithacus rubecula", "scientificName": "Erithacus rubecula (Linnaeus, 1758)", "eventDate": "2023-01-07T00:00:00Z", "uncertainty_m": 25.0 }, "geometry": { "type": "Point", "coordinates": [ 8.668772, 49.348171 ] } },
{ "type": "Feature", "properties": { "key": 5825666640, "species": "Lophophanes cristatus", "scientificName": "Lophophanes cristatus (Linnaeus, 1758)", "eventDate": "2023-01-07T00:00:00Z", "uncertainty_m": 25.0 }, "geometry": { "type": "Point", "coordinates": [ 8.669286, 49.380966 ] } },
{ "type": "Feature", "properties": { "key": 5825674531, "species": "Turdus philomelos", "scientificName": "Turdus philomelos C.L.Brehm, 1831", "eventDate": "2023-01-07T00:00:00Z", "uncertainty_m": 25.0 }, "geometry": { "type": "Point", "coordinates": [ 8.597921, 49.465576 ] } },
{ "type": "Feature", "properties": { "key": 5825680857, "species": "Corvus corone", "scientificName": "Corvus corone Linnaeus, 1758", "eventDate": "2023-01-07T00:00:00Z", "uncertainty_m": 25.0 }, "geometry": { "type": "Point", "coordinates": [ 8.706395, 49.506252 ] } },
{ "type": "Feature", "properties": { "key": 5825698111, "species": "Sturnus vulgaris", "scientificName": "Sturnus vulgaris Linnaeus, 1758", "eventDate": "2023-01-07T00:00:00Z", "uncertainty_m": 25.0 }, "geometry": { "type": "Point", "coordinates": [ 8.847062, 49.44397 ] } },
{ "type": "Feature", "properties": { "key": 5825705741, "species": "Dendrocopos major", "scientificName": "Dendrocopos major (Linnaeus, 1758)", "eventDate": "2023-01-07T00:00:00Z", "uncertainty_m": 25.0 }, "geometry": { "type": "Point", "coordinates": [ 8.696036, 49.477219 ] } },
{ "type": "Feature", "properties": { "key": 5825705918, "species": "Streptopelia decaocto", "scientificName": "Streptopelia decaocto (Frivaldszky, 1838)", "eventDate": "2023-01-07T00:00:00Z", "uncertainty_m": 25.0 }, "geometry": { "type": "Point", "coordinates": [ 8.778188, 49.359146 ] } },
{ "type": "Feature", "properties": { "key": 5825708842, "species": "Erithacus rubecula", "scientificName": "Erithacus rubecula (Linnaeus, 1758)", "eventDate": "2023-01-07T00:00:00Z", "uncertainty_m": 25.0 }, "geometry": { "type": "Point", "coordinates": [ 8.678707, 49.452442 ] } },
{ "type": "Feature", "properties": { "key": 5825721668, "species": "Psittacula krameri", "scientificName": "Psittacula krameri (Scopoli, 1769)", "eventDate": "2023-01-07T00:00:00Z", "uncertainty_m": 25.0 }, "geometry": { "type": "Point", "coordinates": [ 8.597921, 49.465576 ] } },
{ "type": "Feature", "properties": { "key": 5825773154, "species": "Passer domesticus", "scientificName": "Passer domesticus (Linnaeus, 1758)", "eventDate": "2023-01-07T00:00:00Z", "uncertainty_m": 25.0 }, "geometry": { "type": "Point", "coordinates": [ 8.807773, 49.50066 ] } },
{ "type": "Feature", "properties": { "key": 5825782878, "species": "Lophophanes cristatus", "scientificName": "Lophophanes cristatus (Linnaeus, 1758)", "eventDate": "2023-01-07T00:00:00Z", "uncertainty_m": 25.0 }, "geometry": { "type": "Point", "coordinates": [ 8.706395, 49.506252 ] } },
{ "type": "Feature", "properties": { "key": 5825794762, "species": "Corvus corone", "scientificName": "Corvus corone Linnaeus, 1758", "eventDate": "2023-01-07T00:00:00Z", "uncertainty_m": 25.0 }, "geometry": { "type": "Point", "coordinates": [ 8.817113, 49.321735 ] } },
{ "type": "Feature", "properties": { "key": 5825802660, "species": "Parus major", "scientificName": "Parus major Linnaeus, 1758", "eventDate": "2023-01-07T00:00:00Z", "uncertainty_m": 25.0 }, "geometry": { "type": "Point", "coordinates": [ 8.592985, 49.371361 ] } },
{ "type": "Feature", "properties": { "key": 5825803159, "species": "Sturnus vulgaris", "scientificName": "Sturnus vulgaris Linnaeus, 1758", "eventDate": "2023-01-07T00:00:00Z", "uncertainty_m": 25.0 }, "geometry": { "type": "Point", "coordinates": [ 8.805663, 49.367027 ] } },
{ "type": "Feature", "properties": { "key": 5825806190, "species": "Corvus frugilegus", "scientificName": "Corvus frugilegus Linnaeus, 1758", "eventDate": "2023-01-07T00:00:00Z", "uncertainty_m": 25.0 }, "geometry": { "type": "Point", "coordinates": [ 8.579115, 49.440228 ] } },
{ "type": "Feature", "properties": { "key": 5825826883, "species": "Passer domesticus", "scientificName": "Passer domesticus (Linnaeus, 1758)", "eventDate": "2023-01-07T00:00:00Z", "uncertainty_m": 25.0 }, "geometry": { "type": "Point", "coordinates": [ 8.839109, 49.394726 ] } },
{ "type": "Feature", "properties": { "key": 5825834852, "species": "Poecile palustris", "scientificName": "Poecile palustris (Linnaeus, 1758)", "eventDate": "2023-01-07T00:00:00Z", "uncertainty_m": 25.0 }, "geometry": { "type": "Point", "coordinates": [ 8.747313, 49.508877 ] } },
{ "type": "Feature", "properties": { "key": 5825874889, "species": "Periparus ater", "scientificName": "Periparus ater (Linnaeus, 1758)", "eventDate": "2023-01-07T00:00:00Z", "uncertainty_m": 25.0 }, "geometry": { "type": "Point", "coordinates": [ 8.696036, 49.477219 ] } },
{ "type": "Feature", "properties": { "key": 5825875850, "species": "Cyanistes caeruleus", "scientificName": "Cyanistes caeruleus (Linnaeus, 1758)", "eventDate": "2023-01-07T00:00:00Z", "uncertainty_m": 25.0 }, "geometry": { "type": "Point", "coordinates": [ 8.784739, 49.393833 ] } },
{ "type": "Feature", "properties": { "key": 5825916348, "species": "Certhia brachydactyla", "scientificName": "Certhia brachydactyla C.L.Brehm, 1820", "eventDate": "2023-01-07T00:00:00Z", "uncertainty_m": 25.0 }, "geometry": { "type": "Point", "coordinates": [ 8.564475, 49.394478 ] } },
{ "type": "Feature", "properties": { "key": 5825920536, "species": "Cygnus olor", "scientificName": "Cygnus olor (J.F.Gmelin, 1789)", "eventDate": "2023-01-07T00:00:00Z", "uncertainty_m": 25.0 }, "geometry": { "type": "Point", "coordinates": [ 8.649669, 49.419975 ] } },
{ "type": "Feature", "properties": { "key": 5825943971, "species": "Garrulus glandarius", "scientificName": "Garrulus glandarius (Linnaeus, 1758)", "eventDate": "2023-01-07T00:00:00Z", "uncertainty_m": 25.0 }, "geometry": { "type": "Point", "coordinates": [ 8.567454, 49.389286 ] } },
{ "type": "Feature", "properties": { "key": 5825959608, "species": "Psittacula krameri", "scientificName": "Psittacula krameri (Scopoli, 1769)", "eventDate": "2023-01-07T00:00:00Z", "uncertainty_m": 25.0 }, "geometry": { "type": "Point", "coordinates": [ 8.695839, 49.429581 ] } },
{ "type": "Feature", "properties": { "key": 5825970825, "species": "Psittacula krameri", "scientificName": "Psittacula krameri (Scopoli, 1769)", "eventDate": "2023-01-07T00:00:00Z", "uncertainty_m": 25.0 }, "geometry": { "type": "Point", "coordinates": [ 8.554977, 49.50235 ] } },
{ "type": "Feature", "properties": { "key": 5825972588, "species": "Fringilla coelebs", "scientificName": "Fringilla coelebs Linnaeus, 1758", "eventDate": "2023-01-07T00:00:00Z", "uncertainty_m": 25.0 }, "geometry": { "type": "Point", "coordinates": [ 8.784739, 49.393833 ] } },
{ "type": "Feature", "properties": { "key": 5825992557, "species": "Streptopelia decaocto", "scientificName": "Streptopelia decaocto (Frivaldszky, 1838)", "eventDate": "2023-01-07T00:00:00Z", "uncertainty_m": 25.0 }, "geometry": { "type": "Point", "coordinates": [ 8.6189, 49.472347 ] } },
{ "type": "Feature", "properties": { "key": 5825997968, "species": "Parus major", "scientificName": "Parus major Linnaeus, 1758", "eventDate": "2023-01-07T00:00:00Z", "uncertainty_m": 25.0 }, "geometry": { "type": "Point", "coordinates": [ 8.7505, 49.435413 ] } },
{ "type": "Feature", "properties": { "key": 5826004977, "species": "Aegithalos caudatus", "scientificName": "Aegithalos caudatus (Linnaeus, 1758)", "eventDate": "2023-01-07T00:00:00Z", "uncertainty_m": 25.0 }, "geometry": { "type": "Point", "coordinates": [ 8.702248, 49.318325 ] } },
{ "type": "Feature", "properties": { "key": 5826005270, "species": "Linaria cannabina", "scientificName": "Linaria cannabina (Linnaeus, 1758)", "eventDate": "2023-01-07T00:00:00Z", "uncertainty_m": 25.0 }, "geometry": { "type": "Point", "coordinates": [ 8.579542, 49.367092 ] } },
{ "type": "Feature", "properties": { "key": 5826007555, "species": "Aegithalos caudatus", "scientificName": "Aegithalos caudatus (Linnaeus, 1758)", "eventDate": "2023-01-07T00:00:00Z", "uncertainty_m": 25.0 }, "geometry": { "type": "Point", "coordinates": [ 8.803006, 49.436234 ] } },
{ "type": "Feature", "properties": { "key": 5826016505, "species": "Turdus merula", "scientificName": "Turdus merula Linnaeus, 1758", "eventDate": "2023-01-07T00:00:00Z", "uncertainty_m": 25.0 }, "geometry": { "type": "Point", "coordinates": [ 8.7505, 49.435413 ] } },
{ "type": "Feature", "properties": { "key": 5826016883, "species": "Passer domesticus", "scientificName": "Passer domesticus (Linnaeus, 1758)", "eventDate": "2023-01-07T00:00:00Z", "uncertainty_m": 25.0 }, "geometry": { "type": "Point", "coordinates": [ 8.668772, 49.348171 ] } },
{ "type": "Feature", "properties": { "key": 5826027270, "species": "Buteo buteo", "scientificName": "Buteo buteo (Linnaeus, 1758)", "eventDate": "2023-01-07T00:00:00Z", "uncertainty_m": 25.0 }, "geometry": { "type": "Point", "coordinates": [ 8.784739, 49.393833 ] } },
{ "type": "Feature", "properties": { "key": 5826033176, "species": "Buteo buteo", "scientificName": "Buteo buteo (Linnaeus, 1758)", "eventDate": "2023-01-07T00:00:00Z", "uncertainty_m": 25.0 }, "geometry": { "type": "Point", "coordinates": [ 8.836893, 49.379768 ] } },
{ "type": "Feature", "properties": { "key": 5826036263, "species": "Picus viridis", "scientificName": "Picus viridis Linnaeus, 1758", "eventDate": "2023-01-07T00:00:00Z", "uncertainty_m": 25.0 }, "geometry": { "type": "Point", "coordinates": [ 8.7505, 49.435413 ] } },
{ "type": "Feature", "properties": { "key": 5826047136, "species": "Emberiza citrinella", "scientificName": "Emberiza citrinella Linnaeus, 1758", "eventDate": "2023-01-07T00:00:00Z", "uncertainty_m": 25.0 }, "geometry": { "type": "Point", "coordinates": [ 8.642004, 49.376469 ] } },
{ "type": "Feature", "properties": { "key": 5826064114, "species": "Prunella modularis", "scientificName": "Prunella modularis (Linnaeus, 1758)", "eventDate": "2023-01-07T00:00:00Z", "uncertainty_m": 25.0 }, "geometry": { "type": "Point", "coordinates": [ 8.747313, 49.508877 ] } },
{ "type": "Feature", "properties": { "key": 5826069000, "species": "Corvus frugilegus", "scientificName": "Corvus frugilegus Linnaeus, 1758", "eventDate": "2023-01-07T00:00:00Z", "uncertainty_m": 25.0 }, "geometry": { "type": "Point", "coordinates": [ 8.58564, 49.371536 ] } },
{ "type": "Feature", "properties": { "key": 5826078170, "species": "Carduelis carduelis", "scientificName": "Carduelis carduelis (Linnaeus, 1758)", "eventDate": "2023-01-07T00:00:00Z", "uncertainty_m": 25.0 }, "geometry": { "type": "Point", "coordinates": [ 8.649669, 49.419975 ] } },
{ "type": "Feature", "properties": { "key": 5826078598, "species": "Phoenicurus ochruros", "scientificName": "Phoenicurus ochruros (S.G.Gmelin, 1774)", "eventDate": "2023-01-07T00:00:00Z", "uncertainty_m": 25.0 }, "geometry": { "type": "Point", "coordinates": [ 8.564139, 49.475563 ] } },
{ "type": "Feature", "properties": { "key": 5826079576, "species": "Corvus corax", "scientificName": "Corvus corax Linnaeus, 1758", "eventDate": "2023-01-07T00:00:00Z", "uncertainty_m": 25.0 }, "geometry": { "type": "Point", "coordinates": [ 8.776497, 49.348248 ] } },
{ "type": "Feature", "properties": { "key": 5826095947, "species": "Corvus frugilegus", "scientificName": "Corvus frugilegus Linnaeus, 1758", "eventDate": "2023-01-07T00:00:00Z", "uncertainty_m": 25.0 }, "geometry": { "type": "Point", "coordinates": [ 8.613179, 49.5014 ] } },
{ "type": "Feature", "properties": { "key": 5826104137, "species": "Phoenicurus ochruros", "scientificName": "Phoenicurus ochruros (S.G.Gmelin, 1774)", "eventDate": "2023-01-07T00:00:00Z", "uncertainty_m": 25.0 }, "geometry": { "type": "Point", "coordinates": [ 8.642004, 49.376469 ] } },
{ "type": "Feature", "properties": { "key": 5826119346, "species": "Alopochen aegyptiaca", "scientificName": "Alopochen aegyptiaca (Linnaeus, 1766)", "eventDate": "2023-01-07T00:00:00Z", "uncertainty_m": 25.0 }, "geometry": { "type": "Point", "coordinates": [ 8.797957, 49.398621 ] } },
{ "type": "Feature", "properties": { "key": 5826122801, "species": "Sitta europaea", "scientificName": "Sitta europaea Linnaeus, 1758", "eventDate": "2023-01-07T00:00:00Z", "uncertainty_m": 25.0 }, "geometry": { "type": "Point", "coordinates": [ 8.706395, 49.506252 ] } },
{ "type": "Feature", "properties": { "key": 5826123278, "species": "Troglodytes troglodytes", "scientificName": "Troglodytes troglodytes (Linnaeus, 1758)", "eventDate": "2023-01-07T00:00:00Z", "uncertainty_m": 25.0 }, "geometry": { "type": "Point", "coordinates": [ 8.647061, 49.309944 ] } },
{ "type": "Feature", "properties": { "key": 5826164154, "species": "Pica pica", "scientificName": "Pica pica (Linnaeus, 1758)", "eventDate": "2023-01-07T00:00:00Z", "uncertainty_m": 25.0 }, "geometry": { "type": "Point", "coordinates": [ 8.784739, 49.393833 ] } },
{ "type": "Feature", "properties": { "key": 5826176455, "species": "Sturnus vulgaris", "scientificName": "Sturnus vulgaris Linnaeus, 1758", "eventDate": "2023-01-07T00:00:00Z", "uncertainty_m": 25.0 }, "geometry": { "type": "Point", "coordinates": [ 8.609043, 49.466297 ] } },
{ "type": "Feature", "properties": { "key": 5826178233, "species": "Carduelis carduelis", "scientificName": "Carduelis carduelis (Linnaeus, 1758)", "eventDate": "2023-01-07T00:00:00Z", "uncertainty_m": 25.0 }, "geometry": { "type": "Point", "coordinates": [ 8.706395, 49.506252 ] } },
{ "type": "Feature", "properties": { "key": 5826195526, "species": "Dendrocopos major", "scientificName": "Dendrocopos major (Linnaeus, 1758)", "eventDate": "2023-01-07T00:00:00Z", "uncertainty_m": 25.0 }, "geometry": { "type": "Point", "coordinates": [ 8.604632, 49.472828 ] } },
{ "type": "Feature", "properties": { "key": 5826199549, "species": "Sturnus vulgaris", "scientificName": "Sturnus vulgaris Linnaeus, 1758", "eventDate": "2023-01-07T00:00:00Z", "uncertainty_m": 25.0 }, "geometry": { "type": "Point", "coordinates": [ 8.639758, 49.312271 ] } },
{ "type": "Feature", "properties": { "key": 5826201586, "species": "Lophophanes cristatus", "scientificName": "Lophophanes cristatus (Linnaeus, 1758)", "eventDate": "2023-01-07T00:00:00Z", "uncertainty_m": 25.0 }, "geometry": { "type": "Point", "coordinates": [ 8.777612, 49.463879 ] } },
{ "type": "Feature", "properties": { "key": 5826205414, "species": "Passer domesticus", "scientificName": "Passer domesticus (Linnaeus, 1758)", "eventDate": "2023-01-07T00:00:00Z", "uncertainty_m": 25.0 }, "geometry": { "type": "Point", "coordinates": [ 8.690983, 49.4356 ] } },
{ "type": "Feature", "properties": { "key": 5826207402, "species": "Spinus spinus", "scientificName": "Spinus spinus (Linnaeus, 1758)", "eventDate": "2023-01-07T00:00:00Z", "uncertainty_m": 25.0 }, "geometry": { "type": "Point", "coordinates": [ 8.759882, 49.471214 ] } },
{ "type": "Feature", "properties": { "key": 5826242494, "species": "Ardea cinerea", "scientificName": "Ardea cinerea Linnaeus, 1758", "eventDate": "2023-01-07T00:00:00Z", "uncertainty_m": 25.0 }, "geometry": { "type": "Point", "coordinates": [ 8.649669, 49.419975 ] } },
{ "type": "Feature", "properties": { "key": 5826243440, "species": "Sturnus vulgaris", "scientificName": "Sturnus vulgaris Linnaeus, 1758", "eventDate": "2023-01-07T00:00:00Z", "uncertainty_m": 25.0 }, "geometry": { "type": "Point", "coordinates": [ 8.82493, 49.328888 ] } },
{ "type": "Feature", "properties": { "key": 5826253972, "species": "Troglodytes troglodytes", "scientificName": "Troglodytes troglodytes (Linnaeus, 1758)", "eventDate": "2023-01-07T00:00:00Z", "uncertainty_m": 25.0 }, "geometry": { "type": "Point", "coordinates": [ 8.657994, 49.351776 ] } },
{ "type": "Feature", "properties": { "key": 5826259315, "species": "Chloris chloris", "scientificName": "Chloris chloris (Linnaeus, 1758)", "eventDate": "2023-01-07T00:00:00Z", "uncertainty_m": 25.0 }, "geometry": { "type": "Point", "coordinates": [ 8.604632, 49.472828 ] } },
{ "type": "Feature", "properties": { "key": 5826270000, "species": "Erithacus rubecula", "scientificName": "Erithacus rubecula (Linnaeus, 1758)", "eventDate": "2023-01-07T00:00:00Z", "uncertainty_m": 25.0 }, "geometry": { "type": "Point", "coordinates": [ 8.6935, 49.4095 ] } },
{ "type": "Feature", "properties": { "key": 5826274166, "species": "Parus major", "scientificName": "Parus major Linnaeus, 1758", "eventDate": "2023-01-07T00:00:00Z", "uncertainty_m": 25.0 }, "geometry": { "type": "Point", "coordinates": [ 8.678707, 49.452442 ] } },
{ "type": "Feature", "properties": { "key": 5826289310, "species": "Phalacrocorax carbo", "scientificName": "Phalacrocorax carbo (Linnaeus, 1758)", "eventDate": "2023-01-07T00:00:00Z", "uncertainty_m": 25.0 }, "geometry": { "type": "Point", "coordinates": [ 8.649669, 49.419975 ] } },
{ "type": "Feature", "properties": { "key": 5826299043, "species": "Poecile montanus", "scientificName": "Poecile montanus (Conrad von Baldenstein, 1827)", "eventDate": "2023-01-07T00:00:00Z", "uncertainty_m": 25.0 }, "geometry": { "type": "Point", "coordinates": [ 8.669286, 49.380966 ] } },
{ "type": "Feature", "properties": { "key": 5826305875, "species": "Certhia brachydactyla", "scientificName": "Certhia brachydactyla C.L.Brehm, 1820", "eventDate": "2023-01-07T00:00:00Z", "uncertainty_m": 25.0 }, "geometry": { "type": "Point", "coordinates": [ 8.760896, 49.304325 ] } },
{ "type": "Feature", "properties": { "key": 5826313331, "species": "Chloris chloris", "scientificName": "Chloris chloris (Linnaeus, 1758)", "eventDate": "2023-01-07T00:00:00Z", "uncertainty_m": 25.0 }, "geometry": { "type": "Point", "coordinates": [ 8.676349, 49.44611 ] } },
{ "type": "Feature", "properties": { "key": 5826324071, "species": "Troglodytes troglodytes", "scientificName": "Troglodytes troglodytes (Linnaeus, 1758)", "eventDate": "2023-01-07T00:00:00Z", "uncertainty_m": 25.0 }, "geometry": { "type": "Point", "coordinates": [ 8.649669, 49.419975 ] } },
{ "type": "Feature", "properties": { "key": 5826332614, "species": "Pica pica", "scientificName": "Pica pica (Linnaeus, 1758)", "eventDate": "2023-01-07T00:00:00Z", "uncertainty_m": 25.0 }, "geometry": { "type": "Point", "coordinates": [ 8.592985, 49.371361 ] } },
{ "type": "Feature", "properties": { "key": 5826336332, "species": "Turdus merula", "scientificName": "Turdus merula Linnaeus, 1758", "eventDate": "2023-01-07T00:00:00Z", "uncertainty_m": 25.0 }, "geometry": { "type": "Point", "coordinates": [ 8.689481, 49.378681 ] } },
{ "type": "Feature", "properties": { "key": 5826337769, "species": "Turdus merula", "scientificName": "Turdus merula Linnaeus, 1758", "eventDate": "2023-01-07T00:00:00Z", "uncertainty_m": 25.0 }, "geometry": { "type": "Point", "coordinates": [ 8.684768, 49.414906 ] } },
{ "type": "Feature", "properties": { "key": 5826356121, "species": "Periparus ater", "scientificName": "Periparus ater (Linnaeus, 1758)", "eventDate": "2023-01-07T00:00:00Z", "uncertainty_m": 25.0 }, "geometry": { "type": "Point", "coordinates": [ 8.642004, 49.376469 ] } },
{ "type": "Feature", "properties": { "key": 5826358680, "species": "Erithacus rubecula", "scientificName": "Erithacus rubecula (Linnaeus, 1758)", "eventDate": "2023-01-07T00:00:00Z", "uncertainty_m": 25.0 }, "geometry": { "type": "Point", "coordinates": [ 8.762063, 49.477257 ] } },
{ "type": "Feature", "properties": { "key": 5826377341, "species": "Streptopelia decaocto", "scientificName": "Streptopelia decaocto (Frivaldszky, 1838)", "eventDate": "2023-01-07T00:00:00Z", "uncertainty_m": 25.0 }, "geometry": { "type": "Point", "coordinates": [ 8.676349, 49.44611 ] } },
{ "type": "Feature", "properties": { "key": 5826397367, "species": "Passer montanus", "scientificName": "Passer montanus (Linnaeus, 1758)", "eventDate": "2023-01-07T00:00:00Z", "uncertainty_m": 25.0 }, "geometry": { "type": "Point", "coordinates": [ 8.752997, 49.34256 ] } },
{ "type": "Feature", "properties": { "key": 5826425545, "species": "Carduelis carduelis", "scientificName": "Carduelis carduelis (Linnaeus, 1758)", "eventDate": "2023-01-07T00:00:00Z", "uncertainty_m": 25.0 }, "geometry": { "type": "Point", "coordinates": [ 8.762063, 49.477257 ] } },
{ "type": "Feature", "properties": { "key": 5826431861, "species": "Columba palumbus", "scientificName": "Columba palumbus Linnaeus, 1758", "eventDate": "2023-01-07T00:00:00Z", "uncertainty_m": 25.0 }, "geometry": { "type": "Point", "coordinates": [ 8.597921, 49.465576 ] } },
{ "type": "Feature", "properties": { "key": 5826460877, "species": "Poecile palustris", "scientificName": "Poecile palustris (Linnaeus, 1758)", "eventDate": "2023-01-07T00:00:00Z", "uncertainty_m": 25.0 }, "geometry": { "type": "Point", "coordinates": [ 8.643391, 49.42178 ] } },
{ "type": "Feature", "properties": { "key": 5826473579, "species": "Cyanistes caeruleus", "scientificName": "Cyanistes caeruleus (Linnaeus, 1758)", "eventDate": "2023-01-07T00:00:00Z", "uncertainty_m": 25.0 }, "geometry": { "type": "Point", "coordinates": [ 8.684768, 49.414906 ] } },
{ "type": "Feature", "properties": { "key": 5826478614, "species": "Cygnus olor", "scientificName": "Cygnus olor (J.F.Gmelin, 1789)", "eventDate": "2023-01-07T00:00:00Z", "uncertainty_m": 25.0 }, "geometry": { "type": "Point", "coordinates": [ 8.830858, 49.392284 ] } },
{ "type": "Feature", "properties": { "key": 5826502320, "species": "Falco tinnunculus", "scientificName": "Falco tinnunculus Linnaeus, 1758", "eventDate": "2023-01-07T00:00:00Z", "uncertainty_m": 25.0 }, "geometry": { "type": "Point", "coordinates": [ 8.66218, 49.498337 ] } },
{ "type": "Feature", "properties": { "key": 5826502433, "species": "Pica pica", "scientificName": "Pica pica (Linnaeus, 1758)", "eventDate": "2023-01-07T00:00:00Z", "uncertainty_m": 25.0 }, "geometry": { "type": "Point", "coordinates": [ 8.7505, 49.435413 ] } },
{ "type": "Feature", "properties": { "key": 5826502462, "species": "Garrulus glandarius", "scientificName": "Garrulus glandarius (Linnaeus, 1758)", "eventDate": "2023-01-07T00:00:00Z", "uncertainty_m": 25.0 }, "geometry": { "type": "Point", "coordinates": [ 8.689481, 49.378681 ] } },
{ "type": "Feature", "properties": { "key": 5826537682, "species": "Spinus spinus", "scientificName": "Spinus spinus (Linnaeus, 1758)", "eventDate": "2023-01-07T00:00:00Z", "uncertainty_m": 25.0 }, "geometry": { "type": "Point", "coordinates": [ 8.75806, 49.423046 ] } },
{ "type": "Feature", "properties": { "key": 5826542023, "species": "Aegithalos caudatus", "scientificName": "Aegithalos caudatus (Linnaeus, 1758)", "eventDate": "2023-01-07T00:00:00Z", "uncertainty_m": 25.0 }, "geometry": { "type": "Point", "coordinates": [ 8.777612, 49.463879 ] } },
{ "type": "Feature", "properties": { "key": 5826559817, "species": "Aegithalos caudatus", "scientificName": "Aegithalos caudatus (Linnaeus, 1758)", "eventDate": "2023-01-07T00:00:00Z", "uncertainty_m": 25.0 }, "geometry": { "type": "Point", "coordinates": [ 8.835431, 49.316303 ] } },
{ "type": "Feature", "properties": { "key": 5826561875, "species": "Columba palumbus", "scientificName": "Columba palumbus Linnaeus, 1758", "eventDate": "2023-01-07T00:00:00Z", "uncertainty_m": 25.0 }, "geometry": { "type": "Point", "coordinates": [ 8.666129, 49.46582 ] } },
{ "type": "Feature", "properties": { "key": 5826565565, "species": "Certhia brachydactyla", "scientificName": "Certhia brachydactyla C.L.Brehm, 1820", "eventDate": "2023-01-07T00:00:00Z", "uncertainty_m": 25.0 }, "geometry": { "type": "Point", "coordinates": [ 8.805663, 49.367027 ] } },
{ "type": "Feature", "properties": { "key": 6451621508, "species": "Gallinula chloropus", "scientificName": "Gallinula chloropus (Linnaeus, 1758)", "eventDate": "2023-01-19T16:04:44Z", "uncertainty_m": 136.0 }, "geometry": { "type": "Point", "coordinates": [ 8.681468, 49.411961 ] } },
{ "type": "Feature", "properties": { "key": 6569523508, "species": "Buteo buteo", "scientificName": "Buteo buteo (Linnaeus, 1758)", "eventDate": "2023-01-30T03:26:08.271Z", "uncertainty_m": null }, "geometry": { "type": "Point", "coordinates": [ 8.694518, 49.409136 ] } },
{ "type": "Feature", "properties": { "key": 4028619265, "species": "Buteo buteo", "scientificName": "Buteo buteo (Linnaeus, 1758)", "eventDate": "2023-02-04T16:55:00Z", "uncertainty_m": 77.0 }, "geometry": { "type": "Point", "coordinates": [ 8.647322, 49.437104 ] } },
{ "type": "Feature", "properties": { "key": 4028714149, "species": "Phalacrocorax carbo", "scientificName": "Phalacrocorax carbo (Linnaeus, 1758)", "eventDate": "2023-02-04T16:57:00Z", "uncertainty_m": 63.0 }, "geometry": { "type": "Point", "coordinates": [ 8.646432, 49.43663 ] } },
{ "type": "Feature", "properties": { "key": 4028848469, "species": "Alopochen aegyptiaca", "scientificName": "Alopochen aegyptiaca (Linnaeus, 1766)", "eventDate": "2023-02-07T15:35:52Z", "uncertainty_m": 9.0 }, "geometry": { "type": "Point", "coordinates": [ 8.660367, 49.421309 ] } },
{ "type": "Feature", "properties": { "key": 4028996121, "species": "Alcedo atthis", "scientificName": "Alcedo atthis (Linnaeus, 1758)", "eventDate": "2023-02-04T16:02:00Z", "uncertainty_m": 15.0 }, "geometry": { "type": "Point", "coordinates": [ 8.651499, 49.426531 ] } },
{ "type": "Feature", "properties": { "key": 4029055452, "species": "Chroicocephalus ridibundus", "scientificName": "Chroicocephalus ridibundus (Linnaeus, 1766)", "eventDate": "2023-02-04T16:52:00Z", "uncertainty_m": 122.0 }, "geometry": { "type": "Point", "coordinates": [ 8.647011, 49.437229 ] } },
{ "type": "Feature", "properties": { "key": 4029082837, "species": "Dendrocopos major", "scientificName": "Dendrocopos major (Linnaeus, 1758)", "eventDate": "2023-02-05T11:21:45Z", "uncertainty_m": 47.0 }, "geometry": { "type": "Point", "coordinates": [ 8.778692, 49.47438 ] } },
{ "type": "Feature", "properties": { "key": 4029112390, "species": "Cyanistes caeruleus", "scientificName": "Cyanistes caeruleus (Linnaeus, 1758)", "eventDate": "2023-02-04T16:05:17Z", "uncertainty_m": 6.0 }, "geometry": { "type": "Point", "coordinates": [ 8.551537, 49.438253 ] } },
{ "type": "Feature", "properties": { "key": 4029160759, "species": "Parus major", "scientificName": "Parus major Linnaeus, 1758", "eventDate": "2023-02-04T17:21:00Z", "uncertainty_m": 15.0 }, "geometry": { "type": "Point", "coordinates": [ 8.650606, 49.428713 ] } },
{ "type": "Feature", "properties": { "key": 4029196965, "species": "Parus major", "scientificName": "Parus major Linnaeus, 1758", "eventDate": "2023-02-04T16:58:00Z", "uncertainty_m": 61.0 }, "geometry": { "type": "Point", "coordinates": [ 8.648475, 49.433453 ] } },
{ "type": "Feature", "properties": { "key": 4029205634, "species": "Turdus merula", "scientificName": "Turdus merula Linnaeus, 1758", "eventDate": "2023-02-04T17:34:00Z", "uncertainty_m": 31.0 }, "geometry": { "type": "Point", "coordinates": [ 8.651468, 49.426052 ] } },
{ "type": "Feature", "properties": { "key": 4034594828, "species": "Sitta europaea", "scientificName": "Sitta europaea Linnaeus, 1758", "eventDate": "2023-02-08T10:56:35Z", "uncertainty_m": 6.0 }, "geometry": { "type": "Point", "coordinates": [ 8.692104, 49.486673 ] } },
{ "type": "Feature", "properties": { "key": 4034597719, "species": "Parus major", "scientificName": "Parus major Linnaeus, 1758", "eventDate": "2023-02-08T11:37:26Z", "uncertainty_m": 6.0 }, "geometry": { "type": "Point", "coordinates": [ 8.695801, 49.483222 ] } },
{ "type": "Feature", "properties": { "key": 4034619261, "species": "Turdus merula", "scientificName": "Turdus merula Linnaeus, 1758", "eventDate": "2023-02-11T08:30:00Z", "uncertainty_m": 5.0 }, "geometry": { "type": "Point", "coordinates": [ 8.795841, 49.394846 ] } },
{ "type": "Feature", "properties": { "key": 4034628764, "species": "Anatidae", "scientificName": "Anatidae", "eventDate": "2023-02-03T19:45:20Z", "uncertainty_m": 4191.0 }, "geometry": { "type": "Point", "coordinates": [ 8.607746, 49.473969 ] } },
{ "type": "Feature", "properties": { "key": 4034684834, "species": "Sitta europaea", "scientificName": "Sitta europaea Linnaeus, 1758", "eventDate": "2023-02-08T10:13:25Z", "uncertainty_m": 16.0 }, "geometry": { "type": "Point", "coordinates": [ 8.690005, 49.476734 ] } },
{ "type": "Feature", "properties": { "key": 4034733144, "species": "Passer domesticus", "scientificName": "Passer domesticus (Linnaeus, 1758)", "eventDate": "2023-02-11T08:42:00Z", "uncertainty_m": 3.0 }, "geometry": { "type": "Point", "coordinates": [ 8.797056, 49.39559 ] } },
{ "type": "Feature", "properties": { "key": 4034742235, "species": "Cyanistes caeruleus", "scientificName": "Cyanistes caeruleus (Linnaeus, 1758)", "eventDate": "2023-02-11T10:26:00Z", "uncertainty_m": 1.0 }, "geometry": { "type": "Point", "coordinates": [ 8.809327, 49.390541 ] } },
{ "type": "Feature", "properties": { "key": 4034748151, "species": "Parus major", "scientificName": "Parus major Linnaeus, 1758", "eventDate": "2023-02-11T09:42:00Z", "uncertainty_m": 2.0 }, "geometry": { "type": "Point", "coordinates": [ 8.809398, 49.390497 ] } },
{ "type": "Feature", "properties": { "key": 4034756850, "species": "Dendrocopos major", "scientificName": "Dendrocopos major (Linnaeus, 1758)", "eventDate": "2023-02-08T10:17:43Z", "uncertainty_m": 16.0 }, "geometry": { "type": "Point", "coordinates": [ 8.689434, 49.478425 ] } },
{ "type": "Feature", "properties": { "key": 4034776865, "species": "Dendrocopos major", "scientificName": "Dendrocopos major (Linnaeus, 1758)", "eventDate": "2023-02-08T11:21:55Z", "uncertainty_m": 6.0 }, "geometry": { "type": "Point", "coordinates": [ 8.693287, 49.484753 ] } },
{ "type": "Feature", "properties": { "key": 4034827135, "species": "Ardea cinerea", "scientificName": "Ardea cinerea Linnaeus, 1758", "eventDate": "2023-02-14T16:16:00Z", "uncertainty_m": 15.0 }, "geometry": { "type": "Point", "coordinates": [ 8.563782, 49.385879 ] } },
{ "type": "Feature", "properties": { "key": 4034853782, "species": "Poecile palustris", "scientificName": "Poecile palustris (Linnaeus, 1758)", "eventDate": "2023-02-08T10:32:46Z", "uncertainty_m": 8.0 }, "geometry": { "type": "Point", "coordinates": [ 8.686863, 49.484096 ] } },
{ "type": "Feature", "properties": { "key": 4034865894, "species": "Certhia brachydactyla", "scientificName": "Certhia brachydactyla C.L.Brehm, 1820", "eventDate": "2023-02-08T10:20:24Z", "uncertainty_m": 16.0 }, "geometry": { "type": "Point", "coordinates": [ 8.689454, 49.479527 ] } },
{ "type": "Feature", "properties": { "key": 4034872815, "species": "Buteo buteo", "scientificName": "Buteo buteo (Linnaeus, 1758)", "eventDate": "2023-02-08T10:36:54Z", "uncertainty_m": 8.0 }, "geometry": { "type": "Point", "coordinates": [ 8.687869, 49.484265 ] } },
{ "type": "Feature", "properties": { "key": 4034881356, "species": "Garrulus glandarius", "scientificName": "Garrulus glandarius (Linnaeus, 1758)", "eventDate": "2023-02-11T09:23:00Z", "uncertainty_m": 8.0 }, "geometry": { "type": "Point", "coordinates": [ 8.808523, 49.390483 ] } },
{ "type": "Feature", "properties": { "key": 4034882404, "species": "Dendrocopos major", "scientificName": "Dendrocopos major (Linnaeus, 1758)", "eventDate": "2023-02-11T10:17:00Z", "uncertainty_m": 1.0 }, "geometry": { "type": "Point", "coordinates": [ 8.80904, 49.390591 ] } },
{ "type": "Feature", "properties": { "key": 4034896560, "species": "Cyanistes caeruleus", "scientificName": "Cyanistes caeruleus (Linnaeus, 1758)", "eventDate": "2023-02-11T09:50:00Z", "uncertainty_m": 1.0 }, "geometry": { "type": "Point", "coordinates": [ 8.809162, 49.39057 ] } },
{ "type": "Feature", "properties": { "key": 4034901646, "species": "Poecile palustris", "scientificName": "Poecile palustris (Linnaeus, 1758)", "eventDate": "2023-02-11T09:36:00Z", "uncertainty_m": 1.0 }, "geometry": { "type": "Point", "coordinates": [ 8.809212, 49.390571 ] } },
{ "type": "Feature", "properties": { "key": 4034902610, "species": "Carduelis carduelis", "scientificName": "Carduelis carduelis (Linnaeus, 1758)", "eventDate": "2023-02-11T11:09:00Z", "uncertainty_m": 2.0 }, "geometry": { "type": "Point", "coordinates": [ 8.806024, 49.394945 ] } },
{ "type": "Feature", "properties": { "key": 4034904475, "species": "Chroicocephalus ridibundus", "scientificName": "Chroicocephalus ridibundus (Linnaeus, 1766)", "eventDate": "2023-02-11T08:56:00Z", "uncertainty_m": 16.0 }, "geometry": { "type": "Point", "coordinates": [ 8.800208, 49.394819 ] } },
{ "type": "Feature", "properties": { "key": 4034927570, "species": "Cygnus olor", "scientificName": "Cygnus olor (J.F.Gmelin, 1789)", "eventDate": "2023-02-11T08:28:00Z", "uncertainty_m": 9.0 }, "geometry": { "type": "Point", "coordinates": [ 8.796016, 49.395622 ] } },
{ "type": "Feature", "properties": { "key": 4034929913, "species": "Corvus corone", "scientificName": "Corvus corone Linnaeus, 1758", "eventDate": "2023-02-14T16:52:00Z", "uncertainty_m": 8.0 }, "geometry": { "type": "Point", "coordinates": [ 8.571605, 49.384619 ] } },
{ "type": "Feature", "properties": { "key": 4034935601, "species": "Columba livia", "scientificName": "Columba livia var. domestica J.F.Gmelin, 1789", "eventDate": "2023-02-11T10:57:00Z", "uncertainty_m": 1.0 }, "geometry": { "type": "Point", "coordinates": [ 8.804832, 49.393366 ] } },
{ "type": "Feature", "properties": { "key": 4034940517, "species": "Cyanistes caeruleus", "scientificName": "Cyanistes caeruleus (Linnaeus, 1758)", "eventDate": "2023-02-11T11:13:00Z", "uncertainty_m": 2.0 }, "geometry": { "type": "Point", "coordinates": [ 8.805344, 49.395091 ] } },
{ "type": "Feature", "properties": { "key": 4034944795, "species": "Turdus viscivorus", "scientificName": "Turdus viscivorus Linnaeus, 1758", "eventDate": "2023-02-14T16:44:00Z", "uncertainty_m": 15.0 }, "geometry": { "type": "Point", "coordinates": [ 8.566171, 49.384922 ] } },
{ "type": "Feature", "properties": { "key": 4034945662, "species": "Alcedo atthis", "scientificName": "Alcedo atthis (Linnaeus, 1758)", "eventDate": "2023-02-14T15:21:00Z", "uncertainty_m": 8.0 }, "geometry": { "type": "Point", "coordinates": [ 8.567062, 49.385451 ] } },
{ "type": "Feature", "properties": { "key": 4034946473, "species": "Cyanistes caeruleus", "scientificName": "Cyanistes caeruleus (Linnaeus, 1758)", "eventDate": "2023-02-11T09:52:00Z", "uncertainty_m": 1.0 }, "geometry": { "type": "Point", "coordinates": [ 8.809102, 49.390572 ] } },
{ "type": "Feature", "properties": { "key": 4034951662, "species": "Passer domesticus", "scientificName": "Passer domesticus (Linnaeus, 1758)", "eventDate": "2023-02-11T08:42:00Z", "uncertainty_m": 2.0 }, "geometry": { "type": "Point", "coordinates": [ 8.797068, 49.395642 ] } },
{ "type": "Feature", "properties": { "key": 4034953646, "species": "Branta canadensis", "scientificName": "Branta canadensis (Linnaeus, 1758)", "eventDate": "2023-02-11T08:20:00Z", "uncertainty_m": 5.0 }, "geometry": { "type": "Point", "coordinates": [ 8.794942, 49.396467 ] } },
{ "type": "Feature", "properties": { "key": 4034956970, "species": "Coloeus monedula", "scientificName": "Coloeus monedula (Linnaeus, 1758)", "eventDate": "2023-02-14T15:58:00Z", "uncertainty_m": 14.0 }, "geometry": { "type": "Point", "coordinates": [ 8.563333, 49.387931 ] } },
{ "type": "Feature", "properties": { "key": 4034959500, "species": "Branta canadensis", "scientificName": "Branta canadensis (Linnaeus, 1758)", "eventDate": "2023-02-11T08:56:00Z", "uncertainty_m": 1.0 }, "geometry": { "type": "Point", "coordinates": [ 8.800416, 49.39445 ] } },
{ "type": "Feature", "properties": { "key": 4034968727, "species": "Columba livia", "scientificName": "Columba livia var. domestica J.F.Gmelin, 1789", "eventDate": "2023-02-11T11:02:00Z", "uncertainty_m": 1.0 }, "geometry": { "type": "Point", "coordinates": [ 8.805072, 49.393545 ] } },
{ "type": "Feature", "properties": { "key": 4034972683, "species": "Alopochen aegyptiaca", "scientificName": "Alopochen aegyptiaca (Linnaeus, 1766)", "eventDate": "2023-02-11T08:48:00Z", "uncertainty_m": 1.0 }, "geometry": { "type": "Point", "coordinates": [ 8.80043, 49.394526 ] } },
{ "type": "Feature", "properties": { "key": 4034973000, "species": "Psittacula krameri", "scientificName": "Psittacula krameri (Scopoli, 1769)", "eventDate": "2023-02-14T15:59:00Z", "uncertainty_m": 15.0 }, "geometry": { "type": "Point", "coordinates": [ 8.56331, 49.387955 ] } },
{ "type": "Feature", "properties": { "key": 4034974705, "species": "Branta canadensis", "scientificName": "Branta canadensis (Linnaeus, 1758)", "eventDate": "2023-02-11T08:51:00Z", "uncertainty_m": 1.0 }, "geometry": { "type": "Point", "coordinates": [ 8.800438, 49.394478 ] } },
{ "type": "Feature", "properties": { "key": 4034975046, "species": "Columba palumbus", "scientificName": "Columba palumbus Linnaeus, 1758", "eventDate": "2023-02-14T16:06:00Z", "uncertainty_m": 15.0 }, "geometry": { "type": "Point", "coordinates": [ 8.5642, 49.387402 ] } },
{ "type": "Feature", "properties": { "key": 4034975900, "species": "Alcedo atthis", "scientificName": "Alcedo atthis (Linnaeus, 1758)", "eventDate": "2023-02-14T15:50:00Z", "uncertainty_m": 8.0 }, "geometry": { "type": "Point", "coordinates": [ 8.563741, 49.386386 ] } },
{ "type": "Feature", "properties": { "key": 4034981499, "species": "Garrulus glandarius", "scientificName": "Garrulus glandarius (Linnaeus, 1758)", "eventDate": "2023-02-13T13:54:00Z", "uncertainty_m": 7.0 }, "geometry": { "type": "Point", "coordinates": [ 8.668847, 49.415076 ] } },
{ "type": "Feature", "properties": { "key": 4034987825, "species": "Cyanistes caeruleus", "scientificName": "Cyanistes caeruleus (Linnaeus, 1758)", "eventDate": "2023-02-13T14:09:00Z", "uncertainty_m": 9.0 }, "geometry": { "type": "Point", "coordinates": [ 8.667933, 49.415143 ] } },
{ "type": "Feature", "properties": { "key": 4034991654, "species": "Parus major", "scientificName": "Parus major Linnaeus, 1758", "eventDate": "2023-02-11T09:48:00Z", "uncertainty_m": 2.0 }, "geometry": { "type": "Point", "coordinates": [ 8.809355, 49.390558 ] } },
{ "type": "Feature", "properties": { "key": 4034997434, "species": "Tachybaptus ruficollis", "scientificName": "Tachybaptus ruficollis (Pallas, 1764)", "eventDate": "2023-02-14T16:24:00Z", "uncertainty_m": 8.0 }, "geometry": { "type": "Point", "coordinates": [ 8.562548, 49.385516 ] } },
{ "type": "Feature", "properties": { "key": 4035006710, "species": "Columba livia", "scientificName": "Columba livia var. domestica J.F.Gmelin, 1789", "eventDate": "2023-02-11T10:59:00Z", "uncertainty_m": 1.0 }, "geometry": { "type": "Point", "coordinates": [ 8.804858, 49.393404 ] } },
{ "type": "Feature", "properties": { "key": 4035011870, "species": "Parus major", "scientificName": "Parus major Linnaeus, 1758", "eventDate": "2023-02-14T15:41:00Z", "uncertainty_m": 8.0 }, "geometry": { "type": "Point", "coordinates": [ 8.563019, 49.385843 ] } },
{ "type": "Feature", "properties": { "key": 4035013719, "species": "Parus major", "scientificName": "Parus major Linnaeus, 1758", "eventDate": "2023-02-11T09:46:00Z", "uncertainty_m": 1.0 }, "geometry": { "type": "Point", "coordinates": [ 8.809188, 49.390573 ] } },
{ "type": "Feature", "properties": { "key": 4039232562, "species": "Anser brachyrhynchus", "scientificName": "Anser brachyrhynchus Baillon, 1834", "eventDate": "2023-02-16T12:39:53Z", "uncertainty_m": 5.0 }, "geometry": { "type": "Point", "coordinates": [ 8.678288, 49.411646 ] } },
{ "type": "Feature", "properties": { "key": 4039387861, "species": "Cyanistes caeruleus", "scientificName": "Cyanistes caeruleus (Linnaeus, 1758)", "eventDate": "2023-02-16T11:52:22Z", "uncertainty_m": 16.0 }, "geometry": { "type": "Point", "coordinates": [ 8.550125, 49.427845 ] } },
{ "type": "Feature", "properties": { "key": 4046245210, "species": "Sitta europaea", "scientificName": "Sitta europaea Linnaeus, 1758", "eventDate": "2023-02-27T10:50:01Z", "uncertainty_m": 48.0 }, "geometry": { "type": "Point", "coordinates": [ 8.554962, 49.42862 ] } },
{ "type": "Feature", "properties": { "key": 4046386219, "species": "Cyanistes caeruleus", "scientificName": "Cyanistes caeruleus (Linnaeus, 1758)", "eventDate": "2023-02-27T10:52:21Z", "uncertainty_m": 32.0 }, "geometry": { "type": "Point", "coordinates": [ 8.554913, 49.428405 ] } },
{ "type": "Feature", "properties": { "key": 4046427262, "species": "Erithacus rubecula", "scientificName": "Erithacus rubecula (Linnaeus, 1758)", "eventDate": "2023-02-27T10:47:17Z", "uncertainty_m": 32.0 }, "geometry": { "type": "Point", "coordinates": [ 8.554913, 49.428405 ] } },
{ "type": "Feature", "properties": { "key": 4046498243, "species": "Cyanistes caeruleus", "scientificName": "Cyanistes caeruleus (Linnaeus, 1758)", "eventDate": "2023-02-27T10:52:27Z", "uncertainty_m": 32.0 }, "geometry": { "type": "Point", "coordinates": [ 8.554913, 49.428405 ] } },
{ "type": "Feature", "properties": { "key": 4046571246, "species": "Erithacus rubecula", "scientificName": "Erithacus rubecula (Linnaeus, 1758)", "eventDate": "2023-02-27T10:47:09Z", "uncertainty_m": 8.0 }, "geometry": { "type": "Point", "coordinates": [ 8.55438, 49.428992 ] } },
{ "type": "Feature", "properties": { "key": 4046650235, "species": "Sitta europaea", "scientificName": "Sitta europaea Linnaeus, 1758", "eventDate": "2023-02-27T11:02:30Z", "uncertainty_m": 6.0 }, "geometry": { "type": "Point", "coordinates": [ 8.554847, 49.428513 ] } },
{ "type": "Feature", "properties": { "key": 4046659262, "species": "Sitta europaea", "scientificName": "Sitta europaea Linnaeus, 1758", "eventDate": "2023-02-27T11:10:58Z", "uncertainty_m": 12.0 }, "geometry": { "type": "Point", "coordinates": [ 8.552804, 49.426781 ] } },
{ "type": "Feature", "properties": { "key": 4046751275, "species": "Fringilla coelebs", "scientificName": "Fringilla coelebs Linnaeus, 1758", "eventDate": "2023-02-27T11:07:31Z", "uncertainty_m": 8.0 }, "geometry": { "type": "Point", "coordinates": [ 8.552987, 49.426962 ] } },
{ "type": "Feature", "properties": { "key": 4046767379, "species": "Parus major", "scientificName": "Parus major Linnaeus, 1758", "eventDate": "2023-02-27T10:51:04Z", "uncertainty_m": 64.0 }, "geometry": { "type": "Point", "coordinates": [ 8.555087, 49.428478 ] } },
{ "type": "Feature", "properties": { "key": 4054839571, "species": "Cyanistes caeruleus", "scientificName": "Cyanistes caeruleus (Linnaeus, 1758)", "eventDate": "2023-02-27T10:38:31Z", "uncertainty_m": 12.0 }, "geometry": { "type": "Point", "coordinates": [ 8.551328, 49.428492 ] } },
{ "type": "Feature", "properties": { "key": 4056464082, "species": "Parus major", "scientificName": "Parus major Linnaeus, 1758", "eventDate": "2023-02-19T00:00:00Z", "uncertainty_m": 4.0 }, "geometry": { "type": "Point", "coordinates": [ 8.632389, 49.350746 ] } },
{ "type": "Feature", "properties": { "key": 4056487235, "species": "Turdus philomelos", "scientificName": "Turdus philomelos C.L.Brehm, 1831", "eventDate": "2023-02-19T00:00:00Z", "uncertainty_m": 4.0 }, "geometry": { "type": "Point", "coordinates": [ 8.632389, 49.350745 ] } },
{ "type": "Feature", "properties": { "key": 4058020365, "species": "Pica pica", "scientificName": "Pica pica (Linnaeus, 1758)", "eventDate": "2023-02-11T00:00:00Z", "uncertainty_m": 5.0 }, "geometry": { "type": "Point", "coordinates": [ 8.58679, 49.3853 ] } },
{ "type": "Feature", "properties": { "key": 4058050498, "species": "Columba palumbus", "scientificName": "Columba palumbus Linnaeus, 1758", "eventDate": "2023-02-12T00:00:00Z", "uncertainty_m": 17.0 }, "geometry": { "type": "Point", "coordinates": [ 8.5868, 49.3855 ] } },
{ "type": "Feature", "properties": { "key": 4058136721, "species": "Fringilla coelebs", "scientificName": "Fringilla coelebs Linnaeus, 1758", "eventDate": "2023-02-04T00:00:00Z", "uncertainty_m": 4.0 }, "geometry": { "type": "Point", "coordinates": [ 8.57638, 49.316847 ] } },
{ "type": "Feature", "properties": { "key": 4058303492, "species": "Parus major", "scientificName": "Parus major Linnaeus, 1758", "eventDate": "2023-02-11T00:00:00Z", "uncertainty_m": 6.0 }, "geometry": { "type": "Point", "coordinates": [ 8.58671, 49.3854 ] } },
{ "type": "Feature", "properties": { "key": 4121100457, "species": "Alcedo atthis", "scientificName": "Alcedo atthis (Linnaeus, 1758)", "eventDate": "2023-02-27T10:32:00Z", "uncertainty_m": 26550.0 }, "geometry": { "type": "Point", "coordinates": [ 8.648027, 49.308861 ] } },
{ "type": "Feature", "properties": { "key": 4424217800, "species": "Falco peregrinus", "scientificName": "Falco peregrinus Tunstall, 1771", "eventDate": "2023-02-20T09:48:00Z", "uncertainty_m": 26518.0 }, "geometry": { "type": "Point", "coordinates": [ 8.719203, 49.464234 ] } },
{ "type": "Feature", "properties": { "key": 4424687504, "species": "Chloris chloris", "scientificName": "Chloris chloris (Linnaeus, 1758)", "eventDate": "2023-02-19T10:13:00Z", "uncertainty_m": 294.0 }, "geometry": { "type": "Point", "coordinates": [ 8.664628, 49.381677 ] } },
{ "type": "Feature", "properties": { "key": 4609421675, "species": "Erithacus rubecula", "scientificName": "Erithacus rubecula (Linnaeus, 1758)", "eventDate": "2023-02-02T00:00:00Z", "uncertainty_m": null }, "geometry": { "type": "Point", "coordinates": [ 8.665815, 49.425297 ] } },
{ "type": "Feature", "properties": { "key": 4609541722, "species": "Chroicocephalus ridibundus", "scientificName": "Chroicocephalus ridibundus (Linnaeus, 1766)", "eventDate": "2023-02-13T00:00:00Z", "uncertainty_m": null }, "geometry": { "type": "Point", "coordinates": [ 8.691434, 49.412827 ] } },
{ "type": "Feature", "properties": { "key": 4609594159, "species": "Columba livia", "scientificName": "Columba livia J.F.Gmelin, 1789", "eventDate": "2023-02-04T00:00:00Z", "uncertainty_m": null }, "geometry": { "type": "Point", "coordinates": [ 8.678938, 49.421394 ] } },
{ "type": "Feature", "properties": { "key": 4609607151, "species": "Pica pica", "scientificName": "Pica pica (Linnaeus, 1758)", "eventDate": "2023-02-17T00:00:00Z", "uncertainty_m": null }, "geometry": { "type": "Point", "coordinates": [ 8.678938, 49.421394 ] } },
{ "type": "Feature", "properties": { "key": 4609664775, "species": "Psittacula krameri", "scientificName": "Psittacula krameri (Scopoli, 1769)", "eventDate": "2023-02-11T00:00:00Z", "uncertainty_m": null }, "geometry": { "type": "Point", "coordinates": [ 8.678938, 49.421394 ] } },
{ "type": "Feature", "properties": { "key": 4609672042, "species": "Parus major", "scientificName": "Parus major Linnaeus, 1758", "eventDate": "2023-02-16T00:00:00Z", "uncertainty_m": null }, "geometry": { "type": "Point", "coordinates": [ 8.678938, 49.421394 ] } },
{ "type": "Feature", "properties": { "key": 4609741196, "species": "Turdus philomelos", "scientificName": "Turdus philomelos C.L.Brehm, 1831", "eventDate": "2023-02-13T00:00:00Z", "uncertainty_m": null }, "geometry": { "type": "Point", "coordinates": [ 8.673265, 49.459534 ] } },
{ "type": "Feature", "properties": { "key": 4609843683, "species": "Mergus merganser", "scientificName": "Mergus merganser Linnaeus, 1758", "eventDate": "2023-02-21T00:00:00Z", "uncertainty_m": null }, "geometry": { "type": "Point", "coordinates": [ 8.668163, 49.41085 ] } },
{ "type": "Feature", "properties": { "key": 4609864081, "species": "Cyanistes caeruleus", "scientificName": "Cyanistes caeruleus (Linnaeus, 1758)", "eventDate": "2023-02-17T00:00:00Z", "uncertainty_m": null }, "geometry": { "type": "Point", "coordinates": [ 8.678938, 49.421394 ] } },
{ "type": "Feature", "properties": { "key": 4609885022, "species": "Parus major", "scientificName": "Parus major Linnaeus, 1758", "eventDate": "2023-02-01T00:00:00Z", "uncertainty_m": null }, "geometry": { "type": "Point", "coordinates": [ 8.668163, 49.41085 ] } },
{ "type": "Feature", "properties": { "key": 4610126726, "species": "Buteo buteo", "scientificName": "Buteo buteo (Linnaeus, 1758)", "eventDate": "2023-02-10T00:00:00Z", "uncertainty_m": null }, "geometry": { "type": "Point", "coordinates": [ 8.673265, 49.459534 ] } },
{ "type": "Feature", "properties": { "key": 4610359942, "species": "Troglodytes troglodytes", "scientificName": "Troglodytes troglodytes (Linnaeus, 1758)", "eventDate": "2023-02-15T00:00:00Z", "uncertainty_m": null }, "geometry": { "type": "Point", "coordinates": [ 8.624862, 49.455822 ] } },
{ "type": "Feature", "properties": { "key": 4610481037, "species": "Columba palumbus", "scientificName": "Columba palumbus Linnaeus, 1758", "eventDate": "2023-02-14T00:00:00Z", "uncertainty_m": null }, "geometry": { "type": "Point", "coordinates": [ 8.679246, 49.469124 ] } },
{ "type": "Feature", "properties": { "key": 4610488698, "species": "Psittacula krameri", "scientificName": "Psittacula krameri (Scopoli, 1769)", "eventDate": "2023-02-18T00:00:00Z", "uncertainty_m": null }, "geometry": { "type": "Point", "coordinates": [ 8.678938, 49.421394 ] } },
{ "type": "Feature", "properties": { "key": 4610498953, "species": "Cyanistes caeruleus", "scientificName": "Cyanistes caeruleus (Linnaeus, 1758)", "eventDate": "2023-02-24T00:00:00Z", "uncertainty_m": null }, "geometry": { "type": "Point", "coordinates": [ 8.672848, 49.456497 ] } },
{ "type": "Feature", "properties": { "key": 4610526273, "species": "Columba palumbus", "scientificName": "Columba palumbus Linnaeus, 1758", "eventDate": "2023-02-15T00:00:00Z", "uncertainty_m": null }, "geometry": { "type": "Point", "coordinates": [ 8.611779, 49.454887 ] } },
{ "type": "Feature", "properties": { "key": 4610559417, "species": "Cyanistes caeruleus", "scientificName": "Cyanistes caeruleus (Linnaeus, 1758)", "eventDate": "2023-02-15T00:00:00Z", "uncertainty_m": null }, "geometry": { "type": "Point", "coordinates": [ 8.639581, 49.453114 ] } },
{ "type": "Feature", "properties": { "key": 4610571460, "species": "Turdus philomelos", "scientificName": "Turdus philomelos C.L.Brehm, 1831", "eventDate": "2023-02-20T00:00:00Z", "uncertainty_m": null }, "geometry": { "type": "Point", "coordinates": [ 8.687877, 49.49592 ] } },
{ "type": "Feature", "properties": { "key": 4610623175, "species": "Buteo buteo", "scientificName": "Buteo buteo (Linnaeus, 1758)", "eventDate": "2023-02-15T00:00:00Z", "uncertainty_m": null }, "geometry": { "type": "Point", "coordinates": [ 8.624862, 49.455822 ] } },
{ "type": "Feature", "properties": { "key": 4610759828, "species": "Corvus corone", "scientificName": "Corvus corone Linnaeus, 1758", "eventDate": "2023-02-19T00:00:00Z", "uncertainty_m": null }, "geometry": { "type": "Point", "coordinates": [ 8.678404, 49.415497 ] } },
{ "type": "Feature", "properties": { "key": 4610761923, "species": "Turdus merula", "scientificName": "Turdus merula Linnaeus, 1758", "eventDate": "2023-02-18T00:00:00Z", "uncertainty_m": null }, "geometry": { "type": "Point", "coordinates": [ 8.678938, 49.421394 ] } },
{ "type": "Feature", "properties": { "key": 4610826923, "species": "Columba palumbus", "scientificName": "Columba palumbus Linnaeus, 1758", "eventDate": "2023-02-20T00:00:00Z", "uncertainty_m": null }, "geometry": { "type": "Point", "coordinates": [ 8.691434, 49.412827 ] } },
{ "type": "Feature", "properties": { "key": 4610902525, "species": "Fringilla coelebs", "scientificName": "Fringilla coelebs Linnaeus, 1758", "eventDate": "2023-02-19T00:00:00Z", "uncertainty_m": null }, "geometry": { "type": "Point", "coordinates": [ 8.678938, 49.421394 ] } },
{ "type": "Feature", "properties": { "key": 4610915864, "species": "Passer domesticus", "scientificName": "Passer domesticus (Linnaeus, 1758)", "eventDate": "2023-02-26T00:00:00Z", "uncertainty_m": null }, "geometry": { "type": "Point", "coordinates": [ 8.678938, 49.421394 ] } },
{ "type": "Feature", "properties": { "key": 4611199711, "species": "Emberiza citrinella", "scientificName": "Emberiza citrinella Linnaeus, 1758", "eventDate": "2023-02-25T00:00:00Z", "uncertainty_m": null }, "geometry": { "type": "Point", "coordinates": [ 8.639581, 49.453114 ] } },
{ "type": "Feature", "properties": { "key": 4611242315, "species": "Parus major", "scientificName": "Parus major Linnaeus, 1758", "eventDate": "2023-02-26T00:00:00Z", "uncertainty_m": null }, "geometry": { "type": "Point", "coordinates": [ 8.678938, 49.421394 ] } },
{ "type": "Feature", "properties": { "key": 4611242388, "species": "Fringilla coelebs", "scientificName": "Fringilla coelebs Linnaeus, 1758", "eventDate": "2023-02-26T00:00:00Z", "uncertainty_m": null }, "geometry": { "type": "Point", "coordinates": [ 8.668953, 49.415203 ] } },
{ "type": "Feature", "properties": { "key": 4614441924, "species": "Psittacula krameri", "scientificName": "Psittacula krameri (Scopoli, 1769)", "eventDate": "2023-02-01T00:00:00Z", "uncertainty_m": null }, "geometry": { "type": "Point", "coordinates": [ 8.668163, 49.41085 ] } },
{ "type": "Feature", "properties": { "key": 4614778077, "species": "Sitta europaea", "scientificName": "Sitta europaea Linnaeus, 1758", "eventDate": "2023-02-04T00:00:00Z", "uncertainty_m": null }, "geometry": { "type": "Point", "coordinates": [ 8.673265, 49.459534 ] } },
{ "type": "Feature", "properties": { "key": 4615003998, "species": "Garrulus glandarius", "scientificName": "Garrulus glandarius (Linnaeus, 1758)", "eventDate": "2023-02-14T00:00:00Z", "uncertainty_m": null }, "geometry": { "type": "Point", "coordinates": [ 8.679246, 49.469124 ] } },
{ "type": "Feature", "properties": { "key": 4615048231, "species": "Fringilla coelebs", "scientificName": "Fringilla coelebs Linnaeus, 1758", "eventDate": "2023-02-15T00:00:00Z", "uncertainty_m": null }, "geometry": { "type": "Point", "coordinates": [ 8.611779, 49.454887 ] } },
{ "type": "Feature", "properties": { "key": 4615062088, "species": "Gallinula chloropus", "scientificName": "Gallinula chloropus (Linnaeus, 1758)", "eventDate": "2023-02-12T00:00:00Z", "uncertainty_m": null }, "geometry": { "type": "Point", "coordinates": [ 8.671026, 49.418015 ] } },
{ "type": "Feature", "properties": { "key": 4615078222, "species": "Cygnus olor", "scientificName": "Cygnus olor (J.F.Gmelin, 1789)", "eventDate": "2023-02-13T00:00:00Z", "uncertainty_m": null }, "geometry": { "type": "Point", "coordinates": [ 8.691434, 49.412827 ] } },
{ "type": "Feature", "properties": { "key": 4615095117, "species": "Fringilla coelebs", "scientificName": "Fringilla coelebs Linnaeus, 1758", "eventDate": "2023-02-01T00:00:00Z", "uncertainty_m": null }, "geometry": { "type": "Point", "coordinates": [ 8.668163, 49.41085 ] } },
{ "type": "Feature", "properties": { "key": 4615167842, "species": "Periparus ater", "scientificName": "Periparus ater (Linnaeus, 1758)", "eventDate": "2023-02-14T00:00:00Z", "uncertainty_m": null }, "geometry": { "type": "Point", "coordinates": [ 8.679246, 49.469124 ] } },
{ "type": "Feature", "properties": { "key": 4615203038, "species": "Parus major", "scientificName": "Parus major Linnaeus, 1758", "eventDate": "2023-02-15T00:00:00Z", "uncertainty_m": null }, "geometry": { "type": "Point", "coordinates": [ 8.611779, 49.454887 ] } },
{ "type": "Feature", "properties": { "key": 4615203178, "species": "Corvus corone", "scientificName": "Corvus corone Linnaeus, 1758", "eventDate": "2023-02-15T00:00:00Z", "uncertainty_m": null }, "geometry": { "type": "Point", "coordinates": [ 8.639581, 49.453114 ] } },
{ "type": "Feature", "properties": { "key": 4615296349, "species": "Columba livia", "scientificName": "Columba livia J.F.Gmelin, 1789", "eventDate": "2023-02-12T00:00:00Z", "uncertainty_m": null }, "geometry": { "type": "Point", "coordinates": [ 8.671026, 49.418015 ] } },
{ "type": "Feature", "properties": { "key": 4615331674, "species": "Alopochen aegyptiaca", "scientificName": "Alopochen aegyptiaca (Linnaeus, 1766)", "eventDate": "2023-02-18T00:00:00Z", "uncertainty_m": null }, "geometry": { "type": "Point", "coordinates": [ 8.668163, 49.41085 ] } },
{ "type": "Feature", "properties": { "key": 4615334275, "species": "Psittacula krameri", "scientificName": "Psittacula krameri (Scopoli, 1769)", "eventDate": "2023-02-17T00:00:00Z", "uncertainty_m": null }, "geometry": { "type": "Point", "coordinates": [ 8.678938, 49.421394 ] } },
{ "type": "Feature", "properties": { "key": 4615504907, "species": "Coccothraustes coccothraustes", "scientificName": "Coccothraustes coccothraustes (Linnaeus, 1758)", "eventDate": "2023-02-21T00:00:00Z", "uncertainty_m": null }, "geometry": { "type": "Point", "coordinates": [ 8.665815, 49.425297 ] } },
{ "type": "Feature", "properties": { "key": 4615550539, "species": "Chloris chloris", "scientificName": "Chloris chloris (Linnaeus, 1758)", "eventDate": "2023-02-19T00:00:00Z", "uncertainty_m": null }, "geometry": { "type": "Point", "coordinates": [ 8.678404, 49.415497 ] } },
{ "type": "Feature", "properties": { "key": 4615600316, "species": "Chroicocephalus ridibundus", "scientificName": "Chroicocephalus ridibundus (Linnaeus, 1766)", "eventDate": "2023-02-22T00:00:00Z", "uncertainty_m": null }, "geometry": { "type": "Point", "coordinates": [ 8.668163, 49.41085 ] } },
{ "type": "Feature", "properties": { "key": 4615639101, "species": "Columba palumbus", "scientificName": "Columba palumbus Linnaeus, 1758", "eventDate": "2023-02-19T00:00:00Z", "uncertainty_m": null }, "geometry": { "type": "Point", "coordinates": [ 8.678404, 49.415497 ] } },
{ "type": "Feature", "properties": { "key": 4615776793, "species": "Erithacus rubecula", "scientificName": "Erithacus rubecula (Linnaeus, 1758)", "eventDate": "2023-02-17T00:00:00Z", "uncertainty_m": null }, "geometry": { "type": "Point", "coordinates": [ 8.678938, 49.421394 ] } },
{ "type": "Feature", "properties": { "key": 4616008769, "species": "Corvus corone", "scientificName": "Corvus corone Linnaeus, 1758", "eventDate": "2023-02-24T00:00:00Z", "uncertainty_m": null }, "geometry": { "type": "Point", "coordinates": [ 8.665815, 49.425297 ] } },
{ "type": "Feature", "properties": { "key": 4616049626, "species": "Branta canadensis", "scientificName": "Branta canadensis (Linnaeus, 1758)", "eventDate": "2023-02-26T00:00:00Z", "uncertainty_m": null }, "geometry": { "type": "Point", "coordinates": [ 8.691434, 49.412827 ] } },
{ "type": "Feature", "properties": { "key": 4616133094, "species": "Alcedo atthis", "scientificName": "Alcedo atthis (Linnaeus, 1758)", "eventDate": "2023-02-18T00:00:00Z", "uncertainty_m": null }, "geometry": { "type": "Point", "coordinates": [ 8.668163, 49.41085 ] } },
{ "type": "Feature", "properties": { "key": 4616160351, "species": "Cyanistes caeruleus", "scientificName": "Cyanistes caeruleus (Linnaeus, 1758)", "eventDate": "2023-02-20T00:00:00Z", "uncertainty_m": null }, "geometry": { "type": "Point", "coordinates": [ 8.678938, 49.421394 ] } },
{ "type": "Feature", "properties": { "key": 4616217924, "species": "Carduelis carduelis", "scientificName": "Carduelis carduelis (Linnaeus, 1758)", "eventDate": "2023-02-24T00:00:00Z", "uncertainty_m": null }, "geometry": { "type": "Point", "coordinates": [ 8.665815, 49.425297 ] } },
{ "type": "Feature", "properties": { "key": 4616440242, "species": "Columba palumbus", "scientificName": "Columba palumbus Linnaeus, 1758", "eventDate": "2023-02-24T00:00:00Z", "uncertainty_m": null }, "geometry": { "type": "Point", "coordinates": [ 8.580556, 49.38821 ] } },
{ "type": "Feature", "properties": { "key": 4616487513, "species": "Ciconia ciconia", "scientificName": "Ciconia ciconia (Linnaeus, 1758)", "eventDate": "2023-02-24T00:00:00Z", "uncertainty_m": null }, "geometry": { "type": "Point", "coordinates": [ 8.665815, 49.425297 ] } },
{ "type": "Feature", "properties": { "key": 4616649969, "species": "Coloeus monedula", "scientificName": "Coloeus monedula (Linnaeus, 1758)", "eventDate": "2023-02-15T00:00:00Z", "uncertainty_m": null }, "geometry": { "type": "Point", "coordinates": [ 8.665815, 49.425297 ] } },
{ "type": "Feature", "properties": { "key": 4616696899, "species": "Passer domesticus", "scientificName": "Passer domesticus (Linnaeus, 1758)", "eventDate": "2023-02-20T00:00:00Z", "uncertainty_m": null }, "geometry": { "type": "Point", "coordinates": [ 8.671026, 49.418015 ] } },
{ "type": "Feature", "properties": { "key": 4617013608, "species": "Parus major", "scientificName": "Parus major Linnaeus, 1758", "eventDate": "2023-02-16T00:00:00Z", "uncertainty_m": null }, "geometry": { "type": "Point", "coordinates": [ 8.673265, 49.459534 ] } },
{ "type": "Feature", "properties": { "key": 4617592748, "species": "Buteo buteo", "scientificName": "Buteo buteo (Linnaeus, 1758)", "eventDate": "2023-02-02T00:00:00Z", "uncertainty_m": null }, "geometry": { "type": "Point", "coordinates": [ 8.665815, 49.425297 ] } },
{ "type": "Feature", "properties": { "key": 4617691941, "species": "Psittacula krameri", "scientificName": "Psittacula krameri (Scopoli, 1769)", "eventDate": "2023-02-04T00:00:00Z", "uncertainty_m": null }, "geometry": { "type": "Point", "coordinates": [ 8.678938, 49.421394 ] } },
{ "type": "Feature", "properties": { "key": 4619548758, "species": "Anas platyrhynchos", "scientificName": "Anas platyrhynchos Linnaeus, 1758", "eventDate": "2023-02-26T00:00:00Z", "uncertainty_m": null }, "geometry": { "type": "Point", "coordinates": [ 8.668163, 49.41085 ] } },
{ "type": "Feature", "properties": { "key": 4619924758, "species": "Troglodytes troglodytes", "scientificName": "Troglodytes troglodytes (Linnaeus, 1758)", "eventDate": "2023-02-15T00:00:00Z", "uncertainty_m": null }, "geometry": { "type": "Point", "coordinates": [ 8.611779, 49.454887 ] } },
{ "type": "Feature", "properties": { "key": 4620352238, "species": "Cyanistes caeruleus", "scientificName": "Cyanistes caeruleus (Linnaeus, 1758)", "eventDate": "2023-02-09T00:00:00Z", "uncertainty_m": null }, "geometry": { "type": "Point", "coordinates": [ 8.671378, 49.47071 ] } },
{ "type": "Feature", "properties": { "key": 4620417199, "species": "Anas platyrhynchos", "scientificName": "Anas platyrhynchos Linnaeus, 1758", "eventDate": "2023-02-20T00:00:00Z", "uncertainty_m": null }, "geometry": { "type": "Point", "coordinates": [ 8.668163, 49.41085 ] } },
{ "type": "Feature", "properties": { "key": 4620626685, "species": "Larus michahellis", "scientificName": "Larus michahellis J.F.Naumann, 1840", "eventDate": "2023-02-19T00:00:00Z", "uncertainty_m": null }, "geometry": { "type": "Point", "coordinates": [ 8.599301, 49.47061 ] } },
{ "type": "Feature", "properties": { "key": 4621073039, "species": "Cyanistes caeruleus", "scientificName": "Cyanistes caeruleus (Linnaeus, 1758)", "eventDate": "2023-02-26T00:00:00Z", "uncertainty_m": null }, "geometry": { "type": "Point", "coordinates": [ 8.678938, 49.421394 ] } },
{ "type": "Feature", "properties": { "key": 4621437578, "species": "Psittacula krameri", "scientificName": "Psittacula krameri (Scopoli, 1769)", "eventDate": "2023-02-20T00:00:00Z", "uncertainty_m": null }, "geometry": { "type": "Point", "coordinates": [ 8.678938, 49.421394 ] } },
{ "type": "Feature", "properties": { "key": 4621523056, "species": "Parus major", "scientificName": "Parus major Linnaeus, 1758", "eventDate": "2023-02-12T00:00:00Z", "uncertainty_m": null }, "geometry": { "type": "Point", "coordinates": [ 8.671026, 49.418015 ] } },
{ "type": "Feature", "properties": { "key": 4621746750, "species": "Falco tinnunculus", "scientificName": "Falco tinnunculus Linnaeus, 1758", "eventDate": "2023-02-24T00:00:00Z", "uncertainty_m": null }, "geometry": { "type": "Point", "coordinates": [ 8.665815, 49.425297 ] } },
{ "type": "Feature", "properties": { "key": 4621762742, "species": "Pica pica", "scientificName": "Pica pica (Linnaeus, 1758)", "eventDate": "2023-02-16T00:00:00Z", "uncertainty_m": null }, "geometry": { "type": "Point", "coordinates": [ 8.678938, 49.421394 ] } },
{ "type": "Feature", "properties": { "key": 4622040604, "species": "Fringilla coelebs", "scientificName": "Fringilla coelebs Linnaeus, 1758", "eventDate": "2023-02-20T00:00:00Z", "uncertainty_m": null }, "geometry": { "type": "Point", "coordinates": [ 8.687877, 49.49592 ] } },
{ "type": "Feature", "properties": { "key": 4622161591, "species": "Turdus merula", "scientificName": "Turdus merula Linnaeus, 1758", "eventDate": "2023-02-23T00:00:00Z", "uncertainty_m": null }, "geometry": { "type": "Point", "coordinates": [ 8.678938, 49.421394 ] } },
{ "type": "Feature", "properties": { "key": 4622783812, "species": "Corvus corone", "scientificName": "Corvus corone Linnaeus, 1758", "eventDate": "2023-02-25T00:00:00Z", "uncertainty_m": null }, "geometry": { "type": "Point", "coordinates": [ 8.639581, 49.453114 ] } },
{ "type": "Feature", "properties": { "key": 4624259068, "species": "Corvus corone", "scientificName": "Corvus corone Linnaeus, 1758", "eventDate": "2023-02-20T00:00:00Z", "uncertainty_m": null }, "geometry": { "type": "Point", "coordinates": [ 8.668163, 49.41085 ] } },
{ "type": "Feature", "properties": { "key": 4625358621, "species": "Coloeus monedula", "scientificName": "Coloeus monedula (Linnaeus, 1758)", "eventDate": "2023-02-04T00:00:00Z", "uncertainty_m": null }, "geometry": { "type": "Point", "coordinates": [ 8.673265, 49.459534 ] } },
{ "type": "Feature", "properties": { "key": 4625855275, "species": "Parus major", "scientificName": "Parus major Linnaeus, 1758", "eventDate": "2023-02-19T00:00:00Z", "uncertainty_m": null }, "geometry": { "type": "Point", "coordinates": [ 8.678404, 49.415497 ] } },
{ "type": "Feature", "properties": { "key": 4625976518, "species": "Columba palumbus", "scientificName": "Columba palumbus Linnaeus, 1758", "eventDate": "2023-02-20T00:00:00Z", "uncertainty_m": null }, "geometry": { "type": "Point", "coordinates": [ 8.671026, 49.418015 ] } },
{ "type": "Feature", "properties": { "key": 4626007199, "species": "Prunella modularis", "scientificName": "Prunella modularis (Linnaeus, 1758)", "eventDate": "2023-02-21T00:00:00Z", "uncertainty_m": null }, "geometry": { "type": "Point", "coordinates": [ 8.665815, 49.425297 ] } },
{ "type": "Feature", "properties": { "key": 4627202857, "species": "Corvus corone", "scientificName": "Corvus corone Linnaeus, 1758", "eventDate": "2023-02-18T00:00:00Z", "uncertainty_m": null }, "geometry": { "type": "Point", "coordinates": [ 8.668163, 49.41085 ] } },
{ "type": "Feature", "properties": { "key": 4627256159, "species": "Branta leucopsis", "scientificName": "Branta leucopsis (Bechstein, 1803)", "eventDate": "2023-02-15T00:00:00Z", "uncertainty_m": null }, "geometry": { "type": "Point", "coordinates": [ 8.611779, 49.454887 ] } },
{ "type": "Feature", "properties": { "key": 4627353261, "species": "Picus viridis", "scientificName": "Picus viridis Linnaeus, 1758", "eventDate": "2023-02-19T00:00:00Z", "uncertainty_m": null }, "geometry": { "type": "Point", "coordinates": [ 8.678938, 49.421394 ] } },
{ "type": "Feature", "properties": { "key": 4627460430, "species": "Fringilla coelebs", "scientificName": "Fringilla coelebs Linnaeus, 1758", "eventDate": "2023-02-20T00:00:00Z", "uncertainty_m": null }, "geometry": { "type": "Point", "coordinates": [ 8.668163, 49.41085 ] } },
{ "type": "Feature", "properties": { "key": 4627589709, "species": "Turdus merula", "scientificName": "Turdus merula Linnaeus, 1758", "eventDate": "2023-02-18T00:00:00Z", "uncertainty_m": null }, "geometry": { "type": "Point", "coordinates": [ 8.699978, 49.465 ] } },
{ "type": "Feature", "properties": { "key": 4627589710, "species": "Ardea cinerea", "scientificName": "Ardea cinerea Linnaeus, 1758", "eventDate": "2023-02-21T00:00:00Z", "uncertainty_m": null }, "geometry": { "type": "Point", "coordinates": [ 8.639581, 49.453114 ] } },
{ "type": "Feature", "properties": { "key": 4628144250, "species": "Passer domesticus", "scientificName": "Passer domesticus (Linnaeus, 1758)", "eventDate": "2023-02-22T00:00:00Z", "uncertainty_m": null }, "geometry": { "type": "Point", "coordinates": [ 8.668163, 49.41085 ] } },
{ "type": "Feature", "properties": { "key": 4628144257, "species": "Poecile palustris", "scientificName": "Poecile palustris (Linnaeus, 1758)", "eventDate": "2023-02-16T00:00:00Z", "uncertainty_m": null }, "geometry": { "type": "Point", "coordinates": [ 8.673265, 49.459534 ] } },
{ "type": "Feature", "properties": { "key": 4628263081, "species": "Aegithalos caudatus", "scientificName": "Aegithalos caudatus (Linnaeus, 1758)", "eventDate": "2023-02-22T00:00:00Z", "uncertainty_m": null }, "geometry": { "type": "Point", "coordinates": [ 8.673265, 49.459534 ] } },
{ "type": "Feature", "properties": { "key": 4628372257, "species": "Turdus merula", "scientificName": "Turdus merula Linnaeus, 1758", "eventDate": "2023-02-20T00:00:00Z", "uncertainty_m": null }, "geometry": { "type": "Point", "coordinates": [ 8.671026, 49.418015 ] } },
{ "type": "Feature", "properties": { "key": 4628372288, "species": "Fringilla coelebs", "scientificName": "Fringilla coelebs Linnaeus, 1758", "eventDate": "2023-02-20T00:00:00Z", "uncertainty_m": null }, "geometry": { "type": "Point", "coordinates": [ 8.691434, 49.412827 ] } },
{ "type": "Feature", "properties": { "key": 4628454718, "species": "Corvus corone", "scientificName": "Corvus corone Linnaeus, 1758", "eventDate": "2023-02-17T00:00:00Z", "uncertainty_m": null }, "geometry": { "type": "Point", "coordinates": [ 8.678938, 49.421394 ] } },
{ "type": "Feature", "properties": { "key": 4628641499, "species": "Grus grus", "scientificName": "Grus grus (Linnaeus, 1758)", "eventDate": "2023-02-25T00:00:00Z", "uncertainty_m": null }, "geometry": { "type": "Point", "coordinates": [ 8.677924, 49.422066 ] } },
{ "type": "Feature", "properties": { "key": 4629076050, "species": "Anser brachyrhynchus", "scientificName": "Anser brachyrhynchus Baillon, 1834", "eventDate": "2023-02-26T00:00:00Z", "uncertainty_m": null }, "geometry": { "type": "Point", "coordinates": [ 8.691434, 49.412827 ] } },
{ "type": "Feature", "properties": { "key": 4629116700, "species": "Columba palumbus", "scientificName": "Columba palumbus Linnaeus, 1758", "eventDate": "2023-02-17T00:00:00Z", "uncertainty_m": null }, "geometry": { "type": "Point", "coordinates": [ 8.678938, 49.421394 ] } },
{ "type": "Feature", "properties": { "key": 4629150810, "species": "Gallinula chloropus", "scientificName": "Gallinula chloropus (Linnaeus, 1758)", "eventDate": "2023-02-01T00:00:00Z", "uncertainty_m": null }, "geometry": { "type": "Point", "coordinates": [ 8.668163, 49.41085 ] } },
{ "type": "Feature", "properties": { "key": 4629165948, "species": "Aythya fuligula", "scientificName": "Aythya fuligula (Linnaeus, 1758)", "eventDate": "2023-02-01T00:00:00Z", "uncertainty_m": null }, "geometry": { "type": "Point", "coordinates": [ 8.668163, 49.41085 ] } },
{ "type": "Feature", "properties": { "key": 4629166638, "species": "Phoenicurus ochruros", "scientificName": "Phoenicurus ochruros (S.G.Gmelin, 1774)", "eventDate": "2023-02-24T00:00:00Z", "uncertainty_m": null }, "geometry": { "type": "Point", "coordinates": [ 8.665815, 49.425297 ] } },
{ "type": "Feature", "properties": { "key": 4629231909, "species": "Columba palumbus", "scientificName": "Columba palumbus Linnaeus, 1758", "eventDate": "2023-02-19T00:00:00Z", "uncertainty_m": null }, "geometry": { "type": "Point", "coordinates": [ 8.678938, 49.421394 ] } },
{ "type": "Feature", "properties": { "key": 4629377177, "species": "Turdus merula", "scientificName": "Turdus merula Linnaeus, 1758", "eventDate": "2023-02-04T00:00:00Z", "uncertainty_m": null }, "geometry": { "type": "Point", "coordinates": [ 8.678938, 49.421394 ] } },
{ "type": "Feature", "properties": { "key": 4629541449, "species": "Regulus ignicapilla", "scientificName": "Regulus ignicapilla (Temminck, 1820)", "eventDate": "2023-02-20T00:00:00Z", "uncertainty_m": null }, "geometry": { "type": "Point", "coordinates": [ 8.687877, 49.49592 ] } },
{ "type": "Feature", "properties": { "key": 4629670361, "species": "Turdus merula", "scientificName": "Turdus merula Linnaeus, 1758", "eventDate": "2023-02-22T00:00:00Z", "uncertainty_m": null }, "geometry": { "type": "Point", "coordinates": [ 8.668163, 49.41085 ] } },
{ "type": "Feature", "properties": { "key": 4629709426, "species": "Columba palumbus", "scientificName": "Columba palumbus Linnaeus, 1758", "eventDate": "2023-02-23T00:00:00Z", "uncertainty_m": null }, "geometry": { "type": "Point", "coordinates": [ 8.678938, 49.421394 ] } },
{ "type": "Feature", "properties": { "key": 4629773039, "species": "Anser cygnoides", "scientificName": "Anser cygnoides (Linnaeus, 1758)", "eventDate": "2023-02-26T00:00:00Z", "uncertainty_m": null }, "geometry": { "type": "Point", "coordinates": [ 8.691434, 49.412827 ] } },
{ "type": "Feature", "properties": { "key": 4629881223, "species": "Erithacus rubecula", "scientificName": "Erithacus rubecula (Linnaeus, 1758)", "eventDate": "2023-02-27T00:00:00Z", "uncertainty_m": null }, "geometry": { "type": "Point", "coordinates": [ 8.665815, 49.425297 ] } },
{ "type": "Feature", "properties": { "key": 4629935411, "species": "Parus major", "scientificName": "Parus major Linnaeus, 1758", "eventDate": "2023-02-11T00:00:00Z", "uncertainty_m": null }, "geometry": { "type": "Point", "coordinates": [ 8.678938, 49.421394 ] } },
{ "type": "Feature", "properties": { "key": 4629966067, "species": "Aegithalos caudatus", "scientificName": "Aegithalos caudatus (Linnaeus, 1758)", "eventDate": "2023-02-12T00:00:00Z", "uncertainty_m": null }, "geometry": { "type": "Point", "coordinates": [ 8.668163, 49.41085 ] } },
{ "type": "Feature", "properties": { "key": 4630054409, "species": "Coccothraustes coccothraustes", "scientificName": "Coccothraustes coccothraustes (Linnaeus, 1758)", "eventDate": "2023-02-13T00:00:00Z", "uncertainty_m": null }, "geometry": { "type": "Point", "coordinates": [ 8.673265, 49.459534 ] } },
{ "type": "Feature", "properties": { "key": 4630062457, "species": "Alopochen aegyptiaca", "scientificName": "Alopochen aegyptiaca (Linnaeus, 1766)", "eventDate": "2023-02-12T00:00:00Z", "uncertainty_m": null }, "geometry": { "type": "Point", "coordinates": [ 8.668163, 49.41085 ] } },
{ "type": "Feature", "properties": { "key": 4630156092, "species": "Anthus pratensis", "scientificName": "Anthus pratensis (Linnaeus, 1758)", "eventDate": "2023-02-15T00:00:00Z", "uncertainty_m": null }, "geometry": { "type": "Point", "coordinates": [ 8.639581, 49.453114 ] } },
{ "type": "Feature", "properties": { "key": 4630503718, "species": "Corvus corone", "scientificName": "Corvus corone Linnaeus, 1758", "eventDate": "2023-02-25T00:00:00Z", "uncertainty_m": null }, "geometry": { "type": "Point", "coordinates": [ 8.618639, 49.518192 ] } },
{ "type": "Feature", "properties": { "key": 4631635441, "species": "Picus viridis", "scientificName": "Picus viridis Linnaeus, 1758", "eventDate": "2023-02-28T00:00:00Z", "uncertainty_m": null }, "geometry": { "type": "Point", "coordinates": [ 8.678938, 49.421394 ] } },
{ "type": "Feature", "properties": { "key": 4631769633, "species": "Fringilla coelebs", "scientificName": "Fringilla coelebs Linnaeus, 1758", "eventDate": "2023-02-15T00:00:00Z", "uncertainty_m": null }, "geometry": { "type": "Point", "coordinates": [ 8.684613, 49.43915 ] } },
{ "type": "Feature", "properties": { "key": 4631887325, "species": "Parus major", "scientificName": "Parus major Linnaeus, 1758", "eventDate": "2023-02-24T00:00:00Z", "uncertainty_m": null }, "geometry": { "type": "Point", "coordinates": [ 8.678938, 49.421394 ] } },
{ "type": "Feature", "properties": { "key": 4631977228, "species": "Columba palumbus", "scientificName": "Columba palumbus Linnaeus, 1758", "eventDate": "2023-02-17T00:00:00Z", "uncertainty_m": null }, "geometry": { "type": "Point", "coordinates": [ 8.678938, 49.421394 ] } },
{ "type": "Feature", "properties": { "key": 4632101058, "species": "Ardea cinerea", "scientificName": "Ardea cinerea Linnaeus, 1758", "eventDate": "2023-02-25T00:00:00Z", "uncertainty_m": null }, "geometry": { "type": "Point", "coordinates": [ 8.624862, 49.455822 ] } },
{ "type": "Feature", "properties": { "key": 4632388848, "species": "Chroicocephalus ridibundus", "scientificName": "Chroicocephalus ridibundus (Linnaeus, 1766)", "eventDate": "2023-02-02T00:00:00Z", "uncertainty_m": null }, "geometry": { "type": "Point", "coordinates": [ 8.665815, 49.425297 ] } },
{ "type": "Feature", "properties": { "key": 4632615916, "species": "Picus viridis", "scientificName": "Picus viridis Linnaeus, 1758", "eventDate": "2023-02-10T00:00:00Z", "uncertainty_m": null }, "geometry": { "type": "Point", "coordinates": [ 8.673265, 49.459534 ] } },
{ "type": "Feature", "properties": { "key": 4633862363, "species": "Passer domesticus", "scientificName": "Passer domesticus (Linnaeus, 1758)", "eventDate": "2023-02-15T00:00:00Z", "uncertainty_m": null }, "geometry": { "type": "Point", "coordinates": [ 8.662385, 49.429916 ] } },
{ "type": "Feature", "properties": { "key": 4634194144, "species": "Alopochen aegyptiaca", "scientificName": "Alopochen aegyptiaca (Linnaeus, 1766)", "eventDate": "2023-02-21T00:00:00Z", "uncertainty_m": null }, "geometry": { "type": "Point", "coordinates": [ 8.668163, 49.41085 ] } },
{ "type": "Feature", "properties": { "key": 4634685625, "species": "Aegithalos caudatus", "scientificName": "Aegithalos caudatus (Linnaeus, 1758)", "eventDate": "2023-02-28T00:00:00Z", "uncertainty_m": null }, "geometry": { "type": "Point", "coordinates": [ 8.678938, 49.421394 ] } },
{ "type": "Feature", "properties": { "key": 4635959798, "species": "Turdus pilaris", "scientificName": "Turdus pilaris Linnaeus, 1758", "eventDate": "2023-02-13T00:00:00Z", "uncertainty_m": null }, "geometry": { "type": "Point", "coordinates": [ 8.640053, 49.44901 ] } },
{ "type": "Feature", "properties": { "key": 4636181366, "species": "Erithacus rubecula", "scientificName": "Erithacus rubecula (Linnaeus, 1758)", "eventDate": "2023-02-13T00:00:00Z", "uncertainty_m": null }, "geometry": { "type": "Point", "coordinates": [ 8.700556, 49.45739 ] } },
{ "type": "Feature", "properties": { "key": 4636303243, "species": "Erithacus rubecula", "scientificName": "Erithacus rubecula (Linnaeus, 1758)", "eventDate": "2023-02-18T00:00:00Z", "uncertainty_m": null }, "geometry": { "type": "Point", "coordinates": [ 8.678938, 49.421394 ] } },
{ "type": "Feature", "properties": { "key": 4636352375, "species": "Erithacus rubecula", "scientificName": "Erithacus rubecula (Linnaeus, 1758)", "eventDate": "2023-02-18T00:00:00Z", "uncertainty_m": null }, "geometry": { "type": "Point", "coordinates": [ 8.668163, 49.41085 ] } },
{ "type": "Feature", "properties": { "key": 4636549869, "species": "Psittacula krameri", "scientificName": "Psittacula krameri (Scopoli, 1769)", "eventDate": "2023-02-19T00:00:00Z", "uncertainty_m": null }, "geometry": { "type": "Point", "coordinates": [ 8.678938, 49.421394 ] } },
{ "type": "Feature", "properties": { "key": 4637081582, "species": "Aegithalos caudatus", "scientificName": "Aegithalos caudatus (Linnaeus, 1758)", "eventDate": "2023-02-26T00:00:00Z", "uncertainty_m": null }, "geometry": { "type": "Point", "coordinates": [ 8.668953, 49.415203 ] } },
{ "type": "Feature", "properties": { "key": 4637134109, "species": "Corvus corone", "scientificName": "Corvus corone Linnaeus, 1758", "eventDate": "2023-02-21T00:00:00Z", "uncertainty_m": null }, "geometry": { "type": "Point", "coordinates": [ 8.668163, 49.41085 ] } },
{ "type": "Feature", "properties": { "key": 4637358216, "species": "Pica pica", "scientificName": "Pica pica (Linnaeus, 1758)", "eventDate": "2023-02-25T00:00:00Z", "uncertainty_m": null }, "geometry": { "type": "Point", "coordinates": [ 8.678938, 49.421394 ] } },
{ "type": "Feature", "properties": { "key": 4637641014, "species": "Cyanistes caeruleus", "scientificName": "Cyanistes caeruleus (Linnaeus, 1758)", "eventDate": "2023-02-22T00:00:00Z", "uncertainty_m": null }, "geometry": { "type": "Point", "coordinates": [ 8.673265, 49.459534 ] } },
{ "type": "Feature", "properties": { "key": 4637715455, "species": "Pica pica", "scientificName": "Pica pica (Linnaeus, 1758)", "eventDate": "2023-02-27T00:00:00Z", "uncertainty_m": null }, "geometry": { "type": "Point", "coordinates": [ 8.665815, 49.425297 ] } },
{ "type": "Feature", "properties": { "key": 4637752488, "species": "Erithacus rubecula", "scientificName": "Erithacus rubecula (Linnaeus, 1758)", "eventDate": "2023-02-04T00:00:00Z", "uncertainty_m": null }, "geometry": { "type": "Point", "coordinates": [ 8.673265, 49.459534 ] } },
{ "type": "Feature", "properties": { "key": 4637872748, "species": "Corvus corax", "scientificName": "Corvus corax Linnaeus, 1758", "eventDate": "2023-02-04T00:00:00Z", "uncertainty_m": null }, "geometry": { "type": "Point", "coordinates": [ 8.673265, 49.459534 ] } },
{ "type": "Feature", "properties": { "key": 4638208692, "species": "Fringilla coelebs", "scientificName": "Fringilla coelebs Linnaeus, 1758", "eventDate": "2023-02-14T00:00:00Z", "uncertainty_m": null }, "geometry": { "type": "Point", "coordinates": [ 8.679246, 49.469124 ] } },
{ "type": "Feature", "properties": { "key": 4638270932, "species": "Carduelis carduelis", "scientificName": "Carduelis carduelis (Linnaeus, 1758)", "eventDate": "2023-02-15T00:00:00Z", "uncertainty_m": null }, "geometry": { "type": "Point", "coordinates": [ 8.611779, 49.454887 ] } },
{ "type": "Feature", "properties": { "key": 4638480309, "species": "Prunella modularis", "scientificName": "Prunella modularis (Linnaeus, 1758)", "eventDate": "2023-02-13T00:00:00Z", "uncertainty_m": null }, "geometry": { "type": "Point", "coordinates": [ 8.673265, 49.459534 ] } },
{ "type": "Feature", "properties": { "key": 4638662068, "species": "Carduelis carduelis", "scientificName": "Carduelis carduelis (Linnaeus, 1758)", "eventDate": "2023-02-21T00:00:00Z", "uncertainty_m": null }, "geometry": { "type": "Point", "coordinates": [ 8.665815, 49.425297 ] } },
{ "type": "Feature", "properties": { "key": 4638679948, "species": "Aegithalos caudatus", "scientificName": "Aegithalos caudatus (Linnaeus, 1758)", "eventDate": "2023-02-16T00:00:00Z", "uncertainty_m": null }, "geometry": { "type": "Point", "coordinates": [ 8.678938, 49.421394 ] } },
{ "type": "Feature", "properties": { "key": 4638707738, "species": "Pica pica", "scientificName": "Pica pica (Linnaeus, 1758)", "eventDate": "2023-02-15T00:00:00Z", "uncertainty_m": null }, "geometry": { "type": "Point", "coordinates": [ 8.678938, 49.421394 ] } },
{ "type": "Feature", "properties": { "key": 4638859560, "species": "Aegithalos caudatus", "scientificName": "Aegithalos caudatus (Linnaeus, 1758)", "eventDate": "2023-02-21T00:00:00Z", "uncertainty_m": null }, "geometry": { "type": "Point", "coordinates": [ 8.665815, 49.425297 ] } },
{ "type": "Feature", "properties": { "key": 4639158219, "species": "Passer domesticus", "scientificName": "Passer domesticus (Linnaeus, 1758)", "eventDate": "2023-02-13T00:00:00Z", "uncertainty_m": null }, "geometry": { "type": "Point", "coordinates": [ 8.673265, 49.459534 ] } },
{ "type": "Feature", "properties": { "key": 4639171617, "species": "Anas platyrhynchos", "scientificName": "Anas platyrhynchos Linnaeus, 1758", "eventDate": "2023-02-21T00:00:00Z", "uncertainty_m": null }, "geometry": { "type": "Point", "coordinates": [ 8.668163, 49.41085 ] } },
{ "type": "Feature", "properties": { "key": 4639363829, "species": "Garrulus glandarius", "scientificName": "Garrulus glandarius (Linnaeus, 1758)", "eventDate": "2023-02-16T00:00:00Z", "uncertainty_m": null }, "geometry": { "type": "Point", "coordinates": [ 8.678938, 49.421394 ] } },
{ "type": "Feature", "properties": { "key": 4639927880, "species": "Ciconia ciconia", "scientificName": "Ciconia ciconia (Linnaeus, 1758)", "eventDate": "2023-02-25T00:00:00Z", "uncertainty_m": null }, "geometry": { "type": "Point", "coordinates": [ 8.618639, 49.518192 ] } },
{ "type": "Feature", "properties": { "key": 4640444682, "species": "Troglodytes troglodytes", "scientificName": "Troglodytes troglodytes (Linnaeus, 1758)", "eventDate": "2023-02-13T00:00:00Z", "uncertainty_m": null }, "geometry": { "type": "Point", "coordinates": [ 8.673265, 49.459534 ] } },
{ "type": "Feature", "properties": { "key": 4640545152, "species": "Chroicocephalus ridibundus", "scientificName": "Chroicocephalus ridibundus (Linnaeus, 1766)", "eventDate": "2023-02-15T00:00:00Z", "uncertainty_m": null }, "geometry": { "type": "Point", "coordinates": [ 8.611779, 49.454887 ] } },
{ "type": "Feature", "properties": { "key": 4640616975, "species": "Aegithalos caudatus", "scientificName": "Aegithalos caudatus (Linnaeus, 1758)", "eventDate": "2023-02-25T00:00:00Z", "uncertainty_m": null }, "geometry": { "type": "Point", "coordinates": [ 8.618639, 49.518192 ] } },
{ "type": "Feature", "properties": { "key": 4641350375, "species": "Cyanistes caeruleus", "scientificName": "Cyanistes caeruleus (Linnaeus, 1758)", "eventDate": "2023-02-22T00:00:00Z", "uncertainty_m": null }, "geometry": { "type": "Point", "coordinates": [ 8.668163, 49.41085 ] } },
{ "type": "Feature", "properties": { "key": 4641350382, "species": "Cyanistes caeruleus", "scientificName": "Cyanistes caeruleus (Linnaeus, 1758)", "eventDate": "2023-02-20T00:00:00Z", "uncertainty_m": null }, "geometry": { "type": "Point", "coordinates": [ 8.673265, 49.459534 ] } },
{ "type": "Feature", "properties": { "key": 4642043846, "species": "Passer domesticus", "scientificName": "Passer domesticus (Linnaeus, 1758)", "eventDate": "2023-02-02T00:00:00Z", "uncertainty_m": null }, "geometry": { "type": "Point", "coordinates": [ 8.665815, 49.425297 ] } },
{ "type": "Feature", "properties": { "key": 4642240513, "species": "Branta canadensis", "scientificName": "Branta canadensis (Linnaeus, 1758)", "eventDate": "2023-02-20T00:00:00Z", "uncertainty_m": null }, "geometry": { "type": "Point", "coordinates": [ 8.668163, 49.41085 ] } },
{ "type": "Feature", "properties": { "key": 4642528806, "species": "Fringilla coelebs", "scientificName": "Fringilla coelebs Linnaeus, 1758", "eventDate": "2023-02-20T00:00:00Z", "uncertainty_m": null }, "geometry": { "type": "Point", "coordinates": [ 8.671026, 49.418015 ] } },
{ "type": "Feature", "properties": { "key": 4642826184, "species": "Pica pica", "scientificName": "Pica pica (Linnaeus, 1758)", "eventDate": "2023-02-24T00:00:00Z", "uncertainty_m": null }, "geometry": { "type": "Point", "coordinates": [ 8.665815, 49.425297 ] } },
{ "type": "Feature", "properties": { "key": 4643140758, "species": "Psittacula krameri", "scientificName": "Psittacula krameri (Scopoli, 1769)", "eventDate": "2023-02-18T00:00:00Z", "uncertainty_m": null }, "geometry": { "type": "Point", "coordinates": [ 8.668163, 49.41085 ] } },
{ "type": "Feature", "properties": { "key": 4643288178, "species": "Turdus merula", "scientificName": "Turdus merula Linnaeus, 1758", "eventDate": "2023-02-19T00:00:00Z", "uncertainty_m": null }, "geometry": { "type": "Point", "coordinates": [ 8.678938, 49.421394 ] } },
{ "type": "Feature", "properties": { "key": 4643601617, "species": "Alopochen aegyptiaca", "scientificName": "Alopochen aegyptiaca (Linnaeus, 1766)", "eventDate": "2023-02-21T00:00:00Z", "uncertainty_m": null }, "geometry": { "type": "Point", "coordinates": [ 8.639581, 49.453114 ] } },
{ "type": "Feature", "properties": { "key": 4643674619, "species": "Alcedo atthis", "scientificName": "Alcedo atthis (Linnaeus, 1758)", "eventDate": "2023-02-02T00:00:00Z", "uncertainty_m": null }, "geometry": { "type": "Point", "coordinates": [ 8.665815, 49.425297 ] } },
{ "type": "Feature", "properties": { "key": 4644432788, "species": "Cygnus olor", "scientificName": "Cygnus olor (J.F.Gmelin, 1789)", "eventDate": "2023-02-18T00:00:00Z", "uncertainty_m": null }, "geometry": { "type": "Point", "coordinates": [ 8.668163, 49.41085 ] } },
{ "type": "Feature", "properties": { "key": 4644454577, "species": "Corvus corone", "scientificName": "Corvus corone Linnaeus, 1758", "eventDate": "2023-02-12T00:00:00Z", "uncertainty_m": null }, "geometry": { "type": "Point", "coordinates": [ 8.678938, 49.421394 ] } },
{ "type": "Feature", "properties": { "key": 4644454979, "species": "Columba palumbus", "scientificName": "Columba palumbus Linnaeus, 1758", "eventDate": "2023-02-12T00:00:00Z", "uncertainty_m": null }, "geometry": { "type": "Point", "coordinates": [ 8.668163, 49.41085 ] } },
{ "type": "Feature", "properties": { "key": 4644475009, "species": "Troglodytes troglodytes", "scientificName": "Troglodytes troglodytes (Linnaeus, 1758)", "eventDate": "2023-02-22T00:00:00Z", "uncertainty_m": null }, "geometry": { "type": "Point", "coordinates": [ 8.673265, 49.459534 ] } },
{ "type": "Feature", "properties": { "key": 4644592582, "species": "Lophophanes cristatus", "scientificName": "Lophophanes cristatus (Linnaeus, 1758)", "eventDate": "2023-02-14T00:00:00Z", "uncertainty_m": null }, "geometry": { "type": "Point", "coordinates": [ 8.679246, 49.469124 ] } },
{ "type": "Feature", "properties": { "key": 4644635837, "species": "Cyanistes caeruleus", "scientificName": "Cyanistes caeruleus (Linnaeus, 1758)", "eventDate": "2023-02-15T00:00:00Z", "uncertainty_m": null }, "geometry": { "type": "Point", "coordinates": [ 8.611779, 49.454887 ] } },
{ "type": "Feature", "properties": { "key": 4644635995, "species": "Phylloscopus collybita", "scientificName": "Phylloscopus collybita (Vieillot, 1817)", "eventDate": "2023-02-15T00:00:00Z", "uncertainty_m": null }, "geometry": { "type": "Point", "coordinates": [ 8.639581, 49.453114 ] } },
{ "type": "Feature", "properties": { "key": 4644766225, "species": "Poecile palustris", "scientificName": "Poecile palustris (Linnaeus, 1758)", "eventDate": "2023-02-20T00:00:00Z", "uncertainty_m": null }, "geometry": { "type": "Point", "coordinates": [ 8.687877, 49.49592 ] } },
{ "type": "Feature", "properties": { "key": 4644929119, "species": "Ardea alba", "scientificName": "Ardea alba Linnaeus, 1758", "eventDate": "2023-02-22T00:00:00Z", "uncertainty_m": null }, "geometry": { "type": "Point", "coordinates": [ 8.668163, 49.41085 ] } },
{ "type": "Feature", "properties": { "key": 4644980216, "species": "Cyanistes caeruleus", "scientificName": "Cyanistes caeruleus (Linnaeus, 1758)", "eventDate": "2023-02-23T00:00:00Z", "uncertainty_m": null }, "geometry": { "type": "Point", "coordinates": [ 8.678938, 49.421394 ] } },
{ "type": "Feature", "properties": { "key": 4645330383, "species": "Passer domesticus", "scientificName": "Passer domesticus (Linnaeus, 1758)", "eventDate": "2023-02-04T00:00:00Z", "uncertainty_m": null }, "geometry": { "type": "Point", "coordinates": [ 8.678938, 49.421394 ] } },
{ "type": "Feature", "properties": { "key": 4645338001, "species": "Cygnus olor", "scientificName": "Cygnus olor (J.F.Gmelin, 1789)", "eventDate": "2023-02-22T00:00:00Z", "uncertainty_m": null }, "geometry": { "type": "Point", "coordinates": [ 8.668163, 49.41085 ] } },
{ "type": "Feature", "properties": { "key": 4645384084, "species": "Parus major", "scientificName": "Parus major Linnaeus, 1758", "eventDate": "2023-02-23T00:00:00Z", "uncertainty_m": null }, "geometry": { "type": "Point", "coordinates": [ 8.678938, 49.421394 ] } },
{ "type": "Feature", "properties": { "key": 4645395633, "species": "Cygnus olor", "scientificName": "Cygnus olor (J.F.Gmelin, 1789)", "eventDate": "2023-02-26T00:00:00Z", "uncertainty_m": null }, "geometry": { "type": "Point", "coordinates": [ 8.668163, 49.41085 ] } },
{ "type": "Feature", "properties": { "key": 4645428817, "species": "Fringilla coelebs", "scientificName": "Fringilla coelebs Linnaeus, 1758", "eventDate": "2023-02-15T00:00:00Z", "uncertainty_m": null }, "geometry": { "type": "Point", "coordinates": [ 8.624862, 49.455822 ] } },
{ "type": "Feature", "properties": { "key": 4645494307, "species": "Pica pica", "scientificName": "Pica pica (Linnaeus, 1758)", "eventDate": "2023-02-24T00:00:00Z", "uncertainty_m": null }, "geometry": { "type": "Point", "coordinates": [ 8.580556, 49.38821 ] } },
{ "type": "Feature", "properties": { "key": 4645518996, "species": "Corvus corone", "scientificName": "Corvus corone Linnaeus, 1758", "eventDate": "2023-02-16T00:00:00Z", "uncertainty_m": null }, "geometry": { "type": "Point", "coordinates": [ 8.678938, 49.421394 ] } },
{ "type": "Feature", "properties": { "key": 4645849642, "species": "Alauda arvensis", "scientificName": "Alauda arvensis Linnaeus, 1758", "eventDate": "2023-02-25T00:00:00Z", "uncertainty_m": null }, "geometry": { "type": "Point", "coordinates": [ 8.618639, 49.518192 ] } },
{ "type": "Feature", "properties": { "key": 4645942576, "species": "Branta canadensis", "scientificName": "Branta canadensis (Linnaeus, 1758)", "eventDate": "2023-02-21T00:00:00Z", "uncertainty_m": null }, "geometry": { "type": "Point", "coordinates": [ 8.668163, 49.41085 ] } },
{ "type": "Feature", "properties": { "key": 4646014814, "species": "Alopochen aegyptiaca", "scientificName": "Alopochen aegyptiaca (Linnaeus, 1766)", "eventDate": "2023-02-20T00:00:00Z", "uncertainty_m": null }, "geometry": { "type": "Point", "coordinates": [ 8.691434, 49.412827 ] } },
{ "type": "Feature", "properties": { "key": 4646161915, "species": "Fringilla coelebs", "scientificName": "Fringilla coelebs Linnaeus, 1758", "eventDate": "2023-02-22T00:00:00Z", "uncertainty_m": null }, "geometry": { "type": "Point", "coordinates": [ 8.668163, 49.41085 ] } },
{ "type": "Feature", "properties": { "key": 4646161920, "species": "Picus viridis", "scientificName": "Picus viridis Linnaeus, 1758", "eventDate": "2023-02-13T00:00:00Z", "uncertainty_m": null }, "geometry": { "type": "Point", "coordinates": [ 8.673265, 49.459534 ] } },
{ "type": "Feature", "properties": { "key": 4646269757, "species": "Picus viridis", "scientificName": "Picus viridis Linnaeus, 1758", "eventDate": "2023-02-22T00:00:00Z", "uncertainty_m": null }, "geometry": { "type": "Point", "coordinates": [ 8.673265, 49.459534 ] } },
{ "type": "Feature", "properties": { "key": 4646287288, "species": "Pica pica", "scientificName": "Pica pica (Linnaeus, 1758)", "eventDate": "2023-02-12T00:00:00Z", "uncertainty_m": null }, "geometry": { "type": "Point", "coordinates": [ 8.678938, 49.421394 ] } },
{ "type": "Feature", "properties": { "key": 4646340700, "species": "Cyanistes caeruleus", "scientificName": "Cyanistes caeruleus (Linnaeus, 1758)", "eventDate": "2023-02-12T00:00:00Z", "uncertainty_m": null }, "geometry": { "type": "Point", "coordinates": [ 8.668163, 49.41085 ] } },
{ "type": "Feature", "properties": { "key": 4646398058, "species": "Garrulus glandarius", "scientificName": "Garrulus glandarius (Linnaeus, 1758)", "eventDate": "2023-02-13T00:00:00Z", "uncertainty_m": null }, "geometry": { "type": "Point", "coordinates": [ 8.673265, 49.459534 ] } },
{ "type": "Feature", "properties": { "key": 4646498702, "species": "Sturnus vulgaris", "scientificName": "Sturnus vulgaris Linnaeus, 1758", "eventDate": "2023-02-27T00:00:00Z", "uncertainty_m": null }, "geometry": { "type": "Point", "coordinates": [ 8.665815, 49.425297 ] } },
{ "type": "Feature", "properties": { "key": 4647288544, "species": "Turdus merula", "scientificName": "Turdus merula Linnaeus, 1758", "eventDate": "2023-02-24T00:00:00Z", "uncertainty_m": null }, "geometry": { "type": "Point", "coordinates": [ 8.580556, 49.38821 ] } },
{ "type": "Feature", "properties": { "key": 4647376911, "species": "Parus major", "scientificName": "Parus major Linnaeus, 1758", "eventDate": "2023-02-13T00:00:00Z", "uncertainty_m": null }, "geometry": { "type": "Point", "coordinates": [ 8.691434, 49.412827 ] } },
{ "type": "Feature", "properties": { "key": 4647961658, "species": "Milvus milvus", "scientificName": "Milvus milvus (Linnaeus, 1758)", "eventDate": "2023-02-25T00:00:00Z", "uncertainty_m": null }, "geometry": { "type": "Point", "coordinates": [ 8.618639, 49.518192 ] } },
{ "type": "Feature", "properties": { "key": 4649071042, "species": "Psittacula krameri", "scientificName": "Psittacula krameri (Scopoli, 1769)", "eventDate": "2023-02-15T00:00:00Z", "uncertainty_m": null }, "geometry": { "type": "Point", "coordinates": [ 8.668953, 49.415203 ] } },
{ "type": "Feature", "properties": { "key": 4649921630, "species": "Erithacus rubecula", "scientificName": "Erithacus rubecula (Linnaeus, 1758)", "eventDate": "2023-02-09T00:00:00Z", "uncertainty_m": null }, "geometry": { "type": "Point", "coordinates": [ 8.671378, 49.47071 ] } },
{ "type": "Feature", "properties": { "key": 4649983980, "species": "Periparus ater", "scientificName": "Periparus ater (Linnaeus, 1758)", "eventDate": "2023-02-03T00:00:00Z", "uncertainty_m": null }, "geometry": { "type": "Point", "coordinates": [ 8.707174, 49.431812 ] } },
{ "type": "Feature", "properties": { "key": 4650558137, "species": "Passer domesticus", "scientificName": "Passer domesticus (Linnaeus, 1758)", "eventDate": "2023-02-19T00:00:00Z", "uncertainty_m": null }, "geometry": { "type": "Point", "coordinates": [ 8.678938, 49.421394 ] } },
{ "type": "Feature", "properties": { "key": 4650870263, "species": "Turdus merula", "scientificName": "Turdus merula Linnaeus, 1758", "eventDate": "2023-02-13T00:00:00Z", "uncertainty_m": null }, "geometry": { "type": "Point", "coordinates": [ 8.673265, 49.459534 ] } },
{ "type": "Feature", "properties": { "key": 4651220437, "species": "Buteo buteo", "scientificName": "Buteo buteo (Linnaeus, 1758)", "eventDate": "2023-02-27T00:00:00Z", "uncertainty_m": null }, "geometry": { "type": "Point", "coordinates": [ 8.665815, 49.425297 ] } },
{ "type": "Feature", "properties": { "key": 4651507234, "species": "Turdus pilaris", "scientificName": "Turdus pilaris Linnaeus, 1758", "eventDate": "2023-02-10T00:00:00Z", "uncertainty_m": null }, "geometry": { "type": "Point", "coordinates": [ 8.673265, 49.459534 ] } },
{ "type": "Feature", "properties": { "key": 4651571662, "species": "Columba palumbus", "scientificName": "Columba palumbus Linnaeus, 1758", "eventDate": "2023-02-15T00:00:00Z", "uncertainty_m": null }, "geometry": { "type": "Point", "coordinates": [ 8.678938, 49.421394 ] } },
{ "type": "Feature", "properties": { "key": 4651632319, "species": "Turdus merula", "scientificName": "Turdus merula Linnaeus, 1758", "eventDate": "2023-02-16T00:00:00Z", "uncertainty_m": null }, "geometry": { "type": "Point", "coordinates": [ 8.678938, 49.421394 ] } },
{ "type": "Feature", "properties": { "key": 4651694915, "species": "Columba palumbus", "scientificName": "Columba palumbus Linnaeus, 1758", "eventDate": "2023-02-24T00:00:00Z", "uncertainty_m": null }, "geometry": { "type": "Point", "coordinates": [ 8.665815, 49.425297 ] } },
{ "type": "Feature", "properties": { "key": 4651830964, "species": "Turdus merula", "scientificName": "Turdus merula Linnaeus, 1758", "eventDate": "2023-02-17T00:00:00Z", "uncertainty_m": null }, "geometry": { "type": "Point", "coordinates": [ 8.678938, 49.421394 ] } },
{ "type": "Feature", "properties": { "key": 4651996007, "species": "Buteo buteo", "scientificName": "Buteo buteo (Linnaeus, 1758)", "eventDate": "2023-02-03T00:00:00Z", "uncertainty_m": null }, "geometry": { "type": "Point", "coordinates": [ 8.707174, 49.431812 ] } },
{ "type": "Feature", "properties": { "key": 4652065924, "species": "Picus viridis", "scientificName": "Picus viridis Linnaeus, 1758", "eventDate": "2023-02-21T00:00:00Z", "uncertainty_m": null }, "geometry": { "type": "Point", "coordinates": [ 8.668163, 49.41085 ] } },
{ "type": "Feature", "properties": { "key": 4652116491, "species": "Larus michahellis", "scientificName": "Larus michahellis J.F.Naumann, 1840", "eventDate": "2023-02-21T00:00:00Z", "uncertainty_m": null }, "geometry": { "type": "Point", "coordinates": [ 8.668163, 49.41085 ] } },
{ "type": "Feature", "properties": { "key": 4652340955, "species": "Grus grus", "scientificName": "Grus grus (Linnaeus, 1758)", "eventDate": "2023-02-25T00:00:00Z", "uncertainty_m": null }, "geometry": { "type": "Point", "coordinates": [ 8.678938, 49.421394 ] } },
{ "type": "Feature", "properties": { "key": 4652541730, "species": "Turdus merula", "scientificName": "Turdus merula Linnaeus, 1758", "eventDate": "2023-02-08T00:00:00Z", "uncertainty_m": null }, "geometry": { "type": "Point", "coordinates": [ 8.640053, 49.44901 ] } },
{ "type": "Feature", "properties": { "key": 4652542631, "species": "Ardea cinerea", "scientificName": "Ardea cinerea Linnaeus, 1758", "eventDate": "2023-02-15T00:00:00Z", "uncertainty_m": null }, "geometry": { "type": "Point", "coordinates": [ 8.624862, 49.455822 ] } },
{ "type": "Feature", "properties": { "key": 4652802752, "species": "Fringilla coelebs", "scientificName": "Fringilla coelebs Linnaeus, 1758", "eventDate": "2023-02-12T00:00:00Z", "uncertainty_m": null }, "geometry": { "type": "Point", "coordinates": [ 8.678938, 49.421394 ] } },
{ "type": "Feature", "properties": { "key": 4653045524, "species": "Passer domesticus", "scientificName": "Passer domesticus (Linnaeus, 1758)", "eventDate": "2023-02-20T00:00:00Z", "uncertainty_m": null }, "geometry": { "type": "Point", "coordinates": [ 8.668163, 49.41085 ] } },
{ "type": "Feature", "properties": { "key": 4653266110, "species": "Anas platyrhynchos", "scientificName": "Anas platyrhynchos Linnaeus, 1758", "eventDate": "2023-02-24T00:00:00Z", "uncertainty_m": null }, "geometry": { "type": "Point", "coordinates": [ 8.665815, 49.425297 ] } },
{ "type": "Feature", "properties": { "key": 4653307863, "species": "Corvus frugilegus", "scientificName": "Corvus frugilegus Linnaeus, 1758", "eventDate": "2023-02-24T00:00:00Z", "uncertainty_m": null }, "geometry": { "type": "Point", "coordinates": [ 8.665815, 49.425297 ] } },
{ "type": "Feature", "properties": { "key": 4653748146, "species": "Larus michahellis", "scientificName": "Larus michahellis J.F.Naumann, 1840", "eventDate": "2023-02-20T00:00:00Z", "uncertainty_m": null }, "geometry": { "type": "Point", "coordinates": [ 8.691434, 49.412827 ] } },
{ "type": "Feature", "properties": { "key": 4654093992, "species": "Fringilla coelebs", "scientificName": "Fringilla coelebs Linnaeus, 1758", "eventDate": "2023-02-03T00:00:00Z", "uncertainty_m": null }, "geometry": { "type": "Point", "coordinates": [ 8.707174, 49.431812 ] } },
{ "type": "Feature", "properties": { "key": 4655253270, "species": "Phalacrocorax carbo", "scientificName": "Phalacrocorax carbo (Linnaeus, 1758)", "eventDate": "2023-02-20T00:00:00Z", "uncertainty_m": null }, "geometry": { "type": "Point", "coordinates": [ 8.668163, 49.41085 ] } },
{ "type": "Feature", "properties": { "key": 4656725980, "species": "Passer domesticus", "scientificName": "Passer domesticus (Linnaeus, 1758)", "eventDate": "2023-02-12T00:00:00Z", "uncertainty_m": null }, "geometry": { "type": "Point", "coordinates": [ 8.671026, 49.418015 ] } },
{ "type": "Feature", "properties": { "key": 4656811252, "species": "Mareca strepera", "scientificName": "Mareca strepera (Linnaeus, 1758)", "eventDate": "2023-02-15T00:00:00Z", "uncertainty_m": null }, "geometry": { "type": "Point", "coordinates": [ 8.611779, 49.454887 ] } },
{ "type": "Feature", "properties": { "key": 4657567370, "species": "Motacilla alba", "scientificName": "Motacilla alba Linnaeus, 1758", "eventDate": "2023-02-24T00:00:00Z", "uncertainty_m": null }, "geometry": { "type": "Point", "coordinates": [ 8.665815, 49.425297 ] } },
{ "type": "Feature", "properties": { "key": 4657605122, "species": "Gallinula chloropus", "scientificName": "Gallinula chloropus (Linnaeus, 1758)", "eventDate": "2023-02-22T00:00:00Z", "uncertainty_m": null }, "geometry": { "type": "Point", "coordinates": [ 8.668163, 49.41085 ] } },
{ "type": "Feature", "properties": { "key": 4657605127, "species": "Streptopelia decaocto", "scientificName": "Streptopelia decaocto (Frivaldszky, 1838)", "eventDate": "2023-02-15T00:00:00Z", "uncertainty_m": null }, "geometry": { "type": "Point", "coordinates": [ 8.684613, 49.43915 ] } },
{ "type": "Feature", "properties": { "key": 4657605128, "species": "Fringilla coelebs", "scientificName": "Fringilla coelebs Linnaeus, 1758", "eventDate": "2023-02-20T00:00:00Z", "uncertainty_m": null }, "geometry": { "type": "Point", "coordinates": [ 8.673265, 49.459534 ] } },
{ "type": "Feature", "properties": { "key": 4658066051, "species": "Carduelis carduelis", "scientificName": "Carduelis carduelis (Linnaeus, 1758)", "eventDate": "2023-02-04T00:00:00Z", "uncertainty_m": null }, "geometry": { "type": "Point", "coordinates": [ 8.678938, 49.421394 ] } },
{ "type": "Feature", "properties": { "key": 4658321098, "species": "Dendrocopos major", "scientificName": "Dendrocopos major (Linnaeus, 1758)", "eventDate": "2023-02-15T00:00:00Z", "uncertainty_m": null }, "geometry": { "type": "Point", "coordinates": [ 8.624862, 49.455822 ] } },
{ "type": "Feature", "properties": { "key": 4658326816, "species": "Lophophanes cristatus", "scientificName": "Lophophanes cristatus (Linnaeus, 1758)", "eventDate": "2023-02-03T00:00:00Z", "uncertainty_m": null }, "geometry": { "type": "Point", "coordinates": [ 8.707174, 49.431812 ] } },
{ "type": "Feature", "properties": { "key": 4658489850, "species": "Garrulus glandarius", "scientificName": "Garrulus glandarius (Linnaeus, 1758)", "eventDate": "2023-02-18T00:00:00Z", "uncertainty_m": null }, "geometry": { "type": "Point", "coordinates": [ 8.678938, 49.421394 ] } },
{ "type": "Feature", "properties": { "key": 4659112993, "species": "Psittacula krameri", "scientificName": "Psittacula krameri (Scopoli, 1769)", "eventDate": "2023-02-26T00:00:00Z", "uncertainty_m": null }, "geometry": { "type": "Point", "coordinates": [ 8.678938, 49.421394 ] } },
{ "type": "Feature", "properties": { "key": 4659113070, "species": "Turdus merula", "scientificName": "Turdus merula Linnaeus, 1758", "eventDate": "2023-02-26T00:00:00Z", "uncertainty_m": null }, "geometry": { "type": "Point", "coordinates": [ 8.668953, 49.415203 ] } },
{ "type": "Feature", "properties": { "key": 4659830740, "species": "Psittacula krameri", "scientificName": "Psittacula krameri (Scopoli, 1769)", "eventDate": "2023-02-12T00:00:00Z", "uncertainty_m": null }, "geometry": { "type": "Point", "coordinates": [ 8.678938, 49.421394 ] } },
{ "type": "Feature", "properties": { "key": 4659913386, "species": "Columba palumbus", "scientificName": "Columba palumbus Linnaeus, 1758", "eventDate": "2023-02-12T00:00:00Z", "uncertainty_m": null }, "geometry": { "type": "Point", "coordinates": [ 8.671026, 49.418015 ] } },
{ "type": "Feature", "properties": { "key": 4660460641, "species": "Parus major", "scientificName": "Parus major Linnaeus, 1758", "eventDate": "2023-02-19T00:00:00Z", "uncertainty_m": null }, "geometry": { "type": "Point", "coordinates": [ 8.678938, 49.421394 ] } },
{ "type": "Feature", "properties": { "key": 4660565618, "species": "Anser brachyrhynchus", "scientificName": "Anser brachyrhynchus Baillon, 1834", "eventDate": "2023-02-20T00:00:00Z", "uncertainty_m": null }, "geometry": { "type": "Point", "coordinates": [ 8.691434, 49.412827 ] } },
{ "type": "Feature", "properties": { "key": 4660692680, "species": "Falco tinnunculus", "scientificName": "Falco tinnunculus Linnaeus, 1758", "eventDate": "2023-02-13T00:00:00Z", "uncertainty_m": null }, "geometry": { "type": "Point", "coordinates": [ 8.673265, 49.459534 ] } },
{ "type": "Feature", "properties": { "key": 4661005569, "species": "Corvus corone", "scientificName": "Corvus corone Linnaeus, 1758", "eventDate": "2023-02-12T00:00:00Z", "uncertainty_m": null }, "geometry": { "type": "Point", "coordinates": [ 8.678938, 49.421394 ] } },
{ "type": "Feature", "properties": { "key": 4661034453, "species": "Streptopelia decaocto", "scientificName": "Streptopelia decaocto (Frivaldszky, 1838)", "eventDate": "2023-02-27T00:00:00Z", "uncertainty_m": null }, "geometry": { "type": "Point", "coordinates": [ 8.665815, 49.425297 ] } },
{ "type": "Feature", "properties": { "key": 4661049149, "species": "Columba livia", "scientificName": "Columba livia J.F.Gmelin, 1789", "eventDate": "2023-02-13T00:00:00Z", "uncertainty_m": null }, "geometry": { "type": "Point", "coordinates": [ 8.640053, 49.44901 ] } },
{ "type": "Feature", "properties": { "key": 4661293702, "species": "Spinus spinus", "scientificName": "Spinus spinus (Linnaeus, 1758)", "eventDate": "2023-02-13T00:00:00Z", "uncertainty_m": null }, "geometry": { "type": "Point", "coordinates": [ 8.700556, 49.45739 ] } },
{ "type": "Feature", "properties": { "key": 4661506764, "species": "Corvus corone", "scientificName": "Corvus corone Linnaeus, 1758", "eventDate": "2023-02-04T00:00:00Z", "uncertainty_m": null }, "geometry": { "type": "Point", "coordinates": [ 8.673265, 49.459534 ] } },
{ "type": "Feature", "properties": { "key": 4661586754, "species": "Turdus merula", "scientificName": "Turdus merula Linnaeus, 1758", "eventDate": "2023-02-18T00:00:00Z", "uncertainty_m": null }, "geometry": { "type": "Point", "coordinates": [ 8.668163, 49.41085 ] } },
{ "type": "Feature", "properties": { "key": 4661721427, "species": "Columba palumbus", "scientificName": "Columba palumbus Linnaeus, 1758", "eventDate": "2023-02-19T00:00:00Z", "uncertainty_m": null }, "geometry": { "type": "Point", "coordinates": [ 8.678938, 49.421394 ] } },
{ "type": "Feature", "properties": { "key": 4661765495, "species": "Erithacus rubecula", "scientificName": "Erithacus rubecula (Linnaeus, 1758)", "eventDate": "2023-02-13T00:00:00Z", "uncertainty_m": null }, "geometry": { "type": "Point", "coordinates": [ 8.673265, 49.459534 ] } },
{ "type": "Feature", "properties": { "key": 4661860986, "species": "Branta canadensis", "scientificName": "Branta canadensis (Linnaeus, 1758)", "eventDate": "2023-02-15T00:00:00Z", "uncertainty_m": null }, "geometry": { "type": "Point", "coordinates": [ 8.611779, 49.454887 ] } },
{ "type": "Feature", "properties": { "key": 4662244553, "species": "Garrulus glandarius", "scientificName": "Garrulus glandarius (Linnaeus, 1758)", "eventDate": "2023-02-19T00:00:00Z", "uncertainty_m": null }, "geometry": { "type": "Point", "coordinates": [ 8.672848, 49.456497 ] } },
{ "type": "Feature", "properties": { "key": 4662410936, "species": "Buteo buteo", "scientificName": "Buteo buteo (Linnaeus, 1758)", "eventDate": "2023-02-22T00:00:00Z", "uncertainty_m": null }, "geometry": { "type": "Point", "coordinates": [ 8.668163, 49.41085 ] } },
{ "type": "Feature", "properties": { "key": 4662410942, "species": "Branta canadensis", "scientificName": "Branta canadensis (Linnaeus, 1758)", "eventDate": "2023-02-19T00:00:00Z", "uncertainty_m": null }, "geometry": { "type": "Point", "coordinates": [ 8.599301, 49.47061 ] } },
{ "type": "Feature", "properties": { "key": 4662509557, "species": "Pica pica", "scientificName": "Pica pica (Linnaeus, 1758)", "eventDate": "2023-02-21T00:00:00Z", "uncertainty_m": null }, "geometry": { "type": "Point", "coordinates": [ 8.665815, 49.425297 ] } },
{ "type": "Feature", "properties": { "key": 4662563971, "species": "Troglodytes troglodytes", "scientificName": "Troglodytes troglodytes (Linnaeus, 1758)", "eventDate": "2023-02-20T00:00:00Z", "uncertainty_m": null }, "geometry": { "type": "Point", "coordinates": [ 8.673265, 49.459534 ] } },
{ "type": "Feature", "properties": { "key": 4663111932, "species": "Corvus corone", "scientificName": "Corvus corone Linnaeus, 1758", "eventDate": "2023-02-13T00:00:00Z", "uncertainty_m": null }, "geometry": { "type": "Point", "coordinates": [ 8.691434, 49.412827 ] } },
{ "type": "Feature", "properties": { "key": 4664588298, "species": "Carduelis carduelis", "scientificName": "Carduelis carduelis (Linnaeus, 1758)", "eventDate": "2023-02-13T00:00:00Z", "uncertainty_m": null }, "geometry": { "type": "Point", "coordinates": [ 8.673265, 49.459534 ] } },
{ "type": "Feature", "properties": { "key": 4665549898, "species": "Corvus frugilegus", "scientificName": "Corvus frugilegus Linnaeus, 1758", "eventDate": "2023-02-28T00:00:00Z", "uncertainty_m": null }, "geometry": { "type": "Point", "coordinates": [ 8.571928, 49.304157 ] } },
{ "type": "Feature", "properties": { "key": 4665576341, "species": "Troglodytes troglodytes", "scientificName": "Troglodytes troglodytes (Linnaeus, 1758)", "eventDate": "2023-02-12T00:00:00Z", "uncertainty_m": null }, "geometry": { "type": "Point", "coordinates": [ 8.678938, 49.421394 ] } },
{ "type": "Feature", "properties": { "key": 4665959556, "species": "Parus major", "scientificName": "Parus major Linnaeus, 1758", "eventDate": "2023-02-18T00:00:00Z", "uncertainty_m": null }, "geometry": { "type": "Point", "coordinates": [ 8.678938, 49.421394 ] } },
{ "type": "Feature", "properties": { "key": 4665959690, "species": "Chloris chloris", "scientificName": "Chloris chloris (Linnaeus, 1758)", "eventDate": "2023-02-18T00:00:00Z", "uncertainty_m": null }, "geometry": { "type": "Point", "coordinates": [ 8.668163, 49.41085 ] } },
{ "type": "Feature", "properties": { "key": 4666014452, "species": "Passer domesticus", "scientificName": "Passer domesticus (Linnaeus, 1758)", "eventDate": "2023-02-15T00:00:00Z", "uncertainty_m": null }, "geometry": { "type": "Point", "coordinates": [ 8.624862, 49.455822 ] } },
{ "type": "Feature", "properties": { "key": 4666049731, "species": "Pica pica", "scientificName": "Pica pica (Linnaeus, 1758)", "eventDate": "2023-02-16T00:00:00Z", "uncertainty_m": null }, "geometry": { "type": "Point", "coordinates": [ 8.671378, 49.47071 ] } },
{ "type": "Feature", "properties": { "key": 4666089111, "species": "Chloris chloris", "scientificName": "Chloris chloris (Linnaeus, 1758)", "eventDate": "2023-02-19T00:00:00Z", "uncertainty_m": null }, "geometry": { "type": "Point", "coordinates": [ 8.678938, 49.421394 ] } },
{ "type": "Feature", "properties": { "key": 4666339003, "species": "Pica pica", "scientificName": "Pica pica (Linnaeus, 1758)", "eventDate": "2023-02-25T00:00:00Z", "uncertainty_m": null }, "geometry": { "type": "Point", "coordinates": [ 8.615402, 49.49815 ] } },
{ "type": "Feature", "properties": { "key": 4666488798, "species": "Columba livia", "scientificName": "Columba livia J.F.Gmelin, 1789", "eventDate": "2023-02-15T00:00:00Z", "uncertainty_m": null }, "geometry": { "type": "Point", "coordinates": [ 8.624862, 49.455822 ] } },
{ "type": "Feature", "properties": { "key": 4666578804, "species": "Columba palumbus", "scientificName": "Columba palumbus Linnaeus, 1758", "eventDate": "2023-02-28T00:00:00Z", "uncertainty_m": null }, "geometry": { "type": "Point", "coordinates": [ 8.678938, 49.421394 ] } },
{ "type": "Feature", "properties": { "key": 4666603707, "species": "Passer domesticus", "scientificName": "Passer domesticus (Linnaeus, 1758)", "eventDate": "2023-02-01T00:00:00Z", "uncertainty_m": null }, "geometry": { "type": "Point", "coordinates": [ 8.668163, 49.41085 ] } },
{ "type": "Feature", "properties": { "key": 4666907378, "species": "Certhia brachydactyla", "scientificName": "Certhia brachydactyla C.L.Brehm, 1820", "eventDate": "2023-02-26T00:00:00Z", "uncertainty_m": null }, "geometry": { "type": "Point", "coordinates": [ 8.678938, 49.421394 ] } },
{ "type": "Feature", "properties": { "key": 4666979013, "species": "Picus viridis", "scientificName": "Picus viridis Linnaeus, 1758", "eventDate": "2023-02-27T00:00:00Z", "uncertainty_m": null }, "geometry": { "type": "Point", "coordinates": [ 8.672848, 49.456497 ] } },
{ "type": "Feature", "properties": { "key": 4667073243, "species": "Parus major", "scientificName": "Parus major Linnaeus, 1758", "eventDate": "2023-02-22T00:00:00Z", "uncertainty_m": null }, "geometry": { "type": "Point", "coordinates": [ 8.673265, 49.459534 ] } },
{ "type": "Feature", "properties": { "key": 4667201946, "species": "Carduelis carduelis", "scientificName": "Carduelis carduelis (Linnaeus, 1758)", "eventDate": "2023-02-12T00:00:00Z", "uncertainty_m": null }, "geometry": { "type": "Point", "coordinates": [ 8.668163, 49.41085 ] } },
{ "type": "Feature", "properties": { "key": 4667240286, "species": "Fringilla coelebs", "scientificName": "Fringilla coelebs Linnaeus, 1758", "eventDate": "2023-02-13T00:00:00Z", "uncertainty_m": null }, "geometry": { "type": "Point", "coordinates": [ 8.673265, 49.459534 ] } },
{ "type": "Feature", "properties": { "key": 4667281754, "species": "Columba palumbus", "scientificName": "Columba palumbus Linnaeus, 1758", "eventDate": "2023-02-26T00:00:00Z", "uncertainty_m": null }, "geometry": { "type": "Point", "coordinates": [ 8.678938, 49.421394 ] } },
{ "type": "Feature", "properties": { "key": 4667372973, "species": "Emberiza schoeniclus", "scientificName": "Emberiza schoeniclus (Linnaeus, 1758)", "eventDate": "2023-02-15T00:00:00Z", "uncertainty_m": null }, "geometry": { "type": "Point", "coordinates": [ 8.639581, 49.453114 ] } },
{ "type": "Feature", "properties": { "key": 4668370517, "species": "Corvus corone", "scientificName": "Corvus corone Linnaeus, 1758", "eventDate": "2023-02-05T00:00:00Z", "uncertainty_m": null }, "geometry": { "type": "Point", "coordinates": [ 8.692249, 49.40634 ] } },
{ "type": "Feature", "properties": { "key": 4668710568, "species": "Milvus milvus", "scientificName": "Milvus milvus (Linnaeus, 1758)", "eventDate": "2023-02-23T00:00:00Z", "uncertainty_m": null }, "geometry": { "type": "Point", "coordinates": [ 8.643021, 49.504677 ] } },
{ "type": "Feature", "properties": { "key": 4670578259, "species": "Cygnus olor", "scientificName": "Cygnus olor (J.F.Gmelin, 1789)", "eventDate": "2023-02-20T00:00:00Z", "uncertainty_m": null }, "geometry": { "type": "Point", "coordinates": [ 8.668163, 49.41085 ] } },
{ "type": "Feature", "properties": { "key": 4670924060, "species": "Erithacus rubecula", "scientificName": "Erithacus rubecula (Linnaeus, 1758)", "eventDate": "2023-02-26T00:00:00Z", "uncertainty_m": null }, "geometry": { "type": "Point", "coordinates": [ 8.678938, 49.421394 ] } },
{ "type": "Feature", "properties": { "key": 4671402145, "species": "Sturnus vulgaris", "scientificName": "Sturnus vulgaris Linnaeus, 1758", "eventDate": "2023-02-17T00:00:00Z", "uncertainty_m": null }, "geometry": { "type": "Point", "coordinates": [ 8.678938, 49.421394 ] } },
{ "type": "Feature", "properties": { "key": 4671865998, "species": "Coccothraustes coccothraustes", "scientificName": "Coccothraustes coccothraustes (Linnaeus, 1758)", "eventDate": "2023-02-15T00:00:00Z", "uncertainty_m": null }, "geometry": { "type": "Point", "coordinates": [ 8.665815, 49.425297 ] } },
{ "type": "Feature", "properties": { "key": 4671865999, "species": "Chloris chloris", "scientificName": "Chloris chloris (Linnaeus, 1758)", "eventDate": "2023-02-10T00:00:00Z", "uncertainty_m": null }, "geometry": { "type": "Point", "coordinates": [ 8.673265, 49.459534 ] } },
{ "type": "Feature", "properties": { "key": 4672067820, "species": "Alcedo atthis", "scientificName": "Alcedo atthis (Linnaeus, 1758)", "eventDate": "2023-02-20T00:00:00Z", "uncertainty_m": null }, "geometry": { "type": "Point", "coordinates": [ 8.668163, 49.41085 ] } },
{ "type": "Feature", "properties": { "key": 4672076676, "species": "Turdus pilaris", "scientificName": "Turdus pilaris Linnaeus, 1758", "eventDate": "2023-02-04T00:00:00Z", "uncertainty_m": null }, "geometry": { "type": "Point", "coordinates": [ 8.673265, 49.459534 ] } },
{ "type": "Feature", "properties": { "key": 4672153992, "species": "Pica pica", "scientificName": "Pica pica (Linnaeus, 1758)", "eventDate": "2023-02-01T00:00:00Z", "uncertainty_m": null }, "geometry": { "type": "Point", "coordinates": [ 8.668163, 49.41085 ] } },
{ "type": "Feature", "properties": { "key": 4672197036, "species": "Regulus ignicapilla", "scientificName": "Regulus ignicapilla (Temminck, 1820)", "eventDate": "2023-02-02T00:00:00Z", "uncertainty_m": null }, "geometry": { "type": "Point", "coordinates": [ 8.665815, 49.425297 ] } },
{ "type": "Feature", "properties": { "key": 4672627377, "species": "Pica pica", "scientificName": "Pica pica (Linnaeus, 1758)", "eventDate": "2023-02-19T00:00:00Z", "uncertainty_m": null }, "geometry": { "type": "Point", "coordinates": [ 8.678404, 49.415497 ] } },
{ "type": "Feature", "properties": { "key": 4672704040, "species": "Psittacula krameri", "scientificName": "Psittacula krameri (Scopoli, 1769)", "eventDate": "2023-02-20T00:00:00Z", "uncertainty_m": null }, "geometry": { "type": "Point", "coordinates": [ 8.668163, 49.41085 ] } },
{ "type": "Feature", "properties": { "key": 4672704808, "species": "Dendrocopos major", "scientificName": "Dendrocopos major (Linnaeus, 1758)", "eventDate": "2023-02-02T00:00:00Z", "uncertainty_m": null }, "geometry": { "type": "Point", "coordinates": [ 8.665815, 49.425297 ] } },
{ "type": "Feature", "properties": { "key": 4672717450, "species": "Cyanistes caeruleus", "scientificName": "Cyanistes caeruleus (Linnaeus, 1758)", "eventDate": "2023-02-11T00:00:00Z", "uncertainty_m": null }, "geometry": { "type": "Point", "coordinates": [ 8.678938, 49.421394 ] } },
{ "type": "Feature", "properties": { "key": 4672755633, "species": "Corvus corone", "scientificName": "Corvus corone Linnaeus, 1758", "eventDate": "2023-02-20T00:00:00Z", "uncertainty_m": null }, "geometry": { "type": "Point", "coordinates": [ 8.671026, 49.418015 ] } },
{ "type": "Feature", "properties": { "key": 4672800477, "species": "Parus major", "scientificName": "Parus major Linnaeus, 1758", "eventDate": "2023-02-12T00:00:00Z", "uncertainty_m": null }, "geometry": { "type": "Point", "coordinates": [ 8.668163, 49.41085 ] } },
{ "type": "Feature", "properties": { "key": 4673895511, "species": "Parus major", "scientificName": "Parus major Linnaeus, 1758", "eventDate": "2023-02-28T00:00:00Z", "uncertainty_m": null }, "geometry": { "type": "Point", "coordinates": [ 8.678938, 49.421394 ] } },
{ "type": "Feature", "properties": { "key": 4674222088, "species": "Branta canadensis", "scientificName": "Branta canadensis (Linnaeus, 1758)", "eventDate": "2023-02-25T00:00:00Z", "uncertainty_m": null }, "geometry": { "type": "Point", "coordinates": [ 8.611779, 49.454887 ] } },
{ "type": "Feature", "properties": { "key": 4674987715, "species": "Parus major", "scientificName": "Parus major Linnaeus, 1758", "eventDate": "2023-02-15T00:00:00Z", "uncertainty_m": null }, "geometry": { "type": "Point", "coordinates": [ 8.678938, 49.421394 ] } },
{ "type": "Feature", "properties": { "key": 4675659591, "species": "Chroicocephalus ridibundus", "scientificName": "Chroicocephalus ridibundus (Linnaeus, 1766)", "eventDate": "2023-02-21T00:00:00Z", "uncertainty_m": null }, "geometry": { "type": "Point", "coordinates": [ 8.668163, 49.41085 ] } },
{ "type": "Feature", "properties": { "key": 4675950568, "species": "Erithacus rubecula", "scientificName": "Erithacus rubecula (Linnaeus, 1758)", "eventDate": "2023-02-25T00:00:00Z", "uncertainty_m": null }, "geometry": { "type": "Point", "coordinates": [ 8.678938, 49.421394 ] } },
{ "type": "Feature", "properties": { "key": 4676223947, "species": "Erithacus rubecula", "scientificName": "Erithacus rubecula (Linnaeus, 1758)", "eventDate": "2023-02-16T00:00:00Z", "uncertainty_m": null }, "geometry": { "type": "Point", "coordinates": [ 8.671378, 49.47071 ] } },
{ "type": "Feature", "properties": { "key": 4676716814, "species": "Passer domesticus", "scientificName": "Passer domesticus (Linnaeus, 1758)", "eventDate": "2023-02-25T00:00:00Z", "uncertainty_m": null }, "geometry": { "type": "Point", "coordinates": [ 8.618639, 49.518192 ] } },
{ "type": "Feature", "properties": { "key": 4676984637, "species": "Picus viridis", "scientificName": "Picus viridis Linnaeus, 1758", "eventDate": "2023-02-26T00:00:00Z", "uncertainty_m": null }, "geometry": { "type": "Point", "coordinates": [ 8.678938, 49.421394 ] } },
{ "type": "Feature", "properties": { "key": 4677840937, "species": "Fulica atra", "scientificName": "Fulica atra Linnaeus, 1758", "eventDate": "2023-02-15T00:00:00Z", "uncertainty_m": null }, "geometry": { "type": "Point", "coordinates": [ 8.691434, 49.412827 ] } },
{ "type": "Feature", "properties": { "key": 4678765336, "species": "Pica pica", "scientificName": "Pica pica (Linnaeus, 1758)", "eventDate": "2023-02-08T00:00:00Z", "uncertainty_m": null }, "geometry": { "type": "Point", "coordinates": [ 8.640053, 49.44901 ] } },
{ "type": "Feature", "properties": { "key": 4678835022, "species": "Columba palumbus", "scientificName": "Columba palumbus Linnaeus, 1758", "eventDate": "2023-02-04T00:00:00Z", "uncertainty_m": null }, "geometry": { "type": "Point", "coordinates": [ 8.673265, 49.459534 ] } },
{ "type": "Feature", "properties": { "key": 4678866494, "species": "Chloris chloris", "scientificName": "Chloris chloris (Linnaeus, 1758)", "eventDate": "2023-02-04T00:00:00Z", "uncertainty_m": null }, "geometry": { "type": "Point", "coordinates": [ 8.673265, 49.459534 ] } },
{ "type": "Feature", "properties": { "key": 4678979378, "species": "Anas platyrhynchos", "scientificName": "Anas platyrhynchos Linnaeus, 1758", "eventDate": "2023-02-18T00:00:00Z", "uncertainty_m": null }, "geometry": { "type": "Point", "coordinates": [ 8.668163, 49.41085 ] } },
{ "type": "Feature", "properties": { "key": 4679076730, "species": "Turdus merula", "scientificName": "Turdus merula Linnaeus, 1758", "eventDate": "2023-02-13T00:00:00Z", "uncertainty_m": null }, "geometry": { "type": "Point", "coordinates": [ 8.673265, 49.459534 ] } },
{ "type": "Feature", "properties": { "key": 4679163230, "species": "Erithacus rubecula", "scientificName": "Erithacus rubecula (Linnaeus, 1758)", "eventDate": "2023-02-15T00:00:00Z", "uncertainty_m": null }, "geometry": { "type": "Point", "coordinates": [ 8.611779, 49.454887 ] } },
{ "type": "Feature", "properties": { "key": 4679263092, "species": "Corvus corax", "scientificName": "Corvus corax Linnaeus, 1758", "eventDate": "2023-02-09T00:00:00Z", "uncertainty_m": null }, "geometry": { "type": "Point", "coordinates": [ 8.671378, 49.47071 ] } },
{ "type": "Feature", "properties": { "key": 4679367440, "species": "Corvus frugilegus", "scientificName": "Corvus frugilegus Linnaeus, 1758", "eventDate": "2023-02-15T00:00:00Z", "uncertainty_m": null }, "geometry": { "type": "Point", "coordinates": [ 8.662766, 49.449574 ] } },
{ "type": "Feature", "properties": { "key": 4679770225, "species": "Pica pica", "scientificName": "Pica pica (Linnaeus, 1758)", "eventDate": "2023-02-20T00:00:00Z", "uncertainty_m": null }, "geometry": { "type": "Point", "coordinates": [ 8.673265, 49.459534 ] } },
{ "type": "Feature", "properties": { "key": 4679794934, "species": "Dendrocopos major", "scientificName": "Dendrocopos major (Linnaeus, 1758)", "eventDate": "2023-02-03T00:00:00Z", "uncertainty_m": null }, "geometry": { "type": "Point", "coordinates": [ 8.707174, 49.431812 ] } },
{ "type": "Feature", "properties": { "key": 4679924540, "species": "Columba palumbus", "scientificName": "Columba palumbus Linnaeus, 1758", "eventDate": "2023-02-13T00:00:00Z", "uncertainty_m": null }, "geometry": { "type": "Point", "coordinates": [ 8.673265, 49.459534 ] } },
{ "type": "Feature", "properties": { "key": 4680020808, "species": "Branta canadensis", "scientificName": "Branta canadensis (Linnaeus, 1758)", "eventDate": "2023-02-18T00:00:00Z", "uncertainty_m": null }, "geometry": { "type": "Point", "coordinates": [ 8.668163, 49.41085 ] } },
{ "type": "Feature", "properties": { "key": 4680055645, "species": "Cyanistes caeruleus", "scientificName": "Cyanistes caeruleus (Linnaeus, 1758)", "eventDate": "2023-02-19T00:00:00Z", "uncertainty_m": null }, "geometry": { "type": "Point", "coordinates": [ 8.678938, 49.421394 ] } },
{ "type": "Feature", "properties": { "key": 4680250674, "species": "Alopochen aegyptiaca", "scientificName": "Alopochen aegyptiaca (Linnaeus, 1766)", "eventDate": "2023-02-13T00:00:00Z", "uncertainty_m": null }, "geometry": { "type": "Point", "coordinates": [ 8.691434, 49.412827 ] } },
{ "type": "Feature", "properties": { "key": 4680437075, "species": "Fringilla coelebs", "scientificName": "Fringilla coelebs Linnaeus, 1758", "eventDate": "2023-02-17T00:00:00Z", "uncertainty_m": null }, "geometry": { "type": "Point", "coordinates": [ 8.678938, 49.421394 ] } },
{ "type": "Feature", "properties": { "key": 4680507775, "species": "Coloeus monedula", "scientificName": "Coloeus monedula (Linnaeus, 1758)", "eventDate": "2023-02-24T00:00:00Z", "uncertainty_m": null }, "geometry": { "type": "Point", "coordinates": [ 8.665815, 49.425297 ] } },
{ "type": "Feature", "properties": { "key": 4680630667, "species": "Dendrocopos major", "scientificName": "Dendrocopos major (Linnaeus, 1758)", "eventDate": "2023-02-15T00:00:00Z", "uncertainty_m": null }, "geometry": { "type": "Point", "coordinates": [ 8.611779, 49.454887 ] } },
{ "type": "Feature", "properties": { "key": 4680805646, "species": "Corvus corone", "scientificName": "Corvus corone Linnaeus, 1758", "eventDate": "2023-02-20T00:00:00Z", "uncertainty_m": null }, "geometry": { "type": "Point", "coordinates": [ 8.671026, 49.418015 ] } },
{ "type": "Feature", "properties": { "key": 4680805682, "species": "Parus major", "scientificName": "Parus major Linnaeus, 1758", "eventDate": "2023-02-20T00:00:00Z", "uncertainty_m": null }, "geometry": { "type": "Point", "coordinates": [ 8.691434, 49.412827 ] } },
{ "type": "Feature", "properties": { "key": 4680885103, "species": "Columba palumbus", "scientificName": "Columba palumbus Linnaeus, 1758", "eventDate": "2023-02-21T00:00:00Z", "uncertainty_m": null }, "geometry": { "type": "Point", "coordinates": [ 8.668163, 49.41085 ] } },
{ "type": "Feature", "properties": { "key": 4680986347, "species": "Turdus viscivorus", "scientificName": "Turdus viscivorus Linnaeus, 1758", "eventDate": "2023-02-18T00:00:00Z", "uncertainty_m": null }, "geometry": { "type": "Point", "coordinates": [ 8.699978, 49.465 ] } },
{ "type": "Feature", "properties": { "key": 4681212295, "species": "Corvus frugilegus", "scientificName": "Corvus frugilegus Linnaeus, 1758", "eventDate": "2023-02-27T00:00:00Z", "uncertainty_m": null }, "geometry": { "type": "Point", "coordinates": [ 8.665815, 49.425297 ] } },
{ "type": "Feature", "properties": { "key": 4681588084, "species": "Passer domesticus", "scientificName": "Passer domesticus (Linnaeus, 1758)", "eventDate": "2023-02-24T00:00:00Z", "uncertainty_m": null }, "geometry": { "type": "Point", "coordinates": [ 8.580556, 49.38821 ] } },
{ "type": "Feature", "properties": { "key": 4681695842, "species": "Certhia brachydactyla", "scientificName": "Certhia brachydactyla C.L.Brehm, 1820", "eventDate": "2023-02-26T00:00:00Z", "uncertainty_m": null }, "geometry": { "type": "Point", "coordinates": [ 8.668953, 49.415203 ] } },
{ "type": "Feature", "properties": { "key": 4682963693, "species": "Pica pica", "scientificName": "Pica pica (Linnaeus, 1758)", "eventDate": "2023-02-03T00:00:00Z", "uncertainty_m": null }, "geometry": { "type": "Point", "coordinates": [ 8.707174, 49.431812 ] } },
{ "type": "Feature", "properties": { "key": 4683968366, "species": "Carduelis carduelis", "scientificName": "Carduelis carduelis (Linnaeus, 1758)", "eventDate": "2023-02-19T00:00:00Z", "uncertainty_m": null }, "geometry": { "type": "Point", "coordinates": [ 8.678404, 49.415497 ] } },
{ "type": "Feature", "properties": { "key": 4684111069, "species": "Gallinula chloropus", "scientificName": "Gallinula chloropus (Linnaeus, 1758)", "eventDate": "2023-02-20T00:00:00Z", "uncertainty_m": null }, "geometry": { "type": "Point", "coordinates": [ 8.668163, 49.41085 ] } },
{ "type": "Feature", "properties": { "key": 4684218665, "species": "Psittacula krameri", "scientificName": "Psittacula krameri (Scopoli, 1769)", "eventDate": "2023-02-20T00:00:00Z", "uncertainty_m": null }, "geometry": { "type": "Point", "coordinates": [ 8.671026, 49.418015 ] } },
{ "type": "Feature", "properties": { "key": 4685621962, "species": "Coloeus monedula", "scientificName": "Coloeus monedula (Linnaeus, 1758)", "eventDate": "2023-02-18T00:00:00Z", "uncertainty_m": null }, "geometry": { "type": "Point", "coordinates": [ 8.668163, 49.41085 ] } },
{ "type": "Feature", "properties": { "key": 4685826975, "species": "Columba palumbus", "scientificName": "Columba palumbus Linnaeus, 1758", "eventDate": "2023-02-02T00:00:00Z", "uncertainty_m": null }, "geometry": { "type": "Point", "coordinates": [ 8.665815, 49.425297 ] } },
{ "type": "Feature", "properties": { "key": 4686434844, "species": "Passer domesticus", "scientificName": "Passer domesticus (Linnaeus, 1758)", "eventDate": "2023-02-15T00:00:00Z", "uncertainty_m": null }, "geometry": { "type": "Point", "coordinates": [ 8.665815, 49.425297 ] } },
{ "type": "Feature", "properties": { "key": 4686942533, "species": "Aegithalos caudatus", "scientificName": "Aegithalos caudatus (Linnaeus, 1758)", "eventDate": "2023-02-08T00:00:00Z", "uncertainty_m": null }, "geometry": { "type": "Point", "coordinates": [ 8.640053, 49.44901 ] } },
{ "type": "Feature", "properties": { "key": 4687481332, "species": "Corvus corone", "scientificName": "Corvus corone Linnaeus, 1758", "eventDate": "2023-02-05T00:00:00Z", "uncertainty_m": null }, "geometry": { "type": "Point", "coordinates": [ 8.550238, 49.35664 ] } },
{ "type": "Feature", "properties": { "key": 4687492340, "species": "Pica pica", "scientificName": "Pica pica (Linnaeus, 1758)", "eventDate": "2023-02-11T00:00:00Z", "uncertainty_m": null }, "geometry": { "type": "Point", "coordinates": [ 8.678938, 49.421394 ] } },
{ "type": "Feature", "properties": { "key": 4688149082, "species": "Buteo buteo", "scientificName": "Buteo buteo (Linnaeus, 1758)", "eventDate": "2023-02-12T00:00:00Z", "uncertainty_m": null }, "geometry": { "type": "Point", "coordinates": [ 8.671026, 49.418015 ] } },
{ "type": "Feature", "properties": { "key": 4688800984, "species": "Coccothraustes coccothraustes", "scientificName": "Coccothraustes coccothraustes (Linnaeus, 1758)", "eventDate": "2023-02-17T00:00:00Z", "uncertainty_m": null }, "geometry": { "type": "Point", "coordinates": [ 8.678938, 49.421394 ] } },
{ "type": "Feature", "properties": { "key": 4688907914, "species": "Turdus merula", "scientificName": "Turdus merula Linnaeus, 1758", "eventDate": "2023-02-01T00:00:00Z", "uncertainty_m": null }, "geometry": { "type": "Point", "coordinates": [ 8.668163, 49.41085 ] } },
{ "type": "Feature", "properties": { "key": 4689023163, "species": "Parus major", "scientificName": "Parus major Linnaeus, 1758", "eventDate": "2023-02-12T00:00:00Z", "uncertainty_m": null }, "geometry": { "type": "Point", "coordinates": [ 8.678938, 49.421394 ] } },
{ "type": "Feature", "properties": { "key": 4689033030, "species": "Columba palumbus", "scientificName": "Columba palumbus Linnaeus, 1758", "eventDate": "2023-02-01T00:00:00Z", "uncertainty_m": null }, "geometry": { "type": "Point", "coordinates": [ 8.668163, 49.41085 ] } },
{ "type": "Feature", "properties": { "key": 4689206948, "species": "Cyanistes caeruleus", "scientificName": "Cyanistes caeruleus (Linnaeus, 1758)", "eventDate": "2023-02-13T00:00:00Z", "uncertainty_m": null }, "geometry": { "type": "Point", "coordinates": [ 8.673265, 49.459534 ] } },
{ "type": "Feature", "properties": { "key": 4689225683, "species": "Anser cygnoides", "scientificName": "Anser cygnoides (Linnaeus, 1758)", "eventDate": "2023-02-20T00:00:00Z", "uncertainty_m": null }, "geometry": { "type": "Point", "coordinates": [ 8.691434, 49.412827 ] } },
{ "type": "Feature", "properties": { "key": 4689516683, "species": "Parus major", "scientificName": "Parus major Linnaeus, 1758", "eventDate": "2023-02-13T00:00:00Z", "uncertainty_m": null }, "geometry": { "type": "Point", "coordinates": [ 8.673265, 49.459534 ] } },
{ "type": "Feature", "properties": { "key": 4689536564, "species": "Cyanistes caeruleus", "scientificName": "Cyanistes caeruleus (Linnaeus, 1758)", "eventDate": "2023-02-03T00:00:00Z", "uncertainty_m": null }, "geometry": { "type": "Point", "coordinates": [ 8.707174, 49.431812 ] } },
{ "type": "Feature", "properties": { "key": 4690200530, "species": "Pyrrhula pyrrhula", "scientificName": "Pyrrhula pyrrhula (Linnaeus, 1758)", "eventDate": "2023-02-12T00:00:00Z", "uncertainty_m": null }, "geometry": { "type": "Point", "coordinates": [ 8.678938, 49.421394 ] } },
{ "type": "Feature", "properties": { "key": 4690200932, "species": "Fringilla coelebs", "scientificName": "Fringilla coelebs Linnaeus, 1758", "eventDate": "2023-02-12T00:00:00Z", "uncertainty_m": null }, "geometry": { "type": "Point", "coordinates": [ 8.668163, 49.41085 ] } },
{ "type": "Feature", "properties": { "key": 4690487152, "species": "Turdus merula", "scientificName": "Turdus merula Linnaeus, 1758", "eventDate": "2023-02-09T00:00:00Z", "uncertainty_m": null }, "geometry": { "type": "Point", "coordinates": [ 8.671378, 49.47071 ] } },
{ "type": "Feature", "properties": { "key": 4690788013, "species": "Troglodytes troglodytes", "scientificName": "Troglodytes troglodytes (Linnaeus, 1758)", "eventDate": "2023-02-09T00:00:00Z", "uncertainty_m": null }, "geometry": { "type": "Point", "coordinates": [ 8.671378, 49.47071 ] } },
{ "type": "Feature", "properties": { "key": 4691061987, "species": "Columba livia", "scientificName": "Columba livia J.F.Gmelin, 1789", "eventDate": "2023-02-01T00:00:00Z", "uncertainty_m": null }, "geometry": { "type": "Point", "coordinates": [ 8.668163, 49.41085 ] } },
{ "type": "Feature", "properties": { "key": 4691243283, "species": "Fringilla coelebs", "scientificName": "Fringilla coelebs Linnaeus, 1758", "eventDate": "2023-02-04T00:00:00Z", "uncertainty_m": null }, "geometry": { "type": "Point", "coordinates": [ 8.673265, 49.459534 ] } },
{ "type": "Feature", "properties": { "key": 4691288034, "species": "Streptopelia decaocto", "scientificName": "Streptopelia decaocto (Frivaldszky, 1838)", "eventDate": "2023-02-02T00:00:00Z", "uncertainty_m": null }, "geometry": { "type": "Point", "coordinates": [ 8.665815, 49.425297 ] } },
{ "type": "Feature", "properties": { "key": 4691376865, "species": "Passer domesticus", "scientificName": "Passer domesticus (Linnaeus, 1758)", "eventDate": "2023-02-16T00:00:00Z", "uncertainty_m": null }, "geometry": { "type": "Point", "coordinates": [ 8.671378, 49.47071 ] } },
{ "type": "Feature", "properties": { "key": 4691677317, "species": "Parus major", "scientificName": "Parus major Linnaeus, 1758", "eventDate": "2023-02-17T00:00:00Z", "uncertainty_m": null }, "geometry": { "type": "Point", "coordinates": [ 8.678938, 49.421394 ] } },
{ "type": "Feature", "properties": { "key": 4691969027, "species": "Columba palumbus", "scientificName": "Columba palumbus Linnaeus, 1758", "eventDate": "2023-02-12T00:00:00Z", "uncertainty_m": null }, "geometry": { "type": "Point", "coordinates": [ 8.678938, 49.421394 ] } },
{ "type": "Feature", "properties": { "key": 4692157267, "species": "Phoenicurus ochruros", "scientificName": "Phoenicurus ochruros (S.G.Gmelin, 1774)", "eventDate": "2023-02-04T00:00:00Z", "uncertainty_m": null }, "geometry": { "type": "Point", "coordinates": [ 8.678938, 49.421394 ] } },
{ "type": "Feature", "properties": { "key": 4692287616, "species": "Psittacula krameri", "scientificName": "Psittacula krameri (Scopoli, 1769)", "eventDate": "2023-02-02T00:00:00Z", "uncertainty_m": null }, "geometry": { "type": "Point", "coordinates": [ 8.665815, 49.425297 ] } },
{ "type": "Feature", "properties": { "key": 4692575422, "species": "Corvus corone", "scientificName": "Corvus corone Linnaeus, 1758", "eventDate": "2023-02-28T00:00:00Z", "uncertainty_m": null }, "geometry": { "type": "Point", "coordinates": [ 8.678938, 49.421394 ] } },
{ "type": "Feature", "properties": { "key": 4692704947, "species": "Emberiza cirlus", "scientificName": "Emberiza cirlus Linnaeus, 1767", "eventDate": "2023-02-13T00:00:00Z", "uncertainty_m": null }, "geometry": { "type": "Point", "coordinates": [ 8.700556, 49.45739 ] } },
{ "type": "Feature", "properties": { "key": 4693079662, "species": "Columba livia", "scientificName": "Columba livia J.F.Gmelin, 1789", "eventDate": "2023-02-20T00:00:00Z", "uncertainty_m": null }, "geometry": { "type": "Point", "coordinates": [ 8.671026, 49.418015 ] } },
{ "type": "Feature", "properties": { "key": 4693351739, "species": "Cyanistes caeruleus", "scientificName": "Cyanistes caeruleus (Linnaeus, 1758)", "eventDate": "2023-02-20T00:00:00Z", "uncertainty_m": null }, "geometry": { "type": "Point", "coordinates": [ 8.671026, 49.418015 ] } },
{ "type": "Feature", "properties": { "key": 4693394543, "species": "Parus major", "scientificName": "Parus major Linnaeus, 1758", "eventDate": "2023-02-18T00:00:00Z", "uncertainty_m": null }, "geometry": { "type": "Point", "coordinates": [ 8.668163, 49.41085 ] } },
{ "type": "Feature", "properties": { "key": 4693401360, "species": "Turdus merula", "scientificName": "Turdus merula Linnaeus, 1758", "eventDate": "2023-02-12T00:00:00Z", "uncertainty_m": null }, "geometry": { "type": "Point", "coordinates": [ 8.671026, 49.418015 ] } },
{ "type": "Feature", "properties": { "key": 4693490216, "species": "Pica pica", "scientificName": "Pica pica (Linnaeus, 1758)", "eventDate": "2023-02-20T00:00:00Z", "uncertainty_m": null }, "geometry": { "type": "Point", "coordinates": [ 8.678938, 49.421394 ] } },
{ "type": "Feature", "properties": { "key": 4693594738, "species": "Corvus corone", "scientificName": "Corvus corone Linnaeus, 1758", "eventDate": "2023-02-15T00:00:00Z", "uncertainty_m": null }, "geometry": { "type": "Point", "coordinates": [ 8.678938, 49.421394 ] } },
{ "type": "Feature", "properties": { "key": 4693713757, "species": "Psittacula krameri", "scientificName": "Psittacula krameri (Scopoli, 1769)", "eventDate": "2023-02-20T00:00:00Z", "uncertainty_m": null }, "geometry": { "type": "Point", "coordinates": [ 8.671026, 49.418015 ] } },
{ "type": "Feature", "properties": { "key": 4693713786, "species": "Passer domesticus", "scientificName": "Passer domesticus (Linnaeus, 1758)", "eventDate": "2023-02-20T00:00:00Z", "uncertainty_m": null }, "geometry": { "type": "Point", "coordinates": [ 8.691434, 49.412827 ] } },
{ "type": "Feature", "properties": { "key": 4693967938, "species": "Carduelis carduelis", "scientificName": "Carduelis carduelis (Linnaeus, 1758)", "eventDate": "2023-02-12T00:00:00Z", "uncertainty_m": null }, "geometry": { "type": "Point", "coordinates": [ 8.671026, 49.418015 ] } },
{ "type": "Feature", "properties": { "key": 4693992357, "species": "Aegithalos caudatus", "scientificName": "Aegithalos caudatus (Linnaeus, 1758)", "eventDate": "2023-02-11T00:00:00Z", "uncertainty_m": null }, "geometry": { "type": "Point", "coordinates": [ 8.678938, 49.421394 ] } },
{ "type": "Feature", "properties": { "key": 4694082180, "species": "Cyanistes caeruleus", "scientificName": "Cyanistes caeruleus (Linnaeus, 1758)", "eventDate": "2023-02-15T00:00:00Z", "uncertainty_m": null }, "geometry": { "type": "Point", "coordinates": [ 8.685901, 49.406864 ] } },
{ "type": "Feature", "properties": { "key": 4694082181, "species": "Turdus merula", "scientificName": "Turdus merula Linnaeus, 1758", "eventDate": "2023-02-10T00:00:00Z", "uncertainty_m": null }, "geometry": { "type": "Point", "coordinates": [ 8.673265, 49.459534 ] } },
{ "type": "Feature", "properties": { "key": 4694211181, "species": "Alcedo atthis", "scientificName": "Alcedo atthis (Linnaeus, 1758)", "eventDate": "2023-02-15T00:00:00Z", "uncertainty_m": null }, "geometry": { "type": "Point", "coordinates": [ 8.611779, 49.454887 ] } },
{ "type": "Feature", "properties": { "key": 4694211552, "species": "Emberiza cirlus", "scientificName": "Emberiza cirlus Linnaeus, 1767", "eventDate": "2023-02-04T00:00:00Z", "uncertainty_m": null }, "geometry": { "type": "Point", "coordinates": [ 8.673265, 49.459534 ] } },
{ "type": "Feature", "properties": { "key": 4694253736, "species": "Phalacrocorax carbo", "scientificName": "Phalacrocorax carbo (Linnaeus, 1758)", "eventDate": "2023-02-12T00:00:00Z", "uncertainty_m": null }, "geometry": { "type": "Point", "coordinates": [ 8.668163, 49.41085 ] } },
{ "type": "Feature", "properties": { "key": 4694271625, "species": "Parus major", "scientificName": "Parus major Linnaeus, 1758", "eventDate": "2023-02-15T00:00:00Z", "uncertainty_m": null }, "geometry": { "type": "Point", "coordinates": [ 8.624862, 49.455822 ] } },
{ "type": "Feature", "properties": { "key": 4694536466, "species": "Turdus philomelos", "scientificName": "Turdus philomelos C.L.Brehm, 1831", "eventDate": "2023-02-18T00:00:00Z", "uncertainty_m": null }, "geometry": { "type": "Point", "coordinates": [ 8.699978, 49.465 ] } },
{ "type": "Feature", "properties": { "key": 4694562578, "species": "Parus major", "scientificName": "Parus major Linnaeus, 1758", "eventDate": "2023-02-20T00:00:00Z", "uncertainty_m": null }, "geometry": { "type": "Point", "coordinates": [ 8.678938, 49.421394 ] } },
{ "type": "Feature", "properties": { "key": 4694588338, "species": "Gallinula chloropus", "scientificName": "Gallinula chloropus (Linnaeus, 1758)", "eventDate": "2023-02-12T00:00:00Z", "uncertainty_m": null }, "geometry": { "type": "Point", "coordinates": [ 8.668163, 49.41085 ] } },
{ "type": "Feature", "properties": { "key": 4694636770, "species": "Mergus merganser", "scientificName": "Mergus merganser Linnaeus, 1758", "eventDate": "2023-02-22T00:00:00Z", "uncertainty_m": null }, "geometry": { "type": "Point", "coordinates": [ 8.668163, 49.41085 ] } },
{ "type": "Feature", "properties": { "key": 4694689912, "species": "Picus viridis", "scientificName": "Picus viridis Linnaeus, 1758", "eventDate": "2023-02-20T00:00:00Z", "uncertainty_m": null }, "geometry": { "type": "Point", "coordinates": [ 8.668163, 49.41085 ] } },
{ "type": "Feature", "properties": { "key": 4694817137, "species": "Fringilla coelebs", "scientificName": "Fringilla coelebs Linnaeus, 1758", "eventDate": "2023-02-24T00:00:00Z", "uncertainty_m": null }, "geometry": { "type": "Point", "coordinates": [ 8.580556, 49.38821 ] } },
{ "type": "Feature", "properties": { "key": 4694897811, "species": "Cyanistes caeruleus", "scientificName": "Cyanistes caeruleus (Linnaeus, 1758)", "eventDate": "2023-02-16T00:00:00Z", "uncertainty_m": null }, "geometry": { "type": "Point", "coordinates": [ 8.678938, 49.421394 ] } },
{ "type": "Feature", "properties": { "key": 4694922847, "species": "Chloris chloris", "scientificName": "Chloris chloris (Linnaeus, 1758)", "eventDate": "2023-02-23T00:00:00Z", "uncertainty_m": null }, "geometry": { "type": "Point", "coordinates": [ 8.678938, 49.421394 ] } },
{ "type": "Feature", "properties": { "key": 4695056408, "species": "Coccothraustes coccothraustes", "scientificName": "Coccothraustes coccothraustes (Linnaeus, 1758)", "eventDate": "2023-02-24T00:00:00Z", "uncertainty_m": null }, "geometry": { "type": "Point", "coordinates": [ 8.665815, 49.425297 ] } },
{ "type": "Feature", "properties": { "key": 4695128592, "species": "Anser anser", "scientificName": "Anser anser (Linnaeus, 1758)", "eventDate": "2023-02-15T00:00:00Z", "uncertainty_m": null }, "geometry": { "type": "Point", "coordinates": [ 8.624862, 49.455822 ] } },
{ "type": "Feature", "properties": { "key": 4695171237, "species": "Turdus merula", "scientificName": "Turdus merula Linnaeus, 1758", "eventDate": "2023-02-19T00:00:00Z", "uncertainty_m": null }, "geometry": { "type": "Point", "coordinates": [ 8.678404, 49.415497 ] } },
{ "type": "Feature", "properties": { "key": 4695201579, "species": "Cyanistes caeruleus", "scientificName": "Cyanistes caeruleus (Linnaeus, 1758)", "eventDate": "2023-02-19T00:00:00Z", "uncertainty_m": null }, "geometry": { "type": "Point", "coordinates": [ 8.678404, 49.415497 ] } },
{ "type": "Feature", "properties": { "key": 4695218032, "species": "Corvus corone", "scientificName": "Corvus corone Linnaeus, 1758", "eventDate": "2023-02-24T00:00:00Z", "uncertainty_m": null }, "geometry": { "type": "Point", "coordinates": [ 8.580556, 49.38821 ] } },
{ "type": "Feature", "properties": { "key": 4695243294, "species": "Anas platyrhynchos", "scientificName": "Anas platyrhynchos Linnaeus, 1758", "eventDate": "2023-02-20T00:00:00Z", "uncertainty_m": null }, "geometry": { "type": "Point", "coordinates": [ 8.668163, 49.41085 ] } },
{ "type": "Feature", "properties": { "key": 4695563870, "species": "Pica pica", "scientificName": "Pica pica (Linnaeus, 1758)", "eventDate": "2023-02-16T00:00:00Z", "uncertainty_m": null }, "geometry": { "type": "Point", "coordinates": [ 8.673265, 49.459534 ] } },
{ "type": "Feature", "properties": { "key": 4695612649, "species": "Cygnus olor", "scientificName": "Cygnus olor (J.F.Gmelin, 1789)", "eventDate": "2023-02-17T00:00:00Z", "uncertainty_m": null }, "geometry": { "type": "Point", "coordinates": [ 8.711236, 49.413677 ] } },
{ "type": "Feature", "properties": { "key": 4695612650, "species": "Accipiter nisus", "scientificName": "Accipiter nisus (Linnaeus, 1758)", "eventDate": "2023-02-10T00:00:00Z", "uncertainty_m": null }, "geometry": { "type": "Point", "coordinates": [ 8.673265, 49.459534 ] } },
{ "type": "Feature", "properties": { "key": 4695851428, "species": "Regulus regulus", "scientificName": "Regulus regulus (Linnaeus, 1758)", "eventDate": "2023-02-14T00:00:00Z", "uncertainty_m": null }, "geometry": { "type": "Point", "coordinates": [ 8.679246, 49.469124 ] } },
{ "type": "Feature", "properties": { "key": 4696060850, "species": "Alopochen aegyptiaca", "scientificName": "Alopochen aegyptiaca (Linnaeus, 1766)", "eventDate": "2023-02-01T00:00:00Z", "uncertainty_m": null }, "geometry": { "type": "Point", "coordinates": [ 8.668163, 49.41085 ] } },
{ "type": "Feature", "properties": { "key": 4696075571, "species": "Parus major", "scientificName": "Parus major Linnaeus, 1758", "eventDate": "2023-02-25T00:00:00Z", "uncertainty_m": null }, "geometry": { "type": "Point", "coordinates": [ 8.618639, 49.518192 ] } },
{ "type": "Feature", "properties": { "key": 4696083530, "species": "Columba palumbus", "scientificName": "Columba palumbus Linnaeus, 1758", "eventDate": "2023-02-16T00:00:00Z", "uncertainty_m": null }, "geometry": { "type": "Point", "coordinates": [ 8.673265, 49.459534 ] } },
{ "type": "Feature", "properties": { "key": 4696191529, "species": "Chloris chloris", "scientificName": "Chloris chloris (Linnaeus, 1758)", "eventDate": "2023-02-20T00:00:00Z", "uncertainty_m": null }, "geometry": { "type": "Point", "coordinates": [ 8.668163, 49.41085 ] } },
{ "type": "Feature", "properties": { "key": 4696377391, "species": "Cyanistes caeruleus", "scientificName": "Cyanistes caeruleus (Linnaeus, 1758)", "eventDate": "2023-02-27T00:00:00Z", "uncertainty_m": null }, "geometry": { "type": "Point", "coordinates": [ 8.665815, 49.425297 ] } },
{ "type": "Feature", "properties": { "key": 4696416499, "species": "Ciconia ciconia", "scientificName": "Ciconia ciconia (Linnaeus, 1758)", "eventDate": "2023-02-21T00:00:00Z", "uncertainty_m": null }, "geometry": { "type": "Point", "coordinates": [ 8.668163, 49.41085 ] } },
{ "type": "Feature", "properties": { "key": 4696558893, "species": "Garrulus glandarius", "scientificName": "Garrulus glandarius (Linnaeus, 1758)", "eventDate": "2023-02-03T00:00:00Z", "uncertainty_m": null }, "geometry": { "type": "Point", "coordinates": [ 8.707174, 49.431812 ] } },
{ "type": "Feature", "properties": { "key": 4696792340, "species": "Dendrocopos major", "scientificName": "Dendrocopos major (Linnaeus, 1758)", "eventDate": "2023-02-24T00:00:00Z", "uncertainty_m": null }, "geometry": { "type": "Point", "coordinates": [ 8.665815, 49.425297 ] } },
{ "type": "Feature", "properties": { "key": 4696814026, "species": "Coccothraustes coccothraustes", "scientificName": "Coccothraustes coccothraustes (Linnaeus, 1758)", "eventDate": "2023-02-02T00:00:00Z", "uncertainty_m": null }, "geometry": { "type": "Point", "coordinates": [ 8.665815, 49.425297 ] } },
{ "type": "Feature", "properties": { "key": 4697040946, "species": "Chroicocephalus ridibundus", "scientificName": "Chroicocephalus ridibundus (Linnaeus, 1766)", "eventDate": "2023-02-20T00:00:00Z", "uncertainty_m": null }, "geometry": { "type": "Point", "coordinates": [ 8.671026, 49.418015 ] } },
{ "type": "Feature", "properties": { "key": 4697040977, "species": "Motacilla alba", "scientificName": "Motacilla alba Linnaeus, 1758", "eventDate": "2023-02-20T00:00:00Z", "uncertainty_m": null }, "geometry": { "type": "Point", "coordinates": [ 8.691434, 49.412827 ] } },
{ "type": "Feature", "properties": { "key": 4697423117, "species": "Phalacrocorax carbo", "scientificName": "Phalacrocorax carbo (Linnaeus, 1758)", "eventDate": "2023-02-19T00:00:00Z", "uncertainty_m": null }, "geometry": { "type": "Point", "coordinates": [ 8.599301, 49.47061 ] } },
{ "type": "Feature", "properties": { "key": 4697522707, "species": "Chloris chloris", "scientificName": "Chloris chloris (Linnaeus, 1758)", "eventDate": "2023-02-27T00:00:00Z", "uncertainty_m": null }, "geometry": { "type": "Point", "coordinates": [ 8.665815, 49.425297 ] } },
{ "type": "Feature", "properties": { "key": 4697552128, "species": "Columba livia", "scientificName": "Columba livia J.F.Gmelin, 1789", "eventDate": "2023-02-20T00:00:00Z", "uncertainty_m": null }, "geometry": { "type": "Point", "coordinates": [ 8.691434, 49.412827 ] } },
{ "type": "Feature", "properties": { "key": 4697646301, "species": "Chloris chloris", "scientificName": "Chloris chloris (Linnaeus, 1758)", "eventDate": "2023-02-21T00:00:00Z", "uncertainty_m": null }, "geometry": { "type": "Point", "coordinates": [ 8.668163, 49.41085 ] } },
{ "type": "Feature", "properties": { "key": 4697828788, "species": "Cygnus olor", "scientificName": "Cygnus olor (J.F.Gmelin, 1789)", "eventDate": "2023-02-20T00:00:00Z", "uncertainty_m": null }, "geometry": { "type": "Point", "coordinates": [ 8.691434, 49.412827 ] } },
{ "type": "Feature", "properties": { "key": 4697871630, "species": "Parus major", "scientificName": "Parus major Linnaeus, 1758", "eventDate": "2023-02-20T00:00:00Z", "uncertainty_m": null }, "geometry": { "type": "Point", "coordinates": [ 8.687877, 49.49592 ] } },
{ "type": "Feature", "properties": { "key": 4698480382, "species": "Pica pica", "scientificName": "Pica pica (Linnaeus, 1758)", "eventDate": "2023-02-22T00:00:00Z", "uncertainty_m": null }, "geometry": { "type": "Point", "coordinates": [ 8.668163, 49.41085 ] } },
{ "type": "Feature", "properties": { "key": 4698480386, "species": "Parus major", "scientificName": "Parus major Linnaeus, 1758", "eventDate": "2023-02-15T00:00:00Z", "uncertainty_m": null }, "geometry": { "type": "Point", "coordinates": [ 8.684613, 49.43915 ] } },
{ "type": "Feature", "properties": { "key": 4698631389, "species": "Chroicocephalus ridibundus", "scientificName": "Chroicocephalus ridibundus (Linnaeus, 1766)", "eventDate": "2023-02-20T00:00:00Z", "uncertainty_m": null }, "geometry": { "type": "Point", "coordinates": [ 8.671026, 49.418015 ] } },
{ "type": "Feature", "properties": { "key": 4698674040, "species": "Picus viridis", "scientificName": "Picus viridis Linnaeus, 1758", "eventDate": "2023-02-24T00:00:00Z", "uncertainty_m": null }, "geometry": { "type": "Point", "coordinates": [ 8.665815, 49.425297 ] } },
{ "type": "Feature", "properties": { "key": 4698735514, "species": "Erithacus rubecula", "scientificName": "Erithacus rubecula (Linnaeus, 1758)", "eventDate": "2023-02-22T00:00:00Z", "uncertainty_m": null }, "geometry": { "type": "Point", "coordinates": [ 8.668163, 49.41085 ] } },
{ "type": "Feature", "properties": { "key": 4698895114, "species": "Sturnus vulgaris", "scientificName": "Sturnus vulgaris Linnaeus, 1758", "eventDate": "2023-02-21T00:00:00Z", "uncertainty_m": null }, "geometry": { "type": "Point", "coordinates": [ 8.665815, 49.425297 ] } },
{ "type": "Feature", "properties": { "key": 4698992560, "species": "Passer domesticus", "scientificName": "Passer domesticus (Linnaeus, 1758)", "eventDate": "2023-02-23T00:00:00Z", "uncertainty_m": null }, "geometry": { "type": "Point", "coordinates": [ 8.678938, 49.421394 ] } },
{ "type": "Feature", "properties": { "key": 4699007522, "species": "Fringilla coelebs", "scientificName": "Fringilla coelebs Linnaeus, 1758", "eventDate": "2023-02-21T00:00:00Z", "uncertainty_m": null }, "geometry": { "type": "Point", "coordinates": [ 8.668163, 49.41085 ] } },
{ "type": "Feature", "properties": { "key": 4699195253, "species": "Dendrocopos major", "scientificName": "Dendrocopos major (Linnaeus, 1758)", "eventDate": "2023-02-11T00:00:00Z", "uncertainty_m": null }, "geometry": { "type": "Point", "coordinates": [ 8.678938, 49.421394 ] } },
{ "type": "Feature", "properties": { "key": 4699259729, "species": "Erithacus rubecula", "scientificName": "Erithacus rubecula (Linnaeus, 1758)", "eventDate": "2023-02-24T00:00:00Z", "uncertainty_m": null }, "geometry": { "type": "Point", "coordinates": [ 8.580556, 49.38821 ] } },
{ "type": "Feature", "properties": { "key": 4699262666, "species": "Chroicocephalus ridibundus", "scientificName": "Chroicocephalus ridibundus (Linnaeus, 1766)", "eventDate": "2023-02-20T00:00:00Z", "uncertainty_m": null }, "geometry": { "type": "Point", "coordinates": [ 8.668163, 49.41085 ] } },
{ "type": "Feature", "properties": { "key": 4699382583, "species": "Corvus corone", "scientificName": "Corvus corone Linnaeus, 1758", "eventDate": "2023-02-26T00:00:00Z", "uncertainty_m": null }, "geometry": { "type": "Point", "coordinates": [ 8.668953, 49.415203 ] } },
{ "type": "Feature", "properties": { "key": 4699461607, "species": "Fringilla coelebs", "scientificName": "Fringilla coelebs Linnaeus, 1758", "eventDate": "2023-02-25T00:00:00Z", "uncertainty_m": null }, "geometry": { "type": "Point", "coordinates": [ 8.678938, 49.421394 ] } },
{ "type": "Feature", "properties": { "key": 4699693718, "species": "Turdus philomelos", "scientificName": "Turdus philomelos C.L.Brehm, 1831", "eventDate": "2023-02-26T00:00:00Z", "uncertainty_m": null }, "geometry": { "type": "Point", "coordinates": [ 8.678938, 49.421394 ] } },
{ "type": "Feature", "properties": { "key": 4699937811, "species": "Garrulus glandarius", "scientificName": "Garrulus glandarius (Linnaeus, 1758)", "eventDate": "2023-02-02T00:00:00Z", "uncertainty_m": null }, "geometry": { "type": "Point", "coordinates": [ 8.665815, 49.425297 ] } },
{ "type": "Feature", "properties": { "key": 4699990319, "species": "Psittacula krameri", "scientificName": "Psittacula krameri (Scopoli, 1769)", "eventDate": "2023-02-12T00:00:00Z", "uncertainty_m": null }, "geometry": { "type": "Point", "coordinates": [ 8.678938, 49.421394 ] } },
{ "type": "Feature", "properties": { "key": 4699990730, "species": "Corvus corone", "scientificName": "Corvus corone Linnaeus, 1758", "eventDate": "2023-02-12T00:00:00Z", "uncertainty_m": null }, "geometry": { "type": "Point", "coordinates": [ 8.668163, 49.41085 ] } },
{ "type": "Feature", "properties": { "key": 4700075518, "species": "Aegithalos caudatus", "scientificName": "Aegithalos caudatus (Linnaeus, 1758)", "eventDate": "2023-02-02T00:00:00Z", "uncertainty_m": null }, "geometry": { "type": "Point", "coordinates": [ 8.665815, 49.425297 ] } },
{ "type": "Feature", "properties": { "key": 4700254072, "species": "Spinus spinus", "scientificName": "Spinus spinus (Linnaeus, 1758)", "eventDate": "2023-02-13T00:00:00Z", "uncertainty_m": null }, "geometry": { "type": "Point", "coordinates": [ 8.673265, 49.459534 ] } },
{ "type": "Feature", "properties": { "key": 4700460974, "species": "Branta canadensis", "scientificName": "Branta canadensis (Linnaeus, 1758)", "eventDate": "2023-02-01T00:00:00Z", "uncertainty_m": null }, "geometry": { "type": "Point", "coordinates": [ 8.668163, 49.41085 ] } },
{ "type": "Feature", "properties": { "key": 4700594727, "species": "Fringilla coelebs", "scientificName": "Fringilla coelebs Linnaeus, 1758", "eventDate": "2023-02-25T00:00:00Z", "uncertainty_m": null }, "geometry": { "type": "Point", "coordinates": [ 8.618639, 49.518192 ] } },
{ "type": "Feature", "properties": { "key": 4700663954, "species": "Aegithalos caudatus", "scientificName": "Aegithalos caudatus (Linnaeus, 1758)", "eventDate": "2023-02-14T00:00:00Z", "uncertainty_m": null }, "geometry": { "type": "Point", "coordinates": [ 8.679246, 49.469124 ] } },
{ "type": "Feature", "properties": { "key": 4700695769, "species": "Coloeus monedula", "scientificName": "Coloeus monedula (Linnaeus, 1758)", "eventDate": "2023-02-02T00:00:00Z", "uncertainty_m": null }, "geometry": { "type": "Point", "coordinates": [ 8.665815, 49.425297 ] } },
{ "type": "Feature", "properties": { "key": 4700786082, "species": "Ardea cinerea", "scientificName": "Ardea cinerea Linnaeus, 1758", "eventDate": "2023-02-15T00:00:00Z", "uncertainty_m": null }, "geometry": { "type": "Point", "coordinates": [ 8.639581, 49.453114 ] } },
{ "type": "Feature", "properties": { "key": 4700905171, "species": "Buteo buteo", "scientificName": "Buteo buteo (Linnaeus, 1758)", "eventDate": "2023-02-15T00:00:00Z", "uncertainty_m": null }, "geometry": { "type": "Point", "coordinates": [ 8.611779, 49.454887 ] } },
{ "type": "Feature", "properties": { "key": 4700926870, "species": "Turdus merula", "scientificName": "Turdus merula Linnaeus, 1758", "eventDate": "2023-02-02T00:00:00Z", "uncertainty_m": null }, "geometry": { "type": "Point", "coordinates": [ 8.665815, 49.425297 ] } },
{ "type": "Feature", "properties": { "key": 4701070624, "species": "Pica pica", "scientificName": "Pica pica (Linnaeus, 1758)", "eventDate": "2023-02-02T00:00:00Z", "uncertainty_m": null }, "geometry": { "type": "Point", "coordinates": [ 8.665815, 49.425297 ] } },
{ "type": "Feature", "properties": { "key": 4701096636, "species": "Motacilla cinerea", "scientificName": "Motacilla cinerea Tunstall, 1771", "eventDate": "2023-02-21T00:00:00Z", "uncertainty_m": null }, "geometry": { "type": "Point", "coordinates": [ 8.668163, 49.41085 ] } },
{ "type": "Feature", "properties": { "key": 4701243962, "species": "Parus major", "scientificName": "Parus major Linnaeus, 1758", "eventDate": "2023-02-04T00:00:00Z", "uncertainty_m": null }, "geometry": { "type": "Point", "coordinates": [ 8.678938, 49.421394 ] } },
{ "type": "Feature", "properties": { "key": 4701323093, "species": "Cyanistes caeruleus", "scientificName": "Cyanistes caeruleus (Linnaeus, 1758)", "eventDate": "2023-02-25T00:00:00Z", "uncertainty_m": null }, "geometry": { "type": "Point", "coordinates": [ 8.678938, 49.421394 ] } },
{ "type": "Feature", "properties": { "key": 4701941092, "species": "Columba palumbus", "scientificName": "Columba palumbus Linnaeus, 1758", "eventDate": "2023-02-18T00:00:00Z", "uncertainty_m": null }, "geometry": { "type": "Point", "coordinates": [ 8.668163, 49.41085 ] } },
{ "type": "Feature", "properties": { "key": 4702058722, "species": "Periparus ater", "scientificName": "Periparus ater (Linnaeus, 1758)", "eventDate": "2023-02-13T00:00:00Z", "uncertainty_m": null }, "geometry": { "type": "Point", "coordinates": [ 8.700556, 49.45739 ] } },
{ "type": "Feature", "properties": { "key": 4702323024, "species": "Cygnus olor", "scientificName": "Cygnus olor (J.F.Gmelin, 1789)", "eventDate": "2023-02-25T00:00:00Z", "uncertainty_m": null }, "geometry": { "type": "Point", "coordinates": [ 8.611779, 49.454887 ] } },
{ "type": "Feature", "properties": { "key": 4702479080, "species": "Phalacrocorax carbo", "scientificName": "Phalacrocorax carbo (Linnaeus, 1758)", "eventDate": "2023-02-26T00:00:00Z", "uncertainty_m": null }, "geometry": { "type": "Point", "coordinates": [ 8.668163, 49.41085 ] } },
{ "type": "Feature", "properties": { "key": 4702555426, "species": "Poecile palustris", "scientificName": "Poecile palustris (Linnaeus, 1758)", "eventDate": "2023-02-04T00:00:00Z", "uncertainty_m": null }, "geometry": { "type": "Point", "coordinates": [ 8.673265, 49.459534 ] } },
{ "type": "Feature", "properties": { "key": 4702557027, "species": "Fringilla coelebs", "scientificName": "Fringilla coelebs Linnaeus, 1758", "eventDate": "2023-02-09T00:00:00Z", "uncertainty_m": null }, "geometry": { "type": "Point", "coordinates": [ 8.671378, 49.47071 ] } },
{ "type": "Feature", "properties": { "key": 4702569871, "species": "Alopochen aegyptiaca", "scientificName": "Alopochen aegyptiaca (Linnaeus, 1766)", "eventDate": "2023-02-25T00:00:00Z", "uncertainty_m": null }, "geometry": { "type": "Point", "coordinates": [ 8.618639, 49.518192 ] } },
{ "type": "Feature", "properties": { "key": 4702730067, "species": "Columba palumbus", "scientificName": "Columba palumbus Linnaeus, 1758", "eventDate": "2023-02-11T00:00:00Z", "uncertainty_m": null }, "geometry": { "type": "Point", "coordinates": [ 8.678938, 49.421394 ] } },
{ "type": "Feature", "properties": { "key": 4702869740, "species": "Phalacrocorax carbo", "scientificName": "Phalacrocorax carbo (Linnaeus, 1758)", "eventDate": "2023-02-18T00:00:00Z", "uncertainty_m": null }, "geometry": { "type": "Point", "coordinates": [ 8.668163, 49.41085 ] } },
{ "type": "Feature", "properties": { "key": 4703012900, "species": "Emberiza cia", "scientificName": "Emberiza cia Linnaeus, 1767", "eventDate": "2023-02-04T00:00:00Z", "uncertainty_m": null }, "geometry": { "type": "Point", "coordinates": [ 8.673265, 49.459534 ] } },
{ "type": "Feature", "properties": { "key": 4703085245, "species": "Ciconia ciconia", "scientificName": "Ciconia ciconia (Linnaeus, 1758)", "eventDate": "2023-02-18T00:00:00Z", "uncertainty_m": null }, "geometry": { "type": "Point", "coordinates": [ 8.668163, 49.41085 ] } },
{ "type": "Feature", "properties": { "key": 4703103331, "species": "Picus viridis", "scientificName": "Picus viridis Linnaeus, 1758", "eventDate": "2023-02-13T00:00:00Z", "uncertainty_m": null }, "geometry": { "type": "Point", "coordinates": [ 8.673265, 49.459534 ] } },
{ "type": "Feature", "properties": { "key": 4703233996, "species": "Phoenicurus ochruros", "scientificName": "Phoenicurus ochruros (S.G.Gmelin, 1774)", "eventDate": "2023-02-12T00:00:00Z", "uncertainty_m": null }, "geometry": { "type": "Point", "coordinates": [ 8.671026, 49.418015 ] } },
{ "type": "Feature", "properties": { "key": 4703372003, "species": "Cyanistes caeruleus", "scientificName": "Cyanistes caeruleus (Linnaeus, 1758)", "eventDate": "2023-02-13T00:00:00Z", "uncertainty_m": null }, "geometry": { "type": "Point", "coordinates": [ 8.691434, 49.412827 ] } },
{ "type": "Feature", "properties": { "key": 4703475632, "species": "Turdus merula", "scientificName": "Turdus merula Linnaeus, 1758", "eventDate": "2023-02-12T00:00:00Z", "uncertainty_m": null }, "geometry": { "type": "Point", "coordinates": [ 8.678938, 49.421394 ] } },
{ "type": "Feature", "properties": { "key": 4703476045, "species": "Troglodytes troglodytes", "scientificName": "Troglodytes troglodytes (Linnaeus, 1758)", "eventDate": "2023-02-12T00:00:00Z", "uncertainty_m": null }, "geometry": { "type": "Point", "coordinates": [ 8.668163, 49.41085 ] } },
{ "type": "Feature", "properties": { "key": 4703723427, "species": "Columba palumbus", "scientificName": "Columba palumbus Linnaeus, 1758", "eventDate": "2023-02-13T00:00:00Z", "uncertainty_m": null }, "geometry": { "type": "Point", "coordinates": [ 8.673265, 49.459534 ] } },
{ "type": "Feature", "properties": { "key": 4703738145, "species": "Picus viridis", "scientificName": "Picus viridis Linnaeus, 1758", "eventDate": "2023-02-11T00:00:00Z", "uncertainty_m": null }, "geometry": { "type": "Point", "coordinates": [ 8.678938, 49.421394 ] } },
{ "type": "Feature", "properties": { "key": 4703741950, "species": "Carduelis carduelis", "scientificName": "Carduelis carduelis (Linnaeus, 1758)", "eventDate": "2023-02-11T00:00:00Z", "uncertainty_m": null }, "geometry": { "type": "Point", "coordinates": [ 8.678938, 49.421394 ] } },
{ "type": "Feature", "properties": { "key": 4703833164, "species": "Corvus corone", "scientificName": "Corvus corone Linnaeus, 1758", "eventDate": "2023-02-09T00:00:00Z", "uncertainty_m": null }, "geometry": { "type": "Point", "coordinates": [ 8.671378, 49.47071 ] } },
{ "type": "Feature", "properties": { "key": 4703958121, "species": "Motacilla alba", "scientificName": "Motacilla alba Linnaeus, 1758", "eventDate": "2023-02-21T00:00:00Z", "uncertainty_m": null }, "geometry": { "type": "Point", "coordinates": [ 8.665815, 49.425297 ] } },
{ "type": "Feature", "properties": { "key": 4704031476, "species": "Sturnus vulgaris", "scientificName": "Sturnus vulgaris Linnaeus, 1758", "eventDate": "2023-02-13T00:00:00Z", "uncertainty_m": null }, "geometry": { "type": "Point", "coordinates": [ 8.673265, 49.459534 ] } },
{ "type": "Feature", "properties": { "key": 4704124868, "species": "Chloris chloris", "scientificName": "Chloris chloris (Linnaeus, 1758)", "eventDate": "2023-02-13T00:00:00Z", "uncertainty_m": null }, "geometry": { "type": "Point", "coordinates": [ 8.691434, 49.412827 ] } },
{ "type": "Feature", "properties": { "key": 4704241683, "species": "Parus major", "scientificName": "Parus major Linnaeus, 1758", "eventDate": "2023-02-14T00:00:00Z", "uncertainty_m": null }, "geometry": { "type": "Point", "coordinates": [ 8.679246, 49.469124 ] } },
{ "type": "Feature", "properties": { "key": 4704288987, "species": "Chloris chloris", "scientificName": "Chloris chloris (Linnaeus, 1758)", "eventDate": "2023-02-15T00:00:00Z", "uncertainty_m": null }, "geometry": { "type": "Point", "coordinates": [ 8.665815, 49.425297 ] } },
{ "type": "Feature", "properties": { "key": 4704342502, "species": "Alopochen aegyptiaca", "scientificName": "Alopochen aegyptiaca (Linnaeus, 1766)", "eventDate": "2023-02-15T00:00:00Z", "uncertainty_m": null }, "geometry": { "type": "Point", "coordinates": [ 8.624862, 49.455822 ] } },
{ "type": "Feature", "properties": { "key": 4704373852, "species": "Dendrocopos major", "scientificName": "Dendrocopos major (Linnaeus, 1758)", "eventDate": "2023-02-14T00:00:00Z", "uncertainty_m": null }, "geometry": { "type": "Point", "coordinates": [ 8.679246, 49.469124 ] } },
{ "type": "Feature", "properties": { "key": 4704431525, "species": "Streptopelia decaocto", "scientificName": "Streptopelia decaocto (Frivaldszky, 1838)", "eventDate": "2023-02-22T00:00:00Z", "uncertainty_m": null }, "geometry": { "type": "Point", "coordinates": [ 8.668163, 49.41085 ] } },
{ "type": "Feature", "properties": { "key": 4704457960, "species": "Corvus frugilegus", "scientificName": "Corvus frugilegus Linnaeus, 1758", "eventDate": "2023-02-15T00:00:00Z", "uncertainty_m": null }, "geometry": { "type": "Point", "coordinates": [ 8.624862, 49.455822 ] } },
{ "type": "Feature", "properties": { "key": 4704492885, "species": "Cyanistes caeruleus", "scientificName": "Cyanistes caeruleus (Linnaeus, 1758)", "eventDate": "2023-02-14T00:00:00Z", "uncertainty_m": null }, "geometry": { "type": "Point", "coordinates": [ 8.679246, 49.469124 ] } },
{ "type": "Feature", "properties": { "key": 4704494931, "species": "Larus michahellis", "scientificName": "Larus michahellis J.F.Naumann, 1840", "eventDate": "2023-02-15T00:00:00Z", "uncertainty_m": null }, "geometry": { "type": "Point", "coordinates": [ 8.611779, 49.454887 ] } },
{ "type": "Feature", "properties": { "key": 4704495086, "species": "Fringilla coelebs", "scientificName": "Fringilla coelebs Linnaeus, 1758", "eventDate": "2023-02-15T00:00:00Z", "uncertainty_m": null }, "geometry": { "type": "Point", "coordinates": [ 8.639581, 49.453114 ] } },
{ "type": "Feature", "properties": { "key": 4704537141, "species": "Ciconia ciconia", "scientificName": "Ciconia ciconia (Linnaeus, 1758)", "eventDate": "2023-02-19T00:00:00Z", "uncertainty_m": null }, "geometry": { "type": "Point", "coordinates": [ 8.639581, 49.453114 ] } },
{ "type": "Feature", "properties": { "key": 4704574772, "species": "Columba palumbus", "scientificName": "Columba palumbus Linnaeus, 1758", "eventDate": "2023-02-16T00:00:00Z", "uncertainty_m": null }, "geometry": { "type": "Point", "coordinates": [ 8.671378, 49.47071 ] } },
{ "type": "Feature", "properties": { "key": 4704644630, "species": "Psittacula krameri", "scientificName": "Psittacula krameri (Scopoli, 1769)", "eventDate": "2023-02-23T00:00:00Z", "uncertainty_m": null }, "geometry": { "type": "Point", "coordinates": [ 8.678938, 49.421394 ] } },
{ "type": "Feature", "properties": { "key": 4704656067, "species": "Ardea cinerea", "scientificName": "Ardea cinerea Linnaeus, 1758", "eventDate": "2023-02-15T00:00:00Z", "uncertainty_m": null }, "geometry": { "type": "Point", "coordinates": [ 8.611779, 49.454887 ] } },
{ "type": "Feature", "properties": { "key": 4704678411, "species": "Sturnus vulgaris", "scientificName": "Sturnus vulgaris Linnaeus, 1758", "eventDate": "2023-02-15T00:00:00Z", "uncertainty_m": null }, "geometry": { "type": "Point", "coordinates": [ 8.624862, 49.455822 ] } },
{ "type": "Feature", "properties": { "key": 4704680486, "species": "Turdus merula", "scientificName": "Turdus merula Linnaeus, 1758", "eventDate": "2023-02-04T00:00:00Z", "uncertainty_m": null }, "geometry": { "type": "Point", "coordinates": [ 8.673265, 49.459534 ] } },
{ "type": "Feature", "properties": { "key": 4704682045, "species": "Erithacus rubecula", "scientificName": "Erithacus rubecula (Linnaeus, 1758)", "eventDate": "2023-02-17T00:00:00Z", "uncertainty_m": null }, "geometry": { "type": "Point", "coordinates": [ 8.678938, 49.421394 ] } },
{ "type": "Feature", "properties": { "key": 4704697970, "species": "Carduelis carduelis", "scientificName": "Carduelis carduelis (Linnaeus, 1758)", "eventDate": "2023-02-17T00:00:00Z", "uncertainty_m": null }, "geometry": { "type": "Point", "coordinates": [ 8.678938, 49.421394 ] } },
{ "type": "Feature", "properties": { "key": 4704726133, "species": "Mergus merganser", "scientificName": "Mergus merganser Linnaeus, 1758", "eventDate": "2023-02-15T00:00:00Z", "uncertainty_m": null }, "geometry": { "type": "Point", "coordinates": [ 8.611779, 49.454887 ] } },
{ "type": "Feature", "properties": { "key": 4704734252, "species": "Cygnus olor", "scientificName": "Cygnus olor (J.F.Gmelin, 1789)", "eventDate": "2023-02-15T00:00:00Z", "uncertainty_m": null }, "geometry": { "type": "Point", "coordinates": [ 8.611779, 49.454887 ] } },
{ "type": "Feature", "properties": { "key": 4704747549, "species": "Dendrocoptes medius", "scientificName": "Dendrocoptes medius (Linnaeus, 1758)", "eventDate": "2023-02-04T00:00:00Z", "uncertainty_m": null }, "geometry": { "type": "Point", "coordinates": [ 8.673265, 49.459534 ] } },
{ "type": "Feature", "properties": { "key": 4704847724, "species": "Coloeus monedula", "scientificName": "Coloeus monedula (Linnaeus, 1758)", "eventDate": "2023-02-15T00:00:00Z", "uncertainty_m": null }, "geometry": { "type": "Point", "coordinates": [ 8.611779, 49.454887 ] } },
{ "type": "Feature", "properties": { "key": 4705108163, "species": "Ciconia ciconia", "scientificName": "Ciconia ciconia (Linnaeus, 1758)", "eventDate": "2023-02-15T00:00:00Z", "uncertainty_m": null }, "geometry": { "type": "Point", "coordinates": [ 8.624862, 49.455822 ] } },
{ "type": "Feature", "properties": { "key": 4705145522, "species": "Cygnus olor", "scientificName": "Cygnus olor (J.F.Gmelin, 1789)", "eventDate": "2023-02-19T00:00:00Z", "uncertainty_m": null }, "geometry": { "type": "Point", "coordinates": [ 8.639581, 49.453114 ] } },
{ "type": "Feature", "properties": { "key": 4705170339, "species": "Passer domesticus", "scientificName": "Passer domesticus (Linnaeus, 1758)", "eventDate": "2023-02-15T00:00:00Z", "uncertainty_m": null }, "geometry": { "type": "Point", "coordinates": [ 8.678938, 49.421394 ] } },
{ "type": "Feature", "properties": { "key": 4705306544, "species": "Coloeus monedula", "scientificName": "Coloeus monedula (Linnaeus, 1758)", "eventDate": "2023-02-24T00:00:00Z", "uncertainty_m": null }, "geometry": { "type": "Point", "coordinates": [ 8.580556, 49.38821 ] } },
{ "type": "Feature", "properties": { "key": 4705382336, "species": "Ardea cinerea", "scientificName": "Ardea cinerea Linnaeus, 1758", "eventDate": "2023-02-18T00:00:00Z", "uncertainty_m": null }, "geometry": { "type": "Point", "coordinates": [ 8.668163, 49.41085 ] } },
{ "type": "Feature", "properties": { "key": 4705440274, "species": "Pica pica", "scientificName": "Pica pica (Linnaeus, 1758)", "eventDate": "2023-02-18T00:00:00Z", "uncertainty_m": null }, "geometry": { "type": "Point", "coordinates": [ 8.678938, 49.421394 ] } },
{ "type": "Feature", "properties": { "key": 4705485934, "species": "Motacilla cinerea", "scientificName": "Motacilla cinerea Tunstall, 1771", "eventDate": "2023-02-15T00:00:00Z", "uncertainty_m": null }, "geometry": { "type": "Point", "coordinates": [ 8.624862, 49.455822 ] } },
{ "type": "Feature", "properties": { "key": 4705669665, "species": "Carduelis carduelis", "scientificName": "Carduelis carduelis (Linnaeus, 1758)", "eventDate": "2023-02-16T00:00:00Z", "uncertainty_m": null }, "geometry": { "type": "Point", "coordinates": [ 8.678938, 49.421394 ] } },
{ "type": "Feature", "properties": { "key": 4705682402, "species": "Cyanistes caeruleus", "scientificName": "Cyanistes caeruleus (Linnaeus, 1758)", "eventDate": "2023-02-18T00:00:00Z", "uncertainty_m": null }, "geometry": { "type": "Point", "coordinates": [ 8.668163, 49.41085 ] } },
{ "type": "Feature", "properties": { "key": 4705765384, "species": "Falco tinnunculus", "scientificName": "Falco tinnunculus Linnaeus, 1758", "eventDate": "2023-02-15T00:00:00Z", "uncertainty_m": null }, "geometry": { "type": "Point", "coordinates": [ 8.662385, 49.429916 ] } },
{ "type": "Feature", "properties": { "key": 4705765385, "species": "Cyanistes caeruleus", "scientificName": "Cyanistes caeruleus (Linnaeus, 1758)", "eventDate": "2023-02-10T00:00:00Z", "uncertainty_m": null }, "geometry": { "type": "Point", "coordinates": [ 8.673265, 49.459534 ] } },
{ "type": "Feature", "properties": { "key": 4705768465, "species": "Cyanistes caeruleus", "scientificName": "Cyanistes caeruleus (Linnaeus, 1758)", "eventDate": "2023-02-25T00:00:00Z", "uncertainty_m": null }, "geometry": { "type": "Point", "coordinates": [ 8.605471, 49.466824 ] } },
{ "type": "Feature", "properties": { "key": 4705780199, "species": "Turdus merula", "scientificName": "Turdus merula Linnaeus, 1758", "eventDate": "2023-02-16T00:00:00Z", "uncertainty_m": null }, "geometry": { "type": "Point", "coordinates": [ 8.671378, 49.47071 ] } },
{ "type": "Feature", "properties": { "key": 4706077243, "species": "Psittacula krameri", "scientificName": "Psittacula krameri (Scopoli, 1769)", "eventDate": "2023-02-28T00:00:00Z", "uncertainty_m": null }, "geometry": { "type": "Point", "coordinates": [ 8.678938, 49.421394 ] } },
{ "type": "Feature", "properties": { "key": 4706299255, "species": "Parus major", "scientificName": "Parus major Linnaeus, 1758", "eventDate": "2023-02-04T00:00:00Z", "uncertainty_m": null }, "geometry": { "type": "Point", "coordinates": [ 8.673265, 49.459534 ] } },
{ "type": "Feature", "properties": { "key": 4706353539, "species": "Turdus merula", "scientificName": "Turdus merula Linnaeus, 1758", "eventDate": "2023-02-15T00:00:00Z", "uncertainty_m": null }, "geometry": { "type": "Point", "coordinates": [ 8.624862, 49.455822 ] } },
{ "type": "Feature", "properties": { "key": 4706475898, "species": "Cyanistes caeruleus", "scientificName": "Cyanistes caeruleus (Linnaeus, 1758)", "eventDate": "2023-02-19T00:00:00Z", "uncertainty_m": null }, "geometry": { "type": "Point", "coordinates": [ 8.678938, 49.421394 ] } },
{ "type": "Feature", "properties": { "key": 4706624831, "species": "Picus viridis", "scientificName": "Picus viridis Linnaeus, 1758", "eventDate": "2023-02-16T00:00:00Z", "uncertainty_m": null }, "geometry": { "type": "Point", "coordinates": [ 8.671378, 49.47071 ] } },
{ "type": "Feature", "properties": { "key": 4706658447, "species": "Coccothraustes coccothraustes", "scientificName": "Coccothraustes coccothraustes (Linnaeus, 1758)", "eventDate": "2023-02-04T00:00:00Z", "uncertainty_m": null }, "geometry": { "type": "Point", "coordinates": [ 8.673265, 49.459534 ] } },
{ "type": "Feature", "properties": { "key": 4706697803, "species": "Chloris chloris", "scientificName": "Chloris chloris (Linnaeus, 1758)", "eventDate": "2023-02-20T00:00:00Z", "uncertainty_m": null }, "geometry": { "type": "Point", "coordinates": [ 8.691434, 49.412827 ] } },
{ "type": "Feature", "properties": { "key": 4706756380, "species": "Falco tinnunculus", "scientificName": "Falco tinnunculus Linnaeus, 1758", "eventDate": "2023-02-20T00:00:00Z", "uncertainty_m": null }, "geometry": { "type": "Point", "coordinates": [ 8.678938, 49.421394 ] } },
{ "type": "Feature", "properties": { "key": 4706758251, "species": "Falco tinnunculus", "scientificName": "Falco tinnunculus Linnaeus, 1758", "eventDate": "2023-02-15T00:00:00Z", "uncertainty_m": null }, "geometry": { "type": "Point", "coordinates": [ 8.624862, 49.455822 ] } },
{ "type": "Feature", "properties": { "key": 4706763651, "species": "Gallinula chloropus", "scientificName": "Gallinula chloropus (Linnaeus, 1758)", "eventDate": "2023-02-15T00:00:00Z", "uncertainty_m": null }, "geometry": { "type": "Point", "coordinates": [ 8.611779, 49.454887 ] } },
{ "type": "Feature", "properties": { "key": 4706780063, "species": "Parus major", "scientificName": "Parus major Linnaeus, 1758", "eventDate": "2023-02-09T00:00:00Z", "uncertainty_m": null }, "geometry": { "type": "Point", "coordinates": [ 8.671378, 49.47071 ] } },
{ "type": "Feature", "properties": { "key": 4706809303, "species": "Corvus corone", "scientificName": "Corvus corone Linnaeus, 1758", "eventDate": "2023-02-20T00:00:00Z", "uncertainty_m": null }, "geometry": { "type": "Point", "coordinates": [ 8.691434, 49.412827 ] } },
{ "type": "Feature", "properties": { "key": 4706809961, "species": "Chroicocephalus ridibundus", "scientificName": "Chroicocephalus ridibundus (Linnaeus, 1766)", "eventDate": "2023-02-20T00:00:00Z", "uncertainty_m": null }, "geometry": { "type": "Point", "coordinates": [ 8.691434, 49.412827 ] } },
{ "type": "Feature", "properties": { "key": 4706855061, "species": "Fringilla coelebs", "scientificName": "Fringilla coelebs Linnaeus, 1758", "eventDate": "2023-02-21T00:00:00Z", "uncertainty_m": null }, "geometry": { "type": "Point", "coordinates": [ 8.665815, 49.425297 ] } },
{ "type": "Feature", "properties": { "key": 4706956184, "species": "Passer domesticus", "scientificName": "Passer domesticus (Linnaeus, 1758)", "eventDate": "2023-02-16T00:00:00Z", "uncertainty_m": null }, "geometry": { "type": "Point", "coordinates": [ 8.678938, 49.421394 ] } },
{ "type": "Feature", "properties": { "key": 4707249585, "species": "Coccothraustes coccothraustes", "scientificName": "Coccothraustes coccothraustes (Linnaeus, 1758)", "eventDate": "2023-02-15T00:00:00Z", "uncertainty_m": null }, "geometry": { "type": "Point", "coordinates": [ 8.684613, 49.43915 ] } },
{ "type": "Feature", "properties": { "key": 4707254821, "species": "Passer domesticus", "scientificName": "Passer domesticus (Linnaeus, 1758)", "eventDate": "2023-02-18T00:00:00Z", "uncertainty_m": null }, "geometry": { "type": "Point", "coordinates": [ 8.668163, 49.41085 ] } },
{ "type": "Feature", "properties": { "key": 4707533866, "species": "Poecile palustris", "scientificName": "Poecile palustris (Linnaeus, 1758)", "eventDate": "2023-02-13T00:00:00Z", "uncertainty_m": null }, "geometry": { "type": "Point", "coordinates": [ 8.673265, 49.459534 ] } },
{ "type": "Feature", "properties": { "key": 4707541811, "species": "Chloris chloris", "scientificName": "Chloris chloris (Linnaeus, 1758)", "eventDate": "2023-02-21T00:00:00Z", "uncertainty_m": null }, "geometry": { "type": "Point", "coordinates": [ 8.665815, 49.425297 ] } },
{ "type": "Feature", "properties": { "key": 4707554727, "species": "Chloris chloris", "scientificName": "Chloris chloris (Linnaeus, 1758)", "eventDate": "2023-02-13T00:00:00Z", "uncertainty_m": null }, "geometry": { "type": "Point", "coordinates": [ 8.673265, 49.459534 ] } },
{ "type": "Feature", "properties": { "key": 4707593351, "species": "Carduelis carduelis", "scientificName": "Carduelis carduelis (Linnaeus, 1758)", "eventDate": "2023-02-15T00:00:00Z", "uncertainty_m": null }, "geometry": { "type": "Point", "coordinates": [ 8.665815, 49.425297 ] } },
{ "type": "Feature", "properties": { "key": 4707600944, "species": "Poecile palustris", "scientificName": "Poecile palustris (Linnaeus, 1758)", "eventDate": "2023-02-13T00:00:00Z", "uncertainty_m": null }, "geometry": { "type": "Point", "coordinates": [ 8.673265, 49.459534 ] } },
{ "type": "Feature", "properties": { "key": 4707613792, "species": "Turdus merula", "scientificName": "Turdus merula Linnaeus, 1758", "eventDate": "2023-02-21T00:00:00Z", "uncertainty_m": null }, "geometry": { "type": "Point", "coordinates": [ 8.665815, 49.425297 ] } },
{ "type": "Feature", "properties": { "key": 4707692827, "species": "Columba palumbus", "scientificName": "Columba palumbus Linnaeus, 1758", "eventDate": "2023-02-13T00:00:00Z", "uncertainty_m": null }, "geometry": { "type": "Point", "coordinates": [ 8.691434, 49.412827 ] } },
{ "type": "Feature", "properties": { "key": 4707779184, "species": "Anas platyrhynchos", "scientificName": "Anas platyrhynchos Linnaeus, 1758", "eventDate": "2023-02-22T00:00:00Z", "uncertainty_m": null }, "geometry": { "type": "Point", "coordinates": [ 8.668163, 49.41085 ] } },
{ "type": "Feature", "properties": { "key": 4707889063, "species": "Turdus philomelos", "scientificName": "Turdus philomelos C.L.Brehm, 1831", "eventDate": "2023-02-22T00:00:00Z", "uncertainty_m": null }, "geometry": { "type": "Point", "coordinates": [ 8.668163, 49.41085 ] } },
{ "type": "Feature", "properties": { "key": 4707889070, "species": "Erithacus rubecula", "scientificName": "Erithacus rubecula (Linnaeus, 1758)", "eventDate": "2023-02-19T00:00:00Z", "uncertainty_m": null }, "geometry": { "type": "Point", "coordinates": [ 8.599301, 49.47061 ] } },
{ "type": "Feature", "properties": { "key": 4707904077, "species": "Columba palumbus", "scientificName": "Columba palumbus Linnaeus, 1758", "eventDate": "2023-02-18T00:00:00Z", "uncertainty_m": null }, "geometry": { "type": "Point", "coordinates": [ 8.678938, 49.421394 ] } },
{ "type": "Feature", "properties": { "key": 4708008283, "species": "Columba palumbus", "scientificName": "Columba palumbus Linnaeus, 1758", "eventDate": "2023-02-22T00:00:00Z", "uncertainty_m": null }, "geometry": { "type": "Point", "coordinates": [ 8.668163, 49.41085 ] } },
{ "type": "Feature", "properties": { "key": 4708008291, "species": "Picus viridis", "scientificName": "Picus viridis Linnaeus, 1758", "eventDate": "2023-02-16T00:00:00Z", "uncertainty_m": null }, "geometry": { "type": "Point", "coordinates": [ 8.673265, 49.459534 ] } },
{ "type": "Feature", "properties": { "key": 4708024266, "species": "Troglodytes troglodytes", "scientificName": "Troglodytes troglodytes (Linnaeus, 1758)", "eventDate": "2023-02-23T00:00:00Z", "uncertainty_m": null }, "geometry": { "type": "Point", "coordinates": [ 8.678938, 49.421394 ] } },
{ "type": "Feature", "properties": { "key": 4708036245, "species": "Phalacrocorax carbo", "scientificName": "Phalacrocorax carbo (Linnaeus, 1758)", "eventDate": "2023-02-15T00:00:00Z", "uncertainty_m": null }, "geometry": { "type": "Point", "coordinates": [ 8.611779, 49.454887 ] } },
{ "type": "Feature", "properties": { "key": 4708060059, "species": "Erithacus rubecula", "scientificName": "Erithacus rubecula (Linnaeus, 1758)", "eventDate": "2023-02-21T00:00:00Z", "uncertainty_m": null }, "geometry": { "type": "Point", "coordinates": [ 8.668163, 49.41085 ] } },
{ "type": "Feature", "properties": { "key": 4708178388, "species": "Passer domesticus", "scientificName": "Passer domesticus (Linnaeus, 1758)", "eventDate": "2023-02-21T00:00:00Z", "uncertainty_m": null }, "geometry": { "type": "Point", "coordinates": [ 8.668163, 49.41085 ] } },
{ "type": "Feature", "properties": { "key": 4708250329, "species": "Streptopelia decaocto", "scientificName": "Streptopelia decaocto (Frivaldszky, 1838)", "eventDate": "2023-02-15T00:00:00Z", "uncertainty_m": null }, "geometry": { "type": "Point", "coordinates": [ 8.611779, 49.454887 ] } },
{ "type": "Feature", "properties": { "key": 4708327645, "species": "Ciconia ciconia", "scientificName": "Ciconia ciconia (Linnaeus, 1758)", "eventDate": "2023-02-24T00:00:00Z", "uncertainty_m": null }, "geometry": { "type": "Point", "coordinates": [ 8.636093, 49.504456 ] } },
{ "type": "Feature", "properties": { "key": 4708342453, "species": "Parus major", "scientificName": "Parus major Linnaeus, 1758", "eventDate": "2023-02-10T00:00:00Z", "uncertainty_m": null }, "geometry": { "type": "Point", "coordinates": [ 8.673265, 49.459534 ] } },
{ "type": "Feature", "properties": { "key": 4708443592, "species": "Coccothraustes coccothraustes", "scientificName": "Coccothraustes coccothraustes (Linnaeus, 1758)", "eventDate": "2023-02-25T00:00:00Z", "uncertainty_m": null }, "geometry": { "type": "Point", "coordinates": [ 8.618639, 49.518192 ] } },
{ "type": "Feature", "properties": { "key": 4708445365, "species": "Streptopelia decaocto", "scientificName": "Streptopelia decaocto (Frivaldszky, 1838)", "eventDate": "2023-02-24T00:00:00Z", "uncertainty_m": null }, "geometry": { "type": "Point", "coordinates": [ 8.665815, 49.425297 ] } },
{ "type": "Feature", "properties": { "key": 4708463366, "species": "Turdus merula", "scientificName": "Turdus merula Linnaeus, 1758", "eventDate": "2023-02-19T00:00:00Z", "uncertainty_m": null }, "geometry": { "type": "Point", "coordinates": [ 8.599301, 49.47061 ] } },
{ "type": "Feature", "properties": { "key": 4708529494, "species": "Columba palumbus", "scientificName": "Columba palumbus Linnaeus, 1758", "eventDate": "2023-02-24T00:00:00Z", "uncertainty_m": null }, "geometry": { "type": "Point", "coordinates": [ 8.580556, 49.38821 ] } },
{ "type": "Feature", "properties": { "key": 4708542947, "species": "Pica pica", "scientificName": "Pica pica (Linnaeus, 1758)", "eventDate": "2023-02-26T00:00:00Z", "uncertainty_m": null }, "geometry": { "type": "Point", "coordinates": [ 8.678938, 49.421394 ] } },
{ "type": "Feature", "properties": { "key": 4708639610, "species": "Streptopelia decaocto", "scientificName": "Streptopelia decaocto (Frivaldszky, 1838)", "eventDate": "2023-02-15T00:00:00Z", "uncertainty_m": null }, "geometry": { "type": "Point", "coordinates": [ 8.678938, 49.421394 ] } },
{ "type": "Feature", "properties": { "key": 4708657643, "species": "Poecile palustris", "scientificName": "Poecile palustris (Linnaeus, 1758)", "eventDate": "2023-02-10T00:00:00Z", "uncertainty_m": null }, "geometry": { "type": "Point", "coordinates": [ 8.673265, 49.459534 ] } },
{ "type": "Feature", "properties": { "key": 4708675471, "species": "Coloeus monedula", "scientificName": "Coloeus monedula (Linnaeus, 1758)", "eventDate": "2023-02-26T00:00:00Z", "uncertainty_m": null }, "geometry": { "type": "Point", "coordinates": [ 8.678938, 49.421394 ] } },
{ "type": "Feature", "properties": { "key": 4708695211, "species": "Troglodytes troglodytes", "scientificName": "Troglodytes troglodytes (Linnaeus, 1758)", "eventDate": "2023-02-17T00:00:00Z", "uncertainty_m": null }, "geometry": { "type": "Point", "coordinates": [ 8.678938, 49.421394 ] } },
{ "type": "Feature", "properties": { "key": 4708850455, "species": "Corvus corone", "scientificName": "Corvus corone Linnaeus, 1758", "eventDate": "2023-02-20T00:00:00Z", "uncertainty_m": null }, "geometry": { "type": "Point", "coordinates": [ 8.678938, 49.421394 ] } },
{ "type": "Feature", "properties": { "key": 4708871141, "species": "Phalacrocorax carbo", "scientificName": "Phalacrocorax carbo (Linnaeus, 1758)", "eventDate": "2023-02-24T00:00:00Z", "uncertainty_m": null }, "geometry": { "type": "Point", "coordinates": [ 8.665815, 49.425297 ] } },
{ "type": "Feature", "properties": { "key": 4708904874, "species": "Coloeus monedula", "scientificName": "Coloeus monedula (Linnaeus, 1758)", "eventDate": "2023-02-26T00:00:00Z", "uncertainty_m": null }, "geometry": { "type": "Point", "coordinates": [ 8.668953, 49.415203 ] } },
{ "type": "Feature", "properties": { "key": 4709018660, "species": "Motacilla cinerea", "scientificName": "Motacilla cinerea Tunstall, 1771", "eventDate": "2023-02-19T00:00:00Z", "uncertainty_m": null }, "geometry": { "type": "Point", "coordinates": [ 8.678938, 49.421394 ] } },
{ "type": "Feature", "properties": { "key": 4709153953, "species": "Psittacula krameri", "scientificName": "Psittacula krameri (Scopoli, 1769)", "eventDate": "2023-02-16T00:00:00Z", "uncertainty_m": null }, "geometry": { "type": "Point", "coordinates": [ 8.678938, 49.421394 ] } },
{ "type": "Feature", "properties": { "key": 4709174641, "species": "Columba palumbus", "scientificName": "Columba palumbus Linnaeus, 1758", "eventDate": "2023-02-20T00:00:00Z", "uncertainty_m": null }, "geometry": { "type": "Point", "coordinates": [ 8.668163, 49.41085 ] } },
{ "type": "Feature", "properties": { "key": 4709320629, "species": "Erithacus rubecula", "scientificName": "Erithacus rubecula (Linnaeus, 1758)", "eventDate": "2023-02-26T00:00:00Z", "uncertainty_m": null }, "geometry": { "type": "Point", "coordinates": [ 8.668953, 49.415203 ] } },
{ "type": "Feature", "properties": { "key": 4709373196, "species": "Coloeus monedula", "scientificName": "Coloeus monedula (Linnaeus, 1758)", "eventDate": "2023-02-20T00:00:00Z", "uncertainty_m": null }, "geometry": { "type": "Point", "coordinates": [ 8.668163, 49.41085 ] } },
{ "type": "Feature", "properties": { "key": 4709447329, "species": "Psittacula krameri", "scientificName": "Psittacula krameri (Scopoli, 1769)", "eventDate": "2023-02-24T00:00:00Z", "uncertainty_m": null }, "geometry": { "type": "Point", "coordinates": [ 8.665815, 49.425297 ] } },
{ "type": "Feature", "properties": { "key": 4709469379, "species": "Columba palumbus", "scientificName": "Columba palumbus Linnaeus, 1758", "eventDate": "2023-02-20T00:00:00Z", "uncertainty_m": null }, "geometry": { "type": "Point", "coordinates": [ 8.671026, 49.418015 ] } },
{ "type": "Feature", "properties": { "key": 4709469410, "species": "Motacilla cinerea", "scientificName": "Motacilla cinerea Tunstall, 1771", "eventDate": "2023-02-20T00:00:00Z", "uncertainty_m": null }, "geometry": { "type": "Point", "coordinates": [ 8.691434, 49.412827 ] } },
{ "type": "Feature", "properties": { "key": 4709483182, "species": "Troglodytes troglodytes", "scientificName": "Troglodytes troglodytes (Linnaeus, 1758)", "eventDate": "2023-02-13T00:00:00Z", "uncertainty_m": null }, "geometry": { "type": "Point", "coordinates": [ 8.640053, 49.44901 ] } },
{ "type": "Feature", "properties": { "key": 4709507494, "species": "Certhia brachydactyla", "scientificName": "Certhia brachydactyla C.L.Brehm, 1820", "eventDate": "2023-02-25T00:00:00Z", "uncertainty_m": null }, "geometry": { "type": "Point", "coordinates": [ 8.678938, 49.421394 ] } },
{ "type": "Feature", "properties": { "key": 4709675613, "species": "Buteo buteo", "scientificName": "Buteo buteo (Linnaeus, 1758)", "eventDate": "2023-02-16T00:00:00Z", "uncertainty_m": null }, "geometry": { "type": "Point", "coordinates": [ 8.673265, 49.459534 ] } },
{ "type": "Feature", "properties": { "key": 4709771710, "species": "Pica pica", "scientificName": "Pica pica (Linnaeus, 1758)", "eventDate": "2023-02-21T00:00:00Z", "uncertainty_m": null }, "geometry": { "type": "Point", "coordinates": [ 8.668163, 49.41085 ] } },
{ "type": "Feature", "properties": { "key": 4709836261, "species": "Branta canadensis", "scientificName": "Branta canadensis (Linnaeus, 1758)", "eventDate": "2023-02-19T00:00:00Z", "uncertainty_m": null }, "geometry": { "type": "Point", "coordinates": [ 8.678404, 49.415497 ] } },
{ "type": "Feature", "properties": { "key": 4709839708, "species": "Gallinula chloropus", "scientificName": "Gallinula chloropus (Linnaeus, 1758)", "eventDate": "2023-02-26T00:00:00Z", "uncertainty_m": null }, "geometry": { "type": "Point", "coordinates": [ 8.668163, 49.41085 ] } },
{ "type": "Feature", "properties": { "key": 4710000126, "species": "Garrulus glandarius", "scientificName": "Garrulus glandarius (Linnaeus, 1758)", "eventDate": "2023-02-21T00:00:00Z", "uncertainty_m": null }, "geometry": { "type": "Point", "coordinates": [ 8.665815, 49.425297 ] } },
{ "type": "Feature", "properties": { "key": 4710074562, "species": "Coccothraustes coccothraustes", "scientificName": "Coccothraustes coccothraustes (Linnaeus, 1758)", "eventDate": "2023-02-21T00:00:00Z", "uncertainty_m": null }, "geometry": { "type": "Point", "coordinates": [ 8.668163, 49.41085 ] } },
{ "type": "Feature", "properties": { "key": 4710106990, "species": "Columba palumbus", "scientificName": "Columba palumbus Linnaeus, 1758", "eventDate": "2023-02-04T00:00:00Z", "uncertainty_m": null }, "geometry": { "type": "Point", "coordinates": [ 8.678938, 49.421394 ] } },
{ "type": "Feature", "properties": { "key": 4710465778, "species": "Turdus merula", "scientificName": "Turdus merula Linnaeus, 1758", "eventDate": "2023-02-20T00:00:00Z", "uncertainty_m": null }, "geometry": { "type": "Point", "coordinates": [ 8.678938, 49.421394 ] } },
{ "type": "Feature", "properties": { "key": 4710542163, "species": "Psittacula krameri", "scientificName": "Psittacula krameri (Scopoli, 1769)", "eventDate": "2023-02-12T00:00:00Z", "uncertainty_m": null }, "geometry": { "type": "Point", "coordinates": [ 8.671026, 49.418015 ] } },
{ "type": "Feature", "properties": { "key": 4710576224, "species": "Corvus corone", "scientificName": "Corvus corone Linnaeus, 1758", "eventDate": "2023-02-25T00:00:00Z", "uncertainty_m": null }, "geometry": { "type": "Point", "coordinates": [ 8.615402, 49.49815 ] } },
{ "type": "Feature", "properties": { "key": 4710636958, "species": "Psittacula krameri", "scientificName": "Psittacula krameri (Scopoli, 1769)", "eventDate": "2023-02-17T00:00:00Z", "uncertainty_m": null }, "geometry": { "type": "Point", "coordinates": [ 8.678938, 49.421394 ] } },
{ "type": "Feature", "properties": { "key": 4710648031, "species": "Branta leucopsis", "scientificName": "Branta leucopsis (Bechstein, 1803)", "eventDate": "2023-02-20T00:00:00Z", "uncertainty_m": null }, "geometry": { "type": "Point", "coordinates": [ 8.691434, 49.412827 ] } },
{ "type": "Feature", "properties": { "key": 4710654936, "species": "Carduelis carduelis", "scientificName": "Carduelis carduelis (Linnaeus, 1758)", "eventDate": "2023-02-20T00:00:00Z", "uncertainty_m": null }, "geometry": { "type": "Point", "coordinates": [ 8.668163, 49.41085 ] } },
{ "type": "Feature", "properties": { "key": 4710676546, "species": "Aegithalos caudatus", "scientificName": "Aegithalos caudatus (Linnaeus, 1758)", "eventDate": "2023-02-19T00:00:00Z", "uncertainty_m": null }, "geometry": { "type": "Point", "coordinates": [ 8.678938, 49.421394 ] } },
{ "type": "Feature", "properties": { "key": 4710694754, "species": "Cyanistes caeruleus", "scientificName": "Cyanistes caeruleus (Linnaeus, 1758)", "eventDate": "2023-02-13T00:00:00Z", "uncertainty_m": null }, "geometry": { "type": "Point", "coordinates": [ 8.700556, 49.45739 ] } },
{ "type": "Feature", "properties": { "key": 4710725158, "species": "Turdus merula", "scientificName": "Turdus merula Linnaeus, 1758", "eventDate": "2023-02-28T00:00:00Z", "uncertainty_m": null }, "geometry": { "type": "Point", "coordinates": [ 8.678938, 49.421394 ] } },
{ "type": "Feature", "properties": { "key": 4710897527, "species": "Phalacrocorax carbo", "scientificName": "Phalacrocorax carbo (Linnaeus, 1758)", "eventDate": "2023-02-20T00:00:00Z", "uncertainty_m": null }, "geometry": { "type": "Point", "coordinates": [ 8.671026, 49.418015 ] } },
{ "type": "Feature", "properties": { "key": 4711058704, "species": "Columba livia", "scientificName": "Columba livia J.F.Gmelin, 1789", "eventDate": "2023-02-26T00:00:00Z", "uncertainty_m": null }, "geometry": { "type": "Point", "coordinates": [ 8.668163, 49.41085 ] } },
{ "type": "Feature", "properties": { "key": 4711286498, "species": "Chloris chloris", "scientificName": "Chloris chloris (Linnaeus, 1758)", "eventDate": "2023-02-26T00:00:00Z", "uncertainty_m": null }, "geometry": { "type": "Point", "coordinates": [ 8.678938, 49.421394 ] } },
{ "type": "Feature", "properties": { "key": 4711313406, "species": "Certhia brachydactyla", "scientificName": "Certhia brachydactyla C.L.Brehm, 1820", "eventDate": "2023-02-22T00:00:00Z", "uncertainty_m": null }, "geometry": { "type": "Point", "coordinates": [ 8.668163, 49.41085 ] } },
{ "type": "Feature", "properties": { "key": 4711313412, "species": "Picus viridis", "scientificName": "Picus viridis Linnaeus, 1758", "eventDate": "2023-02-20T00:00:00Z", "uncertainty_m": null }, "geometry": { "type": "Point", "coordinates": [ 8.673265, 49.459534 ] } },
{ "type": "Feature", "properties": { "key": 4711517608, "species": "Corvus corone", "scientificName": "Corvus corone Linnaeus, 1758", "eventDate": "2023-02-18T00:00:00Z", "uncertainty_m": null }, "geometry": { "type": "Point", "coordinates": [ 8.678938, 49.421394 ] } },
{ "type": "Feature", "properties": { "key": 4711517746, "species": "Picus viridis", "scientificName": "Picus viridis Linnaeus, 1758", "eventDate": "2023-02-18T00:00:00Z", "uncertainty_m": null }, "geometry": { "type": "Point", "coordinates": [ 8.668163, 49.41085 ] } },
{ "type": "Feature", "properties": { "key": 4711609432, "species": "Alcedo atthis", "scientificName": "Alcedo atthis (Linnaeus, 1758)", "eventDate": "2023-02-22T00:00:00Z", "uncertainty_m": null }, "geometry": { "type": "Point", "coordinates": [ 8.668163, 49.41085 ] } },
{ "type": "Feature", "properties": { "key": 4711609440, "species": "Ardea cinerea", "scientificName": "Ardea cinerea Linnaeus, 1758", "eventDate": "2023-02-19T00:00:00Z", "uncertainty_m": null }, "geometry": { "type": "Point", "coordinates": [ 8.599301, 49.47061 ] } },
{ "type": "Feature", "properties": { "key": 4711676413, "species": "Psittacula krameri", "scientificName": "Psittacula krameri (Scopoli, 1769)", "eventDate": "2023-02-21T00:00:00Z", "uncertainty_m": null }, "geometry": { "type": "Point", "coordinates": [ 8.668163, 49.41085 ] } },
{ "type": "Feature", "properties": { "key": 4711705002, "species": "Branta canadensis", "scientificName": "Branta canadensis (Linnaeus, 1758)", "eventDate": "2023-02-26T00:00:00Z", "uncertainty_m": null }, "geometry": { "type": "Point", "coordinates": [ 8.668163, 49.41085 ] } },
{ "type": "Feature", "properties": { "key": 4711884085, "species": "Turdus merula", "scientificName": "Turdus merula Linnaeus, 1758", "eventDate": "2023-02-24T00:00:00Z", "uncertainty_m": null }, "geometry": { "type": "Point", "coordinates": [ 8.678938, 49.421394 ] } },
{ "type": "Feature", "properties": { "key": 4711984940, "species": "Dendrocoptes medius", "scientificName": "Dendrocoptes medius (Linnaeus, 1758)", "eventDate": "2023-02-22T00:00:00Z", "uncertainty_m": null }, "geometry": { "type": "Point", "coordinates": [ 8.673265, 49.459534 ] } },
{ "type": "Feature", "properties": { "key": 4712023922, "species": "Troglodytes troglodytes", "scientificName": "Troglodytes troglodytes (Linnaeus, 1758)", "eventDate": "2023-02-26T00:00:00Z", "uncertainty_m": null }, "geometry": { "type": "Point", "coordinates": [ 8.678938, 49.421394 ] } },
{ "type": "Feature", "properties": { "key": 4712046496, "species": "Cyanistes caeruleus", "scientificName": "Cyanistes caeruleus (Linnaeus, 1758)", "eventDate": "2023-02-26T00:00:00Z", "uncertainty_m": null }, "geometry": { "type": "Point", "coordinates": [ 8.668953, 49.415203 ] } },
{ "type": "Feature", "properties": { "key": 4712072301, "species": "Pica pica", "scientificName": "Pica pica (Linnaeus, 1758)", "eventDate": "2023-02-24T00:00:00Z", "uncertainty_m": null }, "geometry": { "type": "Point", "coordinates": [ 8.580556, 49.38821 ] } },
{ "type": "Feature", "properties": { "key": 4712203576, "species": "Spinus spinus", "scientificName": "Spinus spinus (Linnaeus, 1758)", "eventDate": "2023-02-27T00:00:00Z", "uncertainty_m": null }, "geometry": { "type": "Point", "coordinates": [ 8.672848, 49.456497 ] } },
{ "type": "Feature", "properties": { "key": 4712311106, "species": "Fringilla coelebs", "scientificName": "Fringilla coelebs Linnaeus, 1758", "eventDate": "2023-02-22T00:00:00Z", "uncertainty_m": null }, "geometry": { "type": "Point", "coordinates": [ 8.673265, 49.459534 ] } },
{ "type": "Feature", "properties": { "key": 4712374008, "species": "Fringilla coelebs", "scientificName": "Fringilla coelebs Linnaeus, 1758", "eventDate": "2023-02-27T00:00:00Z", "uncertainty_m": null }, "geometry": { "type": "Point", "coordinates": [ 8.665815, 49.425297 ] } },
{ "type": "Feature", "properties": { "key": 4712559657, "species": "Sturnus vulgaris", "scientificName": "Sturnus vulgaris Linnaeus, 1758", "eventDate": "2023-02-25T00:00:00Z", "uncertainty_m": null }, "geometry": { "type": "Point", "coordinates": [ 8.615402, 49.49815 ] } },
{ "type": "Feature", "properties": { "key": 4712587082, "species": "Chloris chloris", "scientificName": "Chloris chloris (Linnaeus, 1758)", "eventDate": "2023-02-26T00:00:00Z", "uncertainty_m": null }, "geometry": { "type": "Point", "coordinates": [ 8.668953, 49.415203 ] } },
{ "type": "Feature", "properties": { "key": 4712820523, "species": "Parus major", "scientificName": "Parus major Linnaeus, 1758", "eventDate": "2023-02-25T00:00:00Z", "uncertainty_m": null }, "geometry": { "type": "Point", "coordinates": [ 8.678938, 49.421394 ] } },
{ "type": "Feature", "properties": { "key": 4712938721, "species": "Passer domesticus", "scientificName": "Passer domesticus (Linnaeus, 1758)", "eventDate": "2023-02-24T00:00:00Z", "uncertainty_m": null }, "geometry": { "type": "Point", "coordinates": [ 8.665815, 49.425297 ] } },
{ "type": "Feature", "properties": { "key": 4713124724, "species": "Regulus regulus", "scientificName": "Regulus regulus (Linnaeus, 1758)", "eventDate": "2023-02-03T00:00:00Z", "uncertainty_m": null }, "geometry": { "type": "Point", "coordinates": [ 8.707174, 49.431812 ] } },
{ "type": "Feature", "properties": { "key": 4713829892, "species": "Columba palumbus", "scientificName": "Columba palumbus Linnaeus, 1758", "eventDate": "2023-02-22T00:00:00Z", "uncertainty_m": null }, "geometry": { "type": "Point", "coordinates": [ 8.673265, 49.459534 ] } },
{ "type": "Feature", "properties": { "key": 4714284635, "species": "Coloeus monedula", "scientificName": "Coloeus monedula (Linnaeus, 1758)", "eventDate": "2023-02-20T00:00:00Z", "uncertainty_m": null }, "geometry": { "type": "Point", "coordinates": [ 8.672848, 49.456497 ] } },
{ "type": "Feature", "properties": { "key": 4714742863, "species": "Buteo buteo", "scientificName": "Buteo buteo (Linnaeus, 1758)", "eventDate": "2023-02-25T00:00:00Z", "uncertainty_m": null }, "geometry": { "type": "Point", "coordinates": [ 8.618639, 49.518192 ] } },
{ "type": "Feature", "properties": { "key": 4714948824, "species": "Picus viridis", "scientificName": "Picus viridis Linnaeus, 1758", "eventDate": "2023-02-25T00:00:00Z", "uncertainty_m": null }, "geometry": { "type": "Point", "coordinates": [ 8.605471, 49.466824 ] } },
{ "type": "Feature", "properties": { "key": 4714965211, "species": "Ardea alba", "scientificName": "Ardea alba Linnaeus, 1758", "eventDate": "2023-02-25T00:00:00Z", "uncertainty_m": null }, "geometry": { "type": "Point", "coordinates": [ 8.639581, 49.453114 ] } },
{ "type": "Feature", "properties": { "key": 4715202002, "species": "Turdus merula", "scientificName": "Turdus merula Linnaeus, 1758", "eventDate": "2023-02-22T00:00:00Z", "uncertainty_m": null }, "geometry": { "type": "Point", "coordinates": [ 8.673265, 49.459534 ] } },
{ "type": "Feature", "properties": { "key": 4715497397, "species": "Picus viridis", "scientificName": "Picus viridis Linnaeus, 1758", "eventDate": "2023-02-04T00:00:00Z", "uncertainty_m": null }, "geometry": { "type": "Point", "coordinates": [ 8.673265, 49.459534 ] } },
{ "type": "Feature", "properties": { "key": 4715629584, "species": "Corvus frugilegus", "scientificName": "Corvus frugilegus Linnaeus, 1758", "eventDate": "2023-02-25T00:00:00Z", "uncertainty_m": null }, "geometry": { "type": "Point", "coordinates": [ 8.605471, 49.466824 ] } },
{ "type": "Feature", "properties": { "key": 4716031112, "species": "Cyanistes caeruleus", "scientificName": "Cyanistes caeruleus (Linnaeus, 1758)", "eventDate": "2023-02-12T00:00:00Z", "uncertainty_m": null }, "geometry": { "type": "Point", "coordinates": [ 8.678938, 49.421394 ] } },
{ "type": "Feature", "properties": { "key": 4716682768, "species": "Linaria cannabina", "scientificName": "Linaria cannabina (Linnaeus, 1758)", "eventDate": "2023-02-24T00:00:00Z", "uncertainty_m": null }, "geometry": { "type": "Point", "coordinates": [ 8.665815, 49.425297 ] } },
{ "type": "Feature", "properties": { "key": 4724544204, "species": "Passer domesticus", "scientificName": "Passer domesticus (Linnaeus, 1758)", "eventDate": "2023-02-13T00:00:00Z", "uncertainty_m": null }, "geometry": { "type": "Point", "coordinates": [ 8.640053, 49.44901 ] } },
{ "type": "Feature", "properties": { "key": 4725541776, "species": "Parus major", "scientificName": "Parus major Linnaeus, 1758", "eventDate": "2023-02-13T00:00:00Z", "uncertainty_m": null }, "geometry": { "type": "Point", "coordinates": [ 8.700556, 49.45739 ] } },
{ "type": "Feature", "properties": { "key": 4726255806, "species": "Branta leucopsis", "scientificName": "Branta leucopsis (Bechstein, 1803)", "eventDate": "2023-02-18T00:00:00Z", "uncertainty_m": null }, "geometry": { "type": "Point", "coordinates": [ 8.668163, 49.41085 ] } },
{ "type": "Feature", "properties": { "key": 4727528150, "species": "Cyanistes caeruleus", "scientificName": "Cyanistes caeruleus (Linnaeus, 1758)", "eventDate": "2023-02-04T00:00:00Z", "uncertainty_m": null }, "geometry": { "type": "Point", "coordinates": [ 8.673265, 49.459534 ] } },
{ "type": "Feature", "properties": { "key": 4728363561, "species": "Ardea alba", "scientificName": "Ardea alba Linnaeus, 1758", "eventDate": "2023-02-19T00:00:00Z", "uncertainty_m": null }, "geometry": { "type": "Point", "coordinates": [ 8.639581, 49.453114 ] } },
{ "type": "Feature", "properties": { "key": 4729061826, "species": "Parus major", "scientificName": "Parus major Linnaeus, 1758", "eventDate": "2023-02-13T00:00:00Z", "uncertainty_m": null }, "geometry": { "type": "Point", "coordinates": [ 8.673265, 49.459534 ] } },
{ "type": "Feature", "properties": { "key": 4729940306, "species": "Anser anser", "scientificName": "Anser anser (Linnaeus, 1758)", "eventDate": "2023-02-15T00:00:00Z", "uncertainty_m": null }, "geometry": { "type": "Point", "coordinates": [ 8.611779, 49.454887 ] } },
{ "type": "Feature", "properties": { "key": 4732025873, "species": "Poecile palustris", "scientificName": "Poecile palustris (Linnaeus, 1758)", "eventDate": "2023-02-03T00:00:00Z", "uncertainty_m": null }, "geometry": { "type": "Point", "coordinates": [ 8.707174, 49.431812 ] } },
{ "type": "Feature", "properties": { "key": 4732376548, "species": "Anser cygnoides", "scientificName": "Anser cygnoides (Linnaeus, 1758)", "eventDate": "2023-02-13T00:00:00Z", "uncertainty_m": null }, "geometry": { "type": "Point", "coordinates": [ 8.691434, 49.412827 ] } },
{ "type": "Feature", "properties": { "key": 4733646318, "species": "Branta canadensis", "scientificName": "Branta canadensis (Linnaeus, 1758)", "eventDate": "2023-02-22T00:00:00Z", "uncertainty_m": null }, "geometry": { "type": "Point", "coordinates": [ 8.668163, 49.41085 ] } },
{ "type": "Feature", "properties": { "key": 4733646324, "species": "Parus major", "scientificName": "Parus major Linnaeus, 1758", "eventDate": "2023-02-20T00:00:00Z", "uncertainty_m": null }, "geometry": { "type": "Point", "coordinates": [ 8.673265, 49.459534 ] } },
{ "type": "Feature", "properties": { "key": 4733681561, "species": "Parus major", "scientificName": "Parus major Linnaeus, 1758", "eventDate": "2023-02-17T00:00:00Z", "uncertainty_m": null }, "geometry": { "type": "Point", "coordinates": [ 8.678938, 49.421394 ] } },
{ "type": "Feature", "properties": { "key": 4734397743, "species": "Troglodytes troglodytes", "scientificName": "Troglodytes troglodytes (Linnaeus, 1758)", "eventDate": "2023-02-04T00:00:00Z", "uncertainty_m": null }, "geometry": { "type": "Point", "coordinates": [ 8.673265, 49.459534 ] } },
{ "type": "Feature", "properties": { "key": 4735854044, "species": "Turdus philomelos", "scientificName": "Turdus philomelos C.L.Brehm, 1831", "eventDate": "2023-02-15T00:00:00Z", "uncertainty_m": null }, "geometry": { "type": "Point", "coordinates": [ 8.662385, 49.429916 ] } },
{ "type": "Feature", "properties": { "key": 4736066971, "species": "Strix aluco", "scientificName": "Strix aluco Linnaeus, 1758", "eventDate": "2023-02-03T00:00:00Z", "uncertainty_m": null }, "geometry": { "type": "Point", "coordinates": [ 8.707174, 49.431812 ] } },
{ "type": "Feature", "properties": { "key": 4737691848, "species": "Columba palumbus", "scientificName": "Columba palumbus Linnaeus, 1758", "eventDate": "2023-02-03T00:00:00Z", "uncertainty_m": null }, "geometry": { "type": "Point", "coordinates": [ 8.707174, 49.431812 ] } },
{ "type": "Feature", "properties": { "key": 4738647176, "species": "Corvus corone", "scientificName": "Corvus corone Linnaeus, 1758", "eventDate": "2023-02-26T00:00:00Z", "uncertainty_m": null }, "geometry": { "type": "Point", "coordinates": [ 8.668163, 49.41085 ] } },
{ "type": "Feature", "properties": { "key": 4739130704, "species": "Erithacus rubecula", "scientificName": "Erithacus rubecula (Linnaeus, 1758)", "eventDate": "2023-02-12T00:00:00Z", "uncertainty_m": null }, "geometry": { "type": "Point", "coordinates": [ 8.678938, 49.421394 ] } },
{ "type": "Feature", "properties": { "key": 4739508200, "species": "Spinus spinus", "scientificName": "Spinus spinus (Linnaeus, 1758)", "eventDate": "2023-02-14T00:00:00Z", "uncertainty_m": null }, "geometry": { "type": "Point", "coordinates": [ 8.674822, 49.476784 ] } },
{ "type": "Feature", "properties": { "key": 4739998511, "species": "Corvus corone", "scientificName": "Corvus corone Linnaeus, 1758", "eventDate": "2023-02-15T00:00:00Z", "uncertainty_m": null }, "geometry": { "type": "Point", "coordinates": [ 8.624862, 49.455822 ] } },
{ "type": "Feature", "properties": { "key": 4740044025, "species": "Erithacus rubecula", "scientificName": "Erithacus rubecula (Linnaeus, 1758)", "eventDate": "2023-02-15T00:00:00Z", "uncertainty_m": null }, "geometry": { "type": "Point", "coordinates": [ 8.624862, 49.455822 ] } },
{ "type": "Feature", "properties": { "key": 4740272272, "species": "Cyanistes caeruleus", "scientificName": "Cyanistes caeruleus (Linnaeus, 1758)", "eventDate": "2023-02-16T00:00:00Z", "uncertainty_m": null }, "geometry": { "type": "Point", "coordinates": [ 8.671378, 49.47071 ] } },
{ "type": "Feature", "properties": { "key": 4742633932, "species": "Corvus corone", "scientificName": "Corvus corone Linnaeus, 1758", "eventDate": "2023-02-20T00:00:00Z", "uncertainty_m": null }, "geometry": { "type": "Point", "coordinates": [ 8.668163, 49.41085 ] } },
{ "type": "Feature", "properties": { "key": 4743244045, "species": "Ardea alba", "scientificName": "Ardea alba Linnaeus, 1758", "eventDate": "2023-02-21T00:00:00Z", "uncertainty_m": null }, "geometry": { "type": "Point", "coordinates": [ 8.668163, 49.41085 ] } },
{ "type": "Feature", "properties": { "key": 4743681000, "species": "Passer domesticus", "scientificName": "Passer domesticus (Linnaeus, 1758)", "eventDate": "2023-02-09T00:00:00Z", "uncertainty_m": null }, "geometry": { "type": "Point", "coordinates": [ 8.671378, 49.47071 ] } },
{ "type": "Feature", "properties": { "key": 4743772036, "species": "Sturnus vulgaris", "scientificName": "Sturnus vulgaris Linnaeus, 1758", "eventDate": "2023-02-24T00:00:00Z", "uncertainty_m": null }, "geometry": { "type": "Point", "coordinates": [ 8.665815, 49.425297 ] } },
{ "type": "Feature", "properties": { "key": 4747643406, "species": "Turdus merula", "scientificName": "Turdus merula Linnaeus, 1758", "eventDate": "2023-02-19T00:00:00Z", "uncertainty_m": null }, "geometry": { "type": "Point", "coordinates": [ 8.678938, 49.421394 ] } },
{ "type": "Feature", "properties": { "key": 4752051436, "species": "Fringilla coelebs", "scientificName": "Fringilla coelebs Linnaeus, 1758", "eventDate": "2023-02-18T00:00:00Z", "uncertainty_m": null }, "geometry": { "type": "Point", "coordinates": [ 8.668163, 49.41085 ] } },
{ "type": "Feature", "properties": { "key": 4753610070, "species": "Passer domesticus", "scientificName": "Passer domesticus (Linnaeus, 1758)", "eventDate": "2023-02-17T00:00:00Z", "uncertainty_m": null }, "geometry": { "type": "Point", "coordinates": [ 8.678938, 49.421394 ] } },
{ "type": "Feature", "properties": { "key": 4754402509, "species": "Falco tinnunculus", "scientificName": "Falco tinnunculus Linnaeus, 1758", "eventDate": "2023-02-15T00:00:00Z", "uncertainty_m": null }, "geometry": { "type": "Point", "coordinates": [ 8.662766, 49.449574 ] } },
{ "type": "Feature", "properties": { "key": 4754402510, "species": "Coccothraustes coccothraustes", "scientificName": "Coccothraustes coccothraustes (Linnaeus, 1758)", "eventDate": "2023-02-10T00:00:00Z", "uncertainty_m": null }, "geometry": { "type": "Point", "coordinates": [ 8.673265, 49.459534 ] } },
{ "type": "Feature", "properties": { "key": 4756363763, "species": "Carduelis carduelis", "scientificName": "Carduelis carduelis (Linnaeus, 1758)", "eventDate": "2023-02-10T00:00:00Z", "uncertainty_m": null }, "geometry": { "type": "Point", "coordinates": [ 8.673265, 49.459534 ] } },
{ "type": "Feature", "properties": { "key": 4756944188, "species": "Columba palumbus", "scientificName": "Columba palumbus Linnaeus, 1758", "eventDate": "2023-02-16T00:00:00Z", "uncertainty_m": null }, "geometry": { "type": "Point", "coordinates": [ 8.678938, 49.421394 ] } },
{ "type": "Feature", "properties": { "key": 4757003893, "species": "Chloris chloris", "scientificName": "Chloris chloris (Linnaeus, 1758)", "eventDate": "2023-02-02T00:00:00Z", "uncertainty_m": null }, "geometry": { "type": "Point", "coordinates": [ 8.665815, 49.425297 ] } },
{ "type": "Feature", "properties": { "key": 4759325953, "species": "Erithacus rubecula", "scientificName": "Erithacus rubecula (Linnaeus, 1758)", "eventDate": "2023-02-19T00:00:00Z", "uncertainty_m": null }, "geometry": { "type": "Point", "coordinates": [ 8.678938, 49.421394 ] } },
{ "type": "Feature", "properties": { "key": 4759602932, "species": "Anser brachyrhynchus", "scientificName": "Anser brachyrhynchus Baillon, 1834", "eventDate": "2023-02-13T00:00:00Z", "uncertainty_m": null }, "geometry": { "type": "Point", "coordinates": [ 8.691434, 49.412827 ] } },
{ "type": "Feature", "properties": { "key": 4761993877, "species": "Parus major", "scientificName": "Parus major Linnaeus, 1758", "eventDate": "2023-02-03T00:00:00Z", "uncertainty_m": null }, "geometry": { "type": "Point", "coordinates": [ 8.707174, 49.431812 ] } },
{ "type": "Feature", "properties": { "key": 4763277449, "species": "Branta canadensis", "scientificName": "Branta canadensis (Linnaeus, 1758)", "eventDate": "2023-02-13T00:00:00Z", "uncertainty_m": null }, "geometry": { "type": "Point", "coordinates": [ 8.691434, 49.412827 ] } },
{ "type": "Feature", "properties": { "key": 4763878646, "species": "Sturnus vulgaris", "scientificName": "Sturnus vulgaris Linnaeus, 1758", "eventDate": "2023-02-25T00:00:00Z", "uncertainty_m": null }, "geometry": { "type": "Point", "coordinates": [ 8.618639, 49.518192 ] } },
{ "type": "Feature", "properties": { "key": 4764392465, "species": "Passer domesticus", "scientificName": "Passer domesticus (Linnaeus, 1758)", "eventDate": "2023-02-17T00:00:00Z", "uncertainty_m": null }, "geometry": { "type": "Point", "coordinates": [ 8.678938, 49.421394 ] } },
{ "type": "Feature", "properties": { "key": 4764826749, "species": "Corvus frugilegus", "scientificName": "Corvus frugilegus Linnaeus, 1758", "eventDate": "2023-02-02T00:00:00Z", "uncertainty_m": null }, "geometry": { "type": "Point", "coordinates": [ 8.665815, 49.425297 ] } },
{ "type": "Feature", "properties": { "key": 4765076270, "species": "Turdus merula", "scientificName": "Turdus merula Linnaeus, 1758", "eventDate": "2023-02-15T00:00:00Z", "uncertainty_m": null }, "geometry": { "type": "Point", "coordinates": [ 8.678938, 49.421394 ] } },
{ "type": "Feature", "properties": { "key": 4765096664, "species": "Turdus merula", "scientificName": "Turdus merula Linnaeus, 1758", "eventDate": "2023-02-12T00:00:00Z", "uncertainty_m": null }, "geometry": { "type": "Point", "coordinates": [ 8.678938, 49.421394 ] } },
{ "type": "Feature", "properties": { "key": 4765572016, "species": "Parus major", "scientificName": "Parus major Linnaeus, 1758", "eventDate": "2023-02-21T00:00:00Z", "uncertainty_m": null }, "geometry": { "type": "Point", "coordinates": [ 8.668163, 49.41085 ] } },
{ "type": "Feature", "properties": { "key": 4765933028, "species": "Chloris chloris", "scientificName": "Chloris chloris (Linnaeus, 1758)", "eventDate": "2023-02-01T00:00:00Z", "uncertainty_m": null }, "geometry": { "type": "Point", "coordinates": [ 8.668163, 49.41085 ] } },
{ "type": "Feature", "properties": { "key": 4766057444, "species": "Coccothraustes coccothraustes", "scientificName": "Coccothraustes coccothraustes (Linnaeus, 1758)", "eventDate": "2023-02-01T00:00:00Z", "uncertainty_m": null }, "geometry": { "type": "Point", "coordinates": [ 8.672848, 49.456497 ] } },
{ "type": "Feature", "properties": { "key": 4766097037, "species": "Branta canadensis", "scientificName": "Branta canadensis (Linnaeus, 1758)", "eventDate": "2023-02-15T00:00:00Z", "uncertainty_m": null }, "geometry": { "type": "Point", "coordinates": [ 8.624862, 49.455822 ] } },
{ "type": "Feature", "properties": { "key": 4766468660, "species": "Linaria cannabina", "scientificName": "Linaria cannabina (Linnaeus, 1758)", "eventDate": "2023-02-04T00:00:00Z", "uncertainty_m": null }, "geometry": { "type": "Point", "coordinates": [ 8.673265, 49.459534 ] } },
{ "type": "Feature", "properties": { "key": 4766589418, "species": "Erithacus rubecula", "scientificName": "Erithacus rubecula (Linnaeus, 1758)", "eventDate": "2023-02-28T00:00:00Z", "uncertainty_m": null }, "geometry": { "type": "Point", "coordinates": [ 8.678938, 49.421394 ] } },
{ "type": "Feature", "properties": { "key": 4766616302, "species": "Troglodytes troglodytes", "scientificName": "Troglodytes troglodytes (Linnaeus, 1758)", "eventDate": "2023-02-16T00:00:00Z", "uncertainty_m": null }, "geometry": { "type": "Point", "coordinates": [ 8.671378, 49.47071 ] } },
{ "type": "Feature", "properties": { "key": 4766923894, "species": "Anas platyrhynchos", "scientificName": "Anas platyrhynchos Linnaeus, 1758", "eventDate": "2023-02-01T00:00:00Z", "uncertainty_m": null }, "geometry": { "type": "Point", "coordinates": [ 8.668163, 49.41085 ] } },
{ "type": "Feature", "properties": { "key": 4766951863, "species": "Erithacus rubecula", "scientificName": "Erithacus rubecula (Linnaeus, 1758)", "eventDate": "2023-02-12T00:00:00Z", "uncertainty_m": null }, "geometry": { "type": "Point", "coordinates": [ 8.678938, 49.421394 ] } },
{ "type": "Feature", "properties": { "key": 4766952254, "species": "Ardea alba", "scientificName": "Ardea alba Linnaeus, 1758", "eventDate": "2023-02-12T00:00:00Z", "uncertainty_m": null }, "geometry": { "type": "Point", "coordinates": [ 8.668163, 49.41085 ] } },
{ "type": "Feature", "properties": { "key": 4766982303, "species": "Cyanistes caeruleus", "scientificName": "Cyanistes caeruleus (Linnaeus, 1758)", "eventDate": "2023-02-20T00:00:00Z", "uncertainty_m": null }, "geometry": { "type": "Point", "coordinates": [ 8.687877, 49.49592 ] } },
{ "type": "Feature", "properties": { "key": 4767244333, "species": "Cyanistes caeruleus", "scientificName": "Cyanistes caeruleus (Linnaeus, 1758)", "eventDate": "2023-02-12T00:00:00Z", "uncertainty_m": null }, "geometry": { "type": "Point", "coordinates": [ 8.671026, 49.418015 ] } },
{ "type": "Feature", "properties": { "key": 4767420168, "species": "Corvus corone", "scientificName": "Corvus corone Linnaeus, 1758", "eventDate": "2023-02-02T00:00:00Z", "uncertainty_m": null }, "geometry": { "type": "Point", "coordinates": [ 8.665815, 49.425297 ] } },
{ "type": "Feature", "properties": { "key": 4767453247, "species": "Fringilla coelebs", "scientificName": "Fringilla coelebs Linnaeus, 1758", "eventDate": "2023-02-16T00:00:00Z", "uncertainty_m": null }, "geometry": { "type": "Point", "coordinates": [ 8.678938, 49.421394 ] } },
{ "type": "Feature", "properties": { "key": 4767577811, "species": "Anas platyrhynchos", "scientificName": "Anas platyrhynchos Linnaeus, 1758", "eventDate": "2023-02-02T00:00:00Z", "uncertainty_m": null }, "geometry": { "type": "Point", "coordinates": [ 8.665815, 49.425297 ] } },
{ "type": "Feature", "properties": { "key": 4767683297, "species": "Fringilla coelebs", "scientificName": "Fringilla coelebs Linnaeus, 1758", "eventDate": "2023-02-23T00:00:00Z", "uncertainty_m": null }, "geometry": { "type": "Point", "coordinates": [ 8.678938, 49.421394 ] } },
{ "type": "Feature", "properties": { "key": 4767738895, "species": "Erithacus rubecula", "scientificName": "Erithacus rubecula (Linnaeus, 1758)", "eventDate": "2023-02-14T00:00:00Z", "uncertainty_m": null }, "geometry": { "type": "Point", "coordinates": [ 8.679246, 49.469124 ] } },
{ "type": "Feature", "properties": { "key": 4767868937, "species": "Cyanistes caeruleus", "scientificName": "Cyanistes caeruleus (Linnaeus, 1758)", "eventDate": "2023-02-21T00:00:00Z", "uncertainty_m": null }, "geometry": { "type": "Point", "coordinates": [ 8.668163, 49.41085 ] } },
{ "type": "Feature", "properties": { "key": 4767914762, "species": "Passer domesticus", "scientificName": "Passer domesticus (Linnaeus, 1758)", "eventDate": "2023-02-11T00:00:00Z", "uncertainty_m": null }, "geometry": { "type": "Point", "coordinates": [ 8.678938, 49.421394 ] } },
{ "type": "Feature", "properties": { "key": 4767936414, "species": "Periparus ater", "scientificName": "Periparus ater (Linnaeus, 1758)", "eventDate": "2023-02-13T00:00:00Z", "uncertainty_m": null }, "geometry": { "type": "Point", "coordinates": [ 8.673265, 49.459534 ] } },
{ "type": "Feature", "properties": { "key": 4767977130, "species": "Falco tinnunculus", "scientificName": "Falco tinnunculus Linnaeus, 1758", "eventDate": "2023-02-15T00:00:00Z", "uncertainty_m": null }, "geometry": { "type": "Point", "coordinates": [ 8.611779, 49.454887 ] } },
{ "type": "Feature", "properties": { "key": 4767977284, "species": "Parus major", "scientificName": "Parus major Linnaeus, 1758", "eventDate": "2023-02-15T00:00:00Z", "uncertainty_m": null }, "geometry": { "type": "Point", "coordinates": [ 8.639581, 49.453114 ] } },
{ "type": "Feature", "properties": { "key": 4768065301, "species": "Turdus philomelos", "scientificName": "Turdus philomelos C.L.Brehm, 1831", "eventDate": "2023-02-17T00:00:00Z", "uncertainty_m": null }, "geometry": { "type": "Point", "coordinates": [ 8.678938, 49.421394 ] } },
{ "type": "Feature", "properties": { "key": 4768098568, "species": "Passer domesticus", "scientificName": "Passer domesticus (Linnaeus, 1758)", "eventDate": "2023-02-28T00:00:00Z", "uncertainty_m": null }, "geometry": { "type": "Point", "coordinates": [ 8.678938, 49.421394 ] } },
{ "type": "Feature", "properties": { "key": 4768162935, "species": "Columba livia", "scientificName": "Columba livia J.F.Gmelin, 1789", "eventDate": "2023-02-18T00:00:00Z", "uncertainty_m": null }, "geometry": { "type": "Point", "coordinates": [ 8.668163, 49.41085 ] } },
{ "type": "Feature", "properties": { "key": 4768498885, "species": "Psittacula krameri", "scientificName": "Psittacula krameri (Scopoli, 1769)", "eventDate": "2023-02-15T00:00:00Z", "uncertainty_m": null }, "geometry": { "type": "Point", "coordinates": [ 8.611779, 49.454887 ] } },
{ "type": "Feature", "properties": { "key": 4768548798, "species": "Parus major", "scientificName": "Parus major Linnaeus, 1758", "eventDate": "2023-02-25T00:00:00Z", "uncertainty_m": null }, "geometry": { "type": "Point", "coordinates": [ 8.605471, 49.466824 ] } },
{ "type": "Feature", "properties": { "key": 4768630205, "species": "Emberiza cirlus", "scientificName": "Emberiza cirlus Linnaeus, 1767", "eventDate": "2023-02-13T00:00:00Z", "uncertainty_m": null }, "geometry": { "type": "Point", "coordinates": [ 8.673265, 49.459534 ] } },
{ "type": "Feature", "properties": { "key": 4768693069, "species": "Chroicocephalus ridibundus", "scientificName": "Chroicocephalus ridibundus (Linnaeus, 1766)", "eventDate": "2023-02-20T00:00:00Z", "uncertainty_m": null }, "geometry": { "type": "Point", "coordinates": [ 8.668163, 49.41085 ] } },
{ "type": "Feature", "properties": { "key": 4768904204, "species": "Parus major", "scientificName": "Parus major Linnaeus, 1758", "eventDate": "2023-02-02T00:00:00Z", "uncertainty_m": null }, "geometry": { "type": "Point", "coordinates": [ 8.665815, 49.425297 ] } },
{ "type": "Feature", "properties": { "key": 4769135191, "species": "Buteo buteo", "scientificName": "Buteo buteo (Linnaeus, 1758)", "eventDate": "2023-02-13T00:00:00Z", "uncertainty_m": null }, "geometry": { "type": "Point", "coordinates": [ 8.673265, 49.459534 ] } },
{ "type": "Feature", "properties": { "key": 4769198050, "species": "Psittacula krameri", "scientificName": "Psittacula krameri (Scopoli, 1769)", "eventDate": "2023-02-19T00:00:00Z", "uncertainty_m": null }, "geometry": { "type": "Point", "coordinates": [ 8.678938, 49.421394 ] } },
{ "type": "Feature", "properties": { "key": 4769329976, "species": "Branta canadensis", "scientificName": "Branta canadensis (Linnaeus, 1758)", "eventDate": "2023-02-12T00:00:00Z", "uncertainty_m": null }, "geometry": { "type": "Point", "coordinates": [ 8.678938, 49.421394 ] } },
{ "type": "Feature", "properties": { "key": 4769611371, "species": "Branta canadensis", "scientificName": "Branta canadensis (Linnaeus, 1758)", "eventDate": "2023-02-12T00:00:00Z", "uncertainty_m": null }, "geometry": { "type": "Point", "coordinates": [ 8.668163, 49.41085 ] } },
{ "type": "Feature", "properties": { "key": 4769933689, "species": "Coloeus monedula", "scientificName": "Coloeus monedula (Linnaeus, 1758)", "eventDate": "2023-02-05T00:00:00Z", "uncertainty_m": null }, "geometry": { "type": "Point", "coordinates": [ 8.692249, 49.40634 ] } },
{ "type": "Feature", "properties": { "key": 4770170027, "species": "Sitta europaea", "scientificName": "Sitta europaea Linnaeus, 1758", "eventDate": "2023-02-14T00:00:00Z", "uncertainty_m": null }, "geometry": { "type": "Point", "coordinates": [ 8.679246, 49.469124 ] } },
{ "type": "Feature", "properties": { "key": 4770359279, "species": "Turdus merula", "scientificName": "Turdus merula Linnaeus, 1758", "eventDate": "2023-02-15T00:00:00Z", "uncertainty_m": null }, "geometry": { "type": "Point", "coordinates": [ 8.611779, 49.454887 ] } },
{ "type": "Feature", "properties": { "key": 4770390700, "species": "Carduelis carduelis", "scientificName": "Carduelis carduelis (Linnaeus, 1758)", "eventDate": "2023-02-02T00:00:00Z", "uncertainty_m": null }, "geometry": { "type": "Point", "coordinates": [ 8.665815, 49.425297 ] } },
{ "type": "Feature", "properties": { "key": 4770497731, "species": "Corvus frugilegus", "scientificName": "Corvus frugilegus Linnaeus, 1758", "eventDate": "2023-02-15T00:00:00Z", "uncertainty_m": null }, "geometry": { "type": "Point", "coordinates": [ 8.665815, 49.425297 ] } },
{ "type": "Feature", "properties": { "key": 4770578312, "species": "Columba livia", "scientificName": "Columba livia J.F.Gmelin, 1789", "eventDate": "2023-02-21T00:00:00Z", "uncertainty_m": null }, "geometry": { "type": "Point", "coordinates": [ 8.668163, 49.41085 ] } },
{ "type": "Feature", "properties": { "key": 4770619427, "species": "Ardea alba", "scientificName": "Ardea alba Linnaeus, 1758", "eventDate": "2023-02-15T00:00:00Z", "uncertainty_m": null }, "geometry": { "type": "Point", "coordinates": [ 8.639581, 49.453114 ] } },
{ "type": "Feature", "properties": { "key": 4770693796, "species": "Cyanistes caeruleus", "scientificName": "Cyanistes caeruleus (Linnaeus, 1758)", "eventDate": "2023-02-08T00:00:00Z", "uncertainty_m": null }, "geometry": { "type": "Point", "coordinates": [ 8.640053, 49.44901 ] } },
{ "type": "Feature", "properties": { "key": 4770720812, "species": "Columba livia", "scientificName": "Columba livia J.F.Gmelin, 1789", "eventDate": "2023-02-13T00:00:00Z", "uncertainty_m": null }, "geometry": { "type": "Point", "coordinates": [ 8.691434, 49.412827 ] } },
{ "type": "Feature", "properties": { "key": 4770890095, "species": "Alcedo atthis", "scientificName": "Alcedo atthis (Linnaeus, 1758)", "eventDate": "2023-02-13T00:00:00Z", "uncertainty_m": null }, "geometry": { "type": "Point", "coordinates": [ 8.691434, 49.412827 ] } },
{ "type": "Feature", "properties": { "key": 4771321644, "species": "Branta canadensis", "scientificName": "Branta canadensis (Linnaeus, 1758)", "eventDate": "2023-02-25T00:00:00Z", "uncertainty_m": null }, "geometry": { "type": "Point", "coordinates": [ 8.618639, 49.518192 ] } },
{ "type": "Feature", "properties": { "key": 4771323799, "species": "Chroicocephalus ridibundus", "scientificName": "Chroicocephalus ridibundus (Linnaeus, 1766)", "eventDate": "2023-02-12T00:00:00Z", "uncertainty_m": null }, "geometry": { "type": "Point", "coordinates": [ 8.668163, 49.41085 ] } },
{ "type": "Feature", "properties": { "key": 4771357608, "species": "Chroicocephalus ridibundus", "scientificName": "Chroicocephalus ridibundus (Linnaeus, 1766)", "eventDate": "2023-02-01T00:00:00Z", "uncertainty_m": null }, "geometry": { "type": "Point", "coordinates": [ 8.668163, 49.41085 ] } },
{ "type": "Feature", "properties": { "key": 4771386074, "species": "Turdus viscivorus", "scientificName": "Turdus viscivorus Linnaeus, 1758", "eventDate": "2023-02-14T00:00:00Z", "uncertainty_m": null }, "geometry": { "type": "Point", "coordinates": [ 8.679246, 49.469124 ] } },
{ "type": "Feature", "properties": { "key": 4771498912, "species": "Troglodytes troglodytes", "scientificName": "Troglodytes troglodytes (Linnaeus, 1758)", "eventDate": "2023-02-03T00:00:00Z", "uncertainty_m": null }, "geometry": { "type": "Point", "coordinates": [ 8.707174, 49.431812 ] } },
{ "type": "Feature", "properties": { "key": 4771502751, "species": "Dendrocoptes medius", "scientificName": "Dendrocoptes medius (Linnaeus, 1758)", "eventDate": "2023-02-13T00:00:00Z", "uncertainty_m": null }, "geometry": { "type": "Point", "coordinates": [ 8.673265, 49.459534 ] } },
{ "type": "Feature", "properties": { "key": 4771643409, "species": "Parus major", "scientificName": "Parus major Linnaeus, 1758", "eventDate": "2023-02-21T00:00:00Z", "uncertainty_m": null }, "geometry": { "type": "Point", "coordinates": [ 8.665815, 49.425297 ] } },
{ "type": "Feature", "properties": { "key": 4771651294, "species": "Milvus milvus", "scientificName": "Milvus milvus (Linnaeus, 1758)", "eventDate": "2023-02-15T00:00:00Z", "uncertainty_m": null }, "geometry": { "type": "Point", "coordinates": [ 8.611779, 49.454887 ] } },
{ "type": "Feature", "properties": { "key": 4771678190, "species": "Dendrocopos major", "scientificName": "Dendrocopos major (Linnaeus, 1758)", "eventDate": "2023-02-13T00:00:00Z", "uncertainty_m": null }, "geometry": { "type": "Point", "coordinates": [ 8.673265, 49.459534 ] } },
{ "type": "Feature", "properties": { "key": 4771746949, "species": "Erithacus rubecula", "scientificName": "Erithacus rubecula (Linnaeus, 1758)", "eventDate": "2023-02-21T00:00:00Z", "uncertainty_m": null }, "geometry": { "type": "Point", "coordinates": [ 8.665815, 49.425297 ] } },
{ "type": "Feature", "properties": { "key": 4771786224, "species": "Buteo buteo", "scientificName": "Buteo buteo (Linnaeus, 1758)", "eventDate": "2023-02-04T00:00:00Z", "uncertainty_m": null }, "geometry": { "type": "Point", "coordinates": [ 8.673265, 49.459534 ] } },
{ "type": "Feature", "properties": { "key": 4771966232, "species": "Columba livia", "scientificName": "Columba livia J.F.Gmelin, 1789", "eventDate": "2023-02-15T00:00:00Z", "uncertainty_m": null }, "geometry": { "type": "Point", "coordinates": [ 8.611779, 49.454887 ] } },
{ "type": "Feature", "properties": { "key": 4772071080, "species": "Turdus merula", "scientificName": "Turdus merula Linnaeus, 1758", "eventDate": "2023-02-17T00:00:00Z", "uncertainty_m": null }, "geometry": { "type": "Point", "coordinates": [ 8.678938, 49.421394 ] } },
{ "type": "Feature", "properties": { "key": 4772100843, "species": "Picus viridis", "scientificName": "Picus viridis Linnaeus, 1758", "eventDate": "2023-02-12T00:00:00Z", "uncertainty_m": null }, "geometry": { "type": "Point", "coordinates": [ 8.678938, 49.421394 ] } },
{ "type": "Feature", "properties": { "key": 4772223678, "species": "Pica pica", "scientificName": "Pica pica (Linnaeus, 1758)", "eventDate": "2023-02-13T00:00:00Z", "uncertainty_m": null }, "geometry": { "type": "Point", "coordinates": [ 8.673265, 49.459534 ] } },
{ "type": "Feature", "properties": { "key": 4772391329, "species": "Alopochen aegyptiaca", "scientificName": "Alopochen aegyptiaca (Linnaeus, 1766)", "eventDate": "2023-02-22T00:00:00Z", "uncertainty_m": null }, "geometry": { "type": "Point", "coordinates": [ 8.668163, 49.41085 ] } },
{ "type": "Feature", "properties": { "key": 4772483251, "species": "Parus major", "scientificName": "Parus major Linnaeus, 1758", "eventDate": "2023-02-27T00:00:00Z", "uncertainty_m": null }, "geometry": { "type": "Point", "coordinates": [ 8.665815, 49.425297 ] } },
{ "type": "Feature", "properties": { "key": 4772652131, "species": "Picus viridis", "scientificName": "Picus viridis Linnaeus, 1758", "eventDate": "2023-02-15T00:00:00Z", "uncertainty_m": null }, "geometry": { "type": "Point", "coordinates": [ 8.611779, 49.454887 ] } },
{ "type": "Feature", "properties": { "key": 4772936598, "species": "Parus major", "scientificName": "Parus major Linnaeus, 1758", "eventDate": "2023-02-24T00:00:00Z", "uncertainty_m": null }, "geometry": { "type": "Point", "coordinates": [ 8.580556, 49.38821 ] } },
{ "type": "Feature", "properties": { "key": 4773238000, "species": "Columba palumbus", "scientificName": "Columba palumbus Linnaeus, 1758", "eventDate": "2023-02-21T00:00:00Z", "uncertainty_m": null }, "geometry": { "type": "Point", "coordinates": [ 8.665815, 49.425297 ] } },
{ "type": "Feature", "properties": { "key": 4773280638, "species": "Prunella modularis", "scientificName": "Prunella modularis (Linnaeus, 1758)", "eventDate": "2023-02-04T00:00:00Z", "uncertainty_m": null }, "geometry": { "type": "Point", "coordinates": [ 8.673265, 49.459534 ] } },
{ "type": "Feature", "properties": { "key": 4773304933, "species": "Corvus corone", "scientificName": "Corvus corone Linnaeus, 1758", "eventDate": "2023-02-03T00:00:00Z", "uncertainty_m": null }, "geometry": { "type": "Point", "coordinates": [ 8.707174, 49.431812 ] } },
{ "type": "Feature", "properties": { "key": 4773337257, "species": "Pica pica", "scientificName": "Pica pica (Linnaeus, 1758)", "eventDate": "2023-02-15T00:00:00Z", "uncertainty_m": null }, "geometry": { "type": "Point", "coordinates": [ 8.624862, 49.455822 ] } },
{ "type": "Feature", "properties": { "key": 4773358068, "species": "Troglodytes troglodytes", "scientificName": "Troglodytes troglodytes (Linnaeus, 1758)", "eventDate": "2023-02-14T00:00:00Z", "uncertainty_m": null }, "geometry": { "type": "Point", "coordinates": [ 8.679246, 49.469124 ] } },
{ "type": "Feature", "properties": { "key": 4773473663, "species": "Turdus merula", "scientificName": "Turdus merula Linnaeus, 1758", "eventDate": "2023-02-21T00:00:00Z", "uncertainty_m": null }, "geometry": { "type": "Point", "coordinates": [ 8.668163, 49.41085 ] } },
{ "type": "Feature", "properties": { "key": 4773613284, "species": "Chloris chloris", "scientificName": "Chloris chloris (Linnaeus, 1758)", "eventDate": "2023-02-15T00:00:00Z", "uncertainty_m": null }, "geometry": { "type": "Point", "coordinates": [ 8.611779, 49.454887 ] } },
{ "type": "Feature", "properties": { "key": 4773762139, "species": "Erithacus rubecula", "scientificName": "Erithacus rubecula (Linnaeus, 1758)", "eventDate": "2023-02-19T00:00:00Z", "uncertainty_m": null }, "geometry": { "type": "Point", "coordinates": [ 8.678404, 49.415497 ] } },
{ "type": "Feature", "properties": { "key": 4773874925, "species": "Corvus corone", "scientificName": "Corvus corone Linnaeus, 1758", "eventDate": "2023-02-12T00:00:00Z", "uncertainty_m": null }, "geometry": { "type": "Point", "coordinates": [ 8.671026, 49.418015 ] } },
{ "type": "Feature", "properties": { "key": 4774158713, "species": "Garrulus glandarius", "scientificName": "Garrulus glandarius (Linnaeus, 1758)", "eventDate": "2023-02-04T00:00:00Z", "uncertainty_m": null }, "geometry": { "type": "Point", "coordinates": [ 8.673265, 49.459534 ] } },
{ "type": "Feature", "properties": { "key": 4774172639, "species": "Passer domesticus", "scientificName": "Passer domesticus (Linnaeus, 1758)", "eventDate": "2023-02-24T00:00:00Z", "uncertainty_m": null }, "geometry": { "type": "Point", "coordinates": [ 8.580556, 49.38821 ] } },
{ "type": "Feature", "properties": { "key": 4774356473, "species": "Corvus frugilegus", "scientificName": "Corvus frugilegus Linnaeus, 1758", "eventDate": "2023-02-25T00:00:00Z", "uncertainty_m": null }, "geometry": { "type": "Point", "coordinates": [ 8.618639, 49.518192 ] } },
{ "type": "Feature", "properties": { "key": 4774373133, "species": "Coloeus monedula", "scientificName": "Coloeus monedula (Linnaeus, 1758)", "eventDate": "2023-02-13T00:00:00Z", "uncertainty_m": null }, "geometry": { "type": "Point", "coordinates": [ 8.673265, 49.459534 ] } },
{ "type": "Feature", "properties": { "key": 4774410325, "species": "Turdus viscivorus", "scientificName": "Turdus viscivorus Linnaeus, 1758", "eventDate": "2023-02-13T00:00:00Z", "uncertainty_m": null }, "geometry": { "type": "Point", "coordinates": [ 8.673265, 49.459534 ] } },
{ "type": "Feature", "properties": { "key": 4774530019, "species": "Turdus philomelos", "scientificName": "Turdus philomelos C.L.Brehm, 1831", "eventDate": "2023-02-16T00:00:00Z", "uncertainty_m": null }, "geometry": { "type": "Point", "coordinates": [ 8.673265, 49.459534 ] } },
{ "type": "Feature", "properties": { "key": 4774663131, "species": "Coccothraustes coccothraustes", "scientificName": "Coccothraustes coccothraustes (Linnaeus, 1758)", "eventDate": "2023-02-28T00:00:00Z", "uncertainty_m": null }, "geometry": { "type": "Point", "coordinates": [ 8.672848, 49.456497 ] } },
{ "type": "Feature", "properties": { "key": 4774768171, "species": "Corvus corone", "scientificName": "Corvus corone Linnaeus, 1758", "eventDate": "2023-02-21T00:00:00Z", "uncertainty_m": null }, "geometry": { "type": "Point", "coordinates": [ 8.665815, 49.425297 ] } },
{ "type": "Feature", "properties": { "key": 4774956530, "species": "Turdus merula", "scientificName": "Turdus merula Linnaeus, 1758", "eventDate": "2023-02-14T00:00:00Z", "uncertainty_m": null }, "geometry": { "type": "Point", "coordinates": [ 8.679246, 49.469124 ] } },
{ "type": "Feature", "properties": { "key": 4774957908, "species": "Anas platyrhynchos", "scientificName": "Anas platyrhynchos Linnaeus, 1758", "eventDate": "2023-02-12T00:00:00Z", "uncertainty_m": null }, "geometry": { "type": "Point", "coordinates": [ 8.668163, 49.41085 ] } },
{ "type": "Feature", "properties": { "key": 4775001457, "species": "Parus major", "scientificName": "Parus major Linnaeus, 1758", "eventDate": "2023-02-12T00:00:00Z", "uncertainty_m": null }, "geometry": { "type": "Point", "coordinates": [ 8.678938, 49.421394 ] } },
{ "type": "Feature", "properties": { "key": 4775112663, "species": "Turdus merula", "scientificName": "Turdus merula Linnaeus, 1758", "eventDate": "2023-02-05T00:00:00Z", "uncertainty_m": null }, "geometry": { "type": "Point", "coordinates": [ 8.692249, 49.40634 ] } },
{ "type": "Feature", "properties": { "key": 4775178681, "species": "Fringilla coelebs", "scientificName": "Fringilla coelebs Linnaeus, 1758", "eventDate": "2023-02-08T00:00:00Z", "uncertainty_m": null }, "geometry": { "type": "Point", "coordinates": [ 8.640053, 49.44901 ] } },
{ "type": "Feature", "properties": { "key": 4775214775, "species": "Certhia brachydactyla", "scientificName": "Certhia brachydactyla C.L.Brehm, 1820", "eventDate": "2023-02-15T00:00:00Z", "uncertainty_m": null }, "geometry": { "type": "Point", "coordinates": [ 8.611779, 49.454887 ] } },
{ "type": "Feature", "properties": { "key": 4775236243, "species": "Certhia brachydactyla", "scientificName": "Certhia brachydactyla C.L.Brehm, 1820", "eventDate": "2023-02-13T00:00:00Z", "uncertainty_m": null }, "geometry": { "type": "Point", "coordinates": [ 8.673265, 49.459534 ] } },
{ "type": "Feature", "properties": { "key": 4775263411, "species": "Aegithalos caudatus", "scientificName": "Aegithalos caudatus (Linnaeus, 1758)", "eventDate": "2023-02-22T00:00:00Z", "uncertainty_m": null }, "geometry": { "type": "Point", "coordinates": [ 8.668163, 49.41085 ] } },
{ "type": "Feature", "properties": { "key": 4775263418, "species": "Picus viridis", "scientificName": "Picus viridis Linnaeus, 1758", "eventDate": "2023-02-15T00:00:00Z", "uncertainty_m": null }, "geometry": { "type": "Point", "coordinates": [ 8.684613, 49.43915 ] } },
{ "type": "Feature", "properties": { "key": 4775263419, "species": "Spinus spinus", "scientificName": "Spinus spinus (Linnaeus, 1758)", "eventDate": "2023-02-20T00:00:00Z", "uncertainty_m": null }, "geometry": { "type": "Point", "coordinates": [ 8.673265, 49.459534 ] } },
{ "type": "Feature", "properties": { "key": 4775278587, "species": "Columba livia", "scientificName": "Columba livia J.F.Gmelin, 1789", "eventDate": "2023-02-22T00:00:00Z", "uncertainty_m": null }, "geometry": { "type": "Point", "coordinates": [ 8.668163, 49.41085 ] } },
{ "type": "Feature", "properties": { "key": 4775458933, "species": "Phalacrocorax carbo", "scientificName": "Phalacrocorax carbo (Linnaeus, 1758)", "eventDate": "2023-02-01T00:00:00Z", "uncertainty_m": null }, "geometry": { "type": "Point", "coordinates": [ 8.668163, 49.41085 ] } },
{ "type": "Feature", "properties": { "key": 4775475722, "species": "Troglodytes troglodytes", "scientificName": "Troglodytes troglodytes (Linnaeus, 1758)", "eventDate": "2023-02-02T00:00:00Z", "uncertainty_m": null }, "geometry": { "type": "Point", "coordinates": [ 8.665815, 49.425297 ] } },
{ "type": "Feature", "properties": { "key": 4775559681, "species": "Carduelis carduelis", "scientificName": "Carduelis carduelis (Linnaeus, 1758)", "eventDate": "2023-02-23T00:00:00Z", "uncertainty_m": null }, "geometry": { "type": "Point", "coordinates": [ 8.678938, 49.421394 ] } },
{ "type": "Feature", "properties": { "key": 4775610272, "species": "Chloris chloris", "scientificName": "Chloris chloris (Linnaeus, 1758)", "eventDate": "2023-02-22T00:00:00Z", "uncertainty_m": null }, "geometry": { "type": "Point", "coordinates": [ 8.668163, 49.41085 ] } },
{ "type": "Feature", "properties": { "key": 4775610278, "species": "Buteo buteo", "scientificName": "Buteo buteo (Linnaeus, 1758)", "eventDate": "2023-02-20T00:00:00Z", "uncertainty_m": null }, "geometry": { "type": "Point", "coordinates": [ 8.673265, 49.459534 ] } },
{ "type": "Feature", "properties": { "key": 4775704983, "species": "Cyanistes caeruleus", "scientificName": "Cyanistes caeruleus (Linnaeus, 1758)", "eventDate": "2023-02-02T00:00:00Z", "uncertainty_m": null }, "geometry": { "type": "Point", "coordinates": [ 8.665815, 49.425297 ] } },
{ "type": "Feature", "properties": { "key": 4775757700, "species": "Parus major", "scientificName": "Parus major Linnaeus, 1758", "eventDate": "2023-02-20T00:00:00Z", "uncertainty_m": null }, "geometry": { "type": "Point", "coordinates": [ 8.671026, 49.418015 ] } },
{ "type": "Feature", "properties": { "key": 4775857520, "species": "Gallinula chloropus", "scientificName": "Gallinula chloropus (Linnaeus, 1758)", "eventDate": "2023-02-20T00:00:00Z", "uncertainty_m": null }, "geometry": { "type": "Point", "coordinates": [ 8.671026, 49.418015 ] } },
{ "type": "Feature", "properties": { "key": 4775857556, "species": "Anser cygnoides", "scientificName": "Anser cygnoides (Linnaeus, 1758)", "eventDate": "2023-02-20T00:00:00Z", "uncertainty_m": null }, "geometry": { "type": "Point", "coordinates": [ 8.691434, 49.412827 ] } },
{ "type": "Feature", "properties": { "key": 4775993840, "species": "Ardea alba", "scientificName": "Ardea alba Linnaeus, 1758", "eventDate": "2023-02-18T00:00:00Z", "uncertainty_m": null }, "geometry": { "type": "Point", "coordinates": [ 8.668163, 49.41085 ] } },
{ "type": "Feature", "properties": { "key": 4776024941, "species": "Motacilla cinerea", "scientificName": "Motacilla cinerea Tunstall, 1771", "eventDate": "2023-02-15T00:00:00Z", "uncertainty_m": null }, "geometry": { "type": "Point", "coordinates": [ 8.639581, 49.453114 ] } },
{ "type": "Feature", "properties": { "key": 4776060773, "species": "Chroicocephalus ridibundus", "scientificName": "Chroicocephalus ridibundus (Linnaeus, 1766)", "eventDate": "2023-02-25T00:00:00Z", "uncertainty_m": null }, "geometry": { "type": "Point", "coordinates": [ 8.639581, 49.453114 ] } },
{ "type": "Feature", "properties": { "key": 4776195449, "species": "Pica pica", "scientificName": "Pica pica (Linnaeus, 1758)", "eventDate": "2023-02-18T00:00:00Z", "uncertainty_m": null }, "geometry": { "type": "Point", "coordinates": [ 8.668163, 49.41085 ] } },
{ "type": "Feature", "properties": { "key": 4776237823, "species": "Emberiza citrinella", "scientificName": "Emberiza citrinella Linnaeus, 1758", "eventDate": "2023-02-27T00:00:00Z", "uncertainty_m": null }, "geometry": { "type": "Point", "coordinates": [ 8.665815, 49.425297 ] } },
{ "type": "Feature", "properties": { "key": 4776411747, "species": "Turdus merula", "scientificName": "Turdus merula Linnaeus, 1758", "eventDate": "2023-02-25T00:00:00Z", "uncertainty_m": null }, "geometry": { "type": "Point", "coordinates": [ 8.618639, 49.518192 ] } },
{ "type": "Feature", "properties": { "key": 4776481732, "species": "Passer domesticus", "scientificName": "Passer domesticus (Linnaeus, 1758)", "eventDate": "2023-02-12T00:00:00Z", "uncertainty_m": null }, "geometry": { "type": "Point", "coordinates": [ 8.678938, 49.421394 ] } },
{ "type": "Feature", "properties": { "key": 4776551347, "species": "Ardea cinerea", "scientificName": "Ardea cinerea Linnaeus, 1758", "eventDate": "2023-02-20T00:00:00Z", "uncertainty_m": null }, "geometry": { "type": "Point", "coordinates": [ 8.668163, 49.41085 ] } },
{ "type": "Feature", "properties": { "key": 4776731402, "species": "Milvus milvus", "scientificName": "Milvus milvus (Linnaeus, 1758)", "eventDate": "2023-02-16T00:00:00Z", "uncertainty_m": null }, "geometry": { "type": "Point", "coordinates": [ 8.673265, 49.459534 ] } },
{ "type": "Feature", "properties": { "key": 4776799037, "species": "Cyanistes caeruleus", "scientificName": "Cyanistes caeruleus (Linnaeus, 1758)", "eventDate": "2023-02-21T00:00:00Z", "uncertainty_m": null }, "geometry": { "type": "Point", "coordinates": [ 8.665815, 49.425297 ] } },
{ "type": "Feature", "properties": { "key": 4776807063, "species": "Linaria cannabina", "scientificName": "Linaria cannabina (Linnaeus, 1758)", "eventDate": "2023-02-22T00:00:00Z", "uncertainty_m": null }, "geometry": { "type": "Point", "coordinates": [ 8.673265, 49.459534 ] } },
{ "type": "Feature", "properties": { "key": 4776876119, "species": "Corvus corone", "scientificName": "Corvus corone Linnaeus, 1758", "eventDate": "2023-02-04T00:00:00Z", "uncertainty_m": null }, "geometry": { "type": "Point", "coordinates": [ 8.678938, 49.421394 ] } },
{ "type": "Feature", "properties": { "key": 4777102740, "species": "Cyanistes caeruleus", "scientificName": "Cyanistes caeruleus (Linnaeus, 1758)", "eventDate": "2023-02-28T00:00:00Z", "uncertainty_m": null }, "geometry": { "type": "Point", "coordinates": [ 8.678938, 49.421394 ] } },
{ "type": "Feature", "properties": { "key": 4777129892, "species": "Ardea cinerea", "scientificName": "Ardea cinerea Linnaeus, 1758", "eventDate": "2023-02-25T00:00:00Z", "uncertainty_m": null }, "geometry": { "type": "Point", "coordinates": [ 8.605471, 49.466824 ] } },
{ "type": "Feature", "properties": { "key": 4777129900, "species": "Spinus spinus", "scientificName": "Spinus spinus (Linnaeus, 1758)", "eventDate": "2023-02-24T00:00:00Z", "uncertainty_m": null }, "geometry": { "type": "Point", "coordinates": [ 8.672848, 49.456497 ] } },
{ "type": "Feature", "properties": { "key": 4777296455, "species": "Ardea cinerea", "scientificName": "Ardea cinerea Linnaeus, 1758", "eventDate": "2023-02-22T00:00:00Z", "uncertainty_m": null }, "geometry": { "type": "Point", "coordinates": [ 8.668163, 49.41085 ] } },
{ "type": "Feature", "properties": { "key": 4777466622, "species": "Dendrocoptes medius", "scientificName": "Dendrocoptes medius (Linnaeus, 1758)", "eventDate": "2023-02-14T00:00:00Z", "uncertainty_m": null }, "geometry": { "type": "Point", "coordinates": [ 8.679246, 49.469124 ] } },
{ "type": "Feature", "properties": { "key": 4777507122, "species": "Streptopelia decaocto", "scientificName": "Streptopelia decaocto (Frivaldszky, 1838)", "eventDate": "2023-02-15T00:00:00Z", "uncertainty_m": null }, "geometry": { "type": "Point", "coordinates": [ 8.624862, 49.455822 ] } },
{ "type": "Feature", "properties": { "key": 4777565826, "species": "Picus viridis", "scientificName": "Picus viridis Linnaeus, 1758", "eventDate": "2023-02-01T00:00:00Z", "uncertainty_m": null }, "geometry": { "type": "Point", "coordinates": [ 8.668163, 49.41085 ] } },
{ "type": "Feature", "properties": { "key": 4777755825, "species": "Passer domesticus", "scientificName": "Passer domesticus (Linnaeus, 1758)", "eventDate": "2023-02-15T00:00:00Z", "uncertainty_m": null }, "geometry": { "type": "Point", "coordinates": [ 8.611779, 49.454887 ] } },
{ "type": "Feature", "properties": { "key": 4777904583, "species": "Dendrocopos major", "scientificName": "Dendrocopos major (Linnaeus, 1758)", "eventDate": "2023-02-04T00:00:00Z", "uncertainty_m": null }, "geometry": { "type": "Point", "coordinates": [ 8.673265, 49.459534 ] } },
{ "type": "Feature", "properties": { "key": 4777919696, "species": "Parus major", "scientificName": "Parus major Linnaeus, 1758", "eventDate": "2023-02-22T00:00:00Z", "uncertainty_m": null }, "geometry": { "type": "Point", "coordinates": [ 8.668163, 49.41085 ] } },
{ "type": "Feature", "properties": { "key": 4777943824, "species": "Fringilla coelebs", "scientificName": "Fringilla coelebs Linnaeus, 1758", "eventDate": "2023-02-12T00:00:00Z", "uncertainty_m": null }, "geometry": { "type": "Point", "coordinates": [ 8.671026, 49.418015 ] } },
{ "type": "Feature", "properties": { "key": 4778029407, "species": "Carduelis carduelis", "scientificName": "Carduelis carduelis (Linnaeus, 1758)", "eventDate": "2023-02-16T00:00:00Z", "uncertainty_m": null }, "geometry": { "type": "Point", "coordinates": [ 8.671378, 49.47071 ] } },
{ "type": "Feature", "properties": { "key": 4778152730, "species": "Psittacula krameri", "scientificName": "Psittacula krameri (Scopoli, 1769)", "eventDate": "2023-02-25T00:00:00Z", "uncertainty_m": null }, "geometry": { "type": "Point", "coordinates": [ 8.605471, 49.466824 ] } },
{ "type": "Feature", "properties": { "key": 4778159518, "species": "Fringilla coelebs", "scientificName": "Fringilla coelebs Linnaeus, 1758", "eventDate": "2023-02-12T00:00:00Z", "uncertainty_m": null }, "geometry": { "type": "Point", "coordinates": [ 8.678938, 49.421394 ] } },
{ "type": "Feature", "properties": { "key": 4778159914, "species": "Turdus merula", "scientificName": "Turdus merula Linnaeus, 1758", "eventDate": "2023-02-12T00:00:00Z", "uncertainty_m": null }, "geometry": { "type": "Point", "coordinates": [ 8.668163, 49.41085 ] } },
{ "type": "Feature", "properties": { "key": 4778395859, "species": "Corvus corone", "scientificName": "Corvus corone Linnaeus, 1758", "eventDate": "2023-02-11T00:00:00Z", "uncertainty_m": null }, "geometry": { "type": "Point", "coordinates": [ 8.678938, 49.421394 ] } },
{ "type": "Feature", "properties": { "key": 4778410223, "species": "Psittacula krameri", "scientificName": "Psittacula krameri (Scopoli, 1769)", "eventDate": "2023-02-21T00:00:00Z", "uncertainty_m": null }, "geometry": { "type": "Point", "coordinates": [ 8.665815, 49.425297 ] } },
{ "type": "Feature", "properties": { "key": 4778455607, "species": "Sturnus vulgaris", "scientificName": "Sturnus vulgaris Linnaeus, 1758", "eventDate": "2023-02-15T00:00:00Z", "uncertainty_m": null }, "geometry": { "type": "Point", "coordinates": [ 8.662385, 49.429916 ] } },
{ "type": "Feature", "properties": { "key": 4778455608, "species": "Falco tinnunculus", "scientificName": "Falco tinnunculus Linnaeus, 1758", "eventDate": "2023-02-10T00:00:00Z", "uncertainty_m": null }, "geometry": { "type": "Point", "coordinates": [ 8.673265, 49.459534 ] } },
{ "type": "Feature", "properties": { "key": 4778550600, "species": "Turdus philomelos", "scientificName": "Turdus philomelos C.L.Brehm, 1831", "eventDate": "2023-02-15T00:00:00Z", "uncertainty_m": null }, "geometry": { "type": "Point", "coordinates": [ 8.624862, 49.455822 ] } },
{ "type": "Feature", "properties": { "key": 4778631298, "species": "Turdus merula", "scientificName": "Turdus merula Linnaeus, 1758", "eventDate": "2023-02-11T00:00:00Z", "uncertainty_m": null }, "geometry": { "type": "Point", "coordinates": [ 8.678938, 49.421394 ] } },
{ "type": "Feature", "properties": { "key": 4778659470, "species": "Erithacus rubecula", "scientificName": "Erithacus rubecula (Linnaeus, 1758)", "eventDate": "2023-02-15T00:00:00Z", "uncertainty_m": null }, "geometry": { "type": "Point", "coordinates": [ 8.684613, 49.43915 ] } },
{ "type": "Feature", "properties": { "key": 4778832211, "species": "Dendrocoptes medius", "scientificName": "Dendrocoptes medius (Linnaeus, 1758)", "eventDate": "2023-02-03T00:00:00Z", "uncertainty_m": null }, "geometry": { "type": "Point", "coordinates": [ 8.707174, 49.431812 ] } },
{ "type": "Feature", "properties": { "key": 4778833211, "species": "Corvus corone", "scientificName": "Corvus corone Linnaeus, 1758", "eventDate": "2023-02-27T00:00:00Z", "uncertainty_m": null }, "geometry": { "type": "Point", "coordinates": [ 8.665815, 49.425297 ] } },
{ "type": "Feature", "properties": { "key": 4779168286, "species": "Columba livia", "scientificName": "Columba livia J.F.Gmelin, 1789", "eventDate": "2023-02-12T00:00:00Z", "uncertainty_m": null }, "geometry": { "type": "Point", "coordinates": [ 8.668163, 49.41085 ] } },
{ "type": "Feature", "properties": { "key": 4779172210, "species": "Fringilla coelebs", "scientificName": "Fringilla coelebs Linnaeus, 1758", "eventDate": "2023-02-24T00:00:00Z", "uncertainty_m": null }, "geometry": { "type": "Point", "coordinates": [ 8.678938, 49.421394 ] } },
{ "type": "Feature", "properties": { "key": 4779210265, "species": "Dendrocopos major", "scientificName": "Dendrocopos major (Linnaeus, 1758)", "eventDate": "2023-02-19T00:00:00Z", "uncertainty_m": null }, "geometry": { "type": "Point", "coordinates": [ 8.678404, 49.415497 ] } },
{ "type": "Feature", "properties": { "key": 4779213262, "species": "Aegithalos caudatus", "scientificName": "Aegithalos caudatus (Linnaeus, 1758)", "eventDate": "2023-02-13T00:00:00Z", "uncertainty_m": null }, "geometry": { "type": "Point", "coordinates": [ 8.673265, 49.459534 ] } },
{ "type": "Feature", "properties": { "key": 4779228774, "species": "Corvus frugilegus", "scientificName": "Corvus frugilegus Linnaeus, 1758", "eventDate": "2023-02-15T00:00:00Z", "uncertainty_m": null }, "geometry": { "type": "Point", "coordinates": [ 8.611779, 49.454887 ] } },
{ "type": "Feature", "properties": { "key": 4779228935, "species": "Turdus pilaris", "scientificName": "Turdus pilaris Linnaeus, 1758", "eventDate": "2023-02-15T00:00:00Z", "uncertainty_m": null }, "geometry": { "type": "Point", "coordinates": [ 8.639581, 49.453114 ] } },
{ "type": "Feature", "properties": { "key": 4779481298, "species": "Psittacula krameri", "scientificName": "Psittacula krameri (Scopoli, 1769)", "eventDate": "2023-02-19T00:00:00Z", "uncertainty_m": null }, "geometry": { "type": "Point", "coordinates": [ 8.678404, 49.415497 ] } },
{ "type": "Feature", "properties": { "key": 4779567095, "species": "Corvus corone", "scientificName": "Corvus corone Linnaeus, 1758", "eventDate": "2023-02-15T00:00:00Z", "uncertainty_m": null }, "geometry": { "type": "Point", "coordinates": [ 8.611779, 49.454887 ] } },
{ "type": "Feature", "properties": { "key": 4779569314, "species": "Motacilla cinerea", "scientificName": "Motacilla cinerea Tunstall, 1771", "eventDate": "2023-02-20T00:00:00Z", "uncertainty_m": null }, "geometry": { "type": "Point", "coordinates": [ 8.668163, 49.41085 ] } },
{ "type": "Feature", "properties": { "key": 4779696778, "species": "Branta canadensis", "scientificName": "Branta canadensis (Linnaeus, 1758)", "eventDate": "2023-02-20T00:00:00Z", "uncertainty_m": null }, "geometry": { "type": "Point", "coordinates": [ 8.691434, 49.412827 ] } },
{ "type": "Feature", "properties": { "key": 4780038306, "species": "Cyanistes caeruleus", "scientificName": "Cyanistes caeruleus (Linnaeus, 1758)", "eventDate": "2023-02-20T00:00:00Z", "uncertainty_m": null }, "geometry": { "type": "Point", "coordinates": [ 8.668163, 49.41085 ] } },
{ "type": "Feature", "properties": { "key": 4780059130, "species": "Fringilla coelebs", "scientificName": "Fringilla coelebs Linnaeus, 1758", "eventDate": "2023-02-19T00:00:00Z", "uncertainty_m": null }, "geometry": { "type": "Point", "coordinates": [ 8.678404, 49.415497 ] } },
{ "type": "Feature", "properties": { "key": 4780124155, "species": "Columba livia", "scientificName": "Columba livia J.F.Gmelin, 1789", "eventDate": "2023-02-20T00:00:00Z", "uncertainty_m": null }, "geometry": { "type": "Point", "coordinates": [ 8.668163, 49.41085 ] } },
{ "type": "Feature", "properties": { "key": 4780385699, "species": "Psittacula krameri", "scientificName": "Psittacula krameri (Scopoli, 1769)", "eventDate": "2023-02-13T00:00:00Z", "uncertainty_m": null }, "geometry": { "type": "Point", "coordinates": [ 8.691434, 49.412827 ] } },
{ "type": "Feature", "properties": { "key": 4780441850, "species": "Anser brachyrhynchus", "scientificName": "Anser brachyrhynchus Baillon, 1834", "eventDate": "2023-02-20T00:00:00Z", "uncertainty_m": null }, "geometry": { "type": "Point", "coordinates": [ 8.691434, 49.412827 ] } },
{ "type": "Feature", "properties": { "key": 4780451436, "species": "Parus major", "scientificName": "Parus major Linnaeus, 1758", "eventDate": "2023-02-24T00:00:00Z", "uncertainty_m": null }, "geometry": { "type": "Point", "coordinates": [ 8.580556, 49.38821 ] } },
{ "type": "Feature", "properties": { "key": 4780470186, "species": "Columba palumbus", "scientificName": "Columba palumbus Linnaeus, 1758", "eventDate": "2023-02-25T00:00:00Z", "uncertainty_m": null }, "geometry": { "type": "Point", "coordinates": [ 8.678938, 49.421394 ] } },
{ "type": "Feature", "properties": { "key": 4780602840, "species": "Alauda arvensis", "scientificName": "Alauda arvensis Linnaeus, 1758", "eventDate": "2023-02-25T00:00:00Z", "uncertainty_m": null }, "geometry": { "type": "Point", "coordinates": [ 8.615402, 49.49815 ] } },
{ "type": "Feature", "properties": { "key": 4780602847, "species": "Streptopelia decaocto", "scientificName": "Streptopelia decaocto (Frivaldszky, 1838)", "eventDate": "2023-02-24T00:00:00Z", "uncertainty_m": null }, "geometry": { "type": "Point", "coordinates": [ 8.672848, 49.456497 ] } },
{ "type": "Feature", "properties": { "key": 4780612542, "species": "Psittacula krameri", "scientificName": "Psittacula krameri (Scopoli, 1769)", "eventDate": "2023-02-22T00:00:00Z", "uncertainty_m": null }, "geometry": { "type": "Point", "coordinates": [ 8.668163, 49.41085 ] } },
{ "type": "Feature", "properties": { "key": 4780612548, "species": "Cyanistes caeruleus", "scientificName": "Cyanistes caeruleus (Linnaeus, 1758)", "eventDate": "2023-02-13T00:00:00Z", "uncertainty_m": null }, "geometry": { "type": "Point", "coordinates": [ 8.673265, 49.459534 ] } },
{ "type": "Feature", "properties": { "key": 4780664512, "species": "Branta canadensis", "scientificName": "Branta canadensis (Linnaeus, 1758)", "eventDate": "2023-02-20T00:00:00Z", "uncertainty_m": null }, "geometry": { "type": "Point", "coordinates": [ 8.691434, 49.412827 ] } },
{ "type": "Feature", "properties": { "key": 4780733619, "species": "Dendrocopos major", "scientificName": "Dendrocopos major (Linnaeus, 1758)", "eventDate": "2023-02-20T00:00:00Z", "uncertainty_m": null }, "geometry": { "type": "Point", "coordinates": [ 8.668163, 49.41085 ] } },
{ "type": "Feature", "properties": { "key": 4780786906, "species": "Ardea cinerea", "scientificName": "Ardea cinerea Linnaeus, 1758", "eventDate": "2023-02-01T00:00:00Z", "uncertainty_m": null }, "geometry": { "type": "Point", "coordinates": [ 8.668163, 49.41085 ] } },
{ "type": "Feature", "properties": { "key": 4780947674, "species": "Phalacrocorax carbo", "scientificName": "Phalacrocorax carbo (Linnaeus, 1758)", "eventDate": "2023-02-20T00:00:00Z", "uncertainty_m": null }, "geometry": { "type": "Point", "coordinates": [ 8.691434, 49.412827 ] } },
{ "type": "Feature", "properties": { "key": 4781105472, "species": "Passer domesticus", "scientificName": "Passer domesticus (Linnaeus, 1758)", "eventDate": "2023-02-13T00:00:00Z", "uncertainty_m": null }, "geometry": { "type": "Point", "coordinates": [ 8.673265, 49.459534 ] } },
{ "type": "Feature", "properties": { "key": 4781127746, "species": "Garrulus glandarius", "scientificName": "Garrulus glandarius (Linnaeus, 1758)", "eventDate": "2023-02-24T00:00:00Z", "uncertainty_m": null }, "geometry": { "type": "Point", "coordinates": [ 8.665815, 49.425297 ] } },
{ "type": "Feature", "properties": { "key": 4781298807, "species": "Coloeus monedula", "scientificName": "Coloeus monedula (Linnaeus, 1758)", "eventDate": "2023-02-20T00:00:00Z", "uncertainty_m": null }, "geometry": { "type": "Point", "coordinates": [ 8.671026, 49.418015 ] } },
{ "type": "Feature", "properties": { "key": 4781412481, "species": "Certhia brachydactyla", "scientificName": "Certhia brachydactyla C.L.Brehm, 1820", "eventDate": "2023-02-13T00:00:00Z", "uncertainty_m": null }, "geometry": { "type": "Point", "coordinates": [ 8.673265, 49.459534 ] } },
{ "type": "Feature", "properties": { "key": 4781463565, "species": "Alopochen aegyptiaca", "scientificName": "Alopochen aegyptiaca (Linnaeus, 1766)", "eventDate": "2023-02-20T00:00:00Z", "uncertainty_m": null }, "geometry": { "type": "Point", "coordinates": [ 8.691434, 49.412827 ] } },
{ "type": "Feature", "properties": { "key": 4781464230, "species": "Phalacrocorax carbo", "scientificName": "Phalacrocorax carbo (Linnaeus, 1758)", "eventDate": "2023-02-20T00:00:00Z", "uncertainty_m": null }, "geometry": { "type": "Point", "coordinates": [ 8.691434, 49.412827 ] } },
{ "type": "Feature", "properties": { "key": 4781696276, "species": "Coccothraustes coccothraustes", "scientificName": "Coccothraustes coccothraustes (Linnaeus, 1758)", "eventDate": "2023-02-15T00:00:00Z", "uncertainty_m": null }, "geometry": { "type": "Point", "coordinates": [ 8.662385, 49.429916 ] } },
{ "type": "Feature", "properties": { "key": 4781784694, "species": "Aegithalos caudatus", "scientificName": "Aegithalos caudatus (Linnaeus, 1758)", "eventDate": "2023-02-17T00:00:00Z", "uncertainty_m": null }, "geometry": { "type": "Point", "coordinates": [ 8.678938, 49.421394 ] } },
{ "type": "Feature", "properties": { "key": 4781828441, "species": "Carduelis carduelis", "scientificName": "Carduelis carduelis (Linnaeus, 1758)", "eventDate": "2023-02-21T00:00:00Z", "uncertainty_m": null }, "geometry": { "type": "Point", "coordinates": [ 8.668163, 49.41085 ] } },
{ "type": "Feature", "properties": { "key": 4781828446, "species": "Phalacrocorax carbo", "scientificName": "Phalacrocorax carbo (Linnaeus, 1758)", "eventDate": "2023-02-21T00:00:00Z", "uncertainty_m": null }, "geometry": { "type": "Point", "coordinates": [ 8.668163, 49.41085 ] } },
{ "type": "Feature", "properties": { "key": 4781889202, "species": "Alopochen aegyptiaca", "scientificName": "Alopochen aegyptiaca (Linnaeus, 1766)", "eventDate": "2023-02-25T00:00:00Z", "uncertainty_m": null }, "geometry": { "type": "Point", "coordinates": [ 8.615402, 49.49815 ] } },
{ "type": "Feature", "properties": { "key": 4781942727, "species": "Columba palumbus", "scientificName": "Columba palumbus Linnaeus, 1758", "eventDate": "2023-02-09T00:00:00Z", "uncertainty_m": null }, "geometry": { "type": "Point", "coordinates": [ 8.671378, 49.47071 ] } },
{ "type": "Feature", "properties": { "key": 4782102440, "species": "Troglodytes troglodytes", "scientificName": "Troglodytes troglodytes (Linnaeus, 1758)", "eventDate": "2023-02-22T00:00:00Z", "uncertainty_m": null }, "geometry": { "type": "Point", "coordinates": [ 8.668163, 49.41085 ] } },
{ "type": "Feature", "properties": { "key": 4782102446, "species": "Pica pica", "scientificName": "Pica pica (Linnaeus, 1758)", "eventDate": "2023-02-13T00:00:00Z", "uncertainty_m": null }, "geometry": { "type": "Point", "coordinates": [ 8.673265, 49.459534 ] } },
{ "type": "Feature", "properties": { "key": 4782125201, "species": "Sturnus vulgaris", "scientificName": "Sturnus vulgaris Linnaeus, 1758", "eventDate": "2023-02-13T00:00:00Z", "uncertainty_m": null }, "geometry": { "type": "Point", "coordinates": [ 8.673265, 49.459534 ] } },
{ "type": "Feature", "properties": { "key": 4782186129, "species": "Parus major", "scientificName": "Parus major Linnaeus, 1758", "eventDate": "2023-02-20T00:00:00Z", "uncertainty_m": null }, "geometry": { "type": "Point", "coordinates": [ 8.668163, 49.41085 ] } },
{ "type": "Feature", "properties": { "key": 4782251911, "species": "Turdus merula", "scientificName": "Turdus merula Linnaeus, 1758", "eventDate": "2023-02-03T00:00:00Z", "uncertainty_m": null }, "geometry": { "type": "Point", "coordinates": [ 8.707174, 49.431812 ] } },
{ "type": "Feature", "properties": { "key": 4782304507, "species": "Dendrocoptes medius", "scientificName": "Dendrocoptes medius (Linnaeus, 1758)", "eventDate": "2023-02-16T00:00:00Z", "uncertainty_m": null }, "geometry": { "type": "Point", "coordinates": [ 8.673265, 49.459534 ] } },
{ "type": "Feature", "properties": { "key": 4782314390, "species": "Passer domesticus", "scientificName": "Passer domesticus (Linnaeus, 1758)", "eventDate": "2023-02-27T00:00:00Z", "uncertainty_m": null }, "geometry": { "type": "Point", "coordinates": [ 8.665815, 49.425297 ] } },
{ "type": "Feature", "properties": { "key": 4782582987, "species": "Spinus spinus", "scientificName": "Spinus spinus (Linnaeus, 1758)", "eventDate": "2023-02-28T00:00:00Z", "uncertainty_m": null }, "geometry": { "type": "Point", "coordinates": [ 8.672848, 49.456497 ] } },
{ "type": "Feature", "properties": { "key": 4782604608, "species": "Carduelis carduelis", "scientificName": "Carduelis carduelis (Linnaeus, 1758)", "eventDate": "2023-02-22T00:00:00Z", "uncertainty_m": null }, "geometry": { "type": "Point", "coordinates": [ 8.668163, 49.41085 ] } },
{ "type": "Feature", "properties": { "key": 4782660865, "species": "Ciconia ciconia", "scientificName": "Ciconia ciconia (Linnaeus, 1758)", "eventDate": "2023-02-22T00:00:00Z", "uncertainty_m": null }, "geometry": { "type": "Point", "coordinates": [ 8.668163, 49.41085 ] } },
{ "type": "Feature", "properties": { "key": 4782705006, "species": "Cygnus olor", "scientificName": "Cygnus olor (J.F.Gmelin, 1789)", "eventDate": "2023-02-19T00:00:00Z", "uncertainty_m": null }, "geometry": { "type": "Point", "coordinates": [ 8.599301, 49.47061 ] } },
{ "type": "Feature", "properties": { "key": 4782785394, "species": "Carduelis carduelis", "scientificName": "Carduelis carduelis (Linnaeus, 1758)", "eventDate": "2023-02-26T00:00:00Z", "uncertainty_m": null }, "geometry": { "type": "Point", "coordinates": [ 8.678938, 49.421394 ] } },
{ "type": "Feature", "properties": { "key": 4782920939, "species": "Corvus corone", "scientificName": "Corvus corone Linnaeus, 1758", "eventDate": "2023-02-23T00:00:00Z", "uncertainty_m": null }, "geometry": { "type": "Point", "coordinates": [ 8.678938, 49.421394 ] } },
{ "type": "Feature", "properties": { "key": 4782969178, "species": "Ardea alba", "scientificName": "Ardea alba Linnaeus, 1758", "eventDate": "2023-02-15T00:00:00Z", "uncertainty_m": null }, "geometry": { "type": "Point", "coordinates": [ 8.624862, 49.455822 ] } },
{ "type": "Feature", "properties": { "key": 4782977874, "species": "Ardea cinerea", "scientificName": "Ardea cinerea Linnaeus, 1758", "eventDate": "2023-02-25T00:00:00Z", "uncertainty_m": null }, "geometry": { "type": "Point", "coordinates": [ 8.615402, 49.49815 ] } },
{ "type": "Feature", "properties": { "key": 4783179146, "species": "Fringilla coelebs", "scientificName": "Fringilla coelebs Linnaeus, 1758", "eventDate": "2023-02-24T00:00:00Z", "uncertainty_m": null }, "geometry": { "type": "Point", "coordinates": [ 8.580556, 49.38821 ] } },
{ "type": "Feature", "properties": { "key": 4783214780, "species": "Garrulus glandarius", "scientificName": "Garrulus glandarius (Linnaeus, 1758)", "eventDate": "2023-02-18T00:00:00Z", "uncertainty_m": null }, "geometry": { "type": "Point", "coordinates": [ 8.668163, 49.41085 ] } },
{ "type": "Feature", "properties": { "key": 4783578151, "species": "Cyanistes caeruleus", "scientificName": "Cyanistes caeruleus (Linnaeus, 1758)", "eventDate": "2023-02-04T00:00:00Z", "uncertainty_m": null }, "geometry": { "type": "Point", "coordinates": [ 8.678938, 49.421394 ] } },
{ "type": "Feature", "properties": { "key": 4783783267, "species": "Columba palumbus", "scientificName": "Columba palumbus Linnaeus, 1758", "eventDate": "2023-02-27T00:00:00Z", "uncertainty_m": null }, "geometry": { "type": "Point", "coordinates": [ 8.665815, 49.425297 ] } },
{ "type": "Feature", "properties": { "key": 4783950912, "species": "Cyanistes caeruleus", "scientificName": "Cyanistes caeruleus (Linnaeus, 1758)", "eventDate": "2023-02-18T00:00:00Z", "uncertainty_m": null }, "geometry": { "type": "Point", "coordinates": [ 8.678938, 49.421394 ] } },
{ "type": "Feature", "properties": { "key": 4784121867, "species": "Carduelis carduelis", "scientificName": "Carduelis carduelis (Linnaeus, 1758)", "eventDate": "2023-02-20T00:00:00Z", "uncertainty_m": null }, "geometry": { "type": "Point", "coordinates": [ 8.671026, 49.418015 ] } },
{ "type": "Feature", "properties": { "key": 4784121898, "species": "Gallinula chloropus", "scientificName": "Gallinula chloropus (Linnaeus, 1758)", "eventDate": "2023-02-20T00:00:00Z", "uncertainty_m": null }, "geometry": { "type": "Point", "coordinates": [ 8.691434, 49.412827 ] } },
{ "type": "Feature", "properties": { "key": 4784504687, "species": "Cyanistes caeruleus", "scientificName": "Cyanistes caeruleus (Linnaeus, 1758)", "eventDate": "2023-02-15T00:00:00Z", "uncertainty_m": null }, "geometry": { "type": "Point", "coordinates": [ 8.624862, 49.455822 ] } },
{ "type": "Feature", "properties": { "key": 4784538614, "species": "Turdus merula", "scientificName": "Turdus merula Linnaeus, 1758", "eventDate": "2023-02-13T00:00:00Z", "uncertainty_m": null }, "geometry": { "type": "Point", "coordinates": [ 8.640053, 49.44901 ] } },
{ "type": "Feature", "properties": { "key": 4784621247, "species": "Passer domesticus", "scientificName": "Passer domesticus (Linnaeus, 1758)", "eventDate": "2023-02-19T00:00:00Z", "uncertainty_m": null }, "geometry": { "type": "Point", "coordinates": [ 8.678404, 49.415497 ] } },
{ "type": "Feature", "properties": { "key": 4785119585, "species": "Glaucidium passerinum", "scientificName": "Glaucidium passerinum (Linnaeus, 1758)", "eventDate": "2023-02-18T00:00:00Z", "uncertainty_m": null }, "geometry": { "type": "Point", "coordinates": [ 8.699978, 49.465 ] } },
{ "type": "Feature", "properties": { "key": 4785288178, "species": "Turdus viscivorus", "scientificName": "Turdus viscivorus Linnaeus, 1758", "eventDate": "2023-02-13T00:00:00Z", "uncertainty_m": null }, "geometry": { "type": "Point", "coordinates": [ 8.700556, 49.45739 ] } },
{ "type": "Feature", "properties": { "key": 4785390816, "species": "Psittacula krameri", "scientificName": "Psittacula krameri (Scopoli, 1769)", "eventDate": "2023-02-25T00:00:00Z", "uncertainty_m": null }, "geometry": { "type": "Point", "coordinates": [ 8.678938, 49.421394 ] } },
{ "type": "Feature", "properties": { "key": 4785480338, "species": "Buteo buteo", "scientificName": "Buteo buteo (Linnaeus, 1758)", "eventDate": "2023-02-24T00:00:00Z", "uncertainty_m": null }, "geometry": { "type": "Point", "coordinates": [ 8.580556, 49.38821 ] } },
{ "type": "Feature", "properties": { "key": 4785550610, "species": "Streptopelia decaocto", "scientificName": "Streptopelia decaocto (Frivaldszky, 1838)", "eventDate": "2023-02-16T00:00:00Z", "uncertainty_m": null }, "geometry": { "type": "Point", "coordinates": [ 8.673265, 49.459534 ] } },
{ "type": "Feature", "properties": { "key": 4785641351, "species": "Ardea alba", "scientificName": "Ardea alba Linnaeus, 1758", "eventDate": "2023-02-20T00:00:00Z", "uncertainty_m": null }, "geometry": { "type": "Point", "coordinates": [ 8.668163, 49.41085 ] } },
{ "type": "Feature", "properties": { "key": 4785868188, "species": "Passer domesticus", "scientificName": "Passer domesticus (Linnaeus, 1758)", "eventDate": "2023-02-13T00:00:00Z", "uncertainty_m": null }, "geometry": { "type": "Point", "coordinates": [ 8.691434, 49.412827 ] } },
{ "type": "Feature", "properties": { "key": 4785901617, "species": "Anas platyrhynchos", "scientificName": "Anas platyrhynchos Linnaeus, 1758", "eventDate": "2023-02-15T00:00:00Z", "uncertainty_m": null }, "geometry": { "type": "Point", "coordinates": [ 8.691434, 49.412827 ] } },
{ "type": "Feature", "properties": { "key": 4785923037, "species": "Picus viridis", "scientificName": "Picus viridis Linnaeus, 1758", "eventDate": "2023-02-18T00:00:00Z", "uncertainty_m": null }, "geometry": { "type": "Point", "coordinates": [ 8.678938, 49.421394 ] } },
{ "type": "Feature", "properties": { "key": 4785923171, "species": "Carduelis carduelis", "scientificName": "Carduelis carduelis (Linnaeus, 1758)", "eventDate": "2023-02-18T00:00:00Z", "uncertainty_m": null }, "geometry": { "type": "Point", "coordinates": [ 8.668163, 49.41085 ] } },
{ "type": "Feature", "properties": { "key": 4786004410, "species": "Aegithalos caudatus", "scientificName": "Aegithalos caudatus (Linnaeus, 1758)", "eventDate": "2023-02-19T00:00:00Z", "uncertainty_m": null }, "geometry": { "type": "Point", "coordinates": [ 8.672848, 49.456497 ] } },
{ "type": "Feature", "properties": { "key": 4786087240, "species": "Streptopelia decaocto", "scientificName": "Streptopelia decaocto (Frivaldszky, 1838)", "eventDate": "2023-02-19T00:00:00Z", "uncertainty_m": null }, "geometry": { "type": "Point", "coordinates": [ 8.678404, 49.415497 ] } },
{ "type": "Feature", "properties": { "key": 4786201049, "species": "Corvus corone", "scientificName": "Corvus corone Linnaeus, 1758", "eventDate": "2023-02-17T00:00:00Z", "uncertainty_m": null }, "geometry": { "type": "Point", "coordinates": [ 8.678938, 49.421394 ] } },
{ "type": "Feature", "properties": { "key": 4786507829, "species": "Troglodytes troglodytes", "scientificName": "Troglodytes troglodytes (Linnaeus, 1758)", "eventDate": "2023-02-24T00:00:00Z", "uncertainty_m": null }, "geometry": { "type": "Point", "coordinates": [ 8.580556, 49.38821 ] } },
{ "type": "Feature", "properties": { "key": 4786927636, "species": "Pica pica", "scientificName": "Pica pica (Linnaeus, 1758)", "eventDate": "2023-02-19T00:00:00Z", "uncertainty_m": null }, "geometry": { "type": "Point", "coordinates": [ 8.678938, 49.421394 ] } },
{ "type": "Feature", "properties": { "key": 4787073575, "species": "Phoenicurus ochruros", "scientificName": "Phoenicurus ochruros (S.G.Gmelin, 1774)", "eventDate": "2023-02-20T00:00:00Z", "uncertainty_m": null }, "geometry": { "type": "Point", "coordinates": [ 8.668163, 49.41085 ] } },
{ "type": "Feature", "properties": { "key": 4787075440, "species": "Chroicocephalus ridibundus", "scientificName": "Chroicocephalus ridibundus (Linnaeus, 1766)", "eventDate": "2023-02-27T00:00:00Z", "uncertainty_m": null }, "geometry": { "type": "Point", "coordinates": [ 8.665815, 49.425297 ] } },
{ "type": "Feature", "properties": { "key": 4787268417, "species": "Ardea cinerea", "scientificName": "Ardea cinerea Linnaeus, 1758", "eventDate": "2023-02-27T00:00:00Z", "uncertainty_m": null }, "geometry": { "type": "Point", "coordinates": [ 8.665815, 49.425297 ] } },
{ "type": "Feature", "properties": { "key": 4787396198, "species": "Garrulus glandarius", "scientificName": "Garrulus glandarius (Linnaeus, 1758)", "eventDate": "2023-02-26T00:00:00Z", "uncertainty_m": null }, "geometry": { "type": "Point", "coordinates": [ 8.678938, 49.421394 ] } },
{ "type": "Feature", "properties": { "key": 4787396270, "species": "Psittacula krameri", "scientificName": "Psittacula krameri (Scopoli, 1769)", "eventDate": "2023-02-26T00:00:00Z", "uncertainty_m": null }, "geometry": { "type": "Point", "coordinates": [ 8.668953, 49.415203 ] } },
{ "type": "Feature", "properties": { "key": 4787451167, "species": "Chloris chloris", "scientificName": "Chloris chloris (Linnaeus, 1758)", "eventDate": "2023-02-24T00:00:00Z", "uncertainty_m": null }, "geometry": { "type": "Point", "coordinates": [ 8.665815, 49.425297 ] } },
{ "type": "Feature", "properties": { "key": 4787497311, "species": "Anas platyrhynchos", "scientificName": "Anas platyrhynchos Linnaeus, 1758", "eventDate": "2023-02-17T00:00:00Z", "uncertainty_m": null }, "geometry": { "type": "Point", "coordinates": [ 8.678938, 49.421394 ] } },
{ "type": "Feature", "properties": { "key": 4787616384, "species": "Anser anser", "scientificName": "Anser anser (Linnaeus, 1758)", "eventDate": "2023-02-25T00:00:00Z", "uncertainty_m": null }, "geometry": { "type": "Point", "coordinates": [ 8.624862, 49.455822 ] } },
{ "type": "Feature", "properties": { "key": 4787695008, "species": "Carduelis carduelis", "scientificName": "Carduelis carduelis (Linnaeus, 1758)", "eventDate": "2023-02-20T00:00:00Z", "uncertainty_m": null }, "geometry": { "type": "Point", "coordinates": [ 8.678938, 49.421394 ] } },
{ "type": "Feature", "properties": { "key": 4787815302, "species": "Poecile palustris", "scientificName": "Poecile palustris (Linnaeus, 1758)", "eventDate": "2023-02-21T00:00:00Z", "uncertainty_m": null }, "geometry": { "type": "Point", "coordinates": [ 8.668163, 49.41085 ] } },
{ "type": "Feature", "properties": { "key": 4787907062, "species": "Fringilla coelebs", "scientificName": "Fringilla coelebs Linnaeus, 1758", "eventDate": "2023-02-24T00:00:00Z", "uncertainty_m": null }, "geometry": { "type": "Point", "coordinates": [ 8.665815, 49.425297 ] } },
{ "type": "Feature", "properties": { "key": 4787943824, "species": "Corvus frugilegus", "scientificName": "Corvus frugilegus Linnaeus, 1758", "eventDate": "2023-02-25T00:00:00Z", "uncertainty_m": null }, "geometry": { "type": "Point", "coordinates": [ 8.615402, 49.49815 ] } },
{ "type": "Feature", "properties": { "key": 4787972936, "species": "Ardea alba", "scientificName": "Ardea alba Linnaeus, 1758", "eventDate": "2023-02-25T00:00:00Z", "uncertainty_m": null }, "geometry": { "type": "Point", "coordinates": [ 8.624862, 49.455822 ] } },
{ "type": "Feature", "properties": { "key": 4787978551, "species": "Psittacula krameri", "scientificName": "Psittacula krameri (Scopoli, 1769)", "eventDate": "2023-02-27T00:00:00Z", "uncertainty_m": null }, "geometry": { "type": "Point", "coordinates": [ 8.665815, 49.425297 ] } },
{ "type": "Feature", "properties": { "key": 4788162157, "species": "Falco tinnunculus", "scientificName": "Falco tinnunculus Linnaeus, 1758", "eventDate": "2023-02-20T00:00:00Z", "uncertainty_m": null }, "geometry": { "type": "Point", "coordinates": [ 8.684613, 49.43915 ] } },
{ "type": "Feature", "properties": { "key": 4788247135, "species": "Fringilla coelebs", "scientificName": "Fringilla coelebs Linnaeus, 1758", "eventDate": "2023-02-26T00:00:00Z", "uncertainty_m": null }, "geometry": { "type": "Point", "coordinates": [ 8.678938, 49.421394 ] } },
{ "type": "Feature", "properties": { "key": 4788458659, "species": "Pica pica", "scientificName": "Pica pica (Linnaeus, 1758)", "eventDate": "2023-02-20T00:00:00Z", "uncertainty_m": null }, "geometry": { "type": "Point", "coordinates": [ 8.691434, 49.412827 ] } },
{ "type": "Feature", "properties": { "key": 4788461000, "species": "Parus major", "scientificName": "Parus major Linnaeus, 1758", "eventDate": "2023-02-24T00:00:00Z", "uncertainty_m": null }, "geometry": { "type": "Point", "coordinates": [ 8.665815, 49.425297 ] } },
{ "type": "Feature", "properties": { "key": 4788556398, "species": "Chloris chloris", "scientificName": "Chloris chloris (Linnaeus, 1758)", "eventDate": "2023-02-13T00:00:00Z", "uncertainty_m": null }, "geometry": { "type": "Point", "coordinates": [ 8.673265, 49.459534 ] } },
{ "type": "Feature", "properties": { "key": 4788594065, "species": "Gallinula chloropus", "scientificName": "Gallinula chloropus (Linnaeus, 1758)", "eventDate": "2023-02-21T00:00:00Z", "uncertainty_m": null }, "geometry": { "type": "Point", "coordinates": [ 8.668163, 49.41085 ] } },
{ "type": "Feature", "properties": { "key": 4788661534, "species": "Sitta europaea", "scientificName": "Sitta europaea Linnaeus, 1758", "eventDate": "2023-02-10T00:00:00Z", "uncertainty_m": null }, "geometry": { "type": "Point", "coordinates": [ 8.673265, 49.459534 ] } },
{ "type": "Feature", "properties": { "key": 4789191931, "species": "Corvus corone", "scientificName": "Corvus corone Linnaeus, 1758", "eventDate": "2023-02-24T00:00:00Z", "uncertainty_m": null }, "geometry": { "type": "Point", "coordinates": [ 8.580556, 49.38821 ] } },
{ "type": "Feature", "properties": { "key": 4789192212, "species": "Turdus merula", "scientificName": "Turdus merula Linnaeus, 1758", "eventDate": "2023-02-24T00:00:00Z", "uncertainty_m": null }, "geometry": { "type": "Point", "coordinates": [ 8.665815, 49.425297 ] } },
{ "type": "Feature", "properties": { "key": 4789523548, "species": "Motacilla alba", "scientificName": "Motacilla alba Linnaeus, 1758", "eventDate": "2023-02-25T00:00:00Z", "uncertainty_m": null }, "geometry": { "type": "Point", "coordinates": [ 8.639581, 49.453114 ] } },
{ "type": "Feature", "properties": { "key": 4789567123, "species": "Picus viridis", "scientificName": "Picus viridis Linnaeus, 1758", "eventDate": "2023-02-22T00:00:00Z", "uncertainty_m": null }, "geometry": { "type": "Point", "coordinates": [ 8.668163, 49.41085 ] } },
{ "type": "Feature", "properties": { "key": 4789567129, "species": "Buteo buteo", "scientificName": "Buteo buteo (Linnaeus, 1758)", "eventDate": "2023-02-13T00:00:00Z", "uncertainty_m": null }, "geometry": { "type": "Point", "coordinates": [ 8.673265, 49.459534 ] } },
{ "type": "Feature", "properties": { "key": 4789591363, "species": "Troglodytes troglodytes", "scientificName": "Troglodytes troglodytes (Linnaeus, 1758)", "eventDate": "2023-02-16T00:00:00Z", "uncertainty_m": null }, "geometry": { "type": "Point", "coordinates": [ 8.673265, 49.459534 ] } },
{ "type": "Feature", "properties": { "key": 4789713359, "species": "Parus major", "scientificName": "Parus major Linnaeus, 1758", "eventDate": "2023-02-26T00:00:00Z", "uncertainty_m": null }, "geometry": { "type": "Point", "coordinates": [ 8.668953, 49.415203 ] } },
{ "type": "Feature", "properties": { "key": 4789854147, "species": "Turdus merula", "scientificName": "Turdus merula Linnaeus, 1758", "eventDate": "2023-02-25T00:00:00Z", "uncertainty_m": null }, "geometry": { "type": "Point", "coordinates": [ 8.678938, 49.421394 ] } },
{ "type": "Feature", "properties": { "key": 4789901576, "species": "Alopochen aegyptiaca", "scientificName": "Alopochen aegyptiaca (Linnaeus, 1766)", "eventDate": "2023-02-20T00:00:00Z", "uncertainty_m": null }, "geometry": { "type": "Point", "coordinates": [ 8.668163, 49.41085 ] } },
{ "type": "Feature", "properties": { "key": 4789953539, "species": "Turdus merula", "scientificName": "Turdus merula Linnaeus, 1758", "eventDate": "2023-02-27T00:00:00Z", "uncertainty_m": null }, "geometry": { "type": "Point", "coordinates": [ 8.665815, 49.425297 ] } },
{ "type": "Feature", "properties": { "key": 4790377129, "species": "Linaria cannabina", "scientificName": "Linaria cannabina (Linnaeus, 1758)", "eventDate": "2023-02-09T00:00:00Z", "uncertainty_m": null }, "geometry": { "type": "Point", "coordinates": [ 8.671378, 49.47071 ] } },
{ "type": "Feature", "properties": { "key": 4790894936, "species": "Fringilla coelebs", "scientificName": "Fringilla coelebs Linnaeus, 1758", "eventDate": "2023-02-16T00:00:00Z", "uncertainty_m": null }, "geometry": { "type": "Point", "coordinates": [ 8.671378, 49.47071 ] } },
{ "type": "Feature", "properties": { "key": 4790930376, "species": "Cyanistes caeruleus", "scientificName": "Cyanistes caeruleus (Linnaeus, 1758)", "eventDate": "2023-02-13T00:00:00Z", "uncertainty_m": null }, "geometry": { "type": "Point", "coordinates": [ 8.640053, 49.44901 ] } },
{ "type": "Feature", "properties": { "key": 4791193169, "species": "Accipiter nisus", "scientificName": "Accipiter nisus (Linnaeus, 1758)", "eventDate": "2023-02-04T00:00:00Z", "uncertainty_m": null }, "geometry": { "type": "Point", "coordinates": [ 8.673265, 49.459534 ] } },
{ "type": "Feature", "properties": { "key": 4791432936, "species": "Picus viridis", "scientificName": "Picus viridis Linnaeus, 1758", "eventDate": "2023-02-27T00:00:00Z", "uncertainty_m": null }, "geometry": { "type": "Point", "coordinates": [ 8.665815, 49.425297 ] } },
{ "type": "Feature", "properties": { "key": 4791486666, "species": "Phalacrocorax carbo", "scientificName": "Phalacrocorax carbo (Linnaeus, 1758)", "eventDate": "2023-02-26T00:00:00Z", "uncertainty_m": null }, "geometry": { "type": "Point", "coordinates": [ 8.691434, 49.412827 ] } },
{ "type": "Feature", "properties": { "key": 4791676950, "species": "Dendrocoptes medius", "scientificName": "Dendrocoptes medius (Linnaeus, 1758)", "eventDate": "2023-02-13T00:00:00Z", "uncertainty_m": null }, "geometry": { "type": "Point", "coordinates": [ 8.700556, 49.45739 ] } },
{ "type": "Feature", "properties": { "key": 4792081999, "species": "Columba palumbus", "scientificName": "Columba palumbus Linnaeus, 1758", "eventDate": "2023-02-12T00:00:00Z", "uncertainty_m": null }, "geometry": { "type": "Point", "coordinates": [ 8.678938, 49.421394 ] } },
{ "type": "Feature", "properties": { "key": 4792353401, "species": "Ardea cinerea", "scientificName": "Ardea cinerea Linnaeus, 1758", "eventDate": "2023-02-12T00:00:00Z", "uncertainty_m": null }, "geometry": { "type": "Point", "coordinates": [ 8.668163, 49.41085 ] } },
{ "type": "Feature", "properties": { "key": 4792481821, "species": "Fringilla coelebs", "scientificName": "Fringilla coelebs Linnaeus, 1758", "eventDate": "2023-02-18T00:00:00Z", "uncertainty_m": null }, "geometry": { "type": "Point", "coordinates": [ 8.678938, 49.421394 ] } },
{ "type": "Feature", "properties": { "key": 4792481962, "species": "Gallinula chloropus", "scientificName": "Gallinula chloropus (Linnaeus, 1758)", "eventDate": "2023-02-18T00:00:00Z", "uncertainty_m": null }, "geometry": { "type": "Point", "coordinates": [ 8.668163, 49.41085 ] } },
{ "type": "Feature", "properties": { "key": 4792941086, "species": "Poecile palustris", "scientificName": "Poecile palustris (Linnaeus, 1758)", "eventDate": "2023-02-14T00:00:00Z", "uncertainty_m": null }, "geometry": { "type": "Point", "coordinates": [ 8.679246, 49.469124 ] } },
{ "type": "Feature", "properties": { "key": 4793211621, "species": "Buteo buteo", "scientificName": "Buteo buteo (Linnaeus, 1758)", "eventDate": "2023-02-20T00:00:00Z", "uncertainty_m": null }, "geometry": { "type": "Point", "coordinates": [ 8.668163, 49.41085 ] } },
{ "type": "Feature", "properties": { "key": 4793485334, "species": "Pica pica", "scientificName": "Pica pica (Linnaeus, 1758)", "eventDate": "2023-02-15T00:00:00Z", "uncertainty_m": null }, "geometry": { "type": "Point", "coordinates": [ 8.611779, 49.454887 ] } },
{ "type": "Feature", "properties": { "key": 4793485488, "species": "Motacilla alba", "scientificName": "Motacilla alba Linnaeus, 1758", "eventDate": "2023-02-15T00:00:00Z", "uncertainty_m": null }, "geometry": { "type": "Point", "coordinates": [ 8.639581, 49.453114 ] } },
{ "type": "Feature", "properties": { "key": 4794363636, "species": "Parus major", "scientificName": "Parus major Linnaeus, 1758", "eventDate": "2023-02-19T00:00:00Z", "uncertainty_m": null }, "geometry": { "type": "Point", "coordinates": [ 8.678938, 49.421394 ] } },
{ "type": "Feature", "properties": { "key": 4794445177, "species": "Erithacus rubecula", "scientificName": "Erithacus rubecula (Linnaeus, 1758)", "eventDate": "2023-02-16T00:00:00Z", "uncertainty_m": null }, "geometry": { "type": "Point", "coordinates": [ 8.678938, 49.421394 ] } },
{ "type": "Feature", "properties": { "key": 4794779817, "species": "Fringilla coelebs", "scientificName": "Fringilla coelebs Linnaeus, 1758", "eventDate": "2023-02-20T00:00:00Z", "uncertainty_m": null }, "geometry": { "type": "Point", "coordinates": [ 8.684613, 49.43915 ] } },
{ "type": "Feature", "properties": { "key": 4794863214, "species": "Buteo buteo", "scientificName": "Buteo buteo (Linnaeus, 1758)", "eventDate": "2023-02-09T00:00:00Z", "uncertainty_m": null }, "geometry": { "type": "Point", "coordinates": [ 8.671378, 49.47071 ] } },
{ "type": "Feature", "properties": { "key": 4795389060, "species": "Psittacula krameri", "scientificName": "Psittacula krameri (Scopoli, 1769)", "eventDate": "2023-02-24T00:00:00Z", "uncertainty_m": null }, "geometry": { "type": "Point", "coordinates": [ 8.678938, 49.421394 ] } },
{ "type": "Feature", "properties": { "key": 4796526055, "species": "Passer domesticus", "scientificName": "Passer domesticus (Linnaeus, 1758)", "eventDate": "2023-02-21T00:00:00Z", "uncertainty_m": null }, "geometry": { "type": "Point", "coordinates": [ 8.665815, 49.425297 ] } },
{ "type": "Feature", "properties": { "key": 4796552815, "species": "Erithacus rubecula", "scientificName": "Erithacus rubecula (Linnaeus, 1758)", "eventDate": "2023-02-24T00:00:00Z", "uncertainty_m": null }, "geometry": { "type": "Point", "coordinates": [ 8.665815, 49.425297 ] } },
{ "type": "Feature", "properties": { "key": 4797065441, "species": "Prunella modularis", "scientificName": "Prunella modularis (Linnaeus, 1758)", "eventDate": "2023-02-22T00:00:00Z", "uncertainty_m": null }, "geometry": { "type": "Point", "coordinates": [ 8.668163, 49.41085 ] } },
{ "type": "Feature", "properties": { "key": 4797231627, "species": "Ardea cinerea", "scientificName": "Ardea cinerea Linnaeus, 1758", "eventDate": "2023-02-20T00:00:00Z", "uncertainty_m": null }, "geometry": { "type": "Point", "coordinates": [ 8.668163, 49.41085 ] } },
{ "type": "Feature", "properties": { "key": 4797587690, "species": "Cyanistes caeruleus", "scientificName": "Cyanistes caeruleus (Linnaeus, 1758)", "eventDate": "2023-02-24T00:00:00Z", "uncertainty_m": null }, "geometry": { "type": "Point", "coordinates": [ 8.580556, 49.38821 ] } },
{ "type": "Feature", "properties": { "key": 4797636737, "species": "Ardea cinerea", "scientificName": "Ardea cinerea Linnaeus, 1758", "eventDate": "2023-02-21T00:00:00Z", "uncertainty_m": null }, "geometry": { "type": "Point", "coordinates": [ 8.668163, 49.41085 ] } },
{ "type": "Feature", "properties": { "key": 4798125082, "species": "Parus major", "scientificName": "Parus major Linnaeus, 1758", "eventDate": "2023-02-16T00:00:00Z", "uncertainty_m": null }, "geometry": { "type": "Point", "coordinates": [ 8.671378, 49.47071 ] } },
{ "type": "Feature", "properties": { "key": 4799458400, "species": "Corvus corone", "scientificName": "Corvus corone Linnaeus, 1758", "eventDate": "2023-02-26T00:00:00Z", "uncertainty_m": null }, "geometry": { "type": "Point", "coordinates": [ 8.678938, 49.421394 ] } },
{ "type": "Feature", "properties": { "key": 4800346978, "species": "Fringilla coelebs", "scientificName": "Fringilla coelebs Linnaeus, 1758", "eventDate": "2023-02-28T00:00:00Z", "uncertainty_m": null }, "geometry": { "type": "Point", "coordinates": [ 8.678938, 49.421394 ] } },
{ "type": "Feature", "properties": { "key": 4800576710, "species": "Passer domesticus", "scientificName": "Passer domesticus (Linnaeus, 1758)", "eventDate": "2023-02-20T00:00:00Z", "uncertainty_m": null }, "geometry": { "type": "Point", "coordinates": [ 8.678938, 49.421394 ] } },
{ "type": "Feature", "properties": { "key": 4802765934, "species": "Troglodytes troglodytes", "scientificName": "Troglodytes troglodytes (Linnaeus, 1758)", "eventDate": "2023-02-24T00:00:00Z", "uncertainty_m": null }, "geometry": { "type": "Point", "coordinates": [ 8.665815, 49.425297 ] } },
{ "type": "Feature", "properties": { "key": 4803189799, "species": "Columba palumbus", "scientificName": "Columba palumbus Linnaeus, 1758", "eventDate": "2023-02-25T00:00:00Z", "uncertainty_m": null }, "geometry": { "type": "Point", "coordinates": [ 8.618639, 49.518192 ] } },
{ "type": "Feature", "properties": { "key": 4804893779, "species": "Corvus corone", "scientificName": "Corvus corone Linnaeus, 1758", "eventDate": "2023-02-22T00:00:00Z", "uncertainty_m": null }, "geometry": { "type": "Point", "coordinates": [ 8.668163, 49.41085 ] } },
{ "type": "Feature", "properties": { "key": 4804893783, "species": "Falco tinnunculus", "scientificName": "Falco tinnunculus Linnaeus, 1758", "eventDate": "2023-02-15T00:00:00Z", "uncertainty_m": null }, "geometry": { "type": "Point", "coordinates": [ 8.684613, 49.43915 ] } },
{ "type": "Feature", "properties": { "key": 4804893784, "species": "Turdus merula", "scientificName": "Turdus merula Linnaeus, 1758", "eventDate": "2023-02-20T00:00:00Z", "uncertainty_m": null }, "geometry": { "type": "Point", "coordinates": [ 8.673265, 49.459534 ] } },
{ "type": "Feature", "properties": { "key": 4805670878, "species": "Sitta europaea", "scientificName": "Sitta europaea Linnaeus, 1758", "eventDate": "2023-02-13T00:00:00Z", "uncertainty_m": null }, "geometry": { "type": "Point", "coordinates": [ 8.700556, 49.45739 ] } },
{ "type": "Feature", "properties": { "key": 4806133947, "species": "Certhia brachydactyla", "scientificName": "Certhia brachydactyla C.L.Brehm, 1820", "eventDate": "2023-02-04T00:00:00Z", "uncertainty_m": null }, "geometry": { "type": "Point", "coordinates": [ 8.673265, 49.459534 ] } },
{ "type": "Feature", "properties": { "key": 4806835906, "species": "Psittacula krameri", "scientificName": "Psittacula krameri (Scopoli, 1769)", "eventDate": "2023-02-07T00:00:00Z", "uncertainty_m": null }, "geometry": { "type": "Point", "coordinates": [ 8.676361, 49.404575 ] } },
{ "type": "Feature", "properties": { "key": 4807301711, "species": "Corvus corone", "scientificName": "Corvus corone Linnaeus, 1758", "eventDate": "2023-02-01T00:00:00Z", "uncertainty_m": null }, "geometry": { "type": "Point", "coordinates": [ 8.668163, 49.41085 ] } },
{ "type": "Feature", "properties": { "key": 4807559784, "species": "Picus viridis", "scientificName": "Picus viridis Linnaeus, 1758", "eventDate": "2023-02-02T00:00:00Z", "uncertainty_m": null }, "geometry": { "type": "Point", "coordinates": [ 8.665815, 49.425297 ] } },
{ "type": "Feature", "properties": { "key": 4807755928, "species": "Dryobates minor", "scientificName": "Dryobates minor (Linnaeus, 1758)", "eventDate": "2023-02-14T00:00:00Z", "uncertainty_m": null }, "geometry": { "type": "Point", "coordinates": [ 8.679246, 49.469124 ] } },
{ "type": "Feature", "properties": { "key": 4807795039, "species": "Picus viridis", "scientificName": "Picus viridis Linnaeus, 1758", "eventDate": "2023-02-20T00:00:00Z", "uncertainty_m": null }, "geometry": { "type": "Point", "coordinates": [ 8.671026, 49.418015 ] } },
{ "type": "Feature", "properties": { "key": 4807795070, "species": "Chroicocephalus ridibundus", "scientificName": "Chroicocephalus ridibundus (Linnaeus, 1766)", "eventDate": "2023-02-20T00:00:00Z", "uncertainty_m": null }, "geometry": { "type": "Point", "coordinates": [ 8.691434, 49.412827 ] } },
{ "type": "Feature", "properties": { "key": 4808006185, "species": "Coccothraustes coccothraustes", "scientificName": "Coccothraustes coccothraustes (Linnaeus, 1758)", "eventDate": "2023-02-15T00:00:00Z", "uncertainty_m": null }, "geometry": { "type": "Point", "coordinates": [ 8.611779, 49.454887 ] } },
{ "type": "Feature", "properties": { "key": 4809594194, "species": "Troglodytes troglodytes", "scientificName": "Troglodytes troglodytes (Linnaeus, 1758)", "eventDate": "2023-02-08T00:00:00Z", "uncertainty_m": null }, "geometry": { "type": "Point", "coordinates": [ 8.640053, 49.44901 ] } },
{ "type": "Feature", "properties": { "key": 4810367356, "species": "Pica pica", "scientificName": "Pica pica (Linnaeus, 1758)", "eventDate": "2023-02-04T00:00:00Z", "uncertainty_m": null }, "geometry": { "type": "Point", "coordinates": [ 8.673265, 49.459534 ] } },
{ "type": "Feature", "properties": { "key": 4810725005, "species": "Psittacula krameri", "scientificName": "Psittacula krameri (Scopoli, 1769)", "eventDate": "2023-02-12T00:00:00Z", "uncertainty_m": null }, "geometry": { "type": "Point", "coordinates": [ 8.668163, 49.41085 ] } },
{ "type": "Feature", "properties": { "key": 4810930820, "species": "Coloeus monedula", "scientificName": "Coloeus monedula (Linnaeus, 1758)", "eventDate": "2023-02-21T00:00:00Z", "uncertainty_m": null }, "geometry": { "type": "Point", "coordinates": [ 8.665815, 49.425297 ] } },
{ "type": "Feature", "properties": { "key": 4811242368, "species": "Sitta europaea", "scientificName": "Sitta europaea Linnaeus, 1758", "eventDate": "2023-02-13T00:00:00Z", "uncertainty_m": null }, "geometry": { "type": "Point", "coordinates": [ 8.673265, 49.459534 ] } },
{ "type": "Feature", "properties": { "key": 4811473896, "species": "Gallinula chloropus", "scientificName": "Gallinula chloropus (Linnaeus, 1758)", "eventDate": "2023-02-13T00:00:00Z", "uncertainty_m": null }, "geometry": { "type": "Point", "coordinates": [ 8.691434, 49.412827 ] } },
{ "type": "Feature", "properties": { "key": 4811705073, "species": "Alopochen aegyptiaca", "scientificName": "Alopochen aegyptiaca (Linnaeus, 1766)", "eventDate": "2023-02-15T00:00:00Z", "uncertainty_m": null }, "geometry": { "type": "Point", "coordinates": [ 8.639581, 49.453114 ] } },
{ "type": "Feature", "properties": { "key": 4811858137, "species": "Cyanistes caeruleus", "scientificName": "Cyanistes caeruleus (Linnaeus, 1758)", "eventDate": "2023-02-01T00:00:00Z", "uncertainty_m": null }, "geometry": { "type": "Point", "coordinates": [ 8.668163, 49.41085 ] } },
{ "type": "Feature", "properties": { "key": 4814543701, "species": "Fringilla coelebs", "scientificName": "Fringilla coelebs Linnaeus, 1758", "eventDate": "2023-02-02T00:00:00Z", "uncertainty_m": null }, "geometry": { "type": "Point", "coordinates": [ 8.665815, 49.425297 ] } },
{ "type": "Feature", "properties": { "key": 4815230405, "species": "Branta canadensis", "scientificName": "Branta canadensis (Linnaeus, 1758)", "eventDate": "2023-02-20T00:00:00Z", "uncertainty_m": null }, "geometry": { "type": "Point", "coordinates": [ 8.668163, 49.41085 ] } },
{ "type": "Feature", "properties": { "key": 4815283127, "species": "Coloeus monedula", "scientificName": "Coloeus monedula (Linnaeus, 1758)", "eventDate": "2023-02-12T00:00:00Z", "uncertainty_m": null }, "geometry": { "type": "Point", "coordinates": [ 8.671026, 49.418015 ] } },
{ "type": "Feature", "properties": { "key": 4815763556, "species": "Passer domesticus", "scientificName": "Passer domesticus (Linnaeus, 1758)", "eventDate": "2023-02-12T00:00:00Z", "uncertainty_m": null }, "geometry": { "type": "Point", "coordinates": [ 8.668163, 49.41085 ] } },
{ "type": "Feature", "properties": { "key": 4816330219, "species": "Buteo buteo", "scientificName": "Buteo buteo (Linnaeus, 1758)", "eventDate": "2023-02-14T00:00:00Z", "uncertainty_m": null }, "geometry": { "type": "Point", "coordinates": [ 8.679246, 49.469124 ] } },
{ "type": "Feature", "properties": { "key": 4816920474, "species": "Anas platyrhynchos", "scientificName": "Anas platyrhynchos Linnaeus, 1758", "eventDate": "2023-02-15T00:00:00Z", "uncertainty_m": null }, "geometry": { "type": "Point", "coordinates": [ 8.611779, 49.454887 ] } },
{ "type": "Feature", "properties": { "key": 4816920612, "species": "Sturnus vulgaris", "scientificName": "Sturnus vulgaris Linnaeus, 1758", "eventDate": "2023-02-15T00:00:00Z", "uncertainty_m": null }, "geometry": { "type": "Point", "coordinates": [ 8.639581, 49.453114 ] } },
{ "type": "Feature", "properties": { "key": 4817333846, "species": "Erithacus rubecula", "scientificName": "Erithacus rubecula (Linnaeus, 1758)", "eventDate": "2023-02-11T00:00:00Z", "uncertainty_m": null }, "geometry": { "type": "Point", "coordinates": [ 8.678938, 49.421394 ] } },
{ "type": "Feature", "properties": { "key": 4818068261, "species": "Corvus corone", "scientificName": "Corvus corone Linnaeus, 1758", "eventDate": "2023-02-13T00:00:00Z", "uncertainty_m": null }, "geometry": { "type": "Point", "coordinates": [ 8.673265, 49.459534 ] } },
{ "type": "Feature", "properties": { "key": 4818548717, "species": "Ardea cinerea", "scientificName": "Ardea cinerea Linnaeus, 1758", "eventDate": "2023-02-25T00:00:00Z", "uncertainty_m": null }, "geometry": { "type": "Point", "coordinates": [ 8.624862, 49.455822 ] } },
{ "type": "Feature", "properties": { "key": 4820549775, "species": "Cyanistes caeruleus", "scientificName": "Cyanistes caeruleus (Linnaeus, 1758)", "eventDate": "2023-02-24T00:00:00Z", "uncertainty_m": null }, "geometry": { "type": "Point", "coordinates": [ 8.665815, 49.425297 ] } },
{ "type": "Feature", "properties": { "key": 4820732620, "species": "Columba livia", "scientificName": "Columba livia J.F.Gmelin, 1789", "eventDate": "2023-02-20T00:00:00Z", "uncertainty_m": null }, "geometry": { "type": "Point", "coordinates": [ 8.668163, 49.41085 ] } },
{ "type": "Feature", "properties": { "key": 4821234823, "species": "Garrulus glandarius", "scientificName": "Garrulus glandarius (Linnaeus, 1758)", "eventDate": "2023-02-24T00:00:00Z", "uncertainty_m": null }, "geometry": { "type": "Point", "coordinates": [ 8.580556, 49.38821 ] } },
{ "type": "Feature", "properties": { "key": 4821886746, "species": "Sturnus vulgaris", "scientificName": "Sturnus vulgaris Linnaeus, 1758", "eventDate": "2023-02-02T00:00:00Z", "uncertainty_m": null }, "geometry": { "type": "Point", "coordinates": [ 8.665815, 49.425297 ] } },
{ "type": "Feature", "properties": { "key": 4823159395, "species": "Turdus merula", "scientificName": "Turdus merula Linnaeus, 1758", "eventDate": "2023-02-26T00:00:00Z", "uncertainty_m": null }, "geometry": { "type": "Point", "coordinates": [ 8.678938, 49.421394 ] } },
{ "type": "Feature", "properties": { "key": 4825443251, "species": "Psittacula krameri", "scientificName": "Psittacula krameri (Scopoli, 1769)", "eventDate": "2023-02-24T00:00:00Z", "uncertainty_m": null }, "geometry": { "type": "Point", "coordinates": [ 8.665815, 49.425297 ] } },
{ "type": "Feature", "properties": { "key": 4827249976, "species": "Ardea cinerea", "scientificName": "Ardea cinerea Linnaeus, 1758", "eventDate": "2023-02-24T00:00:00Z", "uncertainty_m": null }, "geometry": { "type": "Point", "coordinates": [ 8.665815, 49.425297 ] } },
{ "type": "Feature", "properties": { "key": 4828000922, "species": "Sitta europaea", "scientificName": "Sitta europaea Linnaeus, 1758", "eventDate": "2023-02-03T00:00:00Z", "uncertainty_m": null }, "geometry": { "type": "Point", "coordinates": [ 8.707174, 49.431812 ] } },
{ "type": "Feature", "properties": { "key": 4830094555, "species": "Alopochen aegyptiaca", "scientificName": "Alopochen aegyptiaca (Linnaeus, 1766)", "eventDate": "2023-02-26T00:00:00Z", "uncertainty_m": null }, "geometry": { "type": "Point", "coordinates": [ 8.668163, 49.41085 ] } },
{ "type": "Feature", "properties": { "key": 4830097554, "species": "Turdus merula", "scientificName": "Turdus merula Linnaeus, 1758", "eventDate": "2023-02-15T00:00:00Z", "uncertainty_m": null }, "geometry": { "type": "Point", "coordinates": [ 8.684613, 49.43915 ] } },
{ "type": "Feature", "properties": { "key": 4830506257, "species": "Cyanistes caeruleus", "scientificName": "Cyanistes caeruleus (Linnaeus, 1758)", "eventDate": "2023-02-24T00:00:00Z", "uncertainty_m": null }, "geometry": { "type": "Point", "coordinates": [ 8.678938, 49.421394 ] } },
{ "type": "Feature", "properties": { "key": 4830582666, "species": "Pica pica", "scientificName": "Pica pica (Linnaeus, 1758)", "eventDate": "2023-02-12T00:00:00Z", "uncertainty_m": null }, "geometry": { "type": "Point", "coordinates": [ 8.678938, 49.421394 ] } },
{ "type": "Feature", "properties": { "key": 4831388060, "species": "Columba palumbus", "scientificName": "Columba palumbus Linnaeus, 1758", "eventDate": "2023-02-15T00:00:00Z", "uncertainty_m": null }, "geometry": { "type": "Point", "coordinates": [ 8.624862, 49.455822 ] } },
{ "type": "Feature", "properties": { "key": 4831727314, "species": "Buteo buteo", "scientificName": "Buteo buteo (Linnaeus, 1758)", "eventDate": "2023-02-16T00:00:00Z", "uncertainty_m": null }, "geometry": { "type": "Point", "coordinates": [ 8.671378, 49.47071 ] } },
{ "type": "Feature", "properties": { "key": 4832721244, "species": "Turdus merula", "scientificName": "Turdus merula Linnaeus, 1758", "eventDate": "2023-02-20T00:00:00Z", "uncertainty_m": null }, "geometry": { "type": "Point", "coordinates": [ 8.668163, 49.41085 ] } },
{ "type": "Feature", "properties": { "key": 4832999386, "species": "Phalacrocorax carbo", "scientificName": "Phalacrocorax carbo (Linnaeus, 1758)", "eventDate": "2023-02-22T00:00:00Z", "uncertainty_m": null }, "geometry": { "type": "Point", "coordinates": [ 8.668163, 49.41085 ] } },
{ "type": "Feature", "properties": { "key": 4832999390, "species": "Cyanistes caeruleus", "scientificName": "Cyanistes caeruleus (Linnaeus, 1758)", "eventDate": "2023-02-15T00:00:00Z", "uncertainty_m": null }, "geometry": { "type": "Point", "coordinates": [ 8.684613, 49.43915 ] } },
{ "type": "Feature", "properties": { "key": 4833339102, "species": "Anas platyrhynchos", "scientificName": "Anas platyrhynchos Linnaeus, 1758", "eventDate": "2023-02-24T00:00:00Z", "uncertainty_m": null }, "geometry": { "type": "Point", "coordinates": [ 8.678938, 49.421394 ] } },
{ "type": "Feature", "properties": { "key": 4833415643, "species": "Chroicocephalus ridibundus", "scientificName": "Chroicocephalus ridibundus (Linnaeus, 1766)", "eventDate": "2023-02-18T00:00:00Z", "uncertainty_m": null }, "geometry": { "type": "Point", "coordinates": [ 8.668163, 49.41085 ] } },
{ "type": "Feature", "properties": { "key": 4833985058, "species": "Corvus corone", "scientificName": "Corvus corone Linnaeus, 1758", "eventDate": "2023-02-19T00:00:00Z", "uncertainty_m": null }, "geometry": { "type": "Point", "coordinates": [ 8.678938, 49.421394 ] } },
{ "type": "Feature", "properties": { "key": 4835387558, "species": "Corvus corone", "scientificName": "Corvus corone Linnaeus, 1758", "eventDate": "2023-02-21T00:00:00Z", "uncertainty_m": null }, "geometry": { "type": "Point", "coordinates": [ 8.639581, 49.453114 ] } },
{ "type": "Feature", "properties": { "key": 4837810056, "species": "Erithacus rubecula", "scientificName": "Erithacus rubecula (Linnaeus, 1758)", "eventDate": "2023-02-22T00:00:00Z", "uncertainty_m": null }, "geometry": { "type": "Point", "coordinates": [ 8.673265, 49.459534 ] } },
{ "type": "Feature", "properties": { "key": 4891900925, "species": "Alopochen aegyptiaca", "scientificName": "Alopochen aegyptiaca (Linnaeus, 1766)", "eventDate": "2023-02-25T13:46:19Z", "uncertainty_m": 7.0 }, "geometry": { "type": "Point", "coordinates": [ 8.71691, 49.415895 ] } },
{ "type": "Feature", "properties": { "key": 4932818170, "species": "Branta canadensis", "scientificName": "Branta canadensis (Linnaeus, 1758)", "eventDate": "2023-02-26T00:00:00Z", "uncertainty_m": null }, "geometry": { "type": "Point", "coordinates": [ 8.64, 49.43 ] } },
{ "type": "Feature", "properties": { "key": 5012513041, "species": "Alcedo atthis", "scientificName": "Alcedo atthis (Linnaeus, 1758)", "eventDate": "2023-02-11T00:00:00Z", "uncertainty_m": 250.0 }, "geometry": { "type": "Point", "coordinates": [ 8.61046, 49.365299 ] } },
{ "type": "Feature", "properties": { "key": 5012583279, "species": "Regulus ignicapilla", "scientificName": "Regulus ignicapilla (Temminck, 1820)", "eventDate": "2023-02-08T00:00:00Z", "uncertainty_m": 25.0 }, "geometry": { "type": "Point", "coordinates": [ 8.655467, 49.447914 ] } },
{ "type": "Feature", "properties": { "key": 5012621700, "species": "Turdus philomelos", "scientificName": "Turdus philomelos C.L.Brehm, 1831", "eventDate": "2023-02-24T00:00:00Z", "uncertainty_m": 250.0 }, "geometry": { "type": "Point", "coordinates": [ 8.655648, 49.321583 ] } },
{ "type": "Feature", "properties": { "key": 5012652099, "species": "Buteo buteo", "scientificName": "Buteo buteo (Linnaeus, 1758)", "eventDate": "2023-02-12T00:00:00Z", "uncertainty_m": 250.0 }, "geometry": { "type": "Point", "coordinates": [ 8.61046, 49.365299 ] } },
{ "type": "Feature", "properties": { "key": 5012676577, "species": "Parus major", "scientificName": "Parus major Linnaeus, 1758", "eventDate": "2023-02-10T00:00:00Z", "uncertainty_m": 250.0 }, "geometry": { "type": "Point", "coordinates": [ 8.671474, 49.460484 ] } },
{ "type": "Feature", "properties": { "key": 5012776299, "species": "Cyanistes caeruleus", "scientificName": "Cyanistes caeruleus (Linnaeus, 1758)", "eventDate": "2023-02-13T00:00:00Z", "uncertainty_m": 250.0 }, "geometry": { "type": "Point", "coordinates": [ 8.66714, 49.414982 ] } },
{ "type": "Feature", "properties": { "key": 5012838617, "species": "Carduelis carduelis", "scientificName": "Carduelis carduelis (Linnaeus, 1758)", "eventDate": "2023-02-11T00:00:00Z", "uncertainty_m": 250.0 }, "geometry": { "type": "Point", "coordinates": [ 8.624182, 49.353085 ] } },
{ "type": "Feature", "properties": { "key": 5012865493, "species": "Carduelis carduelis", "scientificName": "Carduelis carduelis (Linnaeus, 1758)", "eventDate": "2023-02-22T00:00:00Z", "uncertainty_m": 25.0 }, "geometry": { "type": "Point", "coordinates": [ 8.679471, 49.405334 ] } },
{ "type": "Feature", "properties": { "key": 5012957434, "species": "Anas platyrhynchos", "scientificName": "Anas platyrhynchos Linnaeus, 1758", "eventDate": "2023-02-13T00:00:00Z", "uncertainty_m": 250.0 }, "geometry": { "type": "Point", "coordinates": [ 8.553262, 49.336807 ] } },
{ "type": "Feature", "properties": { "key": 5012983828, "species": "Carduelis carduelis", "scientificName": "Carduelis carduelis (Linnaeus, 1758)", "eventDate": "2023-02-10T00:00:00Z", "uncertainty_m": 250.0 }, "geometry": { "type": "Point", "coordinates": [ 8.671474, 49.460484 ] } },
{ "type": "Feature", "properties": { "key": 5013067201, "species": "Buteo buteo", "scientificName": "Buteo buteo (Linnaeus, 1758)", "eventDate": "2023-02-27T00:00:00Z", "uncertainty_m": 250.0 }, "geometry": { "type": "Point", "coordinates": [ 8.608605, 49.455669 ] } },
{ "type": "Feature", "properties": { "key": 5013096541, "species": "Buteo buteo", "scientificName": "Buteo buteo (Linnaeus, 1758)", "eventDate": "2023-02-24T00:00:00Z", "uncertainty_m": 250.0 }, "geometry": { "type": "Point", "coordinates": [ 8.663545, 49.311413 ] } },
{ "type": "Feature", "properties": { "key": 5013248226, "species": "Gallinula chloropus", "scientificName": "Gallinula chloropus (Linnaeus, 1758)", "eventDate": "2023-02-11T00:00:00Z", "uncertainty_m": 250.0 }, "geometry": { "type": "Point", "coordinates": [ 8.61046, 49.365299 ] } },
{ "type": "Feature", "properties": { "key": 5013504875, "species": "Columba palumbus", "scientificName": "Columba palumbus Linnaeus, 1758", "eventDate": "2023-02-12T00:00:00Z", "uncertainty_m": 250.0 }, "geometry": { "type": "Point", "coordinates": [ 8.638679, 49.350803 ] } },
{ "type": "Feature", "properties": { "key": 5013511700, "species": "Anser anser", "scientificName": "Anser anser (Linnaeus, 1758)", "eventDate": "2023-02-20T00:00:00Z", "uncertainty_m": 250.0 }, "geometry": { "type": "Point", "coordinates": [ 8.553262, 49.336807 ] } },
{ "type": "Feature", "properties": { "key": 5013542730, "species": "Psittacula krameri", "scientificName": "Psittacula krameri (Scopoli, 1769)", "eventDate": "2023-02-06T00:00:00Z", "uncertainty_m": 250.0 }, "geometry": { "type": "Point", "coordinates": [ 8.671855, 49.417233 ] } },
{ "type": "Feature", "properties": { "key": 5013594552, "species": "Falco tinnunculus", "scientificName": "Falco tinnunculus Linnaeus, 1758", "eventDate": "2023-02-12T00:00:00Z", "uncertainty_m": 250.0 }, "geometry": { "type": "Point", "coordinates": [ 8.61046, 49.365299 ] } },
{ "type": "Feature", "properties": { "key": 5013667072, "species": "Turdus merula", "scientificName": "Turdus merula Linnaeus, 1758", "eventDate": "2023-02-12T00:00:00Z", "uncertainty_m": 250.0 }, "geometry": { "type": "Point", "coordinates": [ 8.638679, 49.350803 ] } },
{ "type": "Feature", "properties": { "key": 5013696785, "species": "Parus major", "scientificName": "Parus major Linnaeus, 1758", "eventDate": "2023-02-13T00:00:00Z", "uncertainty_m": 250.0 }, "geometry": { "type": "Point", "coordinates": [ 8.66714, 49.414982 ] } },
{ "type": "Feature", "properties": { "key": 5013731857, "species": "Cyanistes caeruleus", "scientificName": "Cyanistes caeruleus (Linnaeus, 1758)", "eventDate": "2023-02-06T00:00:00Z", "uncertainty_m": 250.0 }, "geometry": { "type": "Point", "coordinates": [ 8.553262, 49.336807 ] } },
{ "type": "Feature", "properties": { "key": 5013764984, "species": "Ardea alba", "scientificName": "Ardea alba Linnaeus, 1758", "eventDate": "2023-02-11T00:00:00Z", "uncertainty_m": 250.0 }, "geometry": { "type": "Point", "coordinates": [ 8.61046, 49.365299 ] } },
{ "type": "Feature", "properties": { "key": 5013779828, "species": "Columba palumbus", "scientificName": "Columba palumbus Linnaeus, 1758", "eventDate": "2023-02-14T00:00:00Z", "uncertainty_m": 250.0 }, "geometry": { "type": "Point", "coordinates": [ 8.561783, 49.38176 ] } },
{ "type": "Feature", "properties": { "key": 5013809801, "species": "Dendrocopos major", "scientificName": "Dendrocopos major (Linnaeus, 1758)", "eventDate": "2023-02-04T00:00:00Z", "uncertainty_m": 250.0 }, "geometry": { "type": "Point", "coordinates": [ 8.638679, 49.350803 ] } },
{ "type": "Feature", "properties": { "key": 5013834280, "species": "Sturnus vulgaris", "scientificName": "Sturnus vulgaris Linnaeus, 1758", "eventDate": "2023-02-14T00:00:00Z", "uncertainty_m": 250.0 }, "geometry": { "type": "Point", "coordinates": [ 8.566675, 49.304832 ] } },
{ "type": "Feature", "properties": { "key": 5013892168, "species": "Erithacus rubecula", "scientificName": "Erithacus rubecula (Linnaeus, 1758)", "eventDate": "2023-02-10T00:00:00Z", "uncertainty_m": 250.0 }, "geometry": { "type": "Point", "coordinates": [ 8.671474, 49.460484 ] } },
{ "type": "Feature", "properties": { "key": 5013970695, "species": "Falco tinnunculus", "scientificName": "Falco tinnunculus Linnaeus, 1758", "eventDate": "2023-02-11T00:00:00Z", "uncertainty_m": 250.0 }, "geometry": { "type": "Point", "coordinates": [ 8.61046, 49.365299 ] } },
{ "type": "Feature", "properties": { "key": 5013978038, "species": "Fringilla coelebs", "scientificName": "Fringilla coelebs Linnaeus, 1758", "eventDate": "2023-02-11T00:00:00Z", "uncertainty_m": 250.0 }, "geometry": { "type": "Point", "coordinates": [ 8.624182, 49.353085 ] } },
{ "type": "Feature", "properties": { "key": 5014091845, "species": "Anas platyrhynchos", "scientificName": "Anas platyrhynchos Linnaeus, 1758", "eventDate": "2023-02-25T00:00:00Z", "uncertainty_m": 250.0 }, "geometry": { "type": "Point", "coordinates": [ 8.624182, 49.353085 ] } },
{ "type": "Feature", "properties": { "key": 5014256387, "species": "Corvus corone", "scientificName": "Corvus corone Linnaeus, 1758", "eventDate": "2023-02-12T00:00:00Z", "uncertainty_m": 250.0 }, "geometry": { "type": "Point", "coordinates": [ 8.61046, 49.365299 ] } },
{ "type": "Feature", "properties": { "key": 5014279046, "species": "Fringilla coelebs", "scientificName": "Fringilla coelebs Linnaeus, 1758", "eventDate": "2023-02-20T00:00:00Z", "uncertainty_m": 250.0 }, "geometry": { "type": "Point", "coordinates": [ 8.553262, 49.336807 ] } },
{ "type": "Feature", "properties": { "key": 5014322199, "species": "Columba palumbus", "scientificName": "Columba palumbus Linnaeus, 1758", "eventDate": "2023-02-20T00:00:00Z", "uncertainty_m": 250.0 }, "geometry": { "type": "Point", "coordinates": [ 8.553262, 49.336807 ] } },
{ "type": "Feature", "properties": { "key": 5014353769, "species": "Paridae", "scientificName": "Paridae", "eventDate": "2023-02-18T00:00:00Z", "uncertainty_m": 250.0 }, "geometry": { "type": "Point", "coordinates": [ 8.828013, 49.315109 ] } },
{ "type": "Feature", "properties": { "key": 5014356544, "species": "Carduelis carduelis", "scientificName": "Carduelis carduelis (Linnaeus, 1758)", "eventDate": "2023-02-12T00:00:00Z", "uncertainty_m": 250.0 }, "geometry": { "type": "Point", "coordinates": [ 8.624182, 49.353085 ] } },
{ "type": "Feature", "properties": { "key": 5014384274, "species": "Coccothraustes coccothraustes", "scientificName": "Coccothraustes coccothraustes (Linnaeus, 1758)", "eventDate": "2023-02-18T00:00:00Z", "uncertainty_m": 250.0 }, "geometry": { "type": "Point", "coordinates": [ 8.799949, 49.34066 ] } },
{ "type": "Feature", "properties": { "key": 5014413863, "species": "Grus grus", "scientificName": "Grus grus (Linnaeus, 1758)", "eventDate": "2023-02-25T00:00:00Z", "uncertainty_m": 25.0 }, "geometry": { "type": "Point", "coordinates": [ 8.592298, 49.372845 ] } },
{ "type": "Feature", "properties": { "key": 5014452867, "species": "Ciconia ciconia", "scientificName": "Ciconia ciconia (Linnaeus, 1758)", "eventDate": "2023-02-24T00:00:00Z", "uncertainty_m": 250.0 }, "geometry": { "type": "Point", "coordinates": [ 8.663545, 49.311413 ] } },
{ "type": "Feature", "properties": { "key": 5014520996, "species": "Anser brachyrhynchus", "scientificName": "Anser brachyrhynchus Baillon, 1834", "eventDate": "2023-02-24T00:00:00Z", "uncertainty_m": 250.0 }, "geometry": { "type": "Point", "coordinates": [ 8.684049, 49.412148 ] } },
{ "type": "Feature", "properties": { "key": 5014620850, "species": "Parus major", "scientificName": "Parus major Linnaeus, 1758", "eventDate": "2023-02-13T00:00:00Z", "uncertainty_m": 250.0 }, "geometry": { "type": "Point", "coordinates": [ 8.553262, 49.336807 ] } },
{ "type": "Feature", "properties": { "key": 5014636914, "species": "Carduelis carduelis", "scientificName": "Carduelis carduelis (Linnaeus, 1758)", "eventDate": "2023-02-11T00:00:00Z", "uncertainty_m": 250.0 }, "geometry": { "type": "Point", "coordinates": [ 8.61046, 49.365299 ] } },
{ "type": "Feature", "properties": { "key": 5014857463, "species": "Parus major", "scientificName": "Parus major Linnaeus, 1758", "eventDate": "2023-02-16T00:00:00Z", "uncertainty_m": 25.0 }, "geometry": { "type": "Point", "coordinates": [ 8.679201, 49.406017 ] } },
{ "type": "Feature", "properties": { "key": 5014869850, "species": "Garrulus glandarius", "scientificName": "Garrulus glandarius (Linnaeus, 1758)", "eventDate": "2023-02-17T00:00:00Z", "uncertainty_m": 250.0 }, "geometry": { "type": "Point", "coordinates": [ 8.799949, 49.34066 ] } },
{ "type": "Feature", "properties": { "key": 5015110324, "species": "Grus grus", "scientificName": "Grus grus (Linnaeus, 1758)", "eventDate": "2023-02-25T00:00:00Z", "uncertainty_m": 25.0 }, "geometry": { "type": "Point", "coordinates": [ 8.653804, 49.477993 ] } },
{ "type": "Feature", "properties": { "key": 5015130611, "species": "Corvus corone", "scientificName": "Corvus corone Linnaeus, 1758", "eventDate": "2023-02-10T00:00:00Z", "uncertainty_m": 250.0 }, "geometry": { "type": "Point", "coordinates": [ 8.671474, 49.460484 ] } },
{ "type": "Feature", "properties": { "key": 5015218711, "species": "Anas platyrhynchos", "scientificName": "Anas platyrhynchos Linnaeus, 1758", "eventDate": "2023-02-20T00:00:00Z", "uncertainty_m": 250.0 }, "geometry": { "type": "Point", "coordinates": [ 8.553262, 49.336807 ] } },
{ "type": "Feature", "properties": { "key": 5015304790, "species": "Garrulus glandarius", "scientificName": "Garrulus glandarius (Linnaeus, 1758)", "eventDate": "2023-02-13T00:00:00Z", "uncertainty_m": 250.0 }, "geometry": { "type": "Point", "coordinates": [ 8.66714, 49.414982 ] } },
{ "type": "Feature", "properties": { "key": 5015343619, "species": "Ciconia ciconia", "scientificName": "Ciconia ciconia (Linnaeus, 1758)", "eventDate": "2023-02-21T00:00:00Z", "uncertainty_m": 250.0 }, "geometry": { "type": "Point", "coordinates": [ 8.661175, 49.412704 ] } },
{ "type": "Feature", "properties": { "key": 5015374133, "species": "Anas platyrhynchos", "scientificName": "Anas platyrhynchos Linnaeus, 1758", "eventDate": "2023-02-20T00:00:00Z", "uncertainty_m": 250.0 }, "geometry": { "type": "Point", "coordinates": [ 8.66714, 49.414982 ] } },
{ "type": "Feature", "properties": { "key": 5015384331, "species": "Prunella modularis", "scientificName": "Prunella modularis (Linnaeus, 1758)", "eventDate": "2023-02-10T00:00:00Z", "uncertainty_m": 250.0 }, "geometry": { "type": "Point", "coordinates": [ 8.671474, 49.460484 ] } },
{ "type": "Feature", "properties": { "key": 5015412118, "species": "Accipiter nisus", "scientificName": "Accipiter nisus (Linnaeus, 1758)", "eventDate": "2023-02-23T00:00:00Z", "uncertainty_m": 250.0 }, "geometry": { "type": "Point", "coordinates": [ 8.643686, 49.34222 ] } },
{ "type": "Feature", "properties": { "key": 5015449079, "species": "Ardea alba", "scientificName": "Ardea alba Linnaeus, 1758", "eventDate": "2023-02-25T00:00:00Z", "uncertainty_m": 250.0 }, "geometry": { "type": "Point", "coordinates": [ 8.61046, 49.365299 ] } },
{ "type": "Feature", "properties": { "key": 5015454271, "species": "Regulus regulus", "scientificName": "Regulus regulus (Linnaeus, 1758)", "eventDate": "2023-02-04T00:00:00Z", "uncertainty_m": 250.0 }, "geometry": { "type": "Point", "coordinates": [ 8.621178, 49.326931 ] } },
{ "type": "Feature", "properties": { "key": 5015471438, "species": "Columba palumbus", "scientificName": "Columba palumbus Linnaeus, 1758", "eventDate": "2023-02-04T00:00:00Z", "uncertainty_m": 250.0 }, "geometry": { "type": "Point", "coordinates": [ 8.621178, 49.326931 ] } },
{ "type": "Feature", "properties": { "key": 5015614632, "species": "Anas platyrhynchos", "scientificName": "Anas platyrhynchos Linnaeus, 1758", "eventDate": "2023-02-25T00:00:00Z", "uncertainty_m": 250.0 }, "geometry": { "type": "Point", "coordinates": [ 8.65041, 49.353672 ] } },
{ "type": "Feature", "properties": { "key": 5015765728, "species": "Branta canadensis", "scientificName": "Branta canadensis (Linnaeus, 1758)", "eventDate": "2023-02-12T00:00:00Z", "uncertainty_m": 250.0 }, "geometry": { "type": "Point", "coordinates": [ 8.69084, 49.412796 ] } },
{ "type": "Feature", "properties": { "key": 5015846470, "species": "Ardea cinerea", "scientificName": "Ardea cinerea Linnaeus, 1758", "eventDate": "2023-02-25T00:00:00Z", "uncertainty_m": 250.0 }, "geometry": { "type": "Point", "coordinates": [ 8.61046, 49.365299 ] } },
{ "type": "Feature", "properties": { "key": 5015955018, "species": "Fringilla coelebs", "scientificName": "Fringilla coelebs Linnaeus, 1758", "eventDate": "2023-02-13T00:00:00Z", "uncertainty_m": 250.0 }, "geometry": { "type": "Point", "coordinates": [ 8.553262, 49.336807 ] } },
{ "type": "Feature", "properties": { "key": 5016036661, "species": "Columba palumbus", "scientificName": "Columba palumbus Linnaeus, 1758", "eventDate": "2023-02-20T00:00:00Z", "uncertainty_m": 250.0 }, "geometry": { "type": "Point", "coordinates": [ 8.66714, 49.414982 ] } },
{ "type": "Feature", "properties": { "key": 5016223546, "species": "Anas platyrhynchos", "scientificName": "Anas platyrhynchos Linnaeus, 1758", "eventDate": "2023-02-14T00:00:00Z", "uncertainty_m": 250.0 }, "geometry": { "type": "Point", "coordinates": [ 8.561783, 49.38176 ] } },
{ "type": "Feature", "properties": { "key": 5016283698, "species": "Chloris chloris", "scientificName": "Chloris chloris (Linnaeus, 1758)", "eventDate": "2023-02-10T00:00:00Z", "uncertainty_m": 250.0 }, "geometry": { "type": "Point", "coordinates": [ 8.671474, 49.460484 ] } },
{ "type": "Feature", "properties": { "key": 5016342572, "species": "Corvus corone", "scientificName": "Corvus corone Linnaeus, 1758", "eventDate": "2023-02-25T00:00:00Z", "uncertainty_m": 250.0 }, "geometry": { "type": "Point", "coordinates": [ 8.61046, 49.365299 ] } },
{ "type": "Feature", "properties": { "key": 5016369492, "species": "Fulica atra", "scientificName": "Fulica atra Linnaeus, 1758", "eventDate": "2023-02-06T00:00:00Z", "uncertainty_m": 250.0 }, "geometry": { "type": "Point", "coordinates": [ 8.553262, 49.336807 ] } },
{ "type": "Feature", "properties": { "key": 5016464426, "species": "Cyanistes caeruleus", "scientificName": "Cyanistes caeruleus (Linnaeus, 1758)", "eventDate": "2023-02-13T00:00:00Z", "uncertainty_m": 250.0 }, "geometry": { "type": "Point", "coordinates": [ 8.553262, 49.336807 ] } },
{ "type": "Feature", "properties": { "key": 5016541287, "species": "Larus ridibundus", "scientificName": "Larus ridibundus Linnaeus, 1766", "eventDate": "2023-02-12T00:00:00Z", "uncertainty_m": 25.0 }, "geometry": { "type": "Point", "coordinates": [ 8.713026, 49.413944 ] } },
{ "type": "Feature", "properties": { "key": 5016636437, "species": "Turdus merula", "scientificName": "Turdus merula Linnaeus, 1758", "eventDate": "2023-02-06T00:00:00Z", "uncertainty_m": 250.0 }, "geometry": { "type": "Point", "coordinates": [ 8.553262, 49.336807 ] } },
{ "type": "Feature", "properties": { "key": 5016655140, "species": "Tachybaptus ruficollis", "scientificName": "Tachybaptus ruficollis (Pallas, 1764)", "eventDate": "2023-02-14T00:00:00Z", "uncertainty_m": 250.0 }, "geometry": { "type": "Point", "coordinates": [ 8.561783, 49.38176 ] } },
{ "type": "Feature", "properties": { "key": 5016793257, "species": "Cyanistes caeruleus", "scientificName": "Cyanistes caeruleus (Linnaeus, 1758)", "eventDate": "2023-02-20T00:00:00Z", "uncertainty_m": 250.0 }, "geometry": { "type": "Point", "coordinates": [ 8.789063, 49.485077 ] } },
{ "type": "Feature", "properties": { "key": 5016946646, "species": "Corvus corone", "scientificName": "Corvus corone Linnaeus, 1758", "eventDate": "2023-02-13T00:00:00Z", "uncertainty_m": 250.0 }, "geometry": { "type": "Point", "coordinates": [ 8.553262, 49.336807 ] } },
{ "type": "Feature", "properties": { "key": 5017049646, "species": "Ardea alba", "scientificName": "Ardea alba Linnaeus, 1758", "eventDate": "2023-02-28T00:00:00Z", "uncertainty_m": 25.0 }, "geometry": { "type": "Point", "coordinates": [ 8.667329, 49.352051 ] } },
{ "type": "Feature", "properties": { "key": 5017061404, "species": "Alopochen aegyptiaca", "scientificName": "Alopochen aegyptiaca (Linnaeus, 1766)", "eventDate": "2023-02-12T00:00:00Z", "uncertainty_m": 250.0 }, "geometry": { "type": "Point", "coordinates": [ 8.730912, 49.4203 ] } },
{ "type": "Feature", "properties": { "key": 5017074712, "species": "Alcedo atthis", "scientificName": "Alcedo atthis (Linnaeus, 1758)", "eventDate": "2023-02-11T00:00:00Z", "uncertainty_m": 250.0 }, "geometry": { "type": "Point", "coordinates": [ 8.654245, 49.356178 ] } },
{ "type": "Feature", "properties": { "key": 5017127488, "species": "Sitta europaea", "scientificName": "Sitta europaea Linnaeus, 1758", "eventDate": "2023-02-10T00:00:00Z", "uncertainty_m": 250.0 }, "geometry": { "type": "Point", "coordinates": [ 8.828013, 49.315109 ] } },
{ "type": "Feature", "properties": { "key": 5017133180, "species": "Coccothraustes coccothraustes", "scientificName": "Coccothraustes coccothraustes (Linnaeus, 1758)", "eventDate": "2023-02-10T00:00:00Z", "uncertainty_m": 250.0 }, "geometry": { "type": "Point", "coordinates": [ 8.671474, 49.460484 ] } },
{ "type": "Feature", "properties": { "key": 5017229878, "species": "Buteo buteo", "scientificName": "Buteo buteo (Linnaeus, 1758)", "eventDate": "2023-02-04T00:00:00Z", "uncertainty_m": 250.0 }, "geometry": { "type": "Point", "coordinates": [ 8.624182, 49.353085 ] } },
{ "type": "Feature", "properties": { "key": 5017281157, "species": "Psittacula krameri", "scientificName": "Psittacula krameri (Scopoli, 1769)", "eventDate": "2023-02-21T00:00:00Z", "uncertainty_m": 25.0 }, "geometry": { "type": "Point", "coordinates": [ 8.671246, 49.414768 ] } },
{ "type": "Feature", "properties": { "key": 5017289434, "species": "Columba palumbus", "scientificName": "Columba palumbus Linnaeus, 1758", "eventDate": "2023-02-21T00:00:00Z", "uncertainty_m": 250.0 }, "geometry": { "type": "Point", "coordinates": [ 8.681175, 49.438652 ] } },
{ "type": "Feature", "properties": { "key": 5017342552, "species": "Certhia brachydactyla", "scientificName": "Certhia brachydactyla C.L.Brehm, 1820", "eventDate": "2023-02-03T00:00:00Z", "uncertainty_m": 25.0 }, "geometry": { "type": "Point", "coordinates": [ 8.685783, 49.426598 ] } },
{ "type": "Feature", "properties": { "key": 5017420557, "species": "Sitta europaea", "scientificName": "Sitta europaea Linnaeus, 1758", "eventDate": "2023-02-12T00:00:00Z", "uncertainty_m": 250.0 }, "geometry": { "type": "Point", "coordinates": [ 8.828013, 49.315109 ] } },
{ "type": "Feature", "properties": { "key": 5017559997, "species": "Anas platyrhynchos", "scientificName": "Anas platyrhynchos Linnaeus, 1758", "eventDate": "2023-02-12T00:00:00Z", "uncertainty_m": 250.0 }, "geometry": { "type": "Point", "coordinates": [ 8.624182, 49.353085 ] } },
{ "type": "Feature", "properties": { "key": 5017571682, "species": "Garrulus glandarius", "scientificName": "Garrulus glandarius (Linnaeus, 1758)", "eventDate": "2023-02-10T00:00:00Z", "uncertainty_m": 25.0 }, "geometry": { "type": "Point", "coordinates": [ 8.700249, 49.372616 ] } },
{ "type": "Feature", "properties": { "key": 5017586581, "species": "Alcedo atthis", "scientificName": "Alcedo atthis (Linnaeus, 1758)", "eventDate": "2023-02-24T00:00:00Z", "uncertainty_m": 250.0 }, "geometry": { "type": "Point", "coordinates": [ 8.663545, 49.311413 ] } },
{ "type": "Feature", "properties": { "key": 5017625754, "species": "Corvus corone", "scientificName": "Corvus corone Linnaeus, 1758", "eventDate": "2023-02-24T00:00:00Z", "uncertainty_m": 250.0 }, "geometry": { "type": "Point", "coordinates": [ 8.663545, 49.311413 ] } },
{ "type": "Feature", "properties": { "key": 5017660889, "species": "Turdus merula", "scientificName": "Turdus merula Linnaeus, 1758", "eventDate": "2023-02-04T00:00:00Z", "uncertainty_m": 250.0 }, "geometry": { "type": "Point", "coordinates": [ 8.638679, 49.350803 ] } },
{ "type": "Feature", "properties": { "key": 5017710211, "species": "Turdus merula", "scientificName": "Turdus merula Linnaeus, 1758", "eventDate": "2023-02-04T00:00:00Z", "uncertainty_m": 250.0 }, "geometry": { "type": "Point", "coordinates": [ 8.619139, 49.353054 ] } },
{ "type": "Feature", "properties": { "key": 5017756106, "species": "Branta canadensis", "scientificName": "Branta canadensis (Linnaeus, 1758)", "eventDate": "2023-02-14T00:00:00Z", "uncertainty_m": 250.0 }, "geometry": { "type": "Point", "coordinates": [ 8.561783, 49.38176 ] } },
{ "type": "Feature", "properties": { "key": 5017789513, "species": "Troglodytes troglodytes", "scientificName": "Troglodytes troglodytes (Linnaeus, 1758)", "eventDate": "2023-02-10T00:00:00Z", "uncertainty_m": 250.0 }, "geometry": { "type": "Point", "coordinates": [ 8.671474, 49.460484 ] } },
{ "type": "Feature", "properties": { "key": 5017815465, "species": "Anas platyrhynchos", "scientificName": "Anas platyrhynchos Linnaeus, 1758", "eventDate": "2023-02-13T00:00:00Z", "uncertainty_m": 250.0 }, "geometry": { "type": "Point", "coordinates": [ 8.66714, 49.414982 ] } },
{ "type": "Feature", "properties": { "key": 5017831876, "species": "Streptopelia decaocto", "scientificName": "Streptopelia decaocto (Frivaldszky, 1838)", "eventDate": "2023-02-17T00:00:00Z", "uncertainty_m": 250.0 }, "geometry": { "type": "Point", "coordinates": [ 8.799949, 49.34066 ] } },
{ "type": "Feature", "properties": { "key": 5017924048, "species": "Cyanistes caeruleus", "scientificName": "Cyanistes caeruleus (Linnaeus, 1758)", "eventDate": "2023-02-18T00:00:00Z", "uncertainty_m": 250.0 }, "geometry": { "type": "Point", "coordinates": [ 8.790663, 49.323929 ] } },
{ "type": "Feature", "properties": { "key": 5018077167, "species": "Turdus viscivorus", "scientificName": "Turdus viscivorus Linnaeus, 1758", "eventDate": "2023-02-04T00:00:00Z", "uncertainty_m": 250.0 }, "geometry": { "type": "Point", "coordinates": [ 8.621178, 49.326931 ] } },
{ "type": "Feature", "properties": { "key": 5018083946, "species": "Coccothraustes coccothraustes", "scientificName": "Coccothraustes coccothraustes (Linnaeus, 1758)", "eventDate": "2023-02-17T00:00:00Z", "uncertainty_m": 250.0 }, "geometry": { "type": "Point", "coordinates": [ 8.799949, 49.34066 ] } },
{ "type": "Feature", "properties": { "key": 5018290145, "species": "Cyanistes caeruleus", "scientificName": "Cyanistes caeruleus (Linnaeus, 1758)", "eventDate": "2023-02-20T00:00:00Z", "uncertainty_m": 250.0 }, "geometry": { "type": "Point", "coordinates": [ 8.66714, 49.414982 ] } },
{ "type": "Feature", "properties": { "key": 5018314893, "species": "Corvus corone", "scientificName": "Corvus corone Linnaeus, 1758", "eventDate": "2023-02-04T00:00:00Z", "uncertainty_m": 250.0 }, "geometry": { "type": "Point", "coordinates": [ 8.624182, 49.353085 ] } },
{ "type": "Feature", "properties": { "key": 5018400531, "species": "Ardea alba", "scientificName": "Ardea alba Linnaeus, 1758", "eventDate": "2023-02-10T00:00:00Z", "uncertainty_m": 250.0 }, "geometry": { "type": "Point", "coordinates": [ 8.616092, 49.433838 ] } },
{ "type": "Feature", "properties": { "key": 5018644010, "species": "Psittacula krameri", "scientificName": "Psittacula krameri (Scopoli, 1769)", "eventDate": "2023-02-20T00:00:00Z", "uncertainty_m": 250.0 }, "geometry": { "type": "Point", "coordinates": [ 8.66714, 49.414982 ] } },
{ "type": "Feature", "properties": { "key": 5018704249, "species": "Grus grus", "scientificName": "Grus grus (Linnaeus, 1758)", "eventDate": "2023-02-25T00:00:00Z", "uncertainty_m": 25.0 }, "geometry": { "type": "Point", "coordinates": [ 8.574784, 49.508705 ] } },
{ "type": "Feature", "properties": { "key": 5018716557, "species": "Turdus merula", "scientificName": "Turdus merula Linnaeus, 1758", "eventDate": "2023-02-20T00:00:00Z", "uncertainty_m": 250.0 }, "geometry": { "type": "Point", "coordinates": [ 8.66714, 49.414982 ] } },
{ "type": "Feature", "properties": { "key": 5018724609, "species": "Corvus corone", "scientificName": "Corvus corone Linnaeus, 1758", "eventDate": "2023-02-14T00:00:00Z", "uncertainty_m": 250.0 }, "geometry": { "type": "Point", "coordinates": [ 8.566675, 49.304832 ] } },
{ "type": "Feature", "properties": { "key": 5018737830, "species": "Turdus merula", "scientificName": "Turdus merula Linnaeus, 1758", "eventDate": "2023-02-11T00:00:00Z", "uncertainty_m": 250.0 }, "geometry": { "type": "Point", "coordinates": [ 8.61046, 49.365299 ] } },
{ "type": "Feature", "properties": { "key": 5018766690, "species": "Parus major", "scientificName": "Parus major Linnaeus, 1758", "eventDate": "2023-02-14T00:00:00Z", "uncertainty_m": 250.0 }, "geometry": { "type": "Point", "coordinates": [ 8.561783, 49.38176 ] } },
{ "type": "Feature", "properties": { "key": 5018828888, "species": "Corvus corone", "scientificName": "Corvus corone Linnaeus, 1758", "eventDate": "2023-02-06T00:00:00Z", "uncertainty_m": 250.0 }, "geometry": { "type": "Point", "coordinates": [ 8.553262, 49.336807 ] } },
{ "type": "Feature", "properties": { "key": 5018845368, "species": "Psittacula krameri", "scientificName": "Psittacula krameri (Scopoli, 1769)", "eventDate": "2023-02-14T00:00:00Z", "uncertainty_m": 250.0 }, "geometry": { "type": "Point", "coordinates": [ 8.561783, 49.38176 ] } },
{ "type": "Feature", "properties": { "key": 5018885328, "species": "Branta canadensis", "scientificName": "Branta canadensis (Linnaeus, 1758)", "eventDate": "2023-02-12T00:00:00Z", "uncertainty_m": 25.0 }, "geometry": { "type": "Point", "coordinates": [ 8.690564, 49.412766 ] } },
{ "type": "Feature", "properties": { "key": 5019000230, "species": "Ardea cinerea", "scientificName": "Ardea cinerea Linnaeus, 1758", "eventDate": "2023-02-12T00:00:00Z", "uncertainty_m": 250.0 }, "geometry": { "type": "Point", "coordinates": [ 8.61046, 49.365299 ] } },
{ "type": "Feature", "properties": { "key": 5019004396, "species": "Corvus frugilegus", "scientificName": "Corvus frugilegus Linnaeus, 1758", "eventDate": "2023-02-13T00:00:00Z", "uncertainty_m": 250.0 }, "geometry": { "type": "Point", "coordinates": [ 8.66787, 49.42683 ] } },
{ "type": "Feature", "properties": { "key": 5019080693, "species": "Fringilla coelebs", "scientificName": "Fringilla coelebs Linnaeus, 1758", "eventDate": "2023-02-04T00:00:00Z", "uncertainty_m": 250.0 }, "geometry": { "type": "Point", "coordinates": [ 8.621178, 49.326931 ] } },
{ "type": "Feature", "properties": { "key": 5019115448, "species": "Erithacus rubecula", "scientificName": "Erithacus rubecula (Linnaeus, 1758)", "eventDate": "2023-02-04T00:00:00Z", "uncertainty_m": 250.0 }, "geometry": { "type": "Point", "coordinates": [ 8.709192, 49.416241 ] } },
{ "type": "Feature", "properties": { "key": 5019123880, "species": "Fulica atra", "scientificName": "Fulica atra Linnaeus, 1758", "eventDate": "2023-02-20T00:00:00Z", "uncertainty_m": 250.0 }, "geometry": { "type": "Point", "coordinates": [ 8.553262, 49.336807 ] } },
{ "type": "Feature", "properties": { "key": 5019239212, "species": "Parus major", "scientificName": "Parus major Linnaeus, 1758", "eventDate": "2023-02-22T00:00:00Z", "uncertainty_m": 25.0 }, "geometry": { "type": "Point", "coordinates": [ 8.676038, 49.408924 ] } },
{ "type": "Feature", "properties": { "key": 5019463175, "species": "Corvus corone", "scientificName": "Corvus corone Linnaeus, 1758", "eventDate": "2023-02-11T00:00:00Z", "uncertainty_m": 250.0 }, "geometry": { "type": "Point", "coordinates": [ 8.61046, 49.365299 ] } },
{ "type": "Feature", "properties": { "key": 5019698122, "species": "Fringilla coelebs", "scientificName": "Fringilla coelebs Linnaeus, 1758", "eventDate": "2023-02-13T00:00:00Z", "uncertainty_m": 250.0 }, "geometry": { "type": "Point", "coordinates": [ 8.66714, 49.414982 ] } },
{ "type": "Feature", "properties": { "key": 5019853929, "species": "Certhia brachydactyla", "scientificName": "Certhia brachydactyla C.L.Brehm, 1820", "eventDate": "2023-02-03T00:00:00Z", "uncertainty_m": 25.0 }, "geometry": { "type": "Point", "coordinates": [ 8.753632, 49.348225 ] } },
{ "type": "Feature", "properties": { "key": 5020017662, "species": "Parus major", "scientificName": "Parus major Linnaeus, 1758", "eventDate": "2023-02-20T00:00:00Z", "uncertainty_m": 250.0 }, "geometry": { "type": "Point", "coordinates": [ 8.66714, 49.414982 ] } },
{ "type": "Feature", "properties": { "key": 5020022553, "species": "Erithacus rubecula", "scientificName": "Erithacus rubecula (Linnaeus, 1758)", "eventDate": "2023-02-11T00:00:00Z", "uncertainty_m": 250.0 }, "geometry": { "type": "Point", "coordinates": [ 8.654245, 49.356178 ] } },
{ "type": "Feature", "properties": { "key": 5020085171, "species": "Garrulus glandarius", "scientificName": "Garrulus glandarius (Linnaeus, 1758)", "eventDate": "2023-02-10T00:00:00Z", "uncertainty_m": 250.0 }, "geometry": { "type": "Point", "coordinates": [ 8.671474, 49.460484 ] } },
{ "type": "Feature", "properties": { "key": 5020246139, "species": "Turdus viscivorus", "scientificName": "Turdus viscivorus Linnaeus, 1758", "eventDate": "2023-02-04T00:00:00Z", "uncertainty_m": 250.0 }, "geometry": { "type": "Point", "coordinates": [ 8.624182, 49.353085 ] } },
{ "type": "Feature", "properties": { "key": 5020282653, "species": "Mergus merganser", "scientificName": "Mergus merganser Linnaeus, 1758", "eventDate": "2023-02-28T00:00:00Z", "uncertainty_m": 250.0 }, "geometry": { "type": "Point", "coordinates": [ 8.661175, 49.412704 ] } },
{ "type": "Feature", "properties": { "key": 5020295177, "species": "Picus viridis", "scientificName": "Picus viridis Linnaeus, 1758", "eventDate": "2023-02-21T00:00:00Z", "uncertainty_m": 250.0 }, "geometry": { "type": "Point", "coordinates": [ 8.681175, 49.438652 ] } },
{ "type": "Feature", "properties": { "key": 5020383069, "species": "Buteo buteo", "scientificName": "Buteo buteo (Linnaeus, 1758)", "eventDate": "2023-02-10T00:00:00Z", "uncertainty_m": 250.0 }, "geometry": { "type": "Point", "coordinates": [ 8.671474, 49.460484 ] } },
{ "type": "Feature", "properties": { "key": 5020438394, "species": "Cyanistes caeruleus", "scientificName": "Cyanistes caeruleus (Linnaeus, 1758)", "eventDate": "2023-02-21T00:00:00Z", "uncertainty_m": 250.0 }, "geometry": { "type": "Point", "coordinates": [ 8.681175, 49.438652 ] } },
{ "type": "Feature", "properties": { "key": 5020732944, "species": "Erithacus rubecula", "scientificName": "Erithacus rubecula (Linnaeus, 1758)", "eventDate": "2023-02-06T00:00:00Z", "uncertainty_m": 250.0 }, "geometry": { "type": "Point", "coordinates": [ 8.553262, 49.336807 ] } },
{ "type": "Feature", "properties": { "key": 5020910876, "species": "Dendrocopos major", "scientificName": "Dendrocopos major (Linnaeus, 1758)", "eventDate": "2023-02-14T00:00:00Z", "uncertainty_m": 250.0 }, "geometry": { "type": "Point", "coordinates": [ 8.561783, 49.38176 ] } },
{ "type": "Feature", "properties": { "key": 5020947097, "species": "Corvus corone", "scientificName": "Corvus corone Linnaeus, 1758", "eventDate": "2023-02-24T00:00:00Z", "uncertainty_m": 250.0 }, "geometry": { "type": "Point", "coordinates": [ 8.684049, 49.412148 ] } },
{ "type": "Feature", "properties": { "key": 5021197158, "species": "Paridae", "scientificName": "Paridae", "eventDate": "2023-02-12T00:00:00Z", "uncertainty_m": 250.0 }, "geometry": { "type": "Point", "coordinates": [ 8.828013, 49.315109 ] } },
{ "type": "Feature", "properties": { "key": 5021294460, "species": "Dryocopus martius", "scientificName": "Dryocopus martius (Linnaeus, 1758)", "eventDate": "2023-02-04T00:00:00Z", "uncertainty_m": 250.0 }, "geometry": { "type": "Point", "coordinates": [ 8.621178, 49.326931 ] } },
{ "type": "Feature", "properties": { "key": 5021352887, "species": "Accipiter nisus", "scientificName": "Accipiter nisus (Linnaeus, 1758)", "eventDate": "2023-02-28T00:00:00Z", "uncertainty_m": 250.0 }, "geometry": { "type": "Point", "coordinates": [ 8.655167, 49.416332 ] } },
{ "type": "Feature", "properties": { "key": 5021386954, "species": "Columba palumbus", "scientificName": "Columba palumbus Linnaeus, 1758", "eventDate": "2023-02-10T00:00:00Z", "uncertainty_m": 250.0 }, "geometry": { "type": "Point", "coordinates": [ 8.671474, 49.460484 ] } },
{ "type": "Feature", "properties": { "key": 5021489439, "species": "Buteo buteo", "scientificName": "Buteo buteo (Linnaeus, 1758)", "eventDate": "2023-02-25T00:00:00Z", "uncertainty_m": 250.0 }, "geometry": { "type": "Point", "coordinates": [ 8.638926, 49.355694 ] } },
{ "type": "Feature", "properties": { "key": 5021542978, "species": "Paridae", "scientificName": "Paridae", "eventDate": "2023-02-10T00:00:00Z", "uncertainty_m": 250.0 }, "geometry": { "type": "Point", "coordinates": [ 8.828013, 49.315109 ] } },
{ "type": "Feature", "properties": { "key": 5021555090, "species": "Alcedo atthis", "scientificName": "Alcedo atthis (Linnaeus, 1758)", "eventDate": "2023-02-04T00:00:00Z", "uncertainty_m": 250.0 }, "geometry": { "type": "Point", "coordinates": [ 8.68912, 49.414375 ] } },
{ "type": "Feature", "properties": { "key": 5021586740, "species": "Falco tinnunculus", "scientificName": "Falco tinnunculus Linnaeus, 1758", "eventDate": "2023-02-04T00:00:00Z", "uncertainty_m": 25.0 }, "geometry": { "type": "Point", "coordinates": [ 8.67777, 49.42535 ] } },
{ "type": "Feature", "properties": { "key": 5021629640, "species": "Picus viridis", "scientificName": "Picus viridis Linnaeus, 1758", "eventDate": "2023-02-04T00:00:00Z", "uncertainty_m": 250.0 }, "geometry": { "type": "Point", "coordinates": [ 8.638679, 49.350803 ] } },
{ "type": "Feature", "properties": { "key": 5021630998, "species": "Dendrocopos major", "scientificName": "Dendrocopos major (Linnaeus, 1758)", "eventDate": "2023-02-04T00:00:00Z", "uncertainty_m": 250.0 }, "geometry": { "type": "Point", "coordinates": [ 8.621178, 49.326931 ] } },
{ "type": "Feature", "properties": { "key": 5021641853, "species": "Linaria cannabina", "scientificName": "Linaria cannabina (Linnaeus, 1758)", "eventDate": "2023-02-14T00:00:00Z", "uncertainty_m": 250.0 }, "geometry": { "type": "Point", "coordinates": [ 8.566675, 49.304832 ] } },
{ "type": "Feature", "properties": { "key": 5021681397, "species": "Dendrocopos major", "scientificName": "Dendrocopos major (Linnaeus, 1758)", "eventDate": "2023-02-17T00:00:00Z", "uncertainty_m": 250.0 }, "geometry": { "type": "Point", "coordinates": [ 8.799949, 49.34066 ] } },
{ "type": "Feature", "properties": { "key": 5021762979, "species": "Paridae", "scientificName": "Paridae", "eventDate": "2023-02-10T00:00:00Z", "uncertainty_m": 250.0 }, "geometry": { "type": "Point", "coordinates": [ 8.828013, 49.315109 ] } },
{ "type": "Feature", "properties": { "key": 5021765444, "species": "Aegithalos caudatus", "scientificName": "Aegithalos caudatus (Linnaeus, 1758)", "eventDate": "2023-02-21T00:00:00Z", "uncertainty_m": 25.0 }, "geometry": { "type": "Point", "coordinates": [ 8.678737, 49.433895 ] } },
{ "type": "Feature", "properties": { "key": 5021806677, "species": "Corvus corax", "scientificName": "Corvus corax Linnaeus, 1758", "eventDate": "2023-02-04T00:00:00Z", "uncertainty_m": 250.0 }, "geometry": { "type": "Point", "coordinates": [ 8.621178, 49.326931 ] } },
{ "type": "Feature", "properties": { "key": 5021844928, "species": "Parus major", "scientificName": "Parus major Linnaeus, 1758", "eventDate": "2023-02-21T00:00:00Z", "uncertainty_m": 250.0 }, "geometry": { "type": "Point", "coordinates": [ 8.681175, 49.438652 ] } },
{ "type": "Feature", "properties": { "key": 5021858564, "species": "Erithacus rubecula", "scientificName": "Erithacus rubecula (Linnaeus, 1758)", "eventDate": "2023-02-04T00:00:00Z", "uncertainty_m": 250.0 }, "geometry": { "type": "Point", "coordinates": [ 8.638679, 49.350803 ] } },
{ "type": "Feature", "properties": { "key": 5021931328, "species": "Corvus corone", "scientificName": "Corvus corone Linnaeus, 1758", "eventDate": "2023-02-25T00:00:00Z", "uncertainty_m": 250.0 }, "geometry": { "type": "Point", "coordinates": [ 8.624182, 49.353085 ] } },
{ "type": "Feature", "properties": { "key": 5022025943, "species": "Columba palumbus", "scientificName": "Columba palumbus Linnaeus, 1758", "eventDate": "2023-02-20T00:00:00Z", "uncertainty_m": 250.0 }, "geometry": { "type": "Point", "coordinates": [ 8.789063, 49.485077 ] } },
{ "type": "Feature", "properties": { "key": 5022083347, "species": "Corvus corone", "scientificName": "Corvus corone Linnaeus, 1758", "eventDate": "2023-02-28T00:00:00Z", "uncertainty_m": 25.0 }, "geometry": { "type": "Point", "coordinates": [ 8.664839, 49.410149 ] } },
{ "type": "Feature", "properties": { "key": 5022105704, "species": "Buteo buteo", "scientificName": "Buteo buteo (Linnaeus, 1758)", "eventDate": "2023-02-21T00:00:00Z", "uncertainty_m": 250.0 }, "geometry": { "type": "Point", "coordinates": [ 8.681175, 49.438652 ] } },
{ "type": "Feature", "properties": { "key": 5022162385, "species": "Ardea cinerea", "scientificName": "Ardea cinerea Linnaeus, 1758", "eventDate": "2023-02-27T00:00:00Z", "uncertainty_m": 250.0 }, "geometry": { "type": "Point", "coordinates": [ 8.608605, 49.455669 ] } },
{ "type": "Feature", "properties": { "key": 5022227297, "species": "Passer domesticus", "scientificName": "Passer domesticus (Linnaeus, 1758)", "eventDate": "2023-02-17T00:00:00Z", "uncertainty_m": 250.0 }, "geometry": { "type": "Point", "coordinates": [ 8.799949, 49.34066 ] } },
{ "type": "Feature", "properties": { "key": 5022270855, "species": "Alcedo atthis", "scientificName": "Alcedo atthis (Linnaeus, 1758)", "eventDate": "2023-02-03T00:00:00Z", "uncertainty_m": 250.0 }, "geometry": { "type": "Point", "coordinates": [ 8.68912, 49.414375 ] } },
{ "type": "Feature", "properties": { "key": 5022293042, "species": "Anser anser", "scientificName": "Anser anser (Linnaeus, 1758)", "eventDate": "2023-02-27T00:00:00Z", "uncertainty_m": 25.0 }, "geometry": { "type": "Point", "coordinates": [ 8.610742, 49.452305 ] } },
{ "type": "Feature", "properties": { "key": 5022345627, "species": "Emberiza cirlus", "scientificName": "Emberiza cirlus Linnaeus, 1767", "eventDate": "2023-02-10T00:00:00Z", "uncertainty_m": 250.0 }, "geometry": { "type": "Point", "coordinates": [ 8.671474, 49.460484 ] } },
{ "type": "Feature", "properties": { "key": 5022368992, "species": "Spinus spinus", "scientificName": "Spinus spinus (Linnaeus, 1758)", "eventDate": "2023-02-20T00:00:00Z", "uncertainty_m": 250.0 }, "geometry": { "type": "Point", "coordinates": [ 8.789063, 49.485077 ] } },
{ "type": "Feature", "properties": { "key": 5022558421, "species": "Psittacula krameri", "scientificName": "Psittacula krameri (Scopoli, 1769)", "eventDate": "2023-02-04T00:00:00Z", "uncertainty_m": 25.0 }, "geometry": { "type": "Point", "coordinates": [ 8.67285, 49.421844 ] } },
{ "type": "Feature", "properties": { "key": 5022562908, "species": "Alopochen aegyptiaca", "scientificName": "Alopochen aegyptiaca (Linnaeus, 1766)", "eventDate": "2023-02-14T00:00:00Z", "uncertainty_m": 250.0 }, "geometry": { "type": "Point", "coordinates": [ 8.561783, 49.38176 ] } },
{ "type": "Feature", "properties": { "key": 5022571609, "species": "Turdus merula", "scientificName": "Turdus merula Linnaeus, 1758", "eventDate": "2023-02-13T00:00:00Z", "uncertainty_m": 250.0 }, "geometry": { "type": "Point", "coordinates": [ 8.553262, 49.336807 ] } },
{ "type": "Feature", "properties": { "key": 5022583238, "species": "Turdus merula", "scientificName": "Turdus merula Linnaeus, 1758", "eventDate": "2023-02-14T00:00:00Z", "uncertainty_m": 250.0 }, "geometry": { "type": "Point", "coordinates": [ 8.561783, 49.38176 ] } },
{ "type": "Feature", "properties": { "key": 5022753410, "species": "Erithacus rubecula", "scientificName": "Erithacus rubecula (Linnaeus, 1758)", "eventDate": "2023-02-17T00:00:00Z", "uncertainty_m": 250.0 }, "geometry": { "type": "Point", "coordinates": [ 8.799949, 49.34066 ] } },
{ "type": "Feature", "properties": { "key": 5022774629, "species": "Cyanistes caeruleus", "scientificName": "Cyanistes caeruleus (Linnaeus, 1758)", "eventDate": "2023-02-20T00:00:00Z", "uncertainty_m": 250.0 }, "geometry": { "type": "Point", "coordinates": [ 8.553262, 49.336807 ] } },
{ "type": "Feature", "properties": { "key": 5022877487, "species": "Fringilla coelebs", "scientificName": "Fringilla coelebs Linnaeus, 1758", "eventDate": "2023-02-10T00:00:00Z", "uncertainty_m": 250.0 }, "geometry": { "type": "Point", "coordinates": [ 8.671474, 49.460484 ] } },
{ "type": "Feature", "properties": { "key": 5022900114, "species": "Falco tinnunculus", "scientificName": "Falco tinnunculus Linnaeus, 1758", "eventDate": "2023-02-20T00:00:00Z", "uncertainty_m": 25.0 }, "geometry": { "type": "Point", "coordinates": [ 8.675952, 49.436344 ] } },
{ "type": "Feature", "properties": { "key": 5023059140, "species": "Passer domesticus", "scientificName": "Passer domesticus (Linnaeus, 1758)", "eventDate": "2023-02-11T00:00:00Z", "uncertainty_m": 250.0 }, "geometry": { "type": "Point", "coordinates": [ 8.61046, 49.365299 ] } },
{ "type": "Feature", "properties": { "key": 5023175241, "species": "Sitta europaea", "scientificName": "Sitta europaea Linnaeus, 1758", "eventDate": "2023-02-13T00:00:00Z", "uncertainty_m": 250.0 }, "geometry": { "type": "Point", "coordinates": [ 8.553262, 49.336807 ] } },
{ "type": "Feature", "properties": { "key": 5023211318, "species": "Grus grus", "scientificName": "Grus grus (Linnaeus, 1758)", "eventDate": "2023-02-25T00:00:00Z", "uncertainty_m": 25.0 }, "geometry": { "type": "Point", "coordinates": [ 8.624749, 49.407188 ] } },
{ "type": "Feature", "properties": { "key": 5023213431, "species": "Ardea cinerea", "scientificName": "Ardea cinerea Linnaeus, 1758", "eventDate": "2023-02-25T00:00:00Z", "uncertainty_m": 250.0 }, "geometry": { "type": "Point", "coordinates": [ 8.638926, 49.355694 ] } },
{ "type": "Feature", "properties": { "key": 5023261439, "species": "Parus major", "scientificName": "Parus major Linnaeus, 1758", "eventDate": "2023-02-20T00:00:00Z", "uncertainty_m": 250.0 }, "geometry": { "type": "Point", "coordinates": [ 8.553262, 49.336807 ] } },
{ "type": "Feature", "properties": { "key": 5023281853, "species": "Alcedo atthis", "scientificName": "Alcedo atthis (Linnaeus, 1758)", "eventDate": "2023-02-14T00:00:00Z", "uncertainty_m": 250.0 }, "geometry": { "type": "Point", "coordinates": [ 8.561783, 49.38176 ] } },
{ "type": "Feature", "properties": { "key": 5023386426, "species": "Motacilla alba", "scientificName": "Motacilla alba Linnaeus, 1758", "eventDate": "2023-02-12T00:00:00Z", "uncertainty_m": 250.0 }, "geometry": { "type": "Point", "coordinates": [ 8.61046, 49.365299 ] } },
{ "type": "Feature", "properties": { "key": 5023421027, "species": "Paridae", "scientificName": "Paridae", "eventDate": "2023-02-10T00:00:00Z", "uncertainty_m": 250.0 }, "geometry": { "type": "Point", "coordinates": [ 8.828013, 49.315109 ] } },
{ "type": "Feature", "properties": { "key": 5023683911, "species": "Accipiter nisus", "scientificName": "Accipiter nisus (Linnaeus, 1758)", "eventDate": "2023-02-17T00:00:00Z", "uncertainty_m": 250.0 }, "geometry": { "type": "Point", "coordinates": [ 8.799949, 49.34066 ] } },
{ "type": "Feature", "properties": { "key": 5023757560, "species": "Columba palumbus", "scientificName": "Columba palumbus Linnaeus, 1758", "eventDate": "2023-02-13T00:00:00Z", "uncertainty_m": 250.0 }, "geometry": { "type": "Point", "coordinates": [ 8.66714, 49.414982 ] } },
{ "type": "Feature", "properties": { "key": 5023883234, "species": "Parus major", "scientificName": "Parus major Linnaeus, 1758", "eventDate": "2023-02-17T00:00:00Z", "uncertainty_m": 250.0 }, "geometry": { "type": "Point", "coordinates": [ 8.799949, 49.34066 ] } },
{ "type": "Feature", "properties": { "key": 5023884096, "species": "Cyanistes caeruleus", "scientificName": "Cyanistes caeruleus (Linnaeus, 1758)", "eventDate": "2023-02-04T00:00:00Z", "uncertainty_m": 250.0 }, "geometry": { "type": "Point", "coordinates": [ 8.709192, 49.416241 ] } },
{ "type": "Feature", "properties": { "key": 5023905394, "species": "Anser anser", "scientificName": "Anser anser x Branta canadensis", "eventDate": "2023-02-27T00:00:00Z", "uncertainty_m": 25.0 }, "geometry": { "type": "Point", "coordinates": [ 8.610684, 49.452267 ] } },
{ "type": "Feature", "properties": { "key": 5023997731, "species": "Chloris chloris", "scientificName": "Chloris chloris (Linnaeus, 1758)", "eventDate": "2023-02-27T00:00:00Z", "uncertainty_m": 250.0 }, "geometry": { "type": "Point", "coordinates": [ 8.608605, 49.455669 ] } },
{ "type": "Feature", "properties": { "key": 5023998041, "species": "Anas platyrhynchos", "scientificName": "Anas platyrhynchos Linnaeus, 1758", "eventDate": "2023-02-04T00:00:00Z", "uncertainty_m": 250.0 }, "geometry": { "type": "Point", "coordinates": [ 8.624182, 49.353085 ] } },
{ "type": "Feature", "properties": { "key": 5024057913, "species": "Columba livia", "scientificName": "Columba livia f. domestica", "eventDate": "2023-02-11T00:00:00Z", "uncertainty_m": 250.0 }, "geometry": { "type": "Point", "coordinates": [ 8.61046, 49.365299 ] } },
{ "type": "Feature", "properties": { "key": 5024273892, "species": "Poecile palustris", "scientificName": "Poecile palustris (Linnaeus, 1758)", "eventDate": "2023-02-10T00:00:00Z", "uncertainty_m": 250.0 }, "geometry": { "type": "Point", "coordinates": [ 8.671474, 49.460484 ] } },
{ "type": "Feature", "properties": { "key": 5024302725, "species": "Corvus monedula", "scientificName": "Corvus monedula Linnaeus, 1758", "eventDate": "2023-02-14T00:00:00Z", "uncertainty_m": 250.0 }, "geometry": { "type": "Point", "coordinates": [ 8.561783, 49.38176 ] } },
{ "type": "Feature", "properties": { "key": 5024305161, "species": "Ardea cinerea", "scientificName": "Ardea cinerea Linnaeus, 1758", "eventDate": "2023-02-14T00:00:00Z", "uncertainty_m": 250.0 }, "geometry": { "type": "Point", "coordinates": [ 8.561783, 49.38176 ] } },
{ "type": "Feature", "properties": { "key": 5024330474, "species": "Fringilla coelebs", "scientificName": "Fringilla coelebs Linnaeus, 1758", "eventDate": "2023-02-21T00:00:00Z", "uncertainty_m": 250.0 }, "geometry": { "type": "Point", "coordinates": [ 8.681175, 49.438652 ] } },
{ "type": "Feature", "properties": { "key": 5024419241, "species": "Corvus corone", "scientificName": "Corvus corone Linnaeus, 1758", "eventDate": "2023-02-17T00:00:00Z", "uncertainty_m": 250.0 }, "geometry": { "type": "Point", "coordinates": [ 8.799949, 49.34066 ] } },
{ "type": "Feature", "properties": { "key": 5024494903, "species": "Corvus corone", "scientificName": "Corvus corone Linnaeus, 1758", "eventDate": "2023-02-25T00:00:00Z", "uncertainty_m": 250.0 }, "geometry": { "type": "Point", "coordinates": [ 8.657628, 49.334751 ] } },
{ "type": "Feature", "properties": { "key": 5024571318, "species": "Accipiter nisus", "scientificName": "Accipiter nisus (Linnaeus, 1758)", "eventDate": "2023-02-06T00:00:00Z", "uncertainty_m": 250.0 }, "geometry": { "type": "Point", "coordinates": [ 8.553262, 49.336807 ] } },
{ "type": "Feature", "properties": { "key": 5024595867, "species": "Sturnus vulgaris", "scientificName": "Sturnus vulgaris Linnaeus, 1758", "eventDate": "2023-02-17T00:00:00Z", "uncertainty_m": 250.0 }, "geometry": { "type": "Point", "coordinates": [ 8.799949, 49.34066 ] } },
{ "type": "Feature", "properties": { "key": 5024703587, "species": "Turdus merula", "scientificName": "Turdus merula Linnaeus, 1758", "eventDate": "2023-02-21T00:00:00Z", "uncertainty_m": 250.0 }, "geometry": { "type": "Point", "coordinates": [ 8.681175, 49.438652 ] } },
{ "type": "Feature", "properties": { "key": 5024748317, "species": "Columba palumbus", "scientificName": "Columba palumbus Linnaeus, 1758", "eventDate": "2023-02-17T00:00:00Z", "uncertainty_m": 250.0 }, "geometry": { "type": "Point", "coordinates": [ 8.799949, 49.34066 ] } },
{ "type": "Feature", "properties": { "key": 5024818413, "species": "Turdus merula", "scientificName": "Turdus merula Linnaeus, 1758", "eventDate": "2023-02-06T00:00:00Z", "uncertainty_m": 25.0 }, "geometry": { "type": "Point", "coordinates": [ 8.674946, 49.437305 ] } },
{ "type": "Feature", "properties": { "key": 5024967334, "species": "Passer domesticus", "scientificName": "Passer domesticus (Linnaeus, 1758)", "eventDate": "2023-02-12T00:00:00Z", "uncertainty_m": 250.0 }, "geometry": { "type": "Point", "coordinates": [ 8.61046, 49.365299 ] } },
{ "type": "Feature", "properties": { "key": 5025044539, "species": "Corvus frugilegus", "scientificName": "Corvus frugilegus Linnaeus, 1758", "eventDate": "2023-02-11T00:00:00Z", "uncertainty_m": 250.0 }, "geometry": { "type": "Point", "coordinates": [ 8.61046, 49.365299 ] } },
{ "type": "Feature", "properties": { "key": 5025050746, "species": "Buteo buteo", "scientificName": "Buteo buteo (Linnaeus, 1758)", "eventDate": "2023-02-11T00:00:00Z", "uncertainty_m": 250.0 }, "geometry": { "type": "Point", "coordinates": [ 8.61046, 49.365299 ] } },
{ "type": "Feature", "properties": { "key": 5025065308, "species": "Regulus ignicapilla", "scientificName": "Regulus ignicapilla (Temminck, 1820)", "eventDate": "2023-02-06T00:00:00Z", "uncertainty_m": 250.0 }, "geometry": { "type": "Point", "coordinates": [ 8.69246, 49.3955 ] } },
{ "type": "Feature", "properties": { "key": 5025287007, "species": "Fringilla coelebs", "scientificName": "Fringilla coelebs Linnaeus, 1758", "eventDate": "2023-02-17T00:00:00Z", "uncertainty_m": 250.0 }, "geometry": { "type": "Point", "coordinates": [ 8.799949, 49.34066 ] } },
{ "type": "Feature", "properties": { "key": 5025326981, "species": "Cyanistes caeruleus", "scientificName": "Cyanistes caeruleus (Linnaeus, 1758)", "eventDate": "2023-02-10T00:00:00Z", "uncertainty_m": 250.0 }, "geometry": { "type": "Point", "coordinates": [ 8.790663, 49.323929 ] } },
{ "type": "Feature", "properties": { "key": 5025357436, "species": "Phasianus colchicus", "scientificName": "Phasianus colchicus Linnaeus, 1758", "eventDate": "2023-02-11T00:00:00Z", "uncertainty_m": 250.0 }, "geometry": { "type": "Point", "coordinates": [ 8.654245, 49.356178 ] } },
{ "type": "Feature", "properties": { "key": 5025409099, "species": "Aegithalos caudatus", "scientificName": "Aegithalos caudatus (Linnaeus, 1758)", "eventDate": "2023-02-17T00:00:00Z", "uncertainty_m": 250.0 }, "geometry": { "type": "Point", "coordinates": [ 8.799949, 49.34066 ] } },
{ "type": "Feature", "properties": { "key": 5025459872, "species": "Anser anser", "scientificName": "Anser anser (Linnaeus, 1758)", "eventDate": "2023-02-13T00:00:00Z", "uncertainty_m": 250.0 }, "geometry": { "type": "Point", "coordinates": [ 8.553262, 49.336807 ] } },
{ "type": "Feature", "properties": { "key": 5025588100, "species": "Ardea cinerea", "scientificName": "Ardea cinerea Linnaeus, 1758", "eventDate": "2023-02-11T00:00:00Z", "uncertainty_m": 250.0 }, "geometry": { "type": "Point", "coordinates": [ 8.61046, 49.365299 ] } },
{ "type": "Feature", "properties": { "key": 5025635172, "species": "Parus major", "scientificName": "Parus major Linnaeus, 1758", "eventDate": "2023-02-04T00:00:00Z", "uncertainty_m": 250.0 }, "geometry": { "type": "Point", "coordinates": [ 8.624182, 49.353085 ] } },
{ "type": "Feature", "properties": { "key": 5025846353, "species": "Sturnus vulgaris", "scientificName": "Sturnus vulgaris Linnaeus, 1758", "eventDate": "2023-02-14T00:00:00Z", "uncertainty_m": 250.0 }, "geometry": { "type": "Point", "coordinates": [ 8.561783, 49.38176 ] } },
{ "type": "Feature", "properties": { "key": 5025850406, "species": "Alcedo atthis", "scientificName": "Alcedo atthis (Linnaeus, 1758)", "eventDate": "2023-02-27T00:00:00Z", "uncertainty_m": 250.0 }, "geometry": { "type": "Point", "coordinates": [ 8.608605, 49.455669 ] } },
{ "type": "Feature", "properties": { "key": 5025910047, "species": "Fulica atra", "scientificName": "Fulica atra Linnaeus, 1758", "eventDate": "2023-02-13T00:00:00Z", "uncertainty_m": 250.0 }, "geometry": { "type": "Point", "coordinates": [ 8.553262, 49.336807 ] } },
{ "type": "Feature", "properties": { "key": 5025922422, "species": "Corvus monedula", "scientificName": "Corvus monedula Linnaeus, 1758", "eventDate": "2023-02-12T00:00:00Z", "uncertainty_m": 250.0 }, "geometry": { "type": "Point", "coordinates": [ 8.828013, 49.315109 ] } },
{ "type": "Feature", "properties": { "key": 5025979851, "species": "Carduelis carduelis", "scientificName": "Carduelis carduelis (Linnaeus, 1758)", "eventDate": "2023-02-25T00:00:00Z", "uncertainty_m": 250.0 }, "geometry": { "type": "Point", "coordinates": [ 8.657628, 49.334751 ] } },
{ "type": "Feature", "properties": { "key": 5026335605, "species": "Turdus merula", "scientificName": "Turdus merula Linnaeus, 1758", "eventDate": "2023-02-13T00:00:00Z", "uncertainty_m": 250.0 }, "geometry": { "type": "Point", "coordinates": [ 8.66714, 49.414982 ] } },
{ "type": "Feature", "properties": { "key": 5026353358, "species": "Columba palumbus", "scientificName": "Columba palumbus Linnaeus, 1758", "eventDate": "2023-02-04T00:00:00Z", "uncertainty_m": 250.0 }, "geometry": { "type": "Point", "coordinates": [ 8.695602, 49.415211 ] } },
{ "type": "Feature", "properties": { "key": 5026509119, "species": "Turdus merula", "scientificName": "Turdus merula Linnaeus, 1758", "eventDate": "2023-02-13T00:00:00Z", "uncertainty_m": 250.0 }, "geometry": { "type": "Point", "coordinates": [ 8.799949, 49.34066 ] } },
{ "type": "Feature", "properties": { "key": 5026568022, "species": "Pica pica", "scientificName": "Pica pica (Linnaeus, 1758)", "eventDate": "2023-02-17T00:00:00Z", "uncertainty_m": 250.0 }, "geometry": { "type": "Point", "coordinates": [ 8.799949, 49.34066 ] } },
{ "type": "Feature", "properties": { "key": 5026582764, "species": "Turdus viscivorus", "scientificName": "Turdus viscivorus Linnaeus, 1758", "eventDate": "2023-02-13T00:00:00Z", "uncertainty_m": 250.0 }, "geometry": { "type": "Point", "coordinates": [ 8.553262, 49.336807 ] } },
{ "type": "Feature", "properties": { "key": 5026724757, "species": "Corvus corone", "scientificName": "Corvus corone Linnaeus, 1758", "eventDate": "2023-02-14T00:00:00Z", "uncertainty_m": 250.0 }, "geometry": { "type": "Point", "coordinates": [ 8.561783, 49.38176 ] } },
{ "type": "Feature", "properties": { "key": 5026779478, "species": "Turdus merula", "scientificName": "Turdus merula Linnaeus, 1758", "eventDate": "2023-02-10T00:00:00Z", "uncertainty_m": 250.0 }, "geometry": { "type": "Point", "coordinates": [ 8.671474, 49.460484 ] } },
{ "type": "Feature", "properties": { "key": 5026874250, "species": "Turdus merula", "scientificName": "Turdus merula Linnaeus, 1758", "eventDate": "2023-02-17T00:00:00Z", "uncertainty_m": 250.0 }, "geometry": { "type": "Point", "coordinates": [ 8.799949, 49.34066 ] } },
{ "type": "Feature", "properties": { "key": 5026892994, "species": "Sitta europaea", "scientificName": "Sitta europaea Linnaeus, 1758", "eventDate": "2023-02-10T00:00:00Z", "uncertainty_m": 250.0 }, "geometry": { "type": "Point", "coordinates": [ 8.671474, 49.460484 ] } },
{ "type": "Feature", "properties": { "key": 5026930683, "species": "Turdus viscivorus", "scientificName": "Turdus viscivorus Linnaeus, 1758", "eventDate": "2023-02-12T00:00:00Z", "uncertainty_m": 250.0 }, "geometry": { "type": "Point", "coordinates": [ 8.638679, 49.350803 ] } },
{ "type": "Feature", "properties": { "key": 5026931654, "species": "Paridae", "scientificName": "Paridae", "eventDate": "2023-02-10T00:00:00Z", "uncertainty_m": 250.0 }, "geometry": { "type": "Point", "coordinates": [ 8.828013, 49.315109 ] } },
{ "type": "Feature", "properties": { "key": 5026945596, "species": "Picus viridis", "scientificName": "Picus viridis Linnaeus, 1758", "eventDate": "2023-02-10T00:00:00Z", "uncertainty_m": 250.0 }, "geometry": { "type": "Point", "coordinates": [ 8.671474, 49.460484 ] } },
{ "type": "Feature", "properties": { "key": 5027008778, "species": "Cyanistes caeruleus", "scientificName": "Cyanistes caeruleus (Linnaeus, 1758)", "eventDate": "2023-02-10T00:00:00Z", "uncertainty_m": 250.0 }, "geometry": { "type": "Point", "coordinates": [ 8.671474, 49.460484 ] } },
{ "type": "Feature", "properties": { "key": 5027176966, "species": "Parus major", "scientificName": "Parus major Linnaeus, 1758", "eventDate": "2023-02-12T00:00:00Z", "uncertainty_m": 250.0 }, "geometry": { "type": "Point", "coordinates": [ 8.624182, 49.353085 ] } },
{ "type": "Feature", "properties": { "key": 5027333560, "species": "Cygnus olor", "scientificName": "Cygnus olor (J.F.Gmelin, 1789)", "eventDate": "2023-02-14T00:00:00Z", "uncertainty_m": 250.0 }, "geometry": { "type": "Point", "coordinates": [ 8.561783, 49.38176 ] } },
{ "type": "Feature", "properties": { "key": 5027499172, "species": "Psittacula krameri", "scientificName": "Psittacula krameri (Scopoli, 1769)", "eventDate": "2023-02-21T00:00:00Z", "uncertainty_m": 250.0 }, "geometry": { "type": "Point", "coordinates": [ 8.671855, 49.417233 ] } },
{ "type": "Feature", "properties": { "key": 5027570805, "species": "Turdus viscivorus", "scientificName": "Turdus viscivorus Linnaeus, 1758", "eventDate": "2023-02-14T00:00:00Z", "uncertainty_m": 250.0 }, "geometry": { "type": "Point", "coordinates": [ 8.561783, 49.38176 ] } },
{ "type": "Feature", "properties": { "key": 5027607789, "species": "Picus viridis", "scientificName": "Picus viridis Linnaeus, 1758", "eventDate": "2023-02-14T00:00:00Z", "uncertainty_m": 250.0 }, "geometry": { "type": "Point", "coordinates": [ 8.561783, 49.38176 ] } },
{ "type": "Feature", "properties": { "key": 5027680931, "species": "Turdus merula", "scientificName": "Turdus merula Linnaeus, 1758", "eventDate": "2023-02-20T00:00:00Z", "uncertainty_m": 250.0 }, "geometry": { "type": "Point", "coordinates": [ 8.553262, 49.336807 ] } },
{ "type": "Feature", "properties": { "key": 5027726163, "species": "Pica pica", "scientificName": "Pica pica (Linnaeus, 1758)", "eventDate": "2023-02-10T00:00:00Z", "uncertainty_m": 250.0 }, "geometry": { "type": "Point", "coordinates": [ 8.671474, 49.460484 ] } },
{ "type": "Feature", "properties": { "key": 5027777971, "species": "Aythya ferina", "scientificName": "Aythya ferina (Linnaeus, 1758)", "eventDate": "2023-02-28T00:00:00Z", "uncertainty_m": 250.0 }, "geometry": { "type": "Point", "coordinates": [ 8.661175, 49.412704 ] } },
{ "type": "Feature", "properties": { "key": 5027844654, "species": "Spinus spinus", "scientificName": "Spinus spinus (Linnaeus, 1758)", "eventDate": "2023-02-26T00:00:00Z", "uncertainty_m": 250.0 }, "geometry": { "type": "Point", "coordinates": [ 8.707341, 49.373924 ] } },
{ "type": "Feature", "properties": { "key": 5027848046, "species": "Certhia brachydactyla", "scientificName": "Certhia brachydactyla C.L.Brehm, 1820", "eventDate": "2023-02-17T00:00:00Z", "uncertainty_m": 250.0 }, "geometry": { "type": "Point", "coordinates": [ 8.799949, 49.34066 ] } },
{ "type": "Feature", "properties": { "key": 5028057823, "species": "Paridae", "scientificName": "Paridae", "eventDate": "2023-02-12T00:00:00Z", "uncertainty_m": 250.0 }, "geometry": { "type": "Point", "coordinates": [ 8.828013, 49.315109 ] } },
{ "type": "Feature", "properties": { "key": 5028067880, "species": "Alopochen aegyptiaca", "scientificName": "Alopochen aegyptiaca (Linnaeus, 1766)", "eventDate": "2023-02-11T00:00:00Z", "uncertainty_m": 250.0 }, "geometry": { "type": "Point", "coordinates": [ 8.61046, 49.365299 ] } },
{ "type": "Feature", "properties": { "key": 5028073400, "species": "Corvus monedula", "scientificName": "Corvus monedula Linnaeus, 1758", "eventDate": "2023-02-12T00:00:00Z", "uncertainty_m": 250.0 }, "geometry": { "type": "Point", "coordinates": [ 8.828013, 49.315109 ] } },
{ "type": "Feature", "properties": { "key": 5028333121, "species": "Corvus corone", "scientificName": "Corvus corone Linnaeus, 1758", "eventDate": "2023-02-20T00:00:00Z", "uncertainty_m": 250.0 }, "geometry": { "type": "Point", "coordinates": [ 8.66714, 49.414982 ] } },
{ "type": "Feature", "properties": { "key": 5028409357, "species": "Sitta europaea", "scientificName": "Sitta europaea Linnaeus, 1758", "eventDate": "2023-02-04T00:00:00Z", "uncertainty_m": 250.0 }, "geometry": { "type": "Point", "coordinates": [ 8.621178, 49.326931 ] } },
{ "type": "Feature", "properties": { "key": 5028437655, "species": "Cyanistes caeruleus", "scientificName": "Cyanistes caeruleus (Linnaeus, 1758)", "eventDate": "2023-02-17T00:00:00Z", "uncertainty_m": 250.0 }, "geometry": { "type": "Point", "coordinates": [ 8.799949, 49.34066 ] } },
{ "type": "Feature", "properties": { "key": 5028511258, "species": "Cyanistes caeruleus", "scientificName": "Cyanistes caeruleus (Linnaeus, 1758)", "eventDate": "2023-02-14T00:00:00Z", "uncertainty_m": 250.0 }, "geometry": { "type": "Point", "coordinates": [ 8.561783, 49.38176 ] } },
{ "type": "Feature", "properties": { "key": 5028575168, "species": "Psittacula krameri", "scientificName": "Psittacula krameri (Scopoli, 1769)", "eventDate": "2023-02-13T00:00:00Z", "uncertainty_m": 250.0 }, "geometry": { "type": "Point", "coordinates": [ 8.676023, 49.403545 ] } },
{ "type": "Feature", "properties": { "key": 5028588163, "species": "Psittacula krameri", "scientificName": "Psittacula krameri (Scopoli, 1769)", "eventDate": "2023-02-13T00:00:00Z", "uncertainty_m": 250.0 }, "geometry": { "type": "Point", "coordinates": [ 8.66714, 49.414982 ] } },
{ "type": "Feature", "properties": { "key": 5304365262, "species": "Turdus merula", "scientificName": "Turdus merula Linnaeus, 1758", "eventDate": "2023-02-21T00:00:00Z", "uncertainty_m": null }, "geometry": { "type": "Point", "coordinates": [ 8.668953, 49.415203 ] } },
{ "type": "Feature", "properties": { "key": 5307162590, "species": "Pica pica", "scientificName": "Pica pica (Linnaeus, 1758)", "eventDate": "2023-02-22T00:00:00Z", "uncertainty_m": null }, "geometry": { "type": "Point", "coordinates": [ 8.684419, 49.410263 ] } },
{ "type": "Feature", "properties": { "key": 5339890095, "species": "Columba palumbus", "scientificName": "Columba palumbus Linnaeus, 1758", "eventDate": "2023-02-21T00:00:00Z", "uncertainty_m": null }, "geometry": { "type": "Point", "coordinates": [ 8.668953, 49.415203 ] } },
{ "type": "Feature", "properties": { "key": 5342836139, "species": "Phalacrocorax carbo", "scientificName": "Phalacrocorax carbo (Linnaeus, 1758)", "eventDate": "2023-02-22T00:00:00Z", "uncertainty_m": null }, "geometry": { "type": "Point", "coordinates": [ 8.684419, 49.410263 ] } },
{ "type": "Feature", "properties": { "key": 5343468272, "species": "Alopochen aegyptiaca", "scientificName": "Alopochen aegyptiaca (Linnaeus, 1766)", "eventDate": "2023-02-22T00:00:00Z", "uncertainty_m": null }, "geometry": { "type": "Point", "coordinates": [ 8.684419, 49.410263 ] } },
{ "type": "Feature", "properties": { "key": 5347402622, "species": "Cyanistes caeruleus", "scientificName": "Cyanistes caeruleus (Linnaeus, 1758)", "eventDate": "2023-02-22T00:00:00Z", "uncertainty_m": null }, "geometry": { "type": "Point", "coordinates": [ 8.684419, 49.410263 ] } },
{ "type": "Feature", "properties": { "key": 5348616221, "species": "Corvus corone", "scientificName": "Corvus corone Linnaeus, 1758", "eventDate": "2023-02-21T00:00:00Z", "uncertainty_m": null }, "geometry": { "type": "Point", "coordinates": [ 8.668953, 49.415203 ] } },
{ "type": "Feature", "properties": { "key": 5351656697, "species": "Passer domesticus", "scientificName": "Passer domesticus (Linnaeus, 1758)", "eventDate": "2023-02-22T00:00:00Z", "uncertainty_m": null }, "geometry": { "type": "Point", "coordinates": [ 8.684419, 49.410263 ] } },
{ "type": "Feature", "properties": { "key": 5404988238, "species": "Streptopelia decaocto", "scientificName": "Streptopelia decaocto (Frivaldszky, 1838)", "eventDate": "2023-02-22T00:00:00Z", "uncertainty_m": null }, "geometry": { "type": "Point", "coordinates": [ 8.684419, 49.410263 ] } },
{ "type": "Feature", "properties": { "key": 5405865361, "species": "Columba livia", "scientificName": "Columba livia J.F.Gmelin, 1789", "eventDate": "2023-02-21T00:00:00Z", "uncertainty_m": null }, "geometry": { "type": "Point", "coordinates": [ 8.668953, 49.415203 ] } },
{ "type": "Feature", "properties": { "key": 5416143971, "species": "Phalacrocorax carbo", "scientificName": "Phalacrocorax carbo (Linnaeus, 1758)", "eventDate": "2023-02-21T00:00:00Z", "uncertainty_m": null }, "geometry": { "type": "Point", "coordinates": [ 8.709595, 49.413975 ] } },
{ "type": "Feature", "properties": { "key": 5423296357, "species": "Parus major", "scientificName": "Parus major Linnaeus, 1758", "eventDate": "2023-02-22T00:00:00Z", "uncertainty_m": null }, "geometry": { "type": "Point", "coordinates": [ 8.684419, 49.410263 ] } },
{ "type": "Feature", "properties": { "key": 5442925538, "species": "Cyanistes caeruleus", "scientificName": "Cyanistes caeruleus (Linnaeus, 1758)", "eventDate": "2023-02-21T00:00:00Z", "uncertainty_m": null }, "geometry": { "type": "Point", "coordinates": [ 8.668953, 49.415203 ] } },
{ "type": "Feature", "properties": { "key": 5449597520, "species": "Erithacus rubecula", "scientificName": "Erithacus rubecula (Linnaeus, 1758)", "eventDate": "2023-02-22T00:00:00Z", "uncertainty_m": null }, "geometry": { "type": "Point", "coordinates": [ 8.752075, 49.439156 ] } },
{ "type": "Feature", "properties": { "key": 5491242025, "species": "Cyanistes caeruleus", "scientificName": "Cyanistes caeruleus (Linnaeus, 1758)", "eventDate": "2023-02-22T00:00:00Z", "uncertainty_m": null }, "geometry": { "type": "Point", "coordinates": [ 8.752075, 49.439156 ] } },
{ "type": "Feature", "properties": { "key": 5491952009, "species": "Chroicocephalus ridibundus", "scientificName": "Chroicocephalus ridibundus (Linnaeus, 1766)", "eventDate": "2023-02-21T00:00:00Z", "uncertainty_m": null }, "geometry": { "type": "Point", "coordinates": [ 8.709595, 49.413975 ] } },
{ "type": "Feature", "properties": { "key": 5494652786, "species": "Columba palumbus", "scientificName": "Columba palumbus Linnaeus, 1758", "eventDate": "2023-02-22T00:00:00Z", "uncertainty_m": null }, "geometry": { "type": "Point", "coordinates": [ 8.684419, 49.410263 ] } },
{ "type": "Feature", "properties": { "key": 5505499210, "species": "Psittacula krameri", "scientificName": "Psittacula krameri (Scopoli, 1769)", "eventDate": "2023-02-22T00:00:00Z", "uncertainty_m": null }, "geometry": { "type": "Point", "coordinates": [ 8.684419, 49.410263 ] } },
{ "type": "Feature", "properties": { "key": 5532844349, "species": "Larus michahellis", "scientificName": "Larus michahellis J.F.Naumann, 1840", "eventDate": "2023-02-21T00:00:00Z", "uncertainty_m": null }, "geometry": { "type": "Point", "coordinates": [ 8.709595, 49.413975 ] } },
{ "type": "Feature", "properties": { "key": 5562765200, "species": "Parus major", "scientificName": "Parus major Linnaeus, 1758", "eventDate": "2023-02-22T00:00:00Z", "uncertainty_m": null }, "geometry": { "type": "Point", "coordinates": [ 8.752075, 49.439156 ] } },
{ "type": "Feature", "properties": { "key": 5613911639, "species": "Regulus regulus", "scientificName": "Regulus regulus (Linnaeus, 1758)", "eventDate": "2023-02-21T00:00:00Z", "uncertainty_m": null }, "geometry": { "type": "Point", "coordinates": [ 8.668953, 49.415203 ] } },
{ "type": "Feature", "properties": { "key": 5632011941, "species": "Asio otus", "scientificName": "Asio otus (Linnaeus, 1758)", "eventDate": "2023-02-18T00:00:00Z", "uncertainty_m": null }, "geometry": { "type": "Point", "coordinates": [ 8.664977, 49.381687 ] } },
{ "type": "Feature", "properties": { "key": 5636661711, "species": "Phylloscopus collybita", "scientificName": "Phylloscopus collybita (Vieillot, 1817)", "eventDate": "2023-02-22T00:00:00Z", "uncertainty_m": null }, "geometry": { "type": "Point", "coordinates": [ 8.752075, 49.439156 ] } },
{ "type": "Feature", "properties": { "key": 5638300374, "species": "Parus major", "scientificName": "Parus major Linnaeus, 1758", "eventDate": "2023-02-21T00:00:00Z", "uncertainty_m": null }, "geometry": { "type": "Point", "coordinates": [ 8.668953, 49.415203 ] } },
{ "type": "Feature", "properties": { "key": 5643361476, "species": "Passer domesticus", "scientificName": "Passer domesticus (Linnaeus, 1758)", "eventDate": "2023-02-21T00:00:00Z", "uncertainty_m": null }, "geometry": { "type": "Point", "coordinates": [ 8.668953, 49.415203 ] } },
{ "type": "Feature", "properties": { "key": 5647440281, "species": "Anser anser", "scientificName": "Anser anser (Linnaeus, 1758)", "eventDate": "2023-02-21T00:00:00Z", "uncertainty_m": null }, "geometry": { "type": "Point", "coordinates": [ 8.709595, 49.413975 ] } },
{ "type": "Feature", "properties": { "key": 5658077214, "species": "Turdus merula", "scientificName": "Turdus merula Linnaeus, 1758", "eventDate": "2023-02-22T00:00:00Z", "uncertainty_m": null }, "geometry": { "type": "Point", "coordinates": [ 8.752075, 49.439156 ] } },
{ "type": "Feature", "properties": { "key": 5667091305, "species": "Psittacula krameri", "scientificName": "Psittacula krameri (Scopoli, 1769)", "eventDate": "2023-02-21T00:00:00Z", "uncertainty_m": null }, "geometry": { "type": "Point", "coordinates": [ 8.668953, 49.415203 ] } },
{ "type": "Feature", "properties": { "key": 5668779910, "species": "Cygnus olor", "scientificName": "Cygnus olor (J.F.Gmelin, 1789)", "eventDate": "2023-02-21T00:00:00Z", "uncertainty_m": null }, "geometry": { "type": "Point", "coordinates": [ 8.709595, 49.413975 ] } },
{ "type": "Feature", "properties": { "key": 5716447217, "species": "Falco peregrinus", "scientificName": "Falco peregrinus Tunstall, 1771", "eventDate": "2023-02-20T00:00:00Z", "uncertainty_m": 1000.0 }, "geometry": { "type": "Point", "coordinates": [ 8.71, 49.46 ] } },
{ "type": "Feature", "properties": { "key": 5716650806, "species": "Chloris chloris", "scientificName": "Chloris chloris (Linnaeus, 1758)", "eventDate": "2023-02-19T00:00:00Z", "uncertainty_m": 294.0 }, "geometry": { "type": "Point", "coordinates": [ 8.664628, 49.381677 ] } },
{ "type": "Feature", "properties": { "key": 6129680486, "species": "Corvus monedula", "scientificName": "Corvus monedula Linnaeus, 1758", "eventDate": "2023-02-12T00:00:00Z", "uncertainty_m": 250.0 }, "geometry": { "type": "Point", "coordinates": [ 8.790663, 49.323929 ] } },
{ "type": "Feature", "properties": { "key": 4054753951, "species": "Chloris chloris", "scientificName": "Chloris chloris (Linnaeus, 1758)", "eventDate": "2023-03-04T15:52:00Z", "uncertainty_m": 26550.0 }, "geometry": { "type": "Point", "coordinates": [ 8.587784, 49.306224 ] } },
{ "type": "Feature", "properties": { "key": 4054800865, "species": "Psittacula krameri", "scientificName": "Psittacula krameri (Scopoli, 1769)", "eventDate": "2023-03-03T15:48:00Z", "uncertainty_m": 31.0 }, "geometry": { "type": "Point", "coordinates": [ 8.659089, 49.440624 ] } },
{ "type": "Feature", "properties": { "key": 4054810204, "species": "Turdus merula", "scientificName": "Turdus merula Linnaeus, 1758", "eventDate": "2023-03-06T17:51:52Z", "uncertainty_m": 9.0 }, "geometry": { "type": "Point", "coordinates": [ 8.678857, 49.445908 ] } },
{ "type": "Feature", "properties": { "key": 4054818850, "species": "Corvus corone", "scientificName": "Corvus corone Linnaeus, 1758", "eventDate": "2023-03-03T16:16:00Z", "uncertainty_m": 31.0 }, "geometry": { "type": "Point", "coordinates": [ 8.658552, 49.436984 ] } },
{ "type": "Feature", "properties": { "key": 4054854689, "species": "Psittacula krameri", "scientificName": "Psittacula krameri (Scopoli, 1769)", "eventDate": "2023-03-01T12:54:00Z", "uncertainty_m": 10.0 }, "geometry": { "type": "Point", "coordinates": [ 8.662107, 49.420232 ] } },
{ "type": "Feature", "properties": { "key": 4054989841, "species": "Buteo buteo", "scientificName": "Buteo buteo (Linnaeus, 1758)", "eventDate": "2023-03-03T15:36:00Z", "uncertainty_m": 48.0 }, "geometry": { "type": "Point", "coordinates": [ 8.659038, 49.439715 ] } },
{ "type": "Feature", "properties": { "key": 4055075926, "species": "Ardea cinerea", "scientificName": "Ardea cinerea Linnaeus, 1758", "eventDate": "2023-03-04T15:52:00Z", "uncertainty_m": 26550.0 }, "geometry": { "type": "Point", "coordinates": [ 8.563336, 49.361181 ] } },
{ "type": "Feature", "properties": { "key": 4062605300, "species": "Buteo buteo", "scientificName": "Buteo buteo (Linnaeus, 1758)", "eventDate": "2023-03-01T19:06:00Z", "uncertainty_m": 130.0 }, "geometry": { "type": "Point", "coordinates": [ 8.550718, 49.505906 ] } },
{ "type": "Feature", "properties": { "key": 4062775676, "species": "Alopochen aegyptiaca", "scientificName": "Alopochen aegyptiaca (Linnaeus, 1766)", "eventDate": "2023-03-08T11:29:14Z", "uncertainty_m": 4343.0 }, "geometry": { "type": "Point", "coordinates": [ 8.667825, 49.3997 ] } },
{ "type": "Feature", "properties": { "key": 4062807039, "species": "Strix aluco", "scientificName": "Strix aluco Linnaeus, 1758", "eventDate": "2023-03-11T20:59:00Z", "uncertainty_m": 2.0 }, "geometry": { "type": "Point", "coordinates": [ 8.701176, 49.442767 ] } },
{ "type": "Feature", "properties": { "key": 4062888033, "species": "Troglodytes troglodytes", "scientificName": "Troglodytes troglodytes (Linnaeus, 1758)", "eventDate": "2023-03-11T20:59:00Z", "uncertainty_m": 15.0 }, "geometry": { "type": "Point", "coordinates": [ 8.690361, 49.440353 ] } },
{ "type": "Feature", "properties": { "key": 4062974326, "species": "Garrulus glandarius", "scientificName": "Garrulus glandarius (Linnaeus, 1758)", "eventDate": "2023-03-01T19:06:00Z", "uncertainty_m": 83.0 }, "geometry": { "type": "Point", "coordinates": [ 8.690035, 49.436831 ] } },
{ "type": "Feature", "properties": { "key": 4063021985, "species": "Parus major", "scientificName": "Parus major major Linnaeus, 1758", "eventDate": "2023-03-11T20:59:00Z", "uncertainty_m": 22.0 }, "geometry": { "type": "Point", "coordinates": [ 8.697171, 49.441682 ] } },
{ "type": "Feature", "properties": { "key": 4063085007, "species": "Gallinula chloropus", "scientificName": "Gallinula chloropus (Linnaeus, 1758)", "eventDate": "2023-03-11T16:22:31Z", "uncertainty_m": null }, "geometry": { "type": "Point", "coordinates": [ 8.704242, 49.414583 ] } },
{ "type": "Feature", "properties": { "key": 4067223229, "species": "Turdus viscivorus", "scientificName": "Turdus viscivorus Linnaeus, 1758", "eventDate": "2023-03-18T08:57:00Z", "uncertainty_m": 3.0 }, "geometry": { "type": "Point", "coordinates": [ 8.807102, 49.519316 ] } },
{ "type": "Feature", "properties": { "key": 4067259249, "species": "Dendrocopos major", "scientificName": "Dendrocopos major (Linnaeus, 1758)", "eventDate": "2023-03-18T12:52:15Z", "uncertainty_m": null }, "geometry": { "type": "Point", "coordinates": [ 8.561051, 49.42131 ] } },
{ "type": "Feature", "properties": { "key": 4067281239, "species": "Phylloscopus collybita", "scientificName": "Phylloscopus collybita (Vieillot, 1817)", "eventDate": "2023-03-18T12:51:00Z", "uncertainty_m": 3.0 }, "geometry": { "type": "Point", "coordinates": [ 8.563249, 49.420338 ] } },
{ "type": "Feature", "properties": { "key": 4067330151, "species": "Fringilla coelebs", "scientificName": "Fringilla coelebs Linnaeus, 1758", "eventDate": "2023-03-18T13:13:01Z", "uncertainty_m": null }, "geometry": { "type": "Point", "coordinates": [ 8.565826, 49.41811 ] } },
{ "type": "Feature", "properties": { "key": 4067530532, "species": "Carduelis carduelis", "scientificName": "Carduelis carduelis (Linnaeus, 1758)", "eventDate": "2023-03-20T08:03:43Z", "uncertainty_m": 35.0 }, "geometry": { "type": "Point", "coordinates": [ 8.677978, 49.415988 ] } },
{ "type": "Feature", "properties": { "key": 4075787059, "species": "Fringilla coelebs", "scientificName": "Fringilla coelebs Linnaeus, 1758", "eventDate": "2023-03-30T15:14:38Z", "uncertainty_m": 6.0 }, "geometry": { "type": "Point", "coordinates": [ 8.554343, 49.439316 ] } },
{ "type": "Feature", "properties": { "key": 4075787768, "species": "Erithacus rubecula", "scientificName": "Erithacus rubecula (Linnaeus, 1758)", "eventDate": "2023-03-27T11:32:46Z", "uncertainty_m": 12.0 }, "geometry": { "type": "Point", "coordinates": [ 8.558075, 49.418402 ] } },
{ "type": "Feature", "properties": { "key": 4075790799, "species": "Fringilla coelebs", "scientificName": "Fringilla coelebs Linnaeus, 1758", "eventDate": "2023-03-27T11:47:46Z", "uncertainty_m": 8.0 }, "geometry": { "type": "Point", "coordinates": [ 8.554462, 49.420728 ] } },
{ "type": "Feature", "properties": { "key": 4075793787, "species": "Motacilla alba", "scientificName": "Motacilla alba Linnaeus, 1758", "eventDate": "2023-03-26T14:33:00Z", "uncertainty_m": 15.0 }, "geometry": { "type": "Point", "coordinates": [ 8.666263, 49.436276 ] } },
{ "type": "Feature", "properties": { "key": 4075843850, "species": "Erithacus rubecula", "scientificName": "Erithacus rubecula (Linnaeus, 1758)", "eventDate": "2023-03-26T14:17:00Z", "uncertainty_m": null }, "geometry": { "type": "Point", "coordinates": [ 8.675664, 49.436847 ] } },
{ "type": "Feature", "properties": { "key": 4075849797, "species": "Pica pica", "scientificName": "Pica pica (Linnaeus, 1758)", "eventDate": "2023-03-26T14:49:00Z", "uncertainty_m": 15.0 }, "geometry": { "type": "Point", "coordinates": [ 8.670956, 49.432649 ] } },
{ "type": "Feature", "properties": { "key": 4075851865, "species": "Picus viridis", "scientificName": "Picus viridis Linnaeus, 1758", "eventDate": "2023-03-26T14:36:00Z", "uncertainty_m": 15.0 }, "geometry": { "type": "Point", "coordinates": [ 8.665019, 49.435928 ] } },
{ "type": "Feature", "properties": { "key": 4075865821, "species": "Passer domesticus", "scientificName": "Passer domesticus (Linnaeus, 1758)", "eventDate": "2023-03-26T14:12:00Z", "uncertainty_m": null }, "geometry": { "type": "Point", "coordinates": [ 8.677475, 49.434892 ] } },
{ "type": "Feature", "properties": { "key": 4075875869, "species": "Parus major", "scientificName": "Parus major Linnaeus, 1758", "eventDate": "2023-03-26T15:00:00Z", "uncertainty_m": 8.0 }, "geometry": { "type": "Point", "coordinates": [ 8.677323, 49.430839 ] } },
{ "type": "Feature", "properties": { "key": 4075877837, "species": "Sylvia atricapilla", "scientificName": "Sylvia atricapilla (Linnaeus, 1758)", "eventDate": "2023-03-27T11:35:06Z", "uncertainty_m": 8.0 }, "geometry": { "type": "Point", "coordinates": [ 8.55834, 49.418158 ] } },
{ "type": "Feature", "properties": { "key": 4075890787, "species": "Passer domesticus", "scientificName": "Passer domesticus (Linnaeus, 1758)", "eventDate": "2023-03-26T15:02:00Z", "uncertainty_m": 4.0 }, "geometry": { "type": "Point", "coordinates": [ 8.678737, 49.430605 ] } },
{ "type": "Feature", "properties": { "key": 4075894850, "species": "Pica pica", "scientificName": "Pica pica (Linnaeus, 1758)", "eventDate": "2023-03-26T14:42:00Z", "uncertainty_m": 15.0 }, "geometry": { "type": "Point", "coordinates": [ 8.667382, 49.433955 ] } },
{ "type": "Feature", "properties": { "key": 4075906176, "species": "Sitta europaea", "scientificName": "Sitta europaea Linnaeus, 1758", "eventDate": "2023-03-30T15:22:39Z", "uncertainty_m": 6.0 }, "geometry": { "type": "Point", "coordinates": [ 8.551759, 49.4368 ] } },
{ "type": "Feature", "properties": { "key": 4075924891, "species": "Carduelis carduelis", "scientificName": "Carduelis carduelis (Linnaeus, 1758)", "eventDate": "2023-03-26T15:03:00Z", "uncertainty_m": 4.0 }, "geometry": { "type": "Point", "coordinates": [ 8.678892, 49.430518 ] } },
{ "type": "Feature", "properties": { "key": 4075946815, "species": "Passer domesticus", "scientificName": "Passer domesticus (Linnaeus, 1758)", "eventDate": "2023-03-26T14:53:00Z", "uncertainty_m": 4.0 }, "geometry": { "type": "Point", "coordinates": [ 8.672621, 49.432131 ] } },
{ "type": "Feature", "properties": { "key": 4075956840, "species": "Cyanistes caeruleus", "scientificName": "Cyanistes caeruleus (Linnaeus, 1758)", "eventDate": "2023-03-26T15:05:00Z", "uncertainty_m": null }, "geometry": { "type": "Point", "coordinates": [ 8.679736, 49.430458 ] } },
{ "type": "Feature", "properties": { "key": 4075972802, "species": "Turdus merula", "scientificName": "Turdus merula Linnaeus, 1758", "eventDate": "2023-03-26T15:07:00Z", "uncertainty_m": 4.0 }, "geometry": { "type": "Point", "coordinates": [ 8.680713, 49.430772 ] } },
{ "type": "Feature", "properties": { "key": 4075973815, "species": "Buteo buteo", "scientificName": "Buteo buteo (Linnaeus, 1758)", "eventDate": "2023-03-26T14:13:00Z", "uncertainty_m": 61.0 }, "geometry": { "type": "Point", "coordinates": [ 8.672753, 49.438369 ] } },
{ "type": "Feature", "properties": { "key": 4075987738, "species": "Dendrocopos major", "scientificName": "Dendrocopos major (Linnaeus, 1758)", "eventDate": "2023-03-27T11:36:41Z", "uncertainty_m": 12.0 }, "geometry": { "type": "Point", "coordinates": [ 8.558328, 49.418175 ] } },
{ "type": "Feature", "properties": { "key": 4075994415, "species": "Milvus milvus", "scientificName": "Milvus milvus (Linnaeus, 1758)", "eventDate": "2023-03-30T17:42:00Z", "uncertainty_m": 127.0 }, "geometry": { "type": "Point", "coordinates": [ 8.789879, 49.487177 ] } },
{ "type": "Feature", "properties": { "key": 4076035893, "species": "Phoenicurus ochruros", "scientificName": "Phoenicurus ochruros (S.G.Gmelin, 1774)", "eventDate": "2023-03-29T08:59:00Z", "uncertainty_m": 26518.0 }, "geometry": { "type": "Point", "coordinates": [ 8.727159, 49.492653 ] } },
{ "type": "Feature", "properties": { "key": 4076103914, "species": "Falco tinnunculus", "scientificName": "Falco tinnunculus Linnaeus, 1758", "eventDate": "2023-03-29T09:21:00Z", "uncertainty_m": 26518.0 }, "geometry": { "type": "Point", "coordinates": [ 8.752351, 49.457792 ] } },
{ "type": "Feature", "properties": { "key": 4076119455, "species": "Parus major", "scientificName": "Parus major Linnaeus, 1758", "eventDate": "2023-03-30T17:08:00Z", "uncertainty_m": 23.0 }, "geometry": { "type": "Point", "coordinates": [ 8.778995, 49.483813 ] } },
{ "type": "Feature", "properties": { "key": 4076123465, "species": "Erithacus rubecula", "scientificName": "Erithacus rubecula (Linnaeus, 1758)", "eventDate": "2023-03-30T16:46:00Z", "uncertainty_m": 8.0 }, "geometry": { "type": "Point", "coordinates": [ 8.789807, 49.488293 ] } },
{ "type": "Feature", "properties": { "key": 4076123871, "species": "Serinus serinus", "scientificName": "Serinus serinus (Linnaeus, 1766)", "eventDate": "2023-03-29T17:52:00Z", "uncertainty_m": 277.0 }, "geometry": { "type": "Point", "coordinates": [ 8.665799, 49.381702 ] } },
{ "type": "Feature", "properties": { "key": 4076198880, "species": "Buteo buteo", "scientificName": "Buteo buteo (Linnaeus, 1758)", "eventDate": "2023-03-29T08:15:00Z", "uncertainty_m": 26518.0 }, "geometry": { "type": "Point", "coordinates": [ 8.793491, 49.504608 ] } },
{ "type": "Feature", "properties": { "key": 4076306873, "species": "Sturnus vulgaris", "scientificName": "Sturnus vulgaris Linnaeus, 1758", "eventDate": "2023-03-26T14:47:00Z", "uncertainty_m": 15.0 }, "geometry": { "type": "Point", "coordinates": [ 8.669922, 49.431881 ] } },
{ "type": "Feature", "properties": { "key": 4076309867, "species": "Passer domesticus", "scientificName": "Passer domesticus (Linnaeus, 1758)", "eventDate": "2023-03-26T14:13:00Z", "uncertainty_m": 15.0 }, "geometry": { "type": "Point", "coordinates": [ 8.676684, 49.435847 ] } },
{ "type": "Feature", "properties": { "key": 4076317799, "species": "Fringilla coelebs", "scientificName": "Fringilla coelebs Linnaeus, 1758", "eventDate": "2023-03-27T11:20:01Z", "uncertainty_m": 8.0 }, "geometry": { "type": "Point", "coordinates": [ 8.551691, 49.419811 ] } },
{ "type": "Feature", "properties": { "key": 4076391925, "species": "Falco tinnunculus", "scientificName": "Falco tinnunculus Linnaeus, 1758", "eventDate": "2023-03-29T09:29:00Z", "uncertainty_m": 26518.0 }, "geometry": { "type": "Point", "coordinates": [ 8.646073, 49.444089 ] } },
{ "type": "Feature", "properties": { "key": 4080742470, "species": "Alopochen aegyptiaca", "scientificName": "Alopochen aegyptiaca (Linnaeus, 1766)", "eventDate": "2023-03-17T15:27:43Z", "uncertainty_m": 93.0 }, "geometry": { "type": "Point", "coordinates": [ 8.715654, 49.415028 ] } },
{ "type": "Feature", "properties": { "key": 4090656601, "species": "Aegithalos caudatus", "scientificName": "Aegithalos caudatus (Linnaeus, 1758)", "eventDate": "2023-03-19T17:17:30.580Z", "uncertainty_m": null }, "geometry": { "type": "Point", "coordinates": [ 8.577859, 49.313758 ] } },
{ "type": "Feature", "properties": { "key": 4096656802, "species": "Alopochen aegyptiaca", "scientificName": "Alopochen aegyptiaca (Linnaeus, 1766)", "eventDate": "2023-03-12T14:17:45Z", "uncertainty_m": 4.0 }, "geometry": { "type": "Point", "coordinates": [ 8.694055, 49.411792 ] } },
{ "type": "Feature", "properties": { "key": 4120851349, "species": "Milvus milvus", "scientificName": "Milvus milvus (Linnaeus, 1758)", "eventDate": "2023-03-03T09:34:00Z", "uncertainty_m": 26550.0 }, "geometry": { "type": "Point", "coordinates": [ 8.620386, 49.303431 ] } },
{ "type": "Feature", "properties": { "key": 4120858291, "species": "Phoenicurus ochruros", "scientificName": "Phoenicurus ochruros (S.G.Gmelin, 1774)", "eventDate": "2023-03-18T10:47:00Z", "uncertainty_m": 26550.0 }, "geometry": { "type": "Point", "coordinates": [ 8.748259, 49.367585 ] } },
{ "type": "Feature", "properties": { "key": 4121014752, "species": "Anas platyrhynchos", "scientificName": "Anas platyrhynchos Linnaeus, 1758", "eventDate": "2023-03-24T17:05:00Z", "uncertainty_m": 26550.0 }, "geometry": { "type": "Point", "coordinates": [ 8.610155, 49.352685 ] } },
{ "type": "Feature", "properties": { "key": 4121244711, "species": "Alcedo atthis", "scientificName": "Alcedo atthis (Linnaeus, 1758)", "eventDate": "2023-03-16T17:26:00Z", "uncertainty_m": 26550.0 }, "geometry": { "type": "Point", "coordinates": [ 8.758727, 49.374508 ] } },
{ "type": "Feature", "properties": { "key": 4121379117, "species": "Turdus merula", "scientificName": "Turdus merula Linnaeus, 1758", "eventDate": "2023-03-27T17:56:00Z", "uncertainty_m": 26550.0 }, "geometry": { "type": "Point", "coordinates": [ 8.783876, 49.320072 ] } },
{ "type": "Feature", "properties": { "key": 4121392820, "species": "Vanellus vanellus", "scientificName": "Vanellus vanellus (Linnaeus, 1758)", "eventDate": "2023-03-02T10:59:00Z", "uncertainty_m": 26550.0 }, "geometry": { "type": "Point", "coordinates": [ 8.621907, 49.308372 ] } },
{ "type": "Feature", "properties": { "key": 4121413222, "species": "Picus viridis", "scientificName": "Picus viridis Linnaeus, 1758", "eventDate": "2023-03-19T17:23:00Z", "uncertainty_m": 26550.0 }, "geometry": { "type": "Point", "coordinates": [ 8.794512, 49.37536 ] } },
{ "type": "Feature", "properties": { "key": 4121415774, "species": "Buteo buteo", "scientificName": "Buteo buteo (Linnaeus, 1758)", "eventDate": "2023-03-16T10:48:00Z", "uncertainty_m": 26550.0 }, "geometry": { "type": "Point", "coordinates": [ 8.64598, 49.363735 ] } },
{ "type": "Feature", "properties": { "key": 4121474456, "species": "Ardea cinerea", "scientificName": "Ardea cinerea Linnaeus, 1758", "eventDate": "2023-03-27T10:39:00Z", "uncertainty_m": 26550.0 }, "geometry": { "type": "Point", "coordinates": [ 8.616031, 49.374843 ] } },
{ "type": "Feature", "properties": { "key": 4155957205, "species": "Garrulus glandarius", "scientificName": "Garrulus glandarius (Linnaeus, 1758)", "eventDate": "2023-03-05T00:00:00Z", "uncertainty_m": 29.0 }, "geometry": { "type": "Point", "coordinates": [ 8.618772, 49.471836 ] } },
{ "type": "Feature", "properties": { "key": 4156085463, "species": "Milvus migrans", "scientificName": "Milvus migrans (Boddaert, 1783)", "eventDate": "2023-03-26T00:00:00Z", "uncertainty_m": 20.0 }, "geometry": { "type": "Point", "coordinates": [ 8.713862, 49.409398 ] } },
{ "type": "Feature", "properties": { "key": 4156309484, "species": "Streptopelia decaocto", "scientificName": "Streptopelia decaocto (Frivaldszky, 1838)", "eventDate": "2023-03-05T00:00:00Z", "uncertainty_m": 6.0 }, "geometry": { "type": "Point", "coordinates": [ 8.616208, 49.475937 ] } },
{ "type": "Feature", "properties": { "key": 4156393894, "species": "Buteo buteo", "scientificName": "Buteo buteo (Linnaeus, 1758)", "eventDate": "2023-03-05T00:00:00Z", "uncertainty_m": 3.0 }, "geometry": { "type": "Point", "coordinates": [ 8.638287, 49.433101 ] } },
{ "type": "Feature", "properties": { "key": 4156396770, "species": "Psittacula krameri", "scientificName": "Psittacula krameri (Scopoli, 1769)", "eventDate": "2023-03-26T00:00:00Z", "uncertainty_m": 9.0 }, "geometry": { "type": "Point", "coordinates": [ 8.716748, 49.410428 ] } },
{ "type": "Feature", "properties": { "key": 4156606738, "species": "Parus major", "scientificName": "Parus major Linnaeus, 1758", "eventDate": "2023-03-05T00:00:00Z", "uncertainty_m": 3.0 }, "geometry": { "type": "Point", "coordinates": [ 8.61881, 49.471638 ] } },
{ "type": "Feature", "properties": { "key": 4156930718, "species": "Ardea alba", "scientificName": "Ardea alba Linnaeus, 1758", "eventDate": "2023-03-17T00:00:00Z", "uncertainty_m": 5.0 }, "geometry": { "type": "Point", "coordinates": [ 8.677392, 49.307275 ] } },
{ "type": "Feature", "properties": { "key": 4156940035, "species": "Milvus migrans", "scientificName": "Milvus migrans (Boddaert, 1783)", "eventDate": "2023-03-26T00:00:00Z", "uncertainty_m": 32.0 }, "geometry": { "type": "Point", "coordinates": [ 8.713725, 49.409716 ] } },
{ "type": "Feature", "properties": { "key": 4157208165, "species": "Milvus migrans", "scientificName": "Milvus migrans (Boddaert, 1783)", "eventDate": "2023-03-26T00:00:00Z", "uncertainty_m": 32.0 }, "geometry": { "type": "Point", "coordinates": [ 8.713725, 49.409716 ] } },
{ "type": "Feature", "properties": { "key": 4157308691, "species": "Psittacula krameri", "scientificName": "Psittacula krameri (Scopoli, 1769)", "eventDate": "2023-03-26T00:00:00Z", "uncertainty_m": 9.0 }, "geometry": { "type": "Point", "coordinates": [ 8.716748, 49.410428 ] } },
{ "type": "Feature", "properties": { "key": 4157329496, "species": "Phalacrocorax carbo", "scientificName": "Phalacrocorax carbo (Linnaeus, 1758)", "eventDate": "2023-03-26T00:00:00Z", "uncertainty_m": 110.0 }, "geometry": { "type": "Point", "coordinates": [ 8.710613, 49.415911 ] } },
{ "type": "Feature", "properties": { "key": 4158621333, "species": "Turdus merula", "scientificName": "Turdus merula Linnaeus, 1758", "eventDate": "2023-03-05T00:00:00Z", "uncertainty_m": 3.0 }, "geometry": { "type": "Point", "coordinates": [ 8.61874, 49.471737 ] } },
{ "type": "Feature", "properties": { "key": 4158872327, "species": "Alopochen aegyptiaca", "scientificName": "Alopochen aegyptiaca (Linnaeus, 1766)", "eventDate": "2023-03-21T00:00:00Z", "uncertainty_m": 8.0 }, "geometry": { "type": "Point", "coordinates": [ 8.716928, 49.4104 ] } },
{ "type": "Feature", "properties": { "key": 4158999594, "species": "Passer domesticus", "scientificName": "Passer domesticus (Linnaeus, 1758)", "eventDate": "2023-03-05T00:00:00Z", "uncertainty_m": 3.0 }, "geometry": { "type": "Point", "coordinates": [ 8.618876, 49.471565 ] } },
{ "type": "Feature", "properties": { "key": 4408317472, "species": "Psittacula krameri", "scientificName": "Psittacula krameri (Scopoli, 1769)", "eventDate": "2023-03-05T00:00:00Z", "uncertainty_m": 3.0 }, "geometry": { "type": "Point", "coordinates": [ 8.618779, 49.471756 ] } },
{ "type": "Feature", "properties": { "key": 4430590252, "species": "Psittacula krameri", "scientificName": "Psittacula krameri (Scopoli, 1769)", "eventDate": "2023-03-28T07:36:00Z", "uncertainty_m": 505.0 }, "geometry": { "type": "Point", "coordinates": [ 8.681737, 49.405347 ] } },
{ "type": "Feature", "properties": { "key": 4431056219, "species": "Bubo bubo", "scientificName": "Bubo bubo (Linnaeus, 1758)", "eventDate": "2023-03-16T18:16:00Z", "uncertainty_m": 26550.0 }, "geometry": { "type": "Point", "coordinates": [ 8.724455, 49.323436 ] } },
{ "type": "Feature", "properties": { "key": 4610261681, "species": "Psittacula krameri", "scientificName": "Psittacula krameri (Scopoli, 1769)", "eventDate": "2023-03-04T00:00:00Z", "uncertainty_m": null }, "geometry": { "type": "Point", "coordinates": [ 8.691434, 49.412827 ] } },
{ "type": "Feature", "properties": { "key": 4610498952, "species": "Chloris chloris", "scientificName": "Chloris chloris (Linnaeus, 1758)", "eventDate": "2023-03-02T00:00:00Z", "uncertainty_m": null }, "geometry": { "type": "Point", "coordinates": [ 8.667077, 49.436626 ] } },
{ "type": "Feature", "properties": { "key": 4610520117, "species": "Branta canadensis", "scientificName": "Branta canadensis (Linnaeus, 1758)", "eventDate": "2023-03-07T00:00:00Z", "uncertainty_m": null }, "geometry": { "type": "Point", "coordinates": [ 8.687018, 49.416378 ] } },
{ "type": "Feature", "properties": { "key": 4610527303, "species": "Turdus merula", "scientificName": "Turdus merula Linnaeus, 1758", "eventDate": "2023-03-15T00:00:00Z", "uncertainty_m": null }, "geometry": { "type": "Point", "coordinates": [ 8.672848, 49.456497 ] } },
{ "type": "Feature", "properties": { "key": 4610527304, "species": "Parus major", "scientificName": "Parus major Linnaeus, 1758", "eventDate": "2023-03-17T00:00:00Z", "uncertainty_m": null }, "geometry": { "type": "Point", "coordinates": [ 8.672848, 49.456497 ] } },
{ "type": "Feature", "properties": { "key": 4610591281, "species": "Carduelis carduelis", "scientificName": "Carduelis carduelis (Linnaeus, 1758)", "eventDate": "2023-03-20T00:00:00Z", "uncertainty_m": null }, "geometry": { "type": "Point", "coordinates": [ 8.678938, 49.421394 ] } },
{ "type": "Feature", "properties": { "key": 4610605372, "species": "Spinus spinus", "scientificName": "Spinus spinus (Linnaeus, 1758)", "eventDate": "2023-03-13T00:00:00Z", "uncertainty_m": null }, "geometry": { "type": "Point", "coordinates": [ 8.672848, 49.456497 ] } },
{ "type": "Feature", "properties": { "key": 4610605373, "species": "Branta canadensis", "scientificName": "Branta canadensis (Linnaeus, 1758)", "eventDate": "2023-03-16T00:00:00Z", "uncertainty_m": null }, "geometry": { "type": "Point", "coordinates": [ 8.691434, 49.412827 ] } },
{ "type": "Feature", "properties": { "key": 4610676350, "species": "Phylloscopus collybita", "scientificName": "Phylloscopus collybita (Vieillot, 1817)", "eventDate": "2023-03-26T00:00:00Z", "uncertainty_m": null }, "geometry": { "type": "Point", "coordinates": [ 8.605471, 49.466824 ] } },
{ "type": "Feature", "properties": { "key": 4610695280, "species": "Passer domesticus", "scientificName": "Passer domesticus (Linnaeus, 1758)", "eventDate": "2023-03-27T00:00:00Z", "uncertainty_m": null }, "geometry": { "type": "Point", "coordinates": [ 8.665815, 49.425297 ] } },
{ "type": "Feature", "properties": { "key": 4610698943, "species": "Picus canus", "scientificName": "Picus canus J.F.Gmelin, 1788", "eventDate": "2023-03-12T00:00:00Z", "uncertainty_m": null }, "geometry": { "type": "Point", "coordinates": [ 8.849539, 49.38824 ] } },
{ "type": "Feature", "properties": { "key": 4610767505, "species": "Alopochen aegyptiaca", "scientificName": "Alopochen aegyptiaca (Linnaeus, 1766)", "eventDate": "2023-03-14T00:00:00Z", "uncertainty_m": null }, "geometry": { "type": "Point", "coordinates": [ 8.678938, 49.421394 ] } },
{ "type": "Feature", "properties": { "key": 4610830858, "species": "Emberiza cirlus", "scientificName": "Emberiza cirlus Linnaeus, 1767", "eventDate": "2023-03-01T00:00:00Z", "uncertainty_m": null }, "geometry": { "type": "Point", "coordinates": [ 8.671378, 49.47071 ] } },
{ "type": "Feature", "properties": { "key": 4610830864, "species": "Fringilla coelebs", "scientificName": "Fringilla coelebs Linnaeus, 1758", "eventDate": "2023-03-03T00:00:00Z", "uncertainty_m": null }, "geometry": { "type": "Point", "coordinates": [ 8.673265, 49.459534 ] } },
{ "type": "Feature", "properties": { "key": 4610899857, "species": "Chloris chloris", "scientificName": "Chloris chloris (Linnaeus, 1758)", "eventDate": "2023-03-30T00:00:00Z", "uncertainty_m": null }, "geometry": { "type": "Point", "coordinates": [ 8.671026, 49.418015 ] } },
{ "type": "Feature", "properties": { "key": 4610900961, "species": "Phylloscopus collybita", "scientificName": "Phylloscopus collybita (Vieillot, 1817)", "eventDate": "2023-03-18T00:00:00Z", "uncertainty_m": null }, "geometry": { "type": "Point", "coordinates": [ 8.678938, 49.421394 ] } },
{ "type": "Feature", "properties": { "key": 4610906170, "species": "Spinus spinus", "scientificName": "Spinus spinus (Linnaeus, 1758)", "eventDate": "2023-03-15T00:00:00Z", "uncertainty_m": null }, "geometry": { "type": "Point", "coordinates": [ 8.678938, 49.421394 ] } },
{ "type": "Feature", "properties": { "key": 4611028306, "species": "Turdus merula", "scientificName": "Turdus merula Linnaeus, 1758", "eventDate": "2023-03-18T00:00:00Z", "uncertainty_m": null }, "geometry": { "type": "Point", "coordinates": [ 8.678938, 49.421394 ] } },
{ "type": "Feature", "properties": { "key": 4611089194, "species": "Chloris chloris", "scientificName": "Chloris chloris (Linnaeus, 1758)", "eventDate": "2023-03-12T00:00:00Z", "uncertainty_m": null }, "geometry": { "type": "Point", "coordinates": [ 8.672848, 49.456497 ] } },
{ "type": "Feature", "properties": { "key": 4611102265, "species": "Columba palumbus", "scientificName": "Columba palumbus Linnaeus, 1758", "eventDate": "2023-03-23T00:00:00Z", "uncertainty_m": null }, "geometry": { "type": "Point", "coordinates": [ 8.684419, 49.410263 ] } },
{ "type": "Feature", "properties": { "key": 4611199721, "species": "Poecile palustris", "scientificName": "Poecile palustris (Linnaeus, 1758)", "eventDate": "2023-03-01T00:00:00Z", "uncertainty_m": null }, "geometry": { "type": "Point", "coordinates": [ 8.671378, 49.47071 ] } },
{ "type": "Feature", "properties": { "key": 4611254073, "species": "Phylloscopus collybita", "scientificName": "Phylloscopus collybita (Vieillot, 1817)", "eventDate": "2023-03-24T00:00:00Z", "uncertainty_m": null }, "geometry": { "type": "Point", "coordinates": [ 8.678938, 49.421394 ] } },
{ "type": "Feature", "properties": { "key": 4611318250, "species": "Fringilla montifringilla", "scientificName": "Fringilla montifringilla Linnaeus, 1758", "eventDate": "2023-03-30T00:00:00Z", "uncertainty_m": null }, "geometry": { "type": "Point", "coordinates": [ 8.671378, 49.47071 ] } },
{ "type": "Feature", "properties": { "key": 4611412151, "species": "Parus major", "scientificName": "Parus major Linnaeus, 1758", "eventDate": "2023-03-28T00:00:00Z", "uncertainty_m": null }, "geometry": { "type": "Point", "coordinates": [ 8.678938, 49.421394 ] } },
{ "type": "Feature", "properties": { "key": 4611482116, "species": "Prunella modularis", "scientificName": "Prunella modularis (Linnaeus, 1758)", "eventDate": "2023-03-13T00:00:00Z", "uncertainty_m": null }, "geometry": { "type": "Point", "coordinates": [ 8.665815, 49.425297 ] } },
{ "type": "Feature", "properties": { "key": 4611514741, "species": "Erithacus rubecula", "scientificName": "Erithacus rubecula (Linnaeus, 1758)", "eventDate": "2023-03-24T00:00:00Z", "uncertainty_m": null }, "geometry": { "type": "Point", "coordinates": [ 8.678938, 49.421394 ] } },
{ "type": "Feature", "properties": { "key": 4611519450, "species": "Ciconia ciconia", "scientificName": "Ciconia ciconia (Linnaeus, 1758)", "eventDate": "2023-03-09T00:00:00Z", "uncertainty_m": null }, "geometry": { "type": "Point", "coordinates": [ 8.611779, 49.454887 ] } },
{ "type": "Feature", "properties": { "key": 4611679693, "species": "Turdus merula", "scientificName": "Turdus merula Linnaeus, 1758", "eventDate": "2023-03-28T00:00:00Z", "uncertainty_m": null }, "geometry": { "type": "Point", "coordinates": [ 8.678938, 49.421394 ] } },
{ "type": "Feature", "properties": { "key": 4611689313, "species": "Columba palumbus", "scientificName": "Columba palumbus Linnaeus, 1758", "eventDate": "2023-03-17T00:00:00Z", "uncertainty_m": null }, "geometry": { "type": "Point", "coordinates": [ 8.678938, 49.421394 ] } },
{ "type": "Feature", "properties": { "key": 4611694295, "species": "Corvus frugilegus", "scientificName": "Corvus frugilegus Linnaeus, 1758", "eventDate": "2023-03-09T00:00:00Z", "uncertainty_m": null }, "geometry": { "type": "Point", "coordinates": [ 8.605471, 49.466824 ] } },
{ "type": "Feature", "properties": { "key": 4611868036, "species": "Anas platyrhynchos", "scientificName": "Anas platyrhynchos Linnaeus, 1758", "eventDate": "2023-03-18T00:00:00Z", "uncertainty_m": null }, "geometry": { "type": "Point", "coordinates": [ 8.639581, 49.453114 ] } },
{ "type": "Feature", "properties": { "key": 4611872209, "species": "Sturnus vulgaris", "scientificName": "Sturnus vulgaris Linnaeus, 1758", "eventDate": "2023-03-22T00:00:00Z", "uncertainty_m": null }, "geometry": { "type": "Point", "coordinates": [ 8.665815, 49.425297 ] } },
{ "type": "Feature", "properties": { "key": 4611951590, "species": "Carduelis carduelis", "scientificName": "Carduelis carduelis (Linnaeus, 1758)", "eventDate": "2023-03-22T00:00:00Z", "uncertainty_m": null }, "geometry": { "type": "Point", "coordinates": [ 8.717177, 49.410854 ] } },
{ "type": "Feature", "properties": { "key": 4612071433, "species": "Cyanistes caeruleus", "scientificName": "Cyanistes caeruleus (Linnaeus, 1758)", "eventDate": "2023-03-26T00:00:00Z", "uncertainty_m": null }, "geometry": { "type": "Point", "coordinates": [ 8.605471, 49.466824 ] } },
{ "type": "Feature", "properties": { "key": 4612077862, "species": "Phoenicurus ochruros", "scientificName": "Phoenicurus ochruros (S.G.Gmelin, 1774)", "eventDate": "2023-03-27T00:00:00Z", "uncertainty_m": null }, "geometry": { "type": "Point", "coordinates": [ 8.665815, 49.425297 ] } },
{ "type": "Feature", "properties": { "key": 4612106347, "species": "Tringa ochropus", "scientificName": "Tringa ochropus Linnaeus, 1758", "eventDate": "2023-03-29T00:00:00Z", "uncertainty_m": null }, "geometry": { "type": "Point", "coordinates": [ 8.639581, 49.453114 ] } },
{ "type": "Feature", "properties": { "key": 4612127185, "species": "Anas platyrhynchos", "scientificName": "Anas platyrhynchos Linnaeus, 1758", "eventDate": "2023-03-17T00:00:00Z", "uncertainty_m": null }, "geometry": { "type": "Point", "coordinates": [ 8.639581, 49.453114 ] } },
{ "type": "Feature", "properties": { "key": 4612281399, "species": "Parus major", "scientificName": "Parus major Linnaeus, 1758", "eventDate": "2023-03-26T00:00:00Z", "uncertainty_m": null }, "geometry": { "type": "Point", "coordinates": [ 8.605471, 49.466824 ] } },
{ "type": "Feature", "properties": { "key": 4612281607, "species": "Alopochen aegyptiaca", "scientificName": "Alopochen aegyptiaca (Linnaeus, 1766)", "eventDate": "2023-03-26T00:00:00Z", "uncertainty_m": null }, "geometry": { "type": "Point", "coordinates": [ 8.624862, 49.455822 ] } },
{ "type": "Feature", "properties": { "key": 4612281725, "species": "Phylloscopus collybita", "scientificName": "Phylloscopus collybita (Vieillot, 1817)", "eventDate": "2023-03-26T00:00:00Z", "uncertainty_m": null }, "geometry": { "type": "Point", "coordinates": [ 8.69231, 49.39623 ] } },
{ "type": "Feature", "properties": { "key": 4612328528, "species": "Corvus corone", "scientificName": "Corvus corone Linnaeus, 1758", "eventDate": "2023-03-24T00:00:00Z", "uncertainty_m": null }, "geometry": { "type": "Point", "coordinates": [ 8.665815, 49.425297 ] } },
{ "type": "Feature", "properties": { "key": 4612334228, "species": "Cyanistes caeruleus", "scientificName": "Cyanistes caeruleus (Linnaeus, 1758)", "eventDate": "2023-03-27T00:00:00Z", "uncertainty_m": null }, "geometry": { "type": "Point", "coordinates": [ 8.665815, 49.425297 ] } },
{ "type": "Feature", "properties": { "key": 4612495529, "species": "Sitta europaea", "scientificName": "Sitta europaea Linnaeus, 1758", "eventDate": "2023-03-27T00:00:00Z", "uncertainty_m": null }, "geometry": { "type": "Point", "coordinates": [ 8.700992, 49.391525 ] } },
{ "type": "Feature", "properties": { "key": 4612771229, "species": "Parus major", "scientificName": "Parus major Linnaeus, 1758", "eventDate": "2023-03-26T00:00:00Z", "uncertainty_m": null }, "geometry": { "type": "Point", "coordinates": [ 8.605471, 49.466824 ] } },
{ "type": "Feature", "properties": { "key": 4613097905, "species": "Phoenicurus ochruros", "scientificName": "Phoenicurus ochruros (S.G.Gmelin, 1774)", "eventDate": "2023-03-29T00:00:00Z", "uncertainty_m": null }, "geometry": { "type": "Point", "coordinates": [ 8.678938, 49.421394 ] } },
{ "type": "Feature", "properties": { "key": 4616274526, "species": "Corvus frugilegus", "scientificName": "Corvus frugilegus Linnaeus, 1758", "eventDate": "2023-03-01T00:00:00Z", "uncertainty_m": null }, "geometry": { "type": "Point", "coordinates": [ 8.665815, 49.425297 ] } },
{ "type": "Feature", "properties": { "key": 4616695956, "species": "Spinus spinus", "scientificName": "Spinus spinus (Linnaeus, 1758)", "eventDate": "2023-03-04T00:00:00Z", "uncertainty_m": null }, "geometry": { "type": "Point", "coordinates": [ 8.672848, 49.456497 ] } },
{ "type": "Feature", "properties": { "key": 4616779244, "species": "Anser anser", "scientificName": "Anser anser (Linnaeus, 1758)", "eventDate": "2023-03-11T00:00:00Z", "uncertainty_m": null }, "geometry": { "type": "Point", "coordinates": [ 8.639581, 49.453114 ] } },
{ "type": "Feature", "properties": { "key": 4616814228, "species": "Sturnus vulgaris", "scientificName": "Sturnus vulgaris Linnaeus, 1758", "eventDate": "2023-03-01T00:00:00Z", "uncertainty_m": null }, "geometry": { "type": "Point", "coordinates": [ 8.665815, 49.425297 ] } },
{ "type": "Feature", "properties": { "key": 4616862905, "species": "Corvus corone", "scientificName": "Corvus corone Linnaeus, 1758", "eventDate": "2023-03-12T00:00:00Z", "uncertainty_m": null }, "geometry": { "type": "Point", "coordinates": [ 8.665977, 49.49026 ] } },
{ "type": "Feature", "properties": { "key": 4616909065, "species": "Corvus corone", "scientificName": "Corvus corone Linnaeus, 1758", "eventDate": "2023-03-09T00:00:00Z", "uncertainty_m": null }, "geometry": { "type": "Point", "coordinates": [ 8.611779, 49.454887 ] } },
{ "type": "Feature", "properties": { "key": 4616909066, "species": "Corvus corone", "scientificName": "Corvus corone Linnaeus, 1758", "eventDate": "2023-03-09T00:00:00Z", "uncertainty_m": null }, "geometry": { "type": "Point", "coordinates": [ 8.605471, 49.466824 ] } },
{ "type": "Feature", "properties": { "key": 4616930820, "species": "Psittacula krameri", "scientificName": "Psittacula krameri (Scopoli, 1769)", "eventDate": "2023-03-10T00:00:00Z", "uncertainty_m": null }, "geometry": { "type": "Point", "coordinates": [ 8.665815, 49.425297 ] } },
{ "type": "Feature", "properties": { "key": 4616937440, "species": "Parus major", "scientificName": "Parus major Linnaeus, 1758", "eventDate": "2023-03-16T00:00:00Z", "uncertainty_m": null }, "geometry": { "type": "Point", "coordinates": [ 8.672848, 49.456497 ] } },
{ "type": "Feature", "properties": { "key": 4617181954, "species": "Corvus corone", "scientificName": "Corvus corone Linnaeus, 1758", "eventDate": "2023-03-17T00:00:00Z", "uncertainty_m": null }, "geometry": { "type": "Point", "coordinates": [ 8.639581, 49.453114 ] } },
{ "type": "Feature", "properties": { "key": 4617286433, "species": "Gallinula chloropus", "scientificName": "Gallinula chloropus (Linnaeus, 1758)", "eventDate": "2023-03-09T00:00:00Z", "uncertainty_m": null }, "geometry": { "type": "Point", "coordinates": [ 8.605471, 49.466824 ] } },
{ "type": "Feature", "properties": { "key": 4617493335, "species": "Pica pica", "scientificName": "Pica pica (Linnaeus, 1758)", "eventDate": "2023-03-24T00:00:00Z", "uncertainty_m": null }, "geometry": { "type": "Point", "coordinates": [ 8.665815, 49.425297 ] } },
{ "type": "Feature", "properties": { "key": 4617498555, "species": "Glaucidium passerinum", "scientificName": "Glaucidium passerinum (Linnaeus, 1758)", "eventDate": "2023-03-20T00:00:00Z", "uncertainty_m": null }, "geometry": { "type": "Point", "coordinates": [ 8.725, 49.454052 ] } },
{ "type": "Feature", "properties": { "key": 4617567031, "species": "Cyanistes caeruleus", "scientificName": "Cyanistes caeruleus (Linnaeus, 1758)", "eventDate": "2023-03-08T00:00:00Z", "uncertainty_m": null }, "geometry": { "type": "Point", "coordinates": [ 8.672848, 49.456497 ] } },
{ "type": "Feature", "properties": { "key": 4617567032, "species": "Troglodytes troglodytes", "scientificName": "Troglodytes troglodytes (Linnaeus, 1758)", "eventDate": "2023-03-09T00:00:00Z", "uncertainty_m": null }, "geometry": { "type": "Point", "coordinates": [ 8.605471, 49.466824 ] } },
{ "type": "Feature", "properties": { "key": 4617620192, "species": "Columba palumbus", "scientificName": "Columba palumbus Linnaeus, 1758", "eventDate": "2023-03-14T00:00:00Z", "uncertainty_m": null }, "geometry": { "type": "Point", "coordinates": [ 8.678938, 49.421394 ] } },
{ "type": "Feature", "properties": { "key": 4617628457, "species": "Streptopelia decaocto", "scientificName": "Streptopelia decaocto (Frivaldszky, 1838)", "eventDate": "2023-03-01T00:00:00Z", "uncertainty_m": null }, "geometry": { "type": "Point", "coordinates": [ 8.672848, 49.456497 ] } },
{ "type": "Feature", "properties": { "key": 4617660626, "species": "Motacilla alba", "scientificName": "Motacilla alba Linnaeus, 1758", "eventDate": "2023-03-26T00:00:00Z", "uncertainty_m": null }, "geometry": { "type": "Point", "coordinates": [ 8.639581, 49.453114 ] } },
{ "type": "Feature", "properties": { "key": 4617682237, "species": "Corvus corone", "scientificName": "Corvus corone Linnaeus, 1758", "eventDate": "2023-03-12T00:00:00Z", "uncertainty_m": null }, "geometry": { "type": "Point", "coordinates": [ 8.672848, 49.456497 ] } },
{ "type": "Feature", "properties": { "key": 4617706273, "species": "Cyanistes caeruleus", "scientificName": "Cyanistes caeruleus (Linnaeus, 1758)", "eventDate": "2023-03-27T00:00:00Z", "uncertainty_m": null }, "geometry": { "type": "Point", "coordinates": [ 8.700992, 49.391525 ] } },
{ "type": "Feature", "properties": { "key": 4617764511, "species": "Cyanistes caeruleus", "scientificName": "Cyanistes caeruleus (Linnaeus, 1758)", "eventDate": "2023-03-15T00:00:00Z", "uncertainty_m": null }, "geometry": { "type": "Point", "coordinates": [ 8.672848, 49.456497 ] } },
{ "type": "Feature", "properties": { "key": 4617764512, "species": "Carduelis carduelis", "scientificName": "Carduelis carduelis (Linnaeus, 1758)", "eventDate": "2023-03-16T00:00:00Z", "uncertainty_m": null }, "geometry": { "type": "Point", "coordinates": [ 8.684613, 49.43915 ] } },
{ "type": "Feature", "properties": { "key": 4617775354, "species": "Parus major", "scientificName": "Parus major Linnaeus, 1758", "eventDate": "2023-03-26T00:00:00Z", "uncertainty_m": null }, "geometry": { "type": "Point", "coordinates": [ 8.569072, 49.46745 ] } },
{ "type": "Feature", "properties": { "key": 4617855859, "species": "Buteo buteo", "scientificName": "Buteo buteo (Linnaeus, 1758)", "eventDate": "2023-03-27T00:00:00Z", "uncertainty_m": null }, "geometry": { "type": "Point", "coordinates": [ 8.672848, 49.456497 ] } },
{ "type": "Feature", "properties": { "key": 4617901615, "species": "Sitta europaea", "scientificName": "Sitta europaea Linnaeus, 1758", "eventDate": "2023-03-20T00:00:00Z", "uncertainty_m": null }, "geometry": { "type": "Point", "coordinates": [ 8.725, 49.454052 ] } },
{ "type": "Feature", "properties": { "key": 4617942070, "species": "Regulus ignicapilla", "scientificName": "Regulus ignicapilla (Temminck, 1820)", "eventDate": "2023-03-24T00:00:00Z", "uncertainty_m": null }, "geometry": { "type": "Point", "coordinates": [ 8.665815, 49.425297 ] } },
{ "type": "Feature", "properties": { "key": 4617966866, "species": "Cyanistes caeruleus", "scientificName": "Cyanistes caeruleus (Linnaeus, 1758)", "eventDate": "2023-03-18T00:00:00Z", "uncertainty_m": null }, "geometry": { "type": "Point", "coordinates": [ 8.678938, 49.421394 ] } },
{ "type": "Feature", "properties": { "key": 4618059541, "species": "Erithacus rubecula", "scientificName": "Erithacus rubecula (Linnaeus, 1758)", "eventDate": "2023-03-12T00:00:00Z", "uncertainty_m": null }, "geometry": { "type": "Point", "coordinates": [ 8.665977, 49.49026 ] } },
{ "type": "Feature", "properties": { "key": 4618105722, "species": "Parus major", "scientificName": "Parus major Linnaeus, 1758", "eventDate": "2023-03-20T00:00:00Z", "uncertainty_m": null }, "geometry": { "type": "Point", "coordinates": [ 8.725, 49.454052 ] } },
{ "type": "Feature", "properties": { "key": 4618181143, "species": "Psittacula krameri", "scientificName": "Psittacula krameri (Scopoli, 1769)", "eventDate": "2023-03-26T00:00:00Z", "uncertainty_m": null }, "geometry": { "type": "Point", "coordinates": [ 8.69231, 49.39623 ] } },
{ "type": "Feature", "properties": { "key": 4618192828, "species": "Troglodytes troglodytes", "scientificName": "Troglodytes troglodytes (Linnaeus, 1758)", "eventDate": "2023-03-10T00:00:00Z", "uncertainty_m": null }, "geometry": { "type": "Point", "coordinates": [ 8.665815, 49.425297 ] } },
{ "type": "Feature", "properties": { "key": 4618259687, "species": "Certhia brachydactyla", "scientificName": "Certhia brachydactyla C.L.Brehm, 1820", "eventDate": "2023-03-26T00:00:00Z", "uncertainty_m": null }, "geometry": { "type": "Point", "coordinates": [ 8.569072, 49.46745 ] } },
{ "type": "Feature", "properties": { "key": 4618313791, "species": "Regulus ignicapilla", "scientificName": "Regulus ignicapilla (Temminck, 1820)", "eventDate": "2023-03-28T00:00:00Z", "uncertainty_m": null }, "geometry": { "type": "Point", "coordinates": [ 8.67597, 49.459686 ] } },
{ "type": "Feature", "properties": { "key": 4618361196, "species": "Phylloscopus collybita", "scientificName": "Phylloscopus collybita (Vieillot, 1817)", "eventDate": "2023-03-30T00:00:00Z", "uncertainty_m": null }, "geometry": { "type": "Point", "coordinates": [ 8.674962, 49.45883 ] } },
{ "type": "Feature", "properties": { "key": 4618375322, "species": "Garrulus glandarius", "scientificName": "Garrulus glandarius (Linnaeus, 1758)", "eventDate": "2023-03-23T00:00:00Z", "uncertainty_m": null }, "geometry": { "type": "Point", "coordinates": [ 8.678938, 49.421394 ] } },
{ "type": "Feature", "properties": { "key": 4618376111, "species": "Alopochen aegyptiaca", "scientificName": "Alopochen aegyptiaca (Linnaeus, 1766)", "eventDate": "2023-03-23T00:00:00Z", "uncertainty_m": null }, "geometry": { "type": "Point", "coordinates": [ 8.684419, 49.410263 ] } },
{ "type": "Feature", "properties": { "key": 4618420876, "species": "Fringilla coelebs", "scientificName": "Fringilla coelebs Linnaeus, 1758", "eventDate": "2023-03-24T00:00:00Z", "uncertainty_m": null }, "geometry": { "type": "Point", "coordinates": [ 8.678938, 49.421394 ] } },
{ "type": "Feature", "properties": { "key": 4618794656, "species": "Fringilla coelebs", "scientificName": "Fringilla coelebs Linnaeus, 1758", "eventDate": "2023-03-28T00:00:00Z", "uncertainty_m": null }, "geometry": { "type": "Point", "coordinates": [ 8.678938, 49.421394 ] } },
{ "type": "Feature", "properties": { "key": 4619318834, "species": "Phoenicurus ochruros", "scientificName": "Phoenicurus ochruros (S.G.Gmelin, 1774)", "eventDate": "2023-03-27T00:00:00Z", "uncertainty_m": null }, "geometry": { "type": "Point", "coordinates": [ 8.672848, 49.456497 ] } },
{ "type": "Feature", "properties": { "key": 4619667711, "species": "Parus major", "scientificName": "Parus major Linnaeus, 1758", "eventDate": "2023-03-26T00:00:00Z", "uncertainty_m": null }, "geometry": { "type": "Point", "coordinates": [ 8.611779, 49.454887 ] } },
{ "type": "Feature", "properties": { "key": 4619667998, "species": "Columba palumbus", "scientificName": "Columba palumbus Linnaeus, 1758", "eventDate": "2023-03-26T00:00:00Z", "uncertainty_m": null }, "geometry": { "type": "Point", "coordinates": [ 8.69231, 49.39623 ] } },
{ "type": "Feature", "properties": { "key": 4620135088, "species": "Coccothraustes coccothraustes", "scientificName": "Coccothraustes coccothraustes (Linnaeus, 1758)", "eventDate": "2023-03-01T00:00:00Z", "uncertainty_m": null }, "geometry": { "type": "Point", "coordinates": [ 8.671378, 49.47071 ] } },
{ "type": "Feature", "properties": { "key": 4620135094, "species": "Sturnus vulgaris", "scientificName": "Sturnus vulgaris Linnaeus, 1758", "eventDate": "2023-03-02T00:00:00Z", "uncertainty_m": null }, "geometry": { "type": "Point", "coordinates": [ 8.667077, 49.436626 ] } },
{ "type": "Feature", "properties": { "key": 4620560076, "species": "Regulus regulus", "scientificName": "Regulus regulus (Linnaeus, 1758)", "eventDate": "2023-03-12T00:00:00Z", "uncertainty_m": null }, "geometry": { "type": "Point", "coordinates": [ 8.849539, 49.38824 ] } },
{ "type": "Feature", "properties": { "key": 4621432778, "species": "Sylvia atricapilla", "scientificName": "Sylvia atricapilla (Linnaeus, 1758)", "eventDate": "2023-03-22T00:00:00Z", "uncertainty_m": null }, "geometry": { "type": "Point", "coordinates": [ 8.673265, 49.459534 ] } },
{ "type": "Feature", "properties": { "key": 4621494257, "species": "Sturnus vulgaris", "scientificName": "Sturnus vulgaris Linnaeus, 1758", "eventDate": "2023-03-07T00:00:00Z", "uncertainty_m": null }, "geometry": { "type": "Point", "coordinates": [ 8.665815, 49.425297 ] } },
{ "type": "Feature", "properties": { "key": 4621592865, "species": "Phalacrocorax carbo", "scientificName": "Phalacrocorax carbo (Linnaeus, 1758)", "eventDate": "2023-03-03T00:00:00Z", "uncertainty_m": null }, "geometry": { "type": "Point", "coordinates": [ 8.691434, 49.412827 ] } },
{ "type": "Feature", "properties": { "key": 4622112445, "species": "Passer domesticus", "scientificName": "Passer domesticus (Linnaeus, 1758)", "eventDate": "2023-03-01T00:00:00Z", "uncertainty_m": null }, "geometry": { "type": "Point", "coordinates": [ 8.665815, 49.425297 ] } },
{ "type": "Feature", "properties": { "key": 4622783822, "species": "Picus viridis", "scientificName": "Picus viridis Linnaeus, 1758", "eventDate": "2023-03-01T00:00:00Z", "uncertainty_m": null }, "geometry": { "type": "Point", "coordinates": [ 8.671378, 49.47071 ] } },
{ "type": "Feature", "properties": { "key": 4622874250, "species": "Parus major", "scientificName": "Parus major Linnaeus, 1758", "eventDate": "2023-03-08T00:00:00Z", "uncertainty_m": null }, "geometry": { "type": "Point", "coordinates": [ 8.672848, 49.456497 ] } },
{ "type": "Feature", "properties": { "key": 4622874251, "species": "Motacilla alba", "scientificName": "Motacilla alba Linnaeus, 1758", "eventDate": "2023-03-09T00:00:00Z", "uncertainty_m": null }, "geometry": { "type": "Point", "coordinates": [ 8.605471, 49.466824 ] } },
{ "type": "Feature", "properties": { "key": 4623081260, "species": "Passer domesticus", "scientificName": "Passer domesticus (Linnaeus, 1758)", "eventDate": "2023-03-13T00:00:00Z", "uncertainty_m": null }, "geometry": { "type": "Point", "coordinates": [ 8.672848, 49.456497 ] } },
{ "type": "Feature", "properties": { "key": 4623098108, "species": "Serinus serinus", "scientificName": "Serinus serinus (Linnaeus, 1766)", "eventDate": "2023-03-25T00:00:00Z", "uncertainty_m": null }, "geometry": { "type": "Point", "coordinates": [ 8.678938, 49.421394 ] } },
{ "type": "Feature", "properties": { "key": 4623162160, "species": "Dendrocoptes medius", "scientificName": "Dendrocoptes medius (Linnaeus, 1758)", "eventDate": "2023-03-13T00:00:00Z", "uncertainty_m": null }, "geometry": { "type": "Point", "coordinates": [ 8.665815, 49.425297 ] } },
{ "type": "Feature", "properties": { "key": 4623193594, "species": "Carduelis carduelis", "scientificName": "Carduelis carduelis (Linnaeus, 1758)", "eventDate": "2023-03-21T00:00:00Z", "uncertainty_m": null }, "geometry": { "type": "Point", "coordinates": [ 8.678938, 49.421394 ] } },
{ "type": "Feature", "properties": { "key": 4623210183, "species": "Anser anser", "scientificName": "Anser anser (Linnaeus, 1758)", "eventDate": "2023-03-26T00:00:00Z", "uncertainty_m": null }, "geometry": { "type": "Point", "coordinates": [ 8.611779, 49.454887 ] } },
{ "type": "Feature", "properties": { "key": 4623232115, "species": "Columba palumbus", "scientificName": "Columba palumbus Linnaeus, 1758", "eventDate": "2023-03-18T00:00:00Z", "uncertainty_m": null }, "geometry": { "type": "Point", "coordinates": [ 8.678938, 49.421394 ] } },
{ "type": "Feature", "properties": { "key": 4623439994, "species": "Pica pica", "scientificName": "Pica pica (Linnaeus, 1758)", "eventDate": "2023-03-04T00:00:00Z", "uncertainty_m": null }, "geometry": { "type": "Point", "coordinates": [ 8.691434, 49.412827 ] } },
{ "type": "Feature", "properties": { "key": 4623563554, "species": "Corvus corone", "scientificName": "Corvus corone Linnaeus, 1758", "eventDate": "2023-03-23T00:00:00Z", "uncertainty_m": null }, "geometry": { "type": "Point", "coordinates": [ 8.678938, 49.421394 ] } },
{ "type": "Feature", "properties": { "key": 4623583213, "species": "Columba palumbus", "scientificName": "Columba palumbus Linnaeus, 1758", "eventDate": "2023-03-01T00:00:00Z", "uncertainty_m": null }, "geometry": { "type": "Point", "coordinates": [ 8.671378, 49.47071 ] } },
{ "type": "Feature", "properties": { "key": 4623614672, "species": "Troglodytes troglodytes", "scientificName": "Troglodytes troglodytes (Linnaeus, 1758)", "eventDate": "2023-03-28T00:00:00Z", "uncertainty_m": null }, "geometry": { "type": "Point", "coordinates": [ 8.67597, 49.459686 ] } },
{ "type": "Feature", "properties": { "key": 4623699226, "species": "Streptopelia decaocto", "scientificName": "Streptopelia decaocto (Frivaldszky, 1838)", "eventDate": "2023-03-22T00:00:00Z", "uncertainty_m": null }, "geometry": { "type": "Point", "coordinates": [ 8.665815, 49.425297 ] } }
]
}
